000010001110011000
111111111111001001
000100111010011101
111111010010000110
111110111000111110
000010111101010010
000011100111100111
111110110001011011
111011010000001111
000010001111001110
000000110001001110
111110101100000010
000100001000111100
111111010011110000
000000111010101011
111110110010011110
000011101010101111
000011000111100000
111100111110010001
000010011010010111
111100111110000111
111100010001001100
000010010000110010
000100101010100110
111101110011010000
000001100100101111
111111111110000011
000001011001111011
111011111001001101
000110001100000011
111010001111111111
000010000110000110
111101001100001111
111100000001100111
111101110010110010
111100010000010011
110110010100010110
000000001101111001
000000111011100010
111101110111001111
111110111000010110
111100111010110110
111011011000111001
000011011101110111
111011011110110110
000011110101011001
111001010001111000
111111011011110010
111101001000101100
111011011100111010
000100011000100111
111111010101101011
111111000110100100
111110010100101000
110011110100111010
111011010110100101
000011101110010011
111001111111010000
111100110110110000
111110010001011001
001001101100101110
110111101011010101
111111000001000100
000011111010001111
000010010000010010
111100001011111011
111100000011011001
111111100000000100
000101010011111010
111101001011001010
111110110110110011
111010011000001110
000010111111001000
111111010101010101
111111011101000100
000100100010000110
111111110110000010
111101001100101000
111110010110001001
000001010110100110
000001010110100101
111111110011100010
111100010010001000
111111000110110000
111011011111000000
111101111101101101
111101100101110100
000001100010101000
000001001001010001
000000111110101101
111010100001100101
111101000010001110
000011101111110010
000010101110101111
111111010110110100
111101111011000101
000010011011100100
111101110100110101
000001000100101101
000100111011011000
111011111111001000
111111000011111110
000110100010011011
000011000000101111
000000001010100010
000010110101000000
111100010110110001
111110011100010100
000011010110111110
000011011110000000
000100101111101010
111111000101001101
111110001001100100
000011010101111101
111100100111010111
111111101110100110
111101111111101000
000001100000010100
000000011000100101
111110100101010111
111100100100010100
000000110001010101
111111011001101111
111110000101111110
111111000110000101
111110000110101110
111110100010001010
000010010010001011
111111111100101000
000010010110111100
000100010100110000
000000001101111101
000001111001000001
000011110000000011
000001110000001010
000101111001011111
000001101101000001
111100101010011111
111110011011000001
111111010010101011
111110100011111001
111101000010001011
111100101111100011
111111000011001000
000100110100100001
000001100011010100
111101010001011100
000001001110111000
111011101110100110
111111011100111111
000001011100111111
000101101001011010
111101101100001101
000100000010111111
000000111100101010
000010001101110101
111101000011011100
000010100110100111
000000000010010101
111100110101110100
000000111101011001
111110111101111000
000001111100101100
000000111110110010
000011000101111000
000000110011100101
111110110111010001
111111111100011010
111011110110001000
111110110000101000
111111101011011000
111110110010111011
111101001110111000
111101000100000011
111111011001001001
000001010111100100
000001101111011101
111101001101000110
111111011110011010
000000011100100001
000010011010010110
111110011011111111
000001111000011110
000001100100110010
000000001101000001
000001001111100001
000011011111010001
000011011011101111
111101111110011101
000011100001101111
111111100111100000
000000111001010010
111110101111110011
111010011110100010
000010010011110010
111100000000000110
111010011001011011
111011101001100100
111110000010101010
000011000010101010
111001011111010001
111100000011110010
111000111010111101
111000001001010000
111101110111101001
000000011001000010
111110101010111001
111110010111001111
000000100111100001
111110000010100101
111100011000000111
000010101000110011
111001101011010000
000001010100000100
111110010111001111
111111110100110101
111101010011110010
000100000001111100
000001101001101011
000000100110010001
000110111001100010
000010110011010111
000001010100101100
111101101011001101
000000111110111110
111010011100111100
111010111001010001
111101100011010001
000010110101101100
000000111000011111
111110010111101100
000000110110001111
111001000101110001
111110000101010001
111110011000111111
000011010000100111
111100110000001101
111011001111000011
000001111100111110
000010111000000110
111010111111101001
111111101101010100
000100001111000001
111111001011111000
000000000110000010
111110000101001101
000100111011111000
000010000101000000
111101100010101010
000010010101001100
000000010111001110
111101110111001101
111001101010010001
000000000011101000
111101001111011100
000010001001010011
111110000101100110
000000111000001110
000010010111010110
000010111100101000
111111000011101111
000010101101001110
111011011001110101
111111110100111100
000010110101110101
111111011011000111
111010101010111111
000001110000000010
000000010011011000
111100100001011001
000001101111011111
111101011101111101
111110100100111101
111101110001110110
111111011110110100
111100110001111101
111111000011100100
000000110100101111
000011000111011001
111111110011100000
000010100101011101
000000010110100011
000000010001001111
000001100011111001
000001111100000010
111110100100111101
111010111001011000
000000111101100100
000010100100001000
000011100000010111
111110111111001100
000011100010001110
111111001011001110
111111000111101001
000001010110101011
000001101010101011
111101101110011000
111110011100011001
111101110101000001
111011101001011000
000001100011110010
000000111001011111
111110011000001100
000010011101001001
110100000001110101
111100110011001001
111110111110100011
111110011101110000
000001110010011001
111000110101111110
000011001011101111
000001000011000010
000100000001101100
111111111111101010
111111110100111110
000001100011011101
000101100101001000
111101000011111110
111100011010110010
000101110011000001
000010100111101101
111111001001011001
111101000000110101
111111001111010110
000100001000001110
111100110011100111
111111111010010111
000001000010100011
000011000001101100
000100101010011101
000101010010111010
111100001000110010
000100101100000000
111110101011000110
000001001001111101
111111100110011011
111001110000100110
000001111010001000
111001110001011110
000001001101001011
111001101110101001
000011000101000001
111110000101111010
000000010111001010
111011111010000100
000000001110011011
000000110101110111
000010011010100101
000100010111100100
000001001111011000
111101110110000011
110110001000011110
111100001010101001
000010110001010010
111011001101101111
111101110101110101
000010000111110001
000001100000100100
000000111100111100
111110000111000010
111111010000000001
000101001101000101
111110111100101101
000101010001101011
000011011001001010
000000110000111110
000011011100001010
000100100100111101
111110110010100001
000001011000010000
111110101011011010
111101001000110111
000001000111011010
000001110110001100
111111011001111100
111111110010010100
000000000010001011
000010111011011111
111101001011011010
111110110110110000
111110111110110111
111100110010110010
111110010101101010
111111011111010101
111110110110000010
000011101011010110
110011000000101100
000011001001000110
000000001101010110
000100001000010011
111101011100101010
111101011111110101
000011010010001101
111100110001111101
111011110101110010
111111000110011110
000010110011110010
000000100110110111
111110110010000011
000010011101000011
111111110010001100
000001001101101100
111101101100001011
000100111100000001
000001111111111010
111011011001110110
000000010101111101
111101111100001110
111101100001000111
000000010111000110
111111000100110101
000000000000100011
000010001000000111
000010100110011100
000001000010100000
111101100110011111
111011110001100111
000010100001000100
111000011010010101
000000001101011110
000001110001010100
111101011100000010
000011000111101111
111110101011010000
111001010110101100
111110101101100001
111110100111101111
111110011001101101
111011110010110111
000000010011010110
111010000100110100
111111111001111001
000010101111101001
000000001111011001
111110011010010110
111101000111011011
111110110000011000
111110100001100001
000000000001101011
111100110111100001
000001111101000110
111100000011101011
111111101001010111
111110101110010111
000001101001110110
111100010111010111
000100010000110000
111010001100000010
111100101101011100
000010100100000001
111100101011111101
000010100111001000
000000110011001011
000000100000011111
000010000101010000
111010010100100001
000000110010100010
111100011000100001
111111100100000101
000001100010000100
000000011011000100
000000000011110101
000001011011010111
000011010010001101
111000110100000100
111110110000111100
111100001100100111
000010110111000111
000010001010111001
000000101001000010
000000011011100110
111101000010110101
000011110001101001
111110011110011000
111110111011110011
000001001101110001
111110011010010100
000001011001000001
000010111001101100
000010101110110100
000010111110011000
111111011100110101
000011000001101100
000001101111010001
000010011100100111
111111110011100101
000010111111000101
000011010111111100
000010111111010000
000000011101110000
111010001000101100
111101101000011000
111111011110111010
000000001101100110
000001100111111100
000010100010011001
111000110001001010
111100100010110000
111100111001110111
000000010011011010
111111110110010000
111100000101001110
111110111011010000
111011011001001011
000000110001011010
111101001000000010
111011100000000001
000010110011110011
000011111111001111
111011010101001010
110110110111111110
111111100000000101
000010010110101000
111110110111111110
000000010110101010
111110100111111100
111010110011001101
000001110001011100
000000001001101001
000010000000001010
000010101000100000
111110010000010100
111110111101011011
111010110001101010
111111001011001010
000111000110100001
111111010100001101
000010011101111111
000011101101011101
111011110000111001
000010111000000001
000000010011110000
000000000011101100
000110011111000011
111100011101100101
111101010010011111
111111101011101011
111111111100000100
000100000110000001
000011011011001001
111111100010010010
111010000001010110
000111101000100010
000100001011011101
000010010010101010
111100010001111100
000011101001100000
111111010100101010
111101100000011100
111100101001111010
111101010011110000
110110110111111101
000100101110001101
111110000110001010
000000011101011011
111011101001010010
000001100001001010
000011001110110000
000100101010111010
111010010011110100
111110010010011111
000010011100110001
000001101110011111
111011001001100111
111101011010110111
000011101110100100
111000011001111000
111100111000011111
111101001111001001
000011110101011110
000001011001111001
111001011010100110
000000001101010001
111111011110011010
111010010011111110
111100111000011110
000000010111010101
000001010000101101
111010011110011101
000000011111110100
000101010101011111
000011010110000110
000010111011111011
000011011110010101
000011001100100010
000100010110100111
000000100110011001
000000001001110010
000001111001110111
000010010010011000
111101000010001111
000100000001101001
111000101010001000
111000111100111111
111110010010101101
000011101010100111
111010001000011001
111110100001000001
111110000100100100
111100101001100000
111011100001101001
111100011111010010
111100001010100111
111111001011000101
111110101101000001
111111011010000101
111110000111101001
000001110000100110
111110101011111101
111111110011001111
000000110100001001
000001100101000000
000000000000011100
111001001010011011
000100111101000101
110101111000000110
111110111010000000
111111000010100110
111111011110011001
111001110100101011
111011000010001001
000001000111010000
111101110100010010
111001010110011100
000011111110000111
000011000000100011
000101010110100010
111010110100101111
111110000010011100
000101101100011001
111110101011010100
000000111100001011
111101101110011100
000001111101010110
111110100111000111
111011101111100101
000000100111000111
000010001101010110
000010100110110011
111111101010101010
111101110110011001
000000111101100101
000100111101111110
000001010101110010
000011001011001100
111110000000011001
000100010111111010
000001101001001000
000001010001001111
000010000010111001
111110000010101001
111010110010001010
000010000110101011
000011000111011100
000011001000110001
111101000001011000
111101000111001100
000100110001100000
000001101101001000
000010100010010111
111101100010011000
111101001110101110
111111000100101011
000011001010000101
000011000100111011
000000100110101010
111001001011000010
111101001001011001
111100101001110000
000001010000111101
111110001000100111
111100010010100101
000001000100110001
000001001111111111
000010011010001000
111111101110111101
000100110011111110
000011000001101011
000010101000011110
111111000010100111
111111010100101100
000010010001010111
000010100000011011
111100101100011001
111111111100101011
000001111100100001
111110011010000111
111110011111100110
000000000010100001
111110100011000011
111011011010010011
111011111001001100
111100100101011000
111101111100101111
000001100010011001
000011011011000101
000010001101011101
000011101111001100
111111101111100111
111100110011010111
000001110101011101
000011100010100000
111011100011101100
111011110000101001
000000100001100001
000100010001111101
000001101000101010
111111010101010001
000011001110001000
000011000011001001
000100101010000011
111110100110110000
111010010011001001
111011101001001110
111111011011100101
000000100010101111
111111110111101100
111111101100110001
111101010110011001
111110110111101010
111101000101001010
111010100000000000
000001011101100010
111100011100110000
000101011001110001
111010110101110010
000100100010100111
111111000111111010
111111100100000110
000100000010000110
111101100010011111
000011101011011011
111111011101101100
111101001001111111
111110011110001100
000011011011010011
000000101101010100
000000001011100101
111101010110110100
111111001010111100
111100011000101100
000011010101111111
000000010101100101
111111000010000001
111101110110010000
000001100111000110
111111100101001011
111100011110001001
000001110101101011
111010001000000101
111111101111111100
000000001010010111
111100101000010001
111111000011100000
000001001111111111
000000000001100011
000100000101100010
111111111111011001
000110100110010000
000000111111000001
111110101010110101
111101101110001110
111011001001111000
111100011101100100
111101111000110011
111110100010011000
000010100011001110
111110101110100001
000101001010010101
000011001011110000
111111010101010111
111111001110110000
111110110100111001
000010010101101111
111010110000001101
000000001100000101
000111001111101110
111110010100101100
000010101101110110
111000111001011000
000000011111001001
001000011000000000
111110101110000011
000100110100000000
111111010000000111
111001101010000110
111101100110111101
000100010001000011
111110000010011111
000100101000010101
111111110001011010
000110000100010100
000110100101001001
000010110011100001
000011110011010111
000001000001111001
111111100110100110
111000100011001111
000111011101100010
000100101010111100
000010000011010110
000011000101100100
111001000000111000
000001110110001000
000001000100110001
000000111111011010
000000001000011011
000010000000010001
000001111001100011
000001001010111010
111111111110101110
000001000110111011
000000110101011011
111111010000100010
111100001010001000
000011000011110101
111010000100110010
111011010011000011
111010010001111100
000010110111000000
111111101111100011
110111110010010101
111110101000101100
111010100110100110
111101011111001000
111101001100011111
111011100011110011
111110011011001111
000011000001100010
111000010101110110
000010000001000111
111110010010000000
000001110010000001
111100001111010100
000100010000000000
111111001110011001
111101000111110110
111111000100000100
000000100101001101
111101101100000011
000000110101011111
111101110100011001
111100001000010100
111100101110100001
111110000000100001
000001101010001000
111111011010000000
111101111111100100
111101001010100001
111110101000010001
111011111011011011
000100000001010011
000000111100001111
111101100101100011
000010011001010100
111110010000010101
000001011101010000
000000010010000101
111100110010111000
111110000001010011
111111000111010100
111101001001001100
000001011011001010
111100110111110100
000000110111110101
000000000100001000
111101110011100110
000000110110010111
000000011111100011
000000111001100101
111111101000101111
000011001100011100
111100011000100010
000000011100111000
000000100100010011
111101110111010011
000001100101010011
000000111110011100
111110101000001111
000000011101100011
111001011111111110
000000010001001000
111100010111010001
000000100101010011
111101111001001011
111110011010000100
111111010011010101
000001101111100000
111011101111111011
000010100010010010
111101111010011000
000011111011110110
000100001010010101
000010100101100000
111111000111010010
111010100101001001
000011001111111010
000000010111001001
000000011010011011
111111111001010010
111110010001111011
000010001011011101
000100110110010001
000001011101110111
000100111100110100
111100101000100101
111100100011000011
000010100001011011
000010100111110101
111111101011010100
000000001011100111
111100111011011000
000010100111100111
000001010011100010
000011000001011111
111101111101011001
000010010100101110
000001000100100110
111111011100111001
111111011001000100
000000110010111001
000100010111001000
000001111101101110
000000011111001111
111110101111101101
000001011010011000
111110111111110001
111001010111101010
111100110100001000
000000010011000111
111111011010010011
111101100110011100
111101111011101111
000000010010111011
000001100011101001
111101001000001010
111101101110100100
111001100001001100
111010000010101000
111011010111101110
111101011101010110
000000111000110011
111101101110011101
111101101011101000
000001101101111000
000001111110011100
111011100001000001
111100110001111111
111111111011101011
111101011011110110
111101111000110101
111101110100100011
111110110000110001
000001000110101100
111011010110010010
000001100001100111
111110110100111000
000010010011001011
111011101111100011
000000000010011110
111111011111010001
111111100010100011
111110000010000011
000011010100010110
000011111100100011
000000101110001101
111111011011101001
000001010110011010
000001011010110011
111111000000000101
000010010101000110
111110110101001111
000010000111111001
000000101010101000
111111100111011110
111111010011100011
000011111101011101
111100010000010001
111111111110001000
111111110110000100
111110011101010101
111011101000000001
000001010000101111
111110010001101111
000001001010001011
000010001001100001
111111100000011011
111100011101100100
111111110001111101
111101100101101000
000000101001011100
000000001110000111
111010110111111111
111110110111110000
000011010010001100
111110011110111011
111001101001110111
111011110001001010
111110101010001111
111001110101001000
000100100010010110
111101111000110101
111011001011100100
000101101010010111
111001101101001001
000000111010111011
000000100110110001
111100000000101101
000010010000000001
000000001011100100
000011010111111101
000000000010001000
111111111111111101
000111101000101101
111100001010110111
111101110011101101
000101001010000100
111111000110101111
000010000100101010
111100101101010111
111101100011101010
111111000111010000
111111000010101111
000010010001110001
000010111101010100
111101000100111110
000011101101001111
000001001101111101
111110100011011100
111110010001110001
111111001001100011
000010110110001111
000011100111001010
111110000110110100
111111000101000111
111101010100010101
111100111101110011
111111110111011001
000011001111011011
111111011000001100
000010011010000111
000010111110010001
111100011111011010
000000000010110000
000000011100111000
111100001110010000
111101010100011001
000001101001010001
111110111010101111
000011101000111101
111100010011110000
000001011011101100
000000111110001010
000000110001101011
000001100000101101
111110001011001011
111001010001111000
111100101101001011
111110111111001110
111111111110000000
111101010100100010
111101111010110100
000001000101001110
111100010100010110
111110001110110010
111100001000100110
111001010001101011
000001111111011001
000000111110110111
000000101010100011
111111101111011111
111011001011110001
111101011010001101
111101100001111011
000100101101111111
111100100101001011
000010111010100010
111011101110111011
110111111001110010
111001001111001011
000110000101001000
111101111000101010
111001110111110001
000001001100111001
000011110110110011
000000110110101111
111111001000010110
111110110110100010
000001100111101100
000010011001000111
111101110001100110
000001000111110001
111110100011100011
000010000110100001
000001111101010111
111111000001111111
000011000000000001
000001100101100001
000011000100111011
000000011100101101
000000011011011101
000010001000110110
111101101100101000
111100110000110100
111110001011010111
000001101110100110
000011010011110000
111111001000011110
111110100100001010
111111110110100010
111101100111000110
111100111101001100
111111100001011000
000001000001001110
111111011001000011
000000001001011000
000010000110010011
111101111100010011
000100011100110010
000000110111001101
000101011001100010
000001001011000011
000110001111001101
000011101001011111
111111111000110100
000011011010101100
000001001000001111
111110101101000110
111100011111101110
000011100011111101
000001011010000110
000001011000000111
000101011011111010
000100111001101011
000000001011000010
000011100011001110
111111110110000010
000000010111110100
111101000000100111
000001110110011001
111100111001011100
000111110000010001
111110111110000011
000011111111010111
111010111000100111
000010011000001010
111111010101000111
000111000101100000
111110000100001101
000000011110001010
111111011110110001
111101101001101101
000000101001010110
000001011100110000
000000000011110001
111110110011001000
000000101010101010
111110111100100100
000011000111001001
111111011110011100
000000000101011110
111011001110101000
111110010100111000
111111001000111010
111110000110111111
111111011110001100
111101001111110011
111100001000110111
000001110011110110
111111010100000101
111111000101001111
111111010010011100
111011000000110110
000010000001001001
000101110111010000
000001010111001100
111011101100100101
111011111011110110
111110001101100110
111100100000100101
111011111010100011
000000111101011100
000000101110100100
111010010001111001
111110010000101000
000001100111000001
000010000011100010
000010011000001011
000100101010111000
000001111101110100
111101110110001011
111110001001101101
111100101100000001
000000100110111111
111101110011010111
000010001011101110
000011000100110001
111111101000101010
111111100000100010
111110101011010110
111111100111111000
000010100010110101
000010110000000000
111101010011001001
111101101011010011
111101101100111100
000010111000100000
000000010000000001
000000111101001111
111111010000011011
000001000101110100
111111001110111010
000000100110011111
111111101110100100
000001000111101011
111101001010111001
111011100110000111
111110010011001100
000000110011111001
111100011000010111
111111011101011001
000001101101011010
111110111001001010
000010010011010010
111110011111110101
111010110100000101
111011110110001100
111000111110100101
111111101000101011
000010101000000011
111110101010100111
111111010110011010
000000011000101011
000010011001111001
111101001010001101
111111000010111110
111110001111001001
111100100001000010
111111110101111110
000010001101100101
111011011111010000
000000110011000100
000010111111010101
111110011011011001
000011100100110101
000100000011110111
111100011111000001
111100110110100100
000010101111110000
111100101100010110
000001111011011000
111100011011110101
000001001110001001
000010011011100110
111101110110110111
111101111111010100
111101000011100111
111101100001011111
000000001101001000
000011110101100000
111110011111010010
111101011100010010
111111010000010000
000010101001001100
111110100110011100
000000001101110011
000010000100000100
111111100000111011
000010111100111001
111100010101000001
000101000010001101
000001011100110101
000010101111000111
000011101101001101
111101101110001110
111100101000101000
110111011010111000
000001111101000000
111100011001011000
111011011100101100
111110110110111000
111110001100010110
111110001000000111
000011000100111000
111111100010001100
111101001011001010
111100100110010111
111101110011110100
111101111111000011
000000110101101100
111101100011010010
111111001010001010
000000010000000011
111111101111111110
000001111011101010
000001010011110101
111010001011000100
000011001000011111
111111000111101101
000010111101100101
000000101110011010
111100110010101010
000000000111110100
111101111110100111
000011010010001111
111100100101000100
111110111000011110
111101110111100010
000000111110001011
111101001101001000
111111101100100101
000001001101011100
111100101101011100
000001011111001000
000101011110010100
111110000101000010
111101010011101010
000010101010000110
111111111011010010
000001110100101010
111100001010011111
111110001100011110
000001011100000001
111111011010100111
000000011000111010
000100011100000100
111011010011010000
000001110110001000
111001101001110000
111111011000000001
000010010111000111
111111001101100111
000000011010001101
111100000110101100
111111100010011111
111001111100111100
000011111000110010
000011010010000101
111011101110100110
111111111010101000
000010101110010000
111110110111010000
000000110100011000
000010001000100111
111111101000111011
000001001011101001
111101000110100000
000100011110100000
000001001101010001
111110001101100010
000010100101100000
000010011100100000
000001110111101111
000011000000000100
000011010010000101
000001001100000011
000010011001110001
000000110110001000
111011100110111110
111111001110011010
111011111111101011
111011100100011100
111100000000111010
000001100010011111
111010111110101101
000000010110011101
000010111111010110
111101101010100110
111000111111110001
111111111100100101
111101100010110011
000000000100100111
111110101111100001
000011001100110011
111101100001000000
111000100111101000
111100111001010111
111110111101110001
111011010011010000
000010110001011010
000010110010111011
000010000001001001
000100101111011101
000101100001110000
000100100101000001
000001111000001100
000011011111101000
000001000101101100
000100011011111010
111110001010110010
000000111001000111
000100111101011011
111010100101101100
111111100001101110
111100001111110011
111110010000111101
111110110100011110
000010010011010000
111111101110110011
000000011011111001
111110100000010001
000100111111010100
000010000000100001
111100101010011010
000011000010110110
111101110110001000
000010001001101000
111101110011101111
000000001011101000
000000110111111001
111111110100100011
000011110001100000
111110100111010001
000010101101011101
000001101100000001
000001100100000000
000001000010010110
111001111000100010
111110001101001110
000101110100010111
000010110100101100
000001101001000011
111110000110000101
000000011010000000
111010100101111110
000000010001111111
111111101101010011
000000000100111010
000001100000011110
111010111101110110
000010001000100101
111100011111101111
000001111001110111
111100011001010001
111111101010001011
111101111000011010
000010110001010111
111101110111001000
111000010001110001
000010001100010011
111101111100110010
111010110001101100
111011110011101101
111100110110000011
000100001011110010
000010001010101110
000001010100010001
000000100110110110
111010110100111010
000010010010101011
111011011110010100
111111111000000111
000011110100110000
000010011011101111
111111001101111100
000011100000101100
111101001100110111
000010000110101100
000100110010010100
111111010110011110
111110111011111110
111111101000111101
000001110011111101
000001001110001011
111111010010111101
000000000010110100
111111110110110000
000001010110110001
000000011101111101
111010111111001110
111101110011101011
111111111100110000
111111001000100101
111110110110011101
111111111111000111
000100001001011011
111011111000011101
000011000100111101
111101011000010000
111010011011110100
000001010000001100
111101001111000101
000011001000010100
111011110111000010
111101010101110110
000011000000011000
111110001100110110
000100101010100110
111000111001000010
111010010111001111
111100101000111110
000001110100100000
000010101101000110
000011011100010101
000010010110001110
000001000110110000
000100000000000001
111110001001010100
000000010101101100
111111110000101111
111011110010001110
000001111111010101
111101110111110001
000011100100111110
000000110111100011
111100111001101100
000010100000011000
000001010001011000
000000000111010011
111110101111111010
111111111101100110
111111000110010010
111100110111000001
000001011010101011
111010101110100101
000011111001001011
000001001101101000
111111010001100101
000000100111001111
111111000000011011
111100110001011110
111011010100110111
000001000011011101
000011110101110110
111101110011101100
111010011100011111
111110110111001000
111101000101010001
000001010111001110
111101101010110000
111011100000101001
000011001111111001
000001001011101110
000000111001101000
111101100000110101
000000000110011110
111011100011100111
000010000101110111
000010101111100101
111101110011011001
111101000101110111
111110101111011110
111100110101100100
000000110000010110
000011100011011100
111110110110100110
000010011010011100
111101100111011110
000000100000110010
000110000100110101
000011101010111100
111110101101111100
000000010101000001
110111111110000101
111110101110101001
111101110111001101
111111000010110111
000101010001001101
111011110001100011
111111001111011001
000000111010101000
000000000110000000
000110010001010101
000001100111001111
111111011110111111
111000100011001100
000001011010100010
111111101010001111
000010001001110000
111101001110110000
111100101000000011
111101011110110001
111111100111111111
111101111011100000
111111000000110110
111000010010101000
111100101010010011
000010001101001100
000001101110100011
000001110110101100
111100101101101101
111110000110110100
000010100111010101
000000101001111001
111100110001001111
000001110111011111
000010111010010110
111100000111001101
111110001010111001
111100000010100010
111100111111001001
111110100101111010
000001101110101101
000011010111010010
000000001010100001
111110110010010001
111101011101001101
111100000011001110
111100101110000001
000000001100110001
111110111101101111
111101101011111011
111101010010000111
000100101001110011
000000101111111110
111111100000101001
000011111111100110
000100000101110011
000100110110011101
111111000100011010
111000001100000111
000001100100001010
000010001001111100
000000001100110110
000000111101101001
000010101011000011
110110011001000101
111101001111000001
000001101111111110
000000110100000011
111011110100101100
111001100010101100
000001011010000011
111011011011101101
111011001000111010
111110010001110010
111011100000010111
000000001000011000
000000100110101110
111111111110111110
111101100001111101
000001010111111100
111110000100101011
111011011010010101
111100001100001101
111101101001100100
111111011000110000
111100101001001111
111111111110001000
111000110001110100
000100010101001001
111101001101001101
111100111011010100
111011100010110100
111100110011111011
000001000011011110
000001000100101111
111100000001001100
111110110111010100
000001111110011101
000001001001010100
110100101100110100
111110001000011111
000100100001111100
111111110100111100
111110101101101111
111111011011100111
000001000100000100
000100111011100000
111010100010000011
000000110011110110
000001001010100101
000001101000011011
111011100110010000
111110110011110110
111110100010001010
111101110010001100
000000011110110100
111101000111011011
111110000111001110
000011100010111101
111110011000100110
000000011101001001
000010001010000010
000001111011011011
000010111101100101
000000000110001011
000000110101001001
111110110101001100
111011011101010001
111010101011010100
000000001010100110
000001000100010101
111101011100000110
000010001101001000
111100001101010101
111111110110101010
111101101010110010
111110110011001010
000010011110000001
111001011001001011
111111001110001010
111101001001010001
111111111111011000
111011010111010111
111100110011000110
000001011101110010
000001001110111001
111111010000011111
111110011011110010
000000010010100101
111111011101011111
000100010011111110
000010000100000101
111101101110101100
111101011110110000
111101001111000111
000010101111001100
111100110001011100
111110000101011000
000000010110010000
111100011101011110
111111100010111111
111111110111110000
000000011110101001
111111010001100111
111110000101101101
111001100001010000
000001110111110100
000000000111110100
000000101100000101
000010000001100101
000010111000101110
000000001110010000
111111100110111001
000001111010000110
111101110000111011
111110110000111111
111111010010000011
000000001100001100
000001010110000011
111111101000100001
111011100010000000
111101010010000011
111111011000111000
000001001011110100
111101001000000110
111010010010011101
000010001110101001
000000010100001010
000000111101111000
000111001100101100
111011111001001100
111110011111010111
110110101101100010
111101101110011011
000001000010100111
111100010111000010
111111101100111101
111100010101111011
111110000000011000
111110011000100100
000010010101110011
000101000010110101
111101000101001111
111111010110101111
111111101110110110
111101111111101010
111101101010000010
111111100101010100
000000010101000011
000001010011001010
000001001000011010
111111001011001001
000011100001011000
000010101111011111
111111001010010110
111011000101111001
111110101100010101
000000110111011000
000100110100100110
111111010000011100
000000110011010010
111110111011100100
111111101101100001
111111110111101110
111110000000110011
111101010010111010
111110111010010010
000001011011100001
111101111001011010
111111110011000110
000100010110000101
000000000011111001
000000110000000001
000001111001001101
000000100110001010
111110010000110111
111100010101001100
000000011010010000
000001011010110100
111100111011110001
000001000111110000
111110101001100100
000011001110111010
111100111110110011
000010001000000101
000001000011011000
111110100001100011
000011001011110000
000111001001001000
111101111100011101
111110111011101110
111100000000101100
000011011010011011
001100010100111111
000100110000100111
000000111001001100
000010010110111011
111001011011111001
111011110100001111
111110101111011110
111011010110110001
001001010000111001
111110101110111010
000001100000011100
000000101011000011
000101001100100100
000010111110001101
000000011010111101
000010110001100100
111000110110110000
000001010110111111
000001010011000110
111001111101010011
111110000010110001
111100111111110001
000000101000001010
111110100001000011
111110010000100010
000001110111000110
000011000100111000
000001101111010101
000001101110110110
111010011111010010
000001100100101111
000000000110111000
000001100110010110
111101011100101010
000000100100111110
111000011011001111
111101011111011111
000001010100010101
111110001000101011
000000101110110000
111100001000100111
000100100000011100
111000101101100001
111011000101010101
000000101100111100
111100011000011100
111110010101111101
000100010001111111
111101111001011011
111111010001001111
111101000010110001
111110010101101101
111110011101001010
000001101000000000
000000011110001000
111001001111110100
000000001010111111
000011000110110010
000000011101100001
000000001111000101
111111100111000101
111011001011000000
111011110110101000
111100101110010010
111101101001001111
111110110011111010
111111010001011011
110111010001110111
111110010110110001
111110100100001111
111111011101011001
000000000000011100
111101111011100110
000001110100110010
111101101000100100
000000101010110101
111111001001000101
000000100111010100
000000110111011100
000011111001001110
111111011000010100
111111011101011110
111100011011100010
111100100011110101
000001101110001100
000001101011011110
000000110110000011
111101011100000111
000001001111100010
000011010111000101
111111000010110011
000101001000101110
111011101000000100
111101001100010010
111111001100111001
000001011011010101
000000000110011001
000000000010011100
000001011110111111
111110111000111011
000100010111111101
111111110101101010
000000000110101011
000011000101100100
111111011010111110
111101001111110100
111111001110001011
000000011010101010
111101100111010000
111111000100011001
000000001011101110
000000011101010001
000010010111000110
110111101111010000
111110111110011110
000010001101100110
111101001011100001
000011011000000011
111110000010101110
000000111101101101
111101010101010010
000000000011000100
000000001110110000
000001011000001000
111011101111000010
111111000010010001
000100110101000001
111110000000000011
000001100000001101
111101001110010001
111111110000110111
111101111000011100
000001100101110011
000000000100110101
000001010110100110
000011001000111010
111110011110100010
111110001011100011
000010101001000010
111010111101111100
000010100100100000
111111100101011010
111101110101111111
111110010111010110
111111011001101101
111011110000100101
111011111111100000
111101011110100001
111001110101110100
000000100010101010
111110000101100101
111110100110111000
111111110100011000
111111111010100101
111101010101100000
111100111000000111
111011000111000101
111100001000011101
111100111101101010
111110100101000110
000100110111001011
111111011110010010
000001010111011111
111100000100011001
000011111111011001
111110110000111000
111100000110000011
111111001000110110
111001111011110000
111011101001111100
111010011101001101
000010011000100101
000010101111011001
111110000010010001
111011110001111010
111010001010011011
000000111010001100
111110100000110101
111110101011110010
000001010001110111
111011000010010011
111111011110010010
000000010001110100
000000010001000010
000001110111000100
111101010110101010
111101101000110010
000000101000011110
000011100101111111
000010010111010110
000001001010101001
000000111100100001
000000101000101001
000011111000101011
000100101001010111
000000000111000100
111001011100100011
000011111111000100
000100001000111011
111100011100010100
000001101000100011
111111101010100101
000000011011101111
111101100101110111
111110100110110101
000001001011110010
000000001101111001
000011011000010000
000010011010001010
000100101100101100
000011011010110001
111110111000010111
111101100111001000
000000011000010110
000000001100011010
111100011101001001
111100000111001010
111111110000010110
111010101101000010
000000101100101111
111110000101001010
000010000010001110
000000011001110001
000010110100011010
111111100010011110
111110110000001101
111001001011000010
000000111000011100
000010101010110001
000010110100111010
111100111010110111
111111001011110100
000011000011110110
111011100010111110
111110001110001100
000011000100111110
111110000001010011
000001010110100001
111010011110101110
111010110111111101
000000010100100111
111101001011001100
000010001100100100
000000000001011100
111111100001110010
000000010001001100
000000001000111100
111110101000110101
111101001001110110
111101100011010010
111111111110101101
000101101100111011
111100110011000110
111111000000011000
000000100000101111
111100100001010110
000001001100100110
111100010110111001
000010001111100111
000010001011101011
111111001111101100
111011101001101000
000010101101001010
000001110011101110
111101010000110010
000010111011000100
111110111100111001
000011010001100111
111100011110110000
000011000011001011
000000011010100010
111110110100111100
111110010001101010
000010001110010010
000001000110101101
111001110100001101
111110110111001110
000101001011011110
000001010001010100
111101101001111111
111101110010000111
111011001000101001
111110110111111101
000101010111010111
111111000000111100
111110010111111110
000010110110101001
111110100110001100
000101001001011001
000000110000000010
111110001100001000
111011010001000100
000011001111110111
111111010010001100
111100001001011010
000010011111100111
111101110110000101
111110101011011111
000000110110001100
111101111000010000
000000011001101111
111101010011011100
000100101101111011
111111100001111100
000011000100111111
111111000011111100
000010101101011110
111101001011111001
000010111101100100
111011101111001101
000100000101001000
111100001110000010
000000001001000011
111100111010000111
000000001101101000
000011010000101111
111101110010011001
111101111110010001
000010111011001001
000000100101011101
000010101011011011
111101011110111111
000010110110011011
111101110101111101
111101110101100000
000010111011000101
000010110001000111
111100000111010110
000000000011010101
000101011100110000
111111001000010100
111101000000000110
111111100101100111
000001110001000100
111110000111010001
111110001001100101
000001001011111000
000000111011100111
111110110100110100
000001011110110001
000001111101000111
000010011000001001
111110011001011101
111011101100110110
000011010001100101
000011101111001011
000011011101110010
111101000000000011
111101111000000011
111110101010110100
000010110011011011
000100101101011011
000101100010001011
111101111110111001
000100100110001000
111111111100100000
000010000110000111
111110011101101101
111111001001011010
000000101010000000
000001000111110010
000000100010100010
000011001000000110
111100100000001111
000000110110001111
111111001101001100
000100000111000111
000110011101100011
111111101111110101
111111011110100111
111111011010111100
000011111010000000
000001000110100100
000011101001110001
000101010101000011
111110110010001011
111110001000100011
111110000000110000
111001110111001001
000111010100111100
111001110101010100
111110101110111000
000011011101000110
111110101000001101
000000101011001110
000001010100010111
111010011010010111
000001110110101111
000000101011101001
111001111000000011
111110011011011111
111001001000010110
000100010100010010
000110111011001111
000100010111001100
111010001111010011
111001101111001100
000010011000100110
000010001001101000
111110110010010000
000010001110100101
111101011111101011
111011010011010001
000011010100001110
111011001011111010
000001110110101000
000000000011110001
111100111110000000
000010011011000010
000000100101000001
000001110101000011
111110110001011100
000010011001010000
111110000110000110
111111101100101001
000100010000110110
000011001110000110
111101110001000111
000011111100011010
111111110010100101
111110001101100001
111101010110100111
111110100000110001
000011111010010001
111110000001011101
111111011011111100
111101001011001111
000001110110011001
111110100100111111
111110101110101010
000001101100011111
111100111111100011
000010111001111000
000010110001110011
111101010110000100
000101101110000001
111001110100001011
000101110000100100
000011000100110000
000100011000111001
000001110100110011
000001000100101111
111100001110110010
000001011100011011
000000100110000001
111001110101001100
111111010011101111
000001011110111000
111011110100110010
000000101001010111
111101000111100101
111010111011011000
111100110001000101
111010110100000101
000011101001000001
111111100001101010
111110011011101000
000010010111101110
000011110000010010
111110111001011100
111000010000100111
111110010101010010
000000101111011010
000001011011100011
000010110010000100
111100010101001001
000000010100101000
000001100010010110
111110011011011000
111110111100000111
111100001000100000
111110100100001000
000011011000111101
000000011010010100
111100101000010111
000000010100000011
111011101000110101
111011100100010000
000011100101110111
000010110100010001
111101100011100111
111110010100101011
111111000000111100
111101110100110101
111111111111110100
000100011101110000
000010010100010101
000110001111000000
111101111011010101
000001111010010110
111111110100101010
000010111011000111
111110111001010110
111101000110001010
000010111001000000
111010100101101001
000010101000010000
000010001110011010
111110111011111111
111110101100111111
111101000000110001
111111110011110010
111111011011011101
111100111101111110
111011010110111101
111001000110100001
000010000000010011
000010010111100001
111101010100110110
111110010101110010
111100000001010110
111011001001110010
000000011110111100
111110101001101010
000010011111000100
111001111011010101
000010011110010100
111101000100011110
000000000010111010
000001001101001111
000011000111110001
000000100010000101
111001001100000111
000010010010100100
111111110110010001
111110010101000110
111111010001010011
000000010111000110
111100000011101100
000010000111100100
111111101111110111
000100010101101110
000001010100001101
000001010110110100
111010100000000010
111101001100001011
111101101000101110
111011111111111000
000010100101100000
000000111111011011
000000110011010110
000000011010001111
111011111000110001
111111100000111101
000001101100101101
000001110001111110
000100010001011101
000000100011111000
111010010001101100
000001110100010000
111110000111000110
000000111011110111
000000001101010111
000010000000110110
111001010000100100
000000110010011001
111111010100010000
111011011001010000
111011111010010111
000011111110001001
111101111011011001
000000110110011010
111111111010000011
111011011001110011
000001010101110111
111110010010101100
000100110100011101
111110110110001101
111111100100101110
111110000101111100
000010100010011010
111111011000111111
111101011111010111
111111110011111000
000010110011010001
111100010111010001
000001001010011101
111111000100101001
000010100001010111
111101100110011010
111101110011011101
000011101100010000
111110101101001100
111001101000001000
000001000011011011
000100100100000100
000001100110010000
111001101000001010
111111000100110110
000000010001111001
111101110000100110
111110001100100110
111100010100110000
111110100011111111
111110110110111011
000011001010001000
000011100011010110
000001011100111010
111110011010001101
111111110010000100
000001111101010011
000011111010001000
000100111000011010
000110001010101111
000100001010110001
000001011001011100
111110001101101110
000100001101100011
000100001010101000
000101110001100000
111100111111010011
111100000100100000
111100100101110100
111110011110001000
111110111001011001
111100111011010101
000111010010100101
000000100111000111
000010000111000110
111110011111100010
111111100001100010
000010111101010101
111101110010001111
111110111011000111
111110100101011011
000010100001101001
111110010111010010
111001110101010101
111111011101010010
000000111100010110
111101111110001010
111001101101001110
111110010110001001
111101010110101101
000001110110111000
111110100111011111
111111001110000100
111101001100110010
001000100011110110
000001000101111010
000000101011010000
111101000001001101
000011101100110100
110110111011010011
111101110011010000
000010100101010110
000010001111110001
000000100001111110
111101111100110000
111111011011111101
111000011111010010
000000000100101010
111110000011001101
111010000110010010
000000101010000010
111101110010001010
111000110101101000
111100001000001101
111110011101110101
000001100011001101
111010110111001001
111111001100010111
111101000101000000
000001011111011111
111101110011100010
000001001101010100
000100100110111111
111110100010100000
000100011111110101
111010101100110100
111011000101100001
111111000101010001
001000010111110011
000010000000100100
000010011011100101
111100100010000000
000001000110000111
111111011100100001
000010110010111010
000011001110100011
111101110111011100
000010110100001011
111111111010100010
111111101110100100
111111100100101000
000001011000110101
111111101011110000
000000000000110100
110111111001101100
111111110001001101
000011111000111110
111110100100000001
000100101011000010
111100111010100011
000000010101111010
000000101001000110
111111111111001000
111110100011011101
111010011101100000
111111010011110010
000011110001100000
000011100111111010
111100100000100110
000000100110101111
000011101000001101
111110101000010101
000000010011011110
111100011111100011
111001101000010011
111011111000011000
111101110111011001
111111000011001110
001001001000110100
111101111000111111
111101100101110001
000000110111100000
000001011010111000
000011001110010010
000011100010110011
111010101101101000
111111110010011110
111101111111110100
000001111111010110
111110011111111100
111011011000110011
111100100110011110
000000010111001010
111111111001100001
111100001101011010
111011110110111010
000000010110010011
000001011000100111
000010110110011011
000010111000001110
000010000111011000
000000110111100100
111101000110111011
111100001101010010
000001001010011111
111100110001000011
111111100101001010
000100010000110100
000011111000111110
111101111100111101
111101000100010111
000000101001101100
000011001010111101
111111101010011110
000010101001110100
111111001101011100
000010000100101111
000000111010101000
000111000001001010
111110101001101011
111011111011001111
000000101001101001
000011100111111011
000100101111011101
000001100000100001
111110010001111110
000010110110100101
111011110111001110
000001000010111001
000100101001000100
000010101010110111
111110110010001101
000001001011101100
111110101011100000
001000111101111000
000001001101110011
111111100010110010
000101011100001011
111010001000101001
111110001101011010
111100010111001011
111001111101110001
000011100010101110
000001011000110100
111111001010010011
000010111101111101
111110000110100011
000001100100010000
000011100000110000
000110011001110101
111100110000010000
111111101010110110
110110100010011111
111101010010011011
111110001111110100
111101101010111010
111111100000101000
000010011101101010
111101010100101011
111101110110111011
111000101001101101
111010011101010010
111111010110000111
000011000101101101
000000001001110000
111110111111100010
111111100111011011
111001010101001011
111101010111100100
111111100101100101
111111110101010101
000001011100111001
111011000011101010
000000001011000101
110111110110110111
111010111010011101
000000001100111011
111101111100111011
000001000111000111
111110100010110000
111110101011000011
111110001001100111
111110011010101010
111010101010000011
000101010011010000
111101001001111001
111011010010000100
111011010000000100
000001100010011111
111100000100100101
000000001001101101
000000010101011011
000101000000100010
000001011011001110
111111100100110111
111100011110000110
000100011101111000
111100010110100001
000000110011010111
000100001001110100
111111111011110011
111010011010010110
000001101010000101
000101001000101000
000011101111100011
111010001000110000
111101011111010000
000011111101000111
111111100101011010
111110011000110011
000000110001100100
111101010111101100
000001001010011101
000100101101010110
000001110011100110
000101001111100110
111110011001000100
000101001011010100
111100010010011111
111100100101110000
111101010110011101
000010111010000011
000011100001010110
111111000110011011
111011110111111100
000110010000000100
111110000010010010
111111010000111000
111101001000100001
000001110000010000
111011100010111011
000011111010000100
000001000011101110
111011111011100100
000001100000001101
111111111010010011
110100100010000010
000000010011000111
000110001010000000
000010110010000111
111111101110111111
111101000010011011
111110011110111001
000100000101011010
111101001111001110
111100011110001110
111100010011000111
000000010011101001
111111011101111001
111111101110000111
111011011011000100
111100101010110110
111110010111101010
000000011010110001
111100101101111010
000001011111111011
111100100101100001
000000110100100111
111101001110011110
000000011101100100
000110010110011110
000001010100100001
000001101111110011
111100011011010111
111101101111110000
111101010101001101
000011110010011001
000000100010010000
111110010101110100
000010101001011101
000000010000000001
000001110011100010
000000110110111101
111111011000100010
000011000010110010
111111100001101111
000010000111100101
111100011010001111
111101100010110101
111010010010111110
111010010011000001
111101010110010111
111110110011001010
000001110100011000
000001001010010000
111100101100110101
111101000010111001
000100110110001000
000011010110100110
111110100001110001
111001001011000110
111101111111001101
111111011000011100
000000000000110110
000010001101010000
000001010111001101
000011001011111101
111001110000001101
000011101010010000
000011011001100011
111100100110000100
000011111000101011
111110110111010111
000010011001110111
000000101011001100
111010011011110101
111110100111001001
000001001101110101
111111100100001110
000000100011100110
000000110110100100
000001010010011110
000100000000001010
111100000111010101
111111110100001110
000101101010000110
111010000100101011
111011100000011110
111100111110110000
111010110110100011
111010001101000110
111110111100110010
111001011111101110
000011001111101000
111111000100001011
111010111001010010
000000000001100100
000011010010001000
000000111101100011
110110111100110100
000010100011101000
111101110111000000
111101001011011101
000110111000111001
000010100011100101
111011100100100110
110101101111101010
111111001010011110
111111111101101011
111011110101001010
000010100011011110
111101010000011010
111010111111101100
111110011010110000
111111110111110000
111111011111000101
111111110010000100
000001001101101111
111111100100110111
000100010100011011
000000100011110111
111101001111100001
111001001101000011
000010010000110001
111100010011010100
000001100101101101
000011100001100000
000011000000011010
111101110001001100
000001111101110001
111100010100000111
111110100111010111
000011101010101000
000010100010110111
000011001011011110
111110111110010000
000000011111010000
111110010010101101
000010011000010110
000101101110110111
111111110110110110
000010100100010100
000011000111000111
111110100101101000
000001111101000111
111011010110101110
111100010000010100
000000111101101010
000011101001010000
000010110101010110
111101101011001001
000010101110001000
111111001001110111
111011011001100100
111100101110111000
000111101010101000
000011110000101001
000001111100110011
111100100101110001
000100001010001111
001001111001100110
000010011101010111
111011110110011101
000001111100001011
110101100001001000
111100110010000100
111011001000000001
111010010000010101
001010001000111100
111011110100001101
111110111111101101
111111101111011101
111101000010110000
000011010011000100
000110101000101001
000011010111001000
110110011110111000
111111111001101010
111000000000001111
111110001110001101
000000000110110001
111111100010011011
000001011010010101
110111100111100100
000001010000100011
111110100100010111
000010001010000100
111101111111000110
111111011000111111
111001100110010101
000010000111000001
111101111111111111
000001100110100101
000010001001010010
000001010001010100
111011010011000111
111100000011001111
000000011111101010
111110110111000000
000000010110001011
000010111011010101
000100010001011110
111011000001010101
111110011101010110
111111100010101001
111100100010101011
111011011000001100
000001111011000100
000001000100000111
000001011111011011
111110110000001100
111111001111101000
000001010010011001
000000000111111101
000001100100111011
111001111010101010
000000010000110111
111111111110010011
111111011011011011
000110010001001001
111011100001101000
111101001001100100
111110110011010100
111110011000001000
000010011111100111
111100111001010001
000001010110010011
111010101100011100
111110111100111010
111101000100010010
111111100111000011
000011000111111110
111010100000010110
000010000010000010
111101011100101111
000011100111111011
111100011100100110
000000100000000011
111101100101100011
111111110000001101
111111010000111100
111111101001000011
110111110100010100
111101001000111011
000001101011000000
000011001010110000
000001001011001011
111011110111110011
111100110010010000
111110010000101000
000011011011110101
000101110011110011
111101101011011001
000000000101111011
000011001110001001
000010001101011101
111110000011011101
000010011010110101
111111110110110111
111011110111000100
000010001010111010
000001110010000001
000000011010001010
000010100011100010
000001000110011011
000000000011011111
111111000111100001
000000011110010101
111100100000000101
111111011101000110
111110010000100001
111110100101011100
111111010001001100
111110001111011111
000000010101010100
111101011101000100
000000000001000001
111110100011101000
000100010000110000
111111110011000100
111101110100011101
000001110010011101
000010111100100000
111101010000111111
111101011110110110
111101101111000100
000111111011001101
000000101101001101
000001001000010101
000010000000001001
000000110000110111
111001111111111100
000011111111001110
000010000011111001
111111010101011110
000001111101000101
111101111110010011
111100010010001111
000011101010010101
111010000110111001
000010010100100101
000001011011110011
111110110101111011
111101100100111011
000010000000101100
111101111011101110
000000110010111100
111001010000011100
111100111001111001
000011110010001000
111010000101010110
000011100000000100
000000101101010001
000001011111010010
111100000011111101
111010111110110101
111010101110010101
111011010100110001
000010101010100111
111011111100100011
000011110000110001
111110001110000110
111011011111100101
111010001101011011
000100000111000011
111100100111111111
111001011100011001
000110011111011111
000000100010111111
111001111000111000
111101101110101111
111111110011000100
111101110111000100
111010011010110100
111111001001001100
111100000000111111
111111001011001011
111110101001100011
111010101001111011
000011011011110110
000100000101111110
000010100010000111
000100110101001000
111101011010011101
000011101000101001
111011011110100110
000010010101101001
000001010111000010
000101000101100011
000000000001001111
000101010010111101
111110111100000001
111111100100000011
000101001010010001
000010110100101111
111110010011001100
111001010111111101
000100110000000101
000011110001101011
111110100110001100
000011000011101110
000101001100101100
111110110101111010
000100000010000111
111111101111011011
000000000111011010
000001010001100011
000100000111010011
000000101011001000
111101101010110011
111110000010100011
000010011111111111
111111001000100100
111111101000001111
000010111101111110
000001001110010010
111101010111011100
000000000001011010
111100110101001011
111111100011101010
111111000110100010
000000000101100101
000010101100000111
111111100110011100
111101001111001001
000001001111010001
111100111011100001
000000110100001110
000000111011000001
111110101000110001
111100011001101000
111111111001001000
111111100011110010
111001000101000000
111011000100000101
000001111010110111
111111000110101001
000000111010101010
111100001010010010
111100101100101101
111011100010001111
000010100101011111
111110111101010100
000001100010000010
000100001011110111
000001010100001100
111111011000111111
000001101110010010
111111010011010111
111111101010001011
111111111000011100
111100010111111001
000101010111010011
000011110011011110
111011111111011101
111111011101011100
000000101010111001
000100010100011101
111101100010100000
111011111011101010
111011110101100001
000001001100010110
000001110011000100
111110100100001101
111100110010101000
111100110101011100
000010001010011011
000000100101000110
000011010001111011
000001110001110101
111110100111111001
000010110001000101
000000000000101101
111101010001110010
111110001010110011
000010100010000111
111100000101110010
111101001011000110
111100110011101010
111011011010110010
111011111011100100
111101000011111111
111101011010011100
111100100010100111
111100011101001001
110011101011000000
000000011101011001
000010100100110000
000101001011111111
111100111000010011
111110100100001000
000100010111110010
000010010100100111
111100110111000111
111111101001110010
111101010001100100
111110100110011100
111010010001011101
111110011011011110
000101010100010111
111101101110011100
000001000001100110
111111001101111101
000100011000001101
111110101010101100
000001000100000010
000011100100000100
000001000001010011
000000000110001010
000011010111110101
111110011010101100
000100001101110011
111110100110010100
111010101111010011
111111001101001101
000100111111011110
000001000011101101
000011011001101000
000011010110010110
111101100001001000
111011011010100001
111111001100100110
111110000011111111
000011001101000000
111011111101100010
111100100110010111
111011000110011001
111101010100000001
111110101000000101
000010000111000010
000010111111110000
000011001110111010
111101011111001001
111110111001110110
111111011010000011
000010111000100001
111110111010000000
111011111010000011
111100110001110000
000000100000111001
111011111110000101
000011001111110011
000001011000110110
111100001110111101
000000000011110110
000000101110100000
111110101110011101
111110011110000100
000000010011011001
111101001011100100
000101101101111110
111101010101110110
111011111011110000
000001101001011010
000001010101011011
111110011000001010
000000100101110011
000010100100011001
111100101000111111
000011110101110011
111101110100100010
111101001010011101
000010001000110101
000000011111000000
111101101011000100
111011100111000000
000010101110111100
111110101101111100
111101101010111110
111100000010000011
000001100011110010
111101011101100010
000000111100101000
111111110111101000
000011001000111110
111011111000011001
000000000000110110
111111011000100111
000101001001110110
111101010101110001
000010000000101100
000100100100001100
000000010111110100
000001100101001001
111111010001001001
000010011001110100
111101010001100101
111111011100101101
000011001111111110
111101011001101000
111011111001010001
111111000111001011
000001111000100100
000001010001110111
000001000101001100
111111011010101011
000010100100011100
111101111110100111
111110000001110000
111100110010110101
000010100011100100
111110010010011111
000000001011100011
000001000100000001
000010101001111101
000000001001000000
000010001010011110
111111101000010111
000001101100001111
111111110110101010
000000011000000100
000001110100001010
111100100000101110
000000101000011011
111110000101011001
000000111011100010
111110101101110101
000010011001100010
000000101101101011
111101001010110001
111111011011010101
000000000110101000
111101101010101010
000100000001111000
111111101001110101
000011110001011100
000010001110110011
000001100011000111
111100110111001100
000000000011000111
000000001101000010
111101101001110100
000000010100000010
111110000101111111
111101100001101110
111101000010101001
000000100101000110
111111010001011000
111100111000010111
111010011100110010
111111000000101100
000101011010001101
000011111110110011
111100111011100011
111101111010111000
000001110100001111
111110101000101001
000001100010111100
111110111101000111
111101000100110111
111110101000010110
000010000101100001
111110011000101101
111101011011011110
000000011101100011
111100001011111111
111111101000110001
111111101110101110
000000000100111111
111110110010001110
000010111100111000
111100010010001010
111111001101000000
111111111101111100
000001001111010001
000100000001110000
000001001100001110
111101111100010011
111011111011110110
111101010111011001
111101111110110110
111101111101110100
000001001100010010
111011110101011101
000001100001110100
111110110000000111
000000100000011000
000011001001101110
000011101010100110
111010011110100111
110111100100101011
000000011101110110
111110010101100011
111110010001000000
000001110101010111
000001001011110110
000010011010100100
000000110010010001
111110110111011001
000011101110011100
000001101111100011
111011111111001111
111110101111001110
111111110000101100
111011010110001010
111001100101011000
111111011110111111
000000110111001110
111110100011000011
000001000010110101
000001110011110000
000000111110110111
111110000000111110
000001011000010110
000000101111110001
111101000011110110
111100001011101101
000010110001001110
000011011111011010
111110011001001111
000000010011101000
000000010001111001
111010110110100101
000010001100011100
000000011111100100
111111100111110100
111110111010000101
000000011001011100
000010011000001001
111111101000001001
000001010010000011
000000000000010100
000001001101000111
111101110110101011
000000000110100010
111011111111110001
000001001100101110
111111100001001110
000010110000001100
111011010101101110
000011010011101011
000011100110001111
000001010011100100
000011000001000001
000001000111000110
000011010001110101
000100101010011000
111110110000011111
111110101010001100
111011010110011010
111101111100111111
000101011011000100
000000000011010000
000100001111011011
000011010000110000
000010100100001010
111101101110010101
111011000100111111
111101000101001010
000000010111010010
111110000110110111
000001101100100010
111101101001011100
000011000010000111
000001101000110110
000010100010110011
000010101011111001
000000000011011111
000100010100100011
111101101000111000
000011001001110101
111110100001111111
000011011000010111
000011011100011011
000011011111101101
111101110100101001
000010111000110001
111111101010000111
111101011001010011
111011011111101101
111110000110100100
000011010010001000
000011110000001100
000100100101010011
000001101100011111
000000011110010000
111011101011111010
111101110100110000
000001100000110011
111101000011001000
000001000000010000
111010001011010101
000000101110000100
111101010000101010
000001100111010011
111110011010110010
111101011101001010
000011100010101000
000011110011010100
000000110010101000
111111100111110101
111111100100010000
000011001010100100
111011101101110100
111010010001101000
111110001010111100
000001000110010000
111101000110011001
000001011110110111
111011110100100111
000000001101111110
111101110111101100
111110110010110001
000010001011000110
000011100010010110
000001101100111010
111100110110101111
000001000010100101
111100111110100000
000010110011111110
000000110110110110
111100001010000010
111101100000000000
000000001100001011
111101111010000000
111101001011110011
000000001000111100
000001001000010101
111100101011010010
000000011001111111
000000110011101110
111101100000011111
000000110001101100
111101010011010000
111101101011101000
111101000001100111
111111101110010010
000001111001111010
000010001101110111
111001111101111000
000000100001111101
000101010000011001
000100100011110101
111010110100111011
111111111010110011
111100001111001000
000010000011101111
111101011100100100
000001001110010000
111110001110101011
000010001111101101
000000011001111101
000010010101100011
111001100001110101
111010001100100010
111010001001001100
000000010011110110
000001001110000101
111100100001100001
111110110000011010
000001110000100001
111101110100100100
000010111011001111
111101001010110100
000000110010110010
000100000001000000
000001110010100110
111100100010101111
111001111111011111
111110101010010100
000000100001001000
111011000001001000
000001000100010110
111101011010111000
000001111000110011
111110110001111110
000000111100100110
111101101111000010
111011101111111110
111111011100000101
000001011110011000
111101001001110111
111110010111000101
111010111111101010
111111100111100001
000000011111110010
111110001101001110
111011100010100001
000001001111011101
000011011100001100
111010100111011100
111111001000110110
111100000010110110
000000101101011101
111001111011111111
000000000111011000
111011010110010101
000001010111111111
111010010100110100
000001100001000111
111011110001000000
000000010101000111
111111100100101110
000001010111111110
111111000011001111
111110001010100011
111111000101101010
000011111000111111
111111100100110011
111111011101110111
111100110011101010
111111010111111110
000000110100001111
111100110100010011
000000011100101101
000001011010011011
000001111110100111
000001100111101001
111110001101101110
111111011100111000
000001110001101001
111011101111101110
000010111100101011
000011000101100101
111110101000110000
000000000101101111
111110101010000001
111101001000100001
111101000001010111
111110110101101000
111111010100111100
111101100100011011
000011100000000101
111111010001100000
000001110111000101
111010110000000001
000010010100001011
000000100000110010
000100000111111100
000010000010000101
111101101100000010
111100100100000101
111111011100011100
111011101100110111
111101011100010001
000001000001100010
000010010100111111
111110011011001110
000100011001111111
111110000000011101
111111010110111010
111100010101110011
000101000101011011
111111001010101111
111111100111001001
000010110000010000
000010100000001101
000000010010110001
000100111111010010
000000110011100001
000000000000111011
111111111000001001
111100001011011010
111101100110010010
000010110101101110
000010100010011001
000000110110101001
111111000010110100
000010001110101100
111011100001111111
000000011010110010
111110111000000110
111110011111010111
111101001011100010
111100010111100100
111011110011001110
111110110011110010
111100110101000111
111111000010110110
000010000100101100
111111101001111011
000001001111100011
111100110001100111
000010001001100010
000001011001101110
000010001000101010
000011001110110101
111111111100001000
111001100111111000
000011001111010101
000101010100010001
000011001110000000
111110001101110011
111100101110011111
111100101000000111
000000010100110101
000000111100101011
111001100100001100
111100111101100111
111100110101101010
111011111111101101
000001110000011101
111001110011110100
111101100101010110
111001111111001110
000000001011000100
000011101011010100
000000001111101000
111011001000101000
111011110100011001
000010000100101011
000011000110100100
111100011110011110
111111000001110111
000010000101100001
111111010111110011
111101011111101001
000000001110100100
000000011110000001
000000010101110111
111011101101111110
000000101110100011
000010011011110000
111101011011001100
111100000100001000
111011000111100001
000001110110000110
111101011010110111
000001110001000001
111110000100111111
000101100010111001
111010101001001110
000011001101010111
111111111110101101
000000001010010001
000011010000001111
111101001100011101
000100001011111011
000010100000011101
111100000001001111
000000011100100000
000001011000110100
111111101100101010
111101001110101010
000010000111100100
111110100000001101
111011010100010010
111100010110010011
111110110010111100
000001101011010001
111100010100011011
111110101010100101
000001100110100000
111011101111110101
111101101100001011
000000001100010110
111101010110111110
111100001000011111
111101100101000110
111000111000001100
111100110110101100
000000010001000101
111101111010101111
111100110001100101
111101000011011010
111100101010000011
111001010111100010
000010101110000010
111110011000110011
000000000111000001
111011110011011000
000000101111011001
111011100110111110
111110011010111000
000100110001111110
000000100011010100
111110010001000101
000000010000000111
000101011100011110
000001100001010010
111111000110010101
111110110000000111
111111011010100011
111100010100001000
000000110010011001
111111111011100111
000000111101110110
111100111011100100
111100110101001001
111011001110011000
111011011101011000
000100011101010001
111000011101111010
111111000100011010
000010001000111110
000001111011101001
111100111011011001
000001110011000011
111101000000010001
000011011000111000
000001011001010000
111101101001110001
000011111110001100
000011110110110011
111001101111110001
000010101100111110
000010101000110110
000010000101100000
111110111111101110
000011011000011101
111111100011000111
111100100111011100
000010110101110000
000011001100110011
111010010100101100
111101100101011001
000000010010100001
000100001011001011
000001100100111010
111011111001000110
111101101011110010
111110000001011010
000001110001100101
111111111000101101
000000101101101110
000011000000111010
111111010101100001
111101010111100110
111111111000110101
000000010111111000
000010101100011111
000010101011000000
111110011000101000
111101011001000111
000010001010100100
000100111011010111
000000101001001001
000010011101010110
111100000001111001
111110101001011011
111111101111100110
111011110100011011
111100001110001110
111010001111111000
111010111110110000
111101010001011111
111101010011010001
111110100110110000
000011000011011110
000101010111101011
000000000111100011
111101000001110110
111101000011110011
000010101101001110
000000111000000110
111010101010001100
111101110101000000
000011000111111111
000001001010011000
000001111001101111
111111010011000100
000010111100100010
000010101010001100
000001111110010110
111111100111110001
111011001011111000
111111000000010111
000000111000111100
111111001101101000
000011110001111010
000000101101000001
000001110111010110
111111011110001011
000010101000110101
000000110111100101
111101100000100001
000000110110110110
111100101010101010
000000000000110011
111110111110001001
000000111111101010
000000100100110001
000011011100111111
000000001001000101
000011111111000100
111010111011011111
000000100100101101
111101010000011011
000000001010101000
111111011111101001
111111101010001100
111101001010011111
111110010011100101
111011111010010100
000010101110010000
111100001111011010
111110010010000010
000000101001001010
111110001110010101
000000001101010101
000011111000010011
111100110011110100
111000111110000111
111111111101111111
111101111100110011
111010011101010000
111100100001011100
000001111001001111
000001111000010010
111100000100101010
000010110001111100
000001001011111000
111101011010101000
111110011001011011
111101001000011000
000000110100101000
111011011111011111
111110101010110000
111111011101010001
000010010010010101
000001110110000011
111101010101000000
000001110100111000
000010111110111110
111011111100111001
111001010101101011
000100011001010011
111110011001111001
000001100000110111
111101010110110011
111011011110100011
111111011110110101
000001011000011101
111110100000010011
000001000110101110
111100111010101101
000011001011011101
000011101011110011
111110010110001100
000001000001111111
000000000100001100
111110000101101001
111111011011011011
111111111110101011
000011111111110100
111110111111100010
000011111110101001
000010001100111110
000001011111011010
111100100010100100
111101101000100100
000101100010011010
000001100001011110
111110110010010101
111110101010110100
111000110010000000
000001101101001001
111111100111011111
000001101010011111
000001000111000010
111111000011000100
111101000001010001
111100110101110110
111100011110010001
111011110001001101
111110001110101000
000001101011000110
111001110101000010
000010011001100001
110101101101000110
111001110111010001
111000110100001101
111110010000101100
000011110011001000
111001110001010010
111100111110010011
111101110010001110
000001001110101000
000000000100001001
111100110001010110
000001011100001111
000010001101101010
111011100011101111
111100000011000100
111011111000110111
000001000010000001
000000100100001111
000001111001010010
111111010101011011
111111111000100100
000001110100100001
000010010110100001
000000000100110100
111100111010110110
000010110010101001
111100001010001111
111101000101111011
000000011110011111
111111001000101111
111101101110101010
000001011110101100
111011100000100001
000000101100100010
111100100111010110
000100000010001111
111111110110001100
111101100001001100
111111000001101110
111110001101001100
000011110110110000
000000111110010110
000000001100111101
111100010001101110
111110000000011110
000001101111001100
111111111101011001
111111100001101001
000101111011000101
111111101101000010
111100011001010111
111100111111111101
000001110111001101
000010001101010001
000100011011000000
000001110111010111
111111111011111111
000011101010100001
000010101111110000
111100100101010101
000011111011110000
000011011001010001
000001000000011101
000010000010111100
111011010101100011
111011011011011111
111001110110111011
000000011011101101
000000011001010011
000001111110110111
000000110011110000
111101100001100110
000001011010000110
111110000100101011
111110000110110110
000011101111101101
000000100111101101
000010110111010010
111101011000100100
111100111100100011
000001010010010010
111100101100101001
000010001001101100
111111001101000100
111110100111000011
111110110111001011
000000110001100111
000000001100111000
000101000111010110
000001011000011101
000000011001101000
111110011110001101
000011010000111010
000001101011011111
111111001010011110
111100100111011000
111101110101100101
000001101110111011
000000010110100010
111101111111100010
111110110110011101
111011111110101000
111100000000000100
000000011110011111
000010101000101000
000001111110000111
000000001101000100
000010110110110100
111101011100111001
111101110100001000
000001010010011111
000001010100100100
000011010111001101
111011100111101010
000010100110111100
111101111101010111
111101011010110110
000000110111100010
111101000001111100
111100000110010001
111110111100100100
000001111110001101
111011001100110111
111011110001001101
000001011010100110
111111100011100001
111111110001100101
111110101110100000
111101101101100001
000011000111110100
111011100000111010
000010111000110001
111101010111111011
111011100011010100
000000010011010111
111110101000101010
000001101000100001
000010011111101101
111100111100010011
000001100000101010
111100001101101011
000000011111111101
000001001100101001
000001011111110000
111011101011100011
111011111111010111
000011100101100100
000010110001100011
000011100010110100
000010010101110000
000000000110011011
111110001010011111
111110111011000100
111100111001110111
000100111000111001
000010111110110000
000000011011011111
000000010100101011
111110101101111010
000000000010100011
111111110010000111
000010101101001000
111101100001100010
111011000011001011
111101011010010100
111100000011010111
111110110100110001
111110001110011110
111111111010100111
000001111001101110
000000111111000100
000000111111000100
111110110011101010
000000101111011010
111110001001000010
111111001000010001
111010011010010010
000000000110011111
000010100101000101
111111010010101011
111011001111000100
111010101000011110
111010111101011010
111110111011101110
000010101101000000
000000010111000111
111111100111100110
000000000010101011
111111111011101000
000000111001110010
111101101011111001
111011100000001011
000001011001001010
111111011111010100
111111010101010111
111100101101011111
000001000100011100
111101101010000001
110110100000101101
111110011111101101
000000010100011100
111011001100110000
111110000010110010
111010001011000010
111101001100111010
111101111010010100
111100000001100101
111101111101101001
000010011110101011
000100000000101110
111111001011111101
111111011110111101
111110001101000010
111111000010110010
000000101110101100
111111111000000010
000010001001110010
000000011100100010
000010101100010000
111110011011101010
111110111111110001
111111010100101011
111111101110101101
000001000011111011
111111001111011000
111111100011010010
000001010110101111
111110011111000101
111011000110001010
111110100100111100
111101010000000110
000001110101001100
111111111100001001
000010010110111111
111011111011100111
111110001001100010
000000001010000010
000010011111100010
000000010001011011
111101011111100100
111100000001101111
111010111110101101
000000011011101001
111101001001101011
111011011001000101
000000000010111000
111110011000100011
000010011001011101
111110111010111101
000001010101110000
111100000101101000
111111001111101011
111110001010000011
000101110010011001
111100001110111110
000000000101100101
000000011001001100
000000100001010011
111111100011100011
000001011101100101
111110100110001100
000001111010100001
111001010010000000
111110010111101101
000000111010000010
000000001011011011
000010011101001101
000100100100101001
000010001010010100
111111111101001101
000001011011111110
000011001011101010
111110000100011101
111111001001000101
111101110101000111
000000010100000110
111110010010110001
000011001100011110
000001110111111011
111101000010111101
111111110101011111
111100011110100111
000000111101001100
111100111111110000
111101110010100100
000010011011001110
000001110110110011
111100000101001111
000000111000110001
000001110010101011
111110011000010011
111111110011011010
111100101111110011
000010100010000100
000000111000010000
111111010101001011
111100001101101000
000000100111100101
111111101011010110
111100110110100100
000000011100101001
000000011010100100
111101011001010111
111100111101000011
000010010111110010
111110110111101000
000010000001011001
111110110111010101
000000001001001001
000001100001000000
000100010001011100
000100011000110011
111101111100110001
000101011000001010
111110111111100101
000010110010110001
000010100001000010
000010011110110010
000001100010011011
000001111100000010
111101010101010101
000111000100000111
111110100101110011
111101100001101010
111111111111100100
000001001100011100
111110110000010111
000000110011001111
000000010010000010
111110100101001111
000000011100111000
111111111011100000
000000001110000011
000000010011010110
111101110000011111
111100100001000100
000000010101110100
000100011011101001
000001000110111011
000010000000110000
111110110111110110
000001001101101110
111110100110001110
000010000101111011
111111110101100001
000000010110110001
000000011000110001
111111011110101001
000000101001111101
111111011101101000
111100110000101001
000001010101000110
111111001110000100
111110010111111011
111110000100000101
000001010110110111
111111010100000001
000010011011101110
111100100100000101
000011000011011100
111100011101111010
000011110100001011
111110100011111001
111110100110001101
000001110000011011
000100001110000100
111110010101010000
111110000100101111
000000000110000011
000001101001001001
000000000100111000
000000010100111011
111111110110011011
111111111001010010
111101011101000110
000001101111011000
000000110111111001
111111100100111110
111111011100101110
111101101000000110
111110111110010100
111100110000000000
111100100010011110
000010111000100111
000000011111001011
111101001101111011
111111111010010000
000001101111110001
000010101011100111
000010010011101010
000001110011000001
000010110101111110
111110110010110010
111111111011110100
111111001110100100
000000001100000100
111101000100100110
000010010011100110
000001011101000101
000011011110000000
000000010001101101
111111111000110111
000010000110000101
000001011000000111
000100010100110110
111101001101101101
111111101110110000
000010101100101101
000001001111001101
000100011110101100
111100010111000111
111101111001000101
111111000100111100
000010010101110010
000011011111110010
111100100000111100
111101111100001100
000010111001101100
000000000111101100
000010101110101000
111100100011011100
111101010010111010
000000010001000010
111111110110000101
000000001000011111
000000100000101110
111111100100011001
111011110000000110
000100000010011101
000010011110110010
111111110010000011
000000000011101101
000010010000000111
111110101011010010
000001101110010011
000001100011111010
000000000100000101
111101000000001101
111010111111100110
000001110000110010
000000000100110110
111111111101101111
111101011001001111
000000101010000010
111100011010010101
111100001100110010
000000000101000100
000010001111111011
000100011001111100
111101101110011111
000000110000101010
000001100011110111
000101000010111000
000001110000101110
000001100101001110
000010100010010110
000010101001001010
111101101010010100
111100111011100110
111111100000011000
111110000000100111
000011110100011100
111111110000100011
111101110100101001
111101011101110011
111110001111001111
000001110101110000
000001100000101100
111101100010001000
111011111110101111
111100100111011100
111111100111011110
111111000011111010
111100101101111101
111110000111011011
111110101101010101
111010110010101010
111110001010000101
111111100111110001
000000101010111101
111110011100010101
000001110010000110
000010100010001000
111111110001111010
000000110110010111
111101011011011101
111100011011010000
000001001111111011
000000000100011001
111110110010000011
111110101011001111
111100100101101100
000001101110101110
000001111101110101
000001111101111101
000011110110111111
111101000110111010
000011100100010011
000011000011101000
000000001011010110
111111000010010111
000000101111001010
111010100111010101
111100110011001110
111110001000110011
000010100011100011
111110010010001101
111101111010110001
111101010111001111
000010110000110110
111111101101001001
000010001010111101
111100100111100001
111011010000010101
000000101101100010
000001000101001110
111110101011100111
111100000000111000
111111101001011010
111011110100001010
000000011001000000
000000001010101010
111100011110110100
111101111110011111
000000111011100000
111110111101111101
000000001010100110
000011000111111001
111110101111011111
000100000011010111
111011100001111111
000000110011010010
000001111111000100
000000011101111100
111111010000000001
111101111011110100
111100101101110000
111111010001001101
000001110001110011
000000110010110111
000000001011110110
111101001101101011
111011100011111001
000000100011001100
111011111010010011
000001101000111101
111010101111101101
000000110011011111
111101100010011111
111101100111110101
111110000000111011
000001101101111011
111111001110111010
000100100011100011
000010001101101011
111111000111010101
111011001010101011
111101100000000011
111101101110100010
111010010100110010
000001110101110111
000010011001101101
000010001110011100
000100100111010001
000011000110010101
000001010101001100
000011111101110110
000011011101100001
000010111011011011
000000110010011110
000001000010011010
111011010000111000
000011101000101010
000010101111100111
000010110101001010
000000100011010111
111100111001000010
111110101110010100
000010000000011001
000000000100000100
111010110100011100
000010100101000010
111100111110001101
000000001111001000
111100001001001110
111110010111011011
111110011101111011
111110011001011011
111111011110011011
111101101101001001
111110011010111111
000010001001011010
111101101101010000
000000110001110111
000011110001000000
111110011011110000
000010110000110001
000001100100010000
111101100110000000
000000101110100000
111110001110111000
000001011001011000
111111100001110000
000000010000010000
111101100001101011
111111000110001010
111110111111000111
111101111111111001
111011111010010101
111111010111011001
111101001011010011
111111100001001000
000000001010010000
111111110110010011
000010100110000110
111111101010011011
111101000100000110
000001000011000100
111110111000110001
111110011011001101
000001110101110001
000010000110000001
111011011000000111
111110001101101111
111100100000100000
111100111000000100
000000010101011011
111100010101110101
111100100011111011
111101110100110000
111110111110111100
000100010000000101
000000010111010001
111101101001100110
111001110100110110
000001101101000001
111111111010000100
000001110111101010
111110001011011111
000100100001010001
111111101001110010
111011011001011011
000010010011110011
000000011100010111
000001110000001001
111110110011000100
111111111011111001
111100100001011100
111111111100101001
111100001111001010
000000110101101011
111101101011011000
000010111110110011
111011001010001010
111110110000000010
111100101101001000
111100101010001010
111111111011111001
000011000110110100
111110011101110011
111111011010001111
000001001010111100
111101110001000101
111111111101110111
111111110100011101
000001100110110101
000010000110011101
111100110011111111
111111101110100011
000010100011000010
111110001100001101
111101101000101111
111100110000110011
111100001000100011
111110011110000010
111101110101111110
111011010111110010
000100010010111110
000000011010110100
000001001011011001
111101111010001001
000011010011100000
000001011110111101
111111001010110010
111101100010010110
111011010111111100
111100011011111001
000100100110111111
000000000100101001
000010110110001110
111110011100001101
000010100101110011
000000101101101111
000010000010000011
111011101001111000
000000011010111010
000001000110100101
000010000001000000
111110110011110101
111101100111011101
000010100110110101
000010111110000100
000010100001101011
000001011111010110
000001010110000000
111110110000000110
111101001000110010
000000110010011010
111101100000001100
111110001100010011
111111011011100110
000000110001110001
000100111100011010
111111010100001010
111110000011111101
000001100001101010
111010000000100001
111011110111010010
111111111010111010
000001110110010001
111011100011110101
000000100101110111
000000100000011111
111110110011001000
111101011101100110
111110001100110100
111011101110001111
111101000010111101
111101001010111110
000000001100000111
000010011110001010
111010111111111111
111100101111000010
111111011110011000
111111000111010101
111111111100000101
000100111100101111
000010101011110010
111110100101101111
000000000010010110
111101110101001110
111111010111101000
111100100011111101
111010110110111110
000000011011001000
000000100101111110
111110110110000100
111101111000011001
000010100010111101
111011101000010011
111101111111000110
111110100110011011
111101111000001010
111111011111001101
111111000111010100
000000001010111001
000001110111101101
111100010010000001
111110101010010011
110110010010000011
111010110111010011
111110011001100010
000001010110100100
000000000010011000
111100100111010110
111110100000101011
111111000001101100
000001111101000100
000011011111111111
000011100110010010
111110101111101100
111101010011011110
000010010001011100
111111100001110111
111110000001000110
111100011111111001
000000100011110000
111111110101000000
111100000011011000
111010000111100001
111111011000111010
111111001101000110
111010100101001000
000100100011010011
111100011110100001
000001110101110000
000000110110111011
000011100011001101
111011111110110100
000010101100011110
000000000100110000
000001110010110001
000010000100101011
111101001011101100
111010001100111011
000000010100001101
000010000010111010
000001011101100000
000000110101110001
000011000110000011
111001010000100100
111101100000100000
111101100111011110
000000000001110100
111100011101001110
111001101110111101
000010110111111100
000001111010101111
110111010010100101
111101010101111000
000000011111100101
000010000100101110
000010110101111010
111101101101111010
111111100101111110
000001010100100010
000001111011111000
111101000001001011
111011011101011000
111011110011010100
111101000101000011
111100110010001010
000100001000011110
111010011110101100
000001011010011101
000001011111100010
111110110011110000
111101111100000000
111011110111010111
000010100101111100
111100001010111101
111111100111100111
000000010011001101
000010000011100011
111111101100111101
111110010011010111
000100011111110001
111100110111100101
000000011000101111
111111010111111100
111111001000001011
000000100001110010
000000001010000011
111010100101100111
111110011100010100
111100111001111010
111110010101110110
111001011110110010
000010111110111001
000011011010001011
000000001111000111
000001010010001010
111110110111011011
111101100110011100
111100101011101011
000010000100001101
000000110110111100
111110011101000100
111110000001000100
000001110110100101
111110010001111001
000011111111001100
111111110100011000
000011011110001010
111110000111010100
111111111010101011
000000001010100100
000010100001000001
000001011111000110
000010100011100110
111100100001011010
000010011010111000
000100000111010000
111110010111010110
111100101010111010
111111110110111010
111011111001110010
111110001110011101
111101100111101000
000001001101101011
111101111011111000
111110110000101010
111100011010111110
111111101001101011
111110110100000010
000001101011000110
000000111001101000
111100001111011101
000000001011111010
111111011011110001
111101011111001101
111110100011100010
111100010111010000
111110101100010001
111100111101001011
000001110110001000
111011000010101110
000000110101010100
111100111110100110
111100100100011101
000011011101111000
111011101110111111
111101001011101101
000010011001001010
000000001011110100
000001110111101010
000000010000001110
111011110000001000
000001011000011101
111100100110011000
111111000011010100
111111100011110000
111110100010011111
000001000100111111
111111001111010101
111111000001001111
111101000110000011
000010001110101111
111100100001010101
000001100011000100
111011110010000011
111111011001000001
000100011110100111
111011010010111000
111100110011111011
111111111111111001
111110101001000110
000001101101100110
111101000011010101
111110000001110011
111110001000011011
111111011001011111
111101100010001100
111100100101110110
000000110001110000
111101010000100100
111110001011101010
111111111110001000
111111011000001000
000001010000001001
000001011100001100
000000011111011101
111110011010101111
111101111001101100
111101001001100000
111110110011011101
000001101110000100
000001101100111110
111111110111010100
111111010111100100
111110110101111000
111111000110100000
111111011011010110
000010001111110010
111111111110011101
111110101010010101
000000010110011010
111110110010010111
000010111100010101
111110011010100010
111101000001101100
000000110100001010
000000011110011000
000000001111100101
111101101101110111
111101010111010001
000010111111000111
000010001100010010
000000000011010011
000011010100100100
111111011111110110
000011010000100011
111010011110011111
111101001010011000
111010100101000111
000000100010110011
000001110101100111
111100110101011000
111111100000010101
111110100011110010
111011011000101011
111101100111100011
111011011000101001
000000111001011011
111110100000011000
111100010100010100
111111100001000011
111011100111101010
000001010001001001
000101100111001100
000011011010001001
111100110001100101
111110011001001000
111110110010101000
111101000110001100
111110011000110110
111111011000110010
000001011010011111
000000000100110000
000010111101011100
111111101111010000
000001000010101100
000011100100011000
111110010101010010
000011100001110001
111100101110101000
111110100001010101
000000100100100010
111010111011100111
111111011111110011
111110011000000011
111110011110111100
111010010101001011
000001001101011011
000011101010111010
000010000010100000
111101011000100101
111100101100010000
111011111110101010
111101110010010010
111111111010111000
000010010100001001
111100011011010101
111110101000101100
111000100111000001
111001111110010110
000000100011100111
111100101110011010
000000000110010001
111111000100111101
111101111100000111
111011000001010001
111011101010101001
111110000101101111
111100000001011101
111101100001011110
111111110101001010
111011110010111110
111100101100111100
000010101011101011
000000011001011000
000011001101111000
000000011110001000
111111111101010010
000001110001101101
111101010001001010
111110011001100111
111111000011010000
111110001011000011
111101110001110010
111100111111100100
111100001000100000
000000101110011101
000010111110110111
000000000011000010
000100011101000110
111100001100000000
000000001111111100
111101100100000110
000001010011011001
111111011110111000
111101011100010000
000100011111101010
000010011001101111
111101100000001100
000011010000000101
111111100001110100
111111001001110001
111100011010000100
111110111100000101
000000111001111110
111111001001100001
000000011000111000
000011100010000000
111011011110101011
111111101011011101
000011010110100011
000010001110011011
000100110010001101
111101010010011010
000001110011111001
000000100001101011
000001111010110000
000010000100011010
000010001001011100
000010111110011111
111101101011101001
000000110110000111
111011101011011101
111101000100010001
111110100010100010
111100111110000100
000010100010010000
111011100000011101
111110011101110011
000011000101111101
000010111100000100
000001001101110011
111011101110001010
111111100100001001
000001000100010101
000000011110000011
111101101110101001
111100110101000101
111100010010001111
111100010010010101
111110111010100101
111111111001010000
111110101000111101
111011111110010101
111111010101100111
000010000011110000
000000100110110001
111101000111111110
111101101110101010
111111110011100011
111110010101100100
111101000111010110
111101110110011100
111111110100001000
000001111101010111
111100101011011000
111101011010101000
111110100001010101
111110010110110011
000010110101010101
000000100010111000
111110101101000001
000000000011100001
111011111000110101
111110001001001010
111110010001100001
000010111011110011
000001100101110000
111101011011001100
111100111010001110
111111011110011100
111111001101000110
111101111100000111
000000100111010110
111101010010011000
000010000000000010
111111001111111001
111011110001100100
111011111011011100
111100010101000000
111111000110101011
111100110111010010
000010000010111011
111110011011000000
111110011011010000
111111101111100000
111111010101110001
000010110011011010
111100001000011111
111111101110000001
111110101111111110
111011011101010010
111111011001001100
000001110101110111
111111010101110100
000011011010001000
000000010011101100
111100001110111111
111111100001100000
000011010100110110
000010011011000010
000000100110110010
111111100100000010
111111011110111110
111110010111111000
000011110001001111
111110111010010011
000000000010011001
000000110110100001
111111110111010100
111110000000011000
000001011001111001
000000001000010101
111111111010001100
000010010101011001
000001111100101111
000010000001111010
000011100010100100
000000010101001101
111101011001100101
111111110101011100
111111101000001000
111001111110100100
000010001011001000
000000000110000011
111100001101100011
000001100110000000
111110110111111000
111100000110001010
111111110101101010
000001001000111101
111110110111111100
000000000101010000
000011101110101000
111101101100110101
111111000010101001
000001010111110101
111111010010110110
111011101011100000
111100000010010010
111110111011110000
111000111100110011
111111101001001011
111111010010101100
000000101110000110
000000000100110001
111111110111111010
111010111110110011
000011011001101001
111110010110111001
111111111111001111
111110001011100110
000010111010011110
111111010000100101
111111111110100011
111110001101001010
111001101000001010
111010010010101001
111110001011110000
111100110011010001
000001101001000111
111111110010010010
111011010000101111
000000111100110001
111100111101000010
111110110111100001
111101011111001101
111111011011010110
111100100011001010
000000110111010100
111110001011000010
111111110100111001
000011010100100001
111101101101010010
000010100110011000
111101100101100110
000001010001100001
111110101001100001
111111111111001001
111100111110110000
000001001001111001
000001100100000110
000010000000100001
000001100101001100
111110001011001101
111111111101100111
111011111011100111
111011011111001000
000011011000101001
000001100101000010
000001110101111100
111011111010100100
111100011010011010
000010001111010111
111111100101001011
000011010100100100
000000111100111101
000000000111111101
111100011001000001
000001011010111110
000001011101011001
111111010011001110
000000110111111110
000001111001010110
000000100001110111
000010100010010011
000010101000111111
111110111011000001
111110010010000100
111111000100101010
000000000110111111
000011110010110000
000000110011110111
000011000100011110
000010111011011101
000001010110110100
111110001001011000
000000010110001100
111111001010011011
000000111011011100
111111110111111011
111111010100101111
111111110001000011
111111010110011111
000011100001001010
000011011000010000
111100001001100010
000001101100011110
111110100111101111
000001000101010101
000001000111100111
111100111110110001
111100100100110000
111110101001100010
000000111100001011
111110111111000101
111111100001100101
000010111111010111
000001000000000101
000000111111111010
111110111101100000
111110001010100011
111110001010110101
000010100001111101
111101000111000101
000011000000000011
000011110000011111
000010011100001100
111110000011001001
111101111000011001
111111001011011101
111111010010110101
000010101111100110
000001101101100101
111111001010101001
111101000000001000
111110110010101001
111011100111011000
000001010001111011
000001011010001111
111111110011010000
111100100111001110
000010110111010001
111101100001011101
000100010101101100
111100000110111000
111110010100110011
111101110100001110
000100001111010011
000101011011100111
111011101001001111
000000110110110101
000001110001111110
111111101110101110
000011111010100011
111101110011001110
111110011111001100
000001000110110101
111100011101011000
000100000101100110
000101000011011011
111101101110001001
111110101111110111
000011100000101101
111101010000011111
111111110010001000
000001110000101101
000001111001011110
111111001101111000
000110010011110101
111101111001001010
111111100111010110
000011101011001011
111100110001001110
000010100011011111
000001001010011100
111101000101110111
000110001011010100
000011010001000000
111110101111111111
111100000001000101
111111110111011101
000101010011111000
111110111011111101
000101011001101110
111111000110110100
111110111111111100
000000100000001100
111111011011001101
111100111111100110
000011010101001001
111111100000100111
111101011101010101
000001001111010101
111101111011000011
111110001000110000
000011011100111100
000110001011010001
111001111110010011
111111110010110111
111111000010111000
111100000001101011
111110011110100001
000010100000011010
000000011101000101
111101010011000101
111111001011000101
111111011011101011
000011010111100111
111111010000010011
111111101011011001
000000111111010111
000000010011100011
000001010001111110
000011001000010011
000010001100001111
000000000000111000
111100110100010111
111111001000001100
111111110110001100
111101110111110001
000011010101001111
000000000001011111
111100001101000000
000001011100101001
000001010000011101
000010000111011011
000011000000111010
111101101101011100
111110110100010111
111100010111111001
111111110001101111
000010010111010011
111110011101000011
000001111010000111
111101011101100011
000011100101001110
111111001100111111
000001010010001000
000000001001111110
000100110111101001
111110000001110100
000110000110110010
000011001100100100
000001110100011011
000011001101111001
000011100001011111
000110000010001110
000001001101010110
000010001101101100
111101010101110010
111011001101000100
000010110000111111
111111000110011101
111100110000000111
000001001111100110
111101011000111111
111110010111101011
000010000010100110
111110101000011110
000000110110000010
111111011111100011
000011001000110011
110111010111100001
111110101100100101
111111101100001011
000000100110110011
000010100001110010
111110010001100000
000010101000110011
000010011110111100
000010000100111001
111110010011111100
111111101011000000
111111100111001001
111110100011001010
111100011101110100
111101110011111011
000001100101011010
000001111010111100
000001111000111011
000001001100110101
000001001001101011
111100100011110011
000010110100001001
111100000011010100
111111000110000100
111100011101011000
000100001010111111
000001101101010100
000010000011010111
000000010100011010
000000001100010001
111111011101110010
000010110111110101
111100111111000000
111101001111111111
000001111010000100
111101001101111111
111110011001111000
111110111111000011
000000011110010110
000001010101110011
111110011010001001
000010000001110100
000001000001110100
111011110001000101
111011111100011110
111100101001011110
111000111011101010
000001000110110001
111111010000010101
111101110111110001
111111000111000100
111011111000111010
110111100100101111
111101111001000010
111100110011011000
111001110111011100
111110111101111101
111110000101000101
000001011011111001
000010101010001010
111111001000001110
000010001100011001
111111001101100001
000010011100100011
111011001110010110
111101001100101100
111111001100000000
111101000101100000
000010011011100010
111101000101101110
111011111110111101
111111000011110110
000001011100101110
000100011110011001
000001110010100001
111100100110111110
000000011111110011
111110100101111110
111101010100111100
111110100110101000
000000000011011010
111111010011110001
111110011110100011
000000101100101011
000011110001111001
111110100011110010
111111011101110011
111111000101010100
111011000101110011
111101001110110011
000001011000110101
000011011110110111
000010101000000011
111110110110010101
111100111110111000
000010001110110011
000100000100000000
111101010000000111
111111010111111111
000011100101001110
000001110111000010
000000011100111010
111111011100011100
111101001110001001
111101101110010101
110101100010101111
111101010010100110
111101110101110111
111101000100011011
111111011000101010
111111100001101001
111101101110110100
111111000111111011
111111111101000100
111100001010001011
111110001001100100
000000001010000110
111101010100110010
000000000011001000
000000011010111001
111101010100101100
000000110110101100
111111100101001011
111111000111000000
111111100010010010
111100110011001000
111111010001000010
000000100010011000
000000111100000101
111111000100111000
111011100000011001
111100101100100100
111111000110001000
000100100110010000
000001100011000100
000010111110110000
000010110101111001
000000011111111000
000010101111001000
000011111110000110
111111001111001011
000011001000101101
000000110100110111
000011011101000000
000000111011111010
111111110011101100
111111111111001111
000010100110100111
111100010011011001
000001011000111011
111011011111000100
111111000010010011
111010100010111011
111011110111100110
111101001010101110
111111101111110011
000011111100110101
111011001110100001
111101011111110000
111100001011010110
000011001100111001
000001111000000100
000000001001101111
000000110101101111
111100111011001011
000001000110100111
111110111111100000
111011101110110001
000001001111011001
000001010001000100
111110010110011101
110101110001011000
000001101000010001
111110010010110100
000001010010110000
000000011101110011
111011111101100110
111110001101001100
000000010010001001
111010111111001001
111110001101110000
000001100100100000
111110100001101101
111110000011111100
000010110011110011
000011000111011000
000000100110101110
000001011101000001
000010011111111100
111100101100010000
111011111100101101
000000010110100101
111101100011101001
111111100110001101
111110000000111101
111111100111001010
111110101010000100
111110011110100010
000001000001101111
000001011101101001
111101100000010001
000100101100101100
111111000010110111
000100010101100011
000011011100011101
111111110000011011
000010101010001110
111110100010011101
000010010001011101
111000100011101101
111001100100001110
000100001111110000
000000100101011111
111111111011010100
000100001000000010
111101011000100110
111000111000101110
111110110010001101
111110100100100110
111100101110010010
000100001100101111
111100010001000010
111101111010101100
111100000110100000
111001111000111101
111101011000100110
111110011000010011
000010000100100101
110110110101000000
111101111000110001
000000100100000000
000000100001100001
000010111111100000
000000100000111000
111110000010010001
000011000111110110
111101111110000100
111111001110110101
111101100101001100
111110101100101111
000011101111111011
111110001101111100
111101011000000001
000100010111001011
000010101111001101
000010111001001110
000000011110111100
111010000100010011
111101010101011110
111110110001000111
111111100011000010
111101100110011010
000110011100111010
111001111100111100
111101101010100010
111111100111011001
000001011111101000
000010001111001100
111110101111101110
111100001011000000
111101000011000100
111111111010001001
111110101011011110
111111001101111100
000010100001101001
111011010101110100
111111111110010100
000000100100010011
000000111110011100
111001000111111000
000000001110111010
111111001110001100
000000101111110000
111111000101010011
000100100011001010
111110101001000011
000100001100001101
111111011011111110
000010001111011001
111110101000110010
000000011010001001
000001100101100011
111111000100010000
111001100100110000
111110001001110010
000010011100101001
111011111110000001
000001000001101101
000110111100011101
111111101101111111
111111001001001001
111011100000011101
111111000110000111
000010000111101111
000001100101101111
111100100101010001
000000001100010010
000001000010010011
111101000001010000
111110101100010011
111010100001101011
000000000101111001
111111010000011010
000010000101001001
111111111010111011
111110011010111100
111010010110110001
111100110100010000
111100101000011110
111110111101101001
111010100111011000
000100110011110101
000010010000011100
111011111011011101
111101000111100111
000000011100110011
000001011101111000
111000110011011001
111001011101111100
000000110010110001
111100011000110000
000100001101000101
000001010100000001
000111110011010001
111100011010001101
111001100101110111
111011001110110000
000000001000101010
111100100110110010
111011110000110110
111011000000001001
000011000101100100
000000111101010010
111101001001011011
111010011101011001
111000110100001000
111111101100010001
000001100000110100
000010010110111001
000010100001000000
000000100000001101
110111100101010011
111110011110001010
000100101100111001
111111110010101110
000011100000110111
111100110101100111
000001001110010010
111011110101101100
000010111100001001
111101100110000000
111100010010001111
111101111111101010
111000001001011101
111100110010010100
111011101011000100
000000001001001011
111011000111000011
000011000101111011
111110100101011010
111111001110011001
111011011011101100
000011111101111011
111100000110111111
000011100000110000
111010001101100010
000100100001111010
111111101001010101
000010100110010100
111100001011110000
000000101000011000
000011101000100010
000101100011010111
000010011000110001
000011000000011111
000010010000110001
111111110100110110
111110110011110100
000011011111111111
111001110111100011
111110101011111111
000000101011000101
000000100000100001
111001111010101011
000010111001001110
111111111110011110
111111011000101000
000101100000100111
111101100101001100
000010101011110111
000100001101010010
111110110010111101
111111110111110111
111011001000110101
111101001011011110
111111011010110110
000010011000001100
000001011111000010
000000110011100010
000001010010101101
000000111001110100
111101010000010001
000001100101100000
000000010000100110
111101100110011011
111010111001110100
111110001100101001
111111000001101000
111111101110001001
111110001010010111
111111010010011001
000010110000101010
111111101111011100
000010101000001110
000011001011100101
111010011111101010
111100101100000011
000100110110100101
000000110011110110
000011100111010011
111101001100110000
111111110000001110
111110111111100111
111101011011010110
111111001001101111
111110011000001110
111111110101000010
000001110011010011
111101111110101100
111100111000000111
111100111100100110
000001001000010000
111110000111100111
000000010000010100
000010111011100011
000011000011011001
000000111011100100
111101111101101111
111111111000011011
111110011001010110
111111110101111110
000011110111010110
000001110111100010
111101100011010000
000010001100111010
000001100000001000
000011011101100111
111110100100011000
111101000001100111
000010000100001101
000000010010001101
110111001100101100
000000101010011000
111100010101100110
111110001000100000
111010110010000010
111110001000111001
000011110100011001
000000000011000101
111011000001001110
000010000101010110
111110010111111100
111111110001011101
000010100100010101
111110000110011010
111110010001010001
111101010110011110
111100110010000101
000100110110110011
111100001000000101
111110101001101101
000000000101011111
000000101011010100
000000010000101011
111110101100001111
000000110111010100
000100011001101001
111111000100100100
000000000010011110
111101110010101000
000001110100101111
000000010110011100
111100011011100001
000000011000110100
111101001110101110
000010110101111111
000000011111010100
000000001111010101
000011011010010100
000100011010001011
111100010000001010
111001001001110000
000000100100111111
000000000100010110
111010110101000111
000000011100111100
111011101001110000
000000111110100110
111110101011101000
111000010001010011
111010010011010011
000001010010111010
111101000010111110
111000111101010011
111111110011101100
111100011111010101
111101111000010000
000011100100100110
000011101101101110
111110011101101100
111010110101100110
111111101110101010
111100111110001111
111110111110101101
000011001000100111
000000100000011000
000011011010011000
000001101010011011
111111111011011111
000011010010011011
000001110100111011
111101010011100000
111100111000100100
000100111010100000
111011011010110111
000000110001010010
111111100101101010
111110110101111100
000010111111111011
000001101000000000
111111111101000111
111110101110111010
111100011001100100
000000011110011100
111010001001100110
111010000010010011
111110000110010111
000001011111011110
000011011000111101
000001010000000010
000010010110001111
111101111100111010
000010111110011101
000011000110100111
000011010000011100
000011100010010011
000011001000111111
000010001010111100
111110011010000001
111111000011101000
111110001010011011
111110010011111110
111100101001110010
000000110111100110
111111011010000100
000001000101111110
111110110111111000
111110010100100010
000000010010000010
111111011000000000
111100010010100101
111101110011001100
110111101000010101
000011010001010101
000001000101110000
111111010001001110
111001111110100011
111111011011100010
111110100000111111
111010110000110011
111000000010000011
000010000010011110
000010000010101000
111101010011111011
111110101111011111
111110011100010001
111011100011011000
000011100011100111
000000010010011110
000010101110001100
111100010011111110
000000010000111110
110011110111110101
111111110010011000
111110101101000010
000011101001011010
000000010111111000
111010000100110000
000010011111111011
000000001000101001
000010011100110000
111111110010001101
000100010001101011
111111111101110001
111101110100000110
111101101010001100
000001110000000010
111111111011111110
000001011101111110
110111011111010101
111010101011100111
000001110011111011
000010000001111111
111010101010010110
000010111101000111
000011000001001111
111110011101000101
111110111011011101
111111010010001000
111010101011000011
111010001000110010
000000011000100101
111011000010110110
000001100011110111
000001100000101001
111100111101000010
000010101111101011
111110110110111010
000100000101000011
000010111111101010
000010110010110100
000000010011111100
111110111100101101
111111110111100000
111100111011101010
111111010001010011
000000100010001010
000000001111110110
000010010111101110
000010101101111001
000010101000000010
000011100000110000
111101100101101111
000010011001010001
111110101011000001
111101010100100000
111111101111101001
000101010101110111
111110001110010100
000001001000001110
000001101001011110
000000110001010101
111111010010011010
111101111011100001
111110111111001111
000001101001101101
111111001010111010
111111011001100001
111110000101100110
111011110100000001
111110111110101011
111110101110011110
111110001010011100
111110110011100011
000011010010010101
000100111010010001
111010111100011010
000000011110100101
000010000001111011
111110110101011101
111111010010011110
000011011101101100
000001001001000111
111101000100011001
111101111111010111
000010011010110011
111110100110000010
111111111111101110
000000111010100011
111011110011100010
000001110101010001
111110011011010110
000000000110101101
111111010010100110
000011100011001111
000001110111101000
000100001111110010
111111111001100011
000100000111100000
111011110000111110
111110100011111100
111001110010110001
000001111001010110
111101001000101100
111111100100010111
111111000101110000
000010100000011011
111100011011100100
111111010110100011
000001010101011000
000011101110001110
000011001000110010
000000010010001100
000010011100100010
000010011111011001
111110111010111110
111111100000101101
000000111100100010
000010111011000101
111011100111011111
000001000000101010
000001010110111010
000010100111011000
111001011010011000
111111000111110001
000011101111101001
000011010101101110
000010100100001011
000000100111100011
000010100001110100
111110000001010101
111110110000110001
000000000000000101
000000101110001110
111001110001100010
111111111111111101
000001011001101011
111101111100110110
111000011101100001
000001111010011100
111100110011100110
111111001010010110
000010100001000111
000010010111001100
000000011101010100
000000000101111100
000000100100010000
110110110111110001
000010111101111101
000001101000101101
111011010011000111
000100010101110001
111101101111111111
111101101100101011
000010010000001001
111111001100000011
000001001110000000
000000011011011000
111101101001001011
111011111101000000
111101101110000001
111110000101011101
111110011010010101
111100000001000101
000011000010110010
000000000100110010
000011101011000111
111101000010001010
000011000001101000
000001101000011000
000011100100110100
111111110110011011
000100110010000110
000100100100001110
000001011110011110
111111000111000011
000010010101010010
111110110010000000
000010000000111010
111001101110011010
111110010011011000
111101111111001010
111110001101010111
111100101000000111
000010111001101110
000001100100110110
111011100111100111
000100110101011110
000010010100000101
111101101100000011
000000011011001001
000010101010010101
000000001101001110
111101101010111101
111101011001110101
000011001010000110
000010001000110100
111110101001011100
111110110101000110
111101001010101110
111100010110111100
111010101100100011
111011001001010011
111111101000010100
000001110000000101
000001010000011101
000101001100011000
000011011100100101
111010001100110000
000001100011010011
111011010110011000
000011100100001100
111110111110010001
000001110101111000
000000001101000111
000100011010010110
111111100001101111
111100111001010000
111111010001011011
111110000111100001
111111100101100010
111100111101000110
000000001000001101
111101101101011011
111101010101100110
111111000010110100
111011100010001111
111110010010011111
111111000000010101
000000111000101110
111101011011001101
111101000111110101
000000100010101011
111110010111111110
111111001001011011
000000110010011000
000011100010010011
000100110010110110
000000110000100011
000001011100000011
111001011011110100
111100001010010000
000001000101011110
111110011101001110
111111111011001110
111011111000000000
111100111001110100
111110000010011010
000011010000011010
111101110011010100
000000000111100100
111110011011110001
111110100101111100
111110100110010101
111110110101001100
111101010011101011
111101100101010001
000000010001001000
111111000001011110
000011000100100111
111101100110100111
111010011010100111
111110100100100111
111111001000001011
000011111000001101
000000101010010001
111110100111010001
111000010001111110
000000100110001000
110110100010101011
111110101001011111
111110110100100111
000001100111000110
111010110111000110
000000001011010111
000111001110001010
000011010111100000
111101100110101011
000000110010010011
111010001011100101
000001111110001111
111100101010001111
111111100101111101
000001100011001011
000000000100101011
000001110111010001
111110100111011101
111111100011010000
000100101110110011
000010100100000111
000100010011110011
111101110111111101
000000110011111101
000001111011010111
000000001101111101
000001001000111010
111011010100001010
111010011011100111
111011100101010110
000110100000100011
111100100011000111
000001111110010111
000000000101001101
000001111011111010
111011111101100000
111011100101110011
111011011000111110
000011001110010011
111100111110000001
000001000101100000
111000101110000111
111101111111010110
111100111011011110
111011111100111010
111110101100100110
000010101100111011
000001111000001010
111110111101110001
111011101111000001
000010010101010101
000001011010100011
111101111000111110
111110001110111000
111010101000100001
111111101010101001
111110100111000000
000001111100011010
111111100100111101
111011011010101110
000111001010101011
000001111101110100
111011010111000000
111100010010001001
111110000001111000
000011100010100100
111010101101110000
111110000110111101
111111011001000010
111101011111111110
000011010101011000
000000111000100010
000001011101011101
111010000110110001
000011100100011011
000010110010110001
111100011000100011
111110011000011101
000011110110010010
111101011101001011
111010010011010001
000100000101100001
111110111011111100
111100100110001101
111111011000000111
111110001000100010
111101001111001011
000010010101111110
000100101110101000
111110101011010110
000000010011100101
111101001001101101
000011000110111111
111101111000110010
111101010010011000
111101000111101110
000011011010011111
000001101100110010
111110111000100001
111100110000010110
111101100001001100
111100101111011001
000000011010001100
000101001100101001
000100001101111011
000001011100110100
000001000110110111
111101001000101101
111110111010111101
111011111111100001
000000000110110001
000010011010110011
000000010111110001
111101011101101111
111111000001000100
111001011100001110
000001001111101000
111110000111011111
000001110000110111
111111110011101000
000001011011011110
000011100100111000
111111101110110000
000000000100000100
111111010111011011
000001100100100011
000011001011011011
000001011100110111
000001010110111100
111110111011011101
111100110001011100
111001101110000101
111110001100010100
111101001011101111
000000000010001010
111111001110101010
111101101110101101
111100110010000101
111101000000101011
111111110111110000
000001000111000011
000011101010101011
000000101011010001
111110111001101010
111100100111001001
000001100101011000
000010010100010101
000011011111110110
111100101110110000
111111001111011010
111101001011010100
000000011110000000
000000000100110110
111100010101101111
110100010111000101
111100001101011000
000110100111100100
000000100111111101
000000011011100110
000000110000001000
111111110011101111
111100011101010010
111110101110101101
111010101101001001
111101100100000100
000001101011010111
111110000010001110
000011010100111100
000010000011100000
000011001110010010
000100100110010100
111110111011110110
111111001001011010
111011010001101011
000000101101010011
111100101011011111
111111000010110111
111010100000111001
111100010000111101
111010101011000011
000110010011000111
111111111100111010
111110000100001101
111011011001000011
000010011010000100
000010001011001100
111001101100111100
111001110110101111
111110000100111100
111111001110100110
111110011100011010
111100000110011110
111110110001111011
111110110101101011
111011110110111110
111001100110010001
111110011011010111
111100101000010001
000101011101001110
111111111100011110
000001000110110011
111111111011001100
000101000101000111
000001010110000001
000000111100100001
111110110010001000
111001001000010111
111010010010100010
111101001000110011
111111100111111101
111011001101010110
111111010111100010
000000010001110011
111000000001011011
111110001111111010
000011101111100011
111110110001000110
111110001111101001
111010010000000110
000011111100111101
000011010111001100
000001111101100101
000100011000011100
111111110010110111
000100010010110111
000001000100101001
000010010011101010
111110010101111001
000000000000110000
111011100001010001
000100011010110011
000000010010000100
000010010110010001
111110101110111011
111100010011000110
111110110011111000
111101101110110111
000010010011111010
111101010010100100
111110111010001001
111011101010110101
000010010001011011
000001010101000000
111110111110000000
111011001001101110
000010111111011001
000011010110010111
000100001110001000
111011111111001110
000001100101010101
000001111011111010
001000001011100101
111001010101000000
000001101111110100
111010100110011100
111110111110000101
000010101111010111
111100000100110101
000010011011100101
111100011110011101
000001001000110101
000100001110100100
111110010000001110
000100101111111110
111011110011100010
111111100000111001
111101101110001110
000000010010010010
000011000011101001
000111001001111101
000010101010010101
111110100010000001
000100100000101001
000011001110000011
111101101000100100
111110110011010010
000010001110111000
000011010100110101
000010011110100111
000011000000111001
111111010111001100
111100110010000111
000011101011110010
000001110011110100
111100000001001011
111111001101000101
111111100011100101
000001000111010100
111111111110100010
000000100110011011
111111110000100110
111100001101110001
111110010001110100
000000110101100001
000100000100100101
111101100011011110
111111000100100110
111000110001000011
111100001011101100
111110001000010110
000001111111010011
000000111001000001
111110100000011010
000010110110101010
000010010100011011
111100000000111011
111101101101011000
000011101100000100
111011110001000110
111001111100001000
111101010000010001
111011010001001000
000100110001101000
000000110000000110
111100010001011101
111100010101000010
111110100011101100
111010100010011000
111111000011000011
000000111010111101
111110010001101100
111101100100000111
111100011010011111
111111111000110011
111110111111001001
111011100000111001
111110111101101010
000010011011001000
000001101000011011
111011110110001100
000010011001000100
111110100001110100
000001100110001100
111110000101110001
111100110011000000
111110101000111110
111100010010000000
111100010111100011
111111011011110000
111010100110111010
111110100001101110
111110101111001110
000101110001110100
000100001100001101
111011100010000011
000000111100011111
000010111101111000
000100100011010000
110111010010010000
111110111001000100
000000100010011100
000010011100101011
000100110000010110
000001110011100100
111101010110000111
000010000111111110
111111100010101011
000010011001110101
111011111001001101
111011110001011010
111101100001110001
111000110101001110
000010111001101010
000010011001001011
000100111100011101
000100011101010100
000010010101110100
111101111000011000
000011001100101000
000010001001011111
111111001101110001
000010100000011001
111110110110000101
111101001001110100
111111110101000111
111100000011001100
000001111111001100
111011100100001000
111100010101000100
111111100110001110
000011011010100010
111110110011110101
000011000010001100
111100100011100000
111001100010100110
111100111010111000
111011001011110110
111101010010011000
000001110011010111
000010000011010110
111010011100101110
111111010101011111
111101111010010110
111101011100100110
000111010101101100
000010101001111001
000000110101001011
111110100010011101
111100101011111101
111001111001011111
000000000101000110
111011110100000010
000001011110110110
111001111101010001
000010011100110110
111010001011100101
111110000010101001
111010011110110001
000010100000000000
111001111011111001
111101100011100011
111110100111100110
000100110001110011
000000011100010011
111110011101001110
111100010010000011
111001011010000000
111000110010101000
000000010101011110
111110101000101011
000010011010011001
000000101011101010
000011000010011011
000100100000000010
000010001010010101
111110110100111011
111101010111110110
111101101100101101
000000001101010110
111110101011000111
000001111001000010
111001110110111100
111100111110000001
000000111101001111
000010100011100011
111101000011011101
111100010010001110
111100011110011000
111111001010011100
000011011001010001
111101010100001011
111111101111110000
111110101000000000
000000000111010100
111110011100100110
000010011010010001
111000010001111000
111101001101101001
000000001110110001
111111010001100111
000100000101110100
111100101100111001
000010111110011111
000100111101011000
111110001100001010
111111010000100101
111110001010000101
111110000101010100
110111000101111011
111111011101110010
000000011101101100
000011100110010111
000010000000001100
000110100010110010
111110000101111000
111110111011000001
111100111001001100
000011000010100011
111011110101101111
000010111100011111
111111111011111001
111110001001010111
000011010001101011
000001010001111010
111010101100000000
000000110011011110
000011000101111110
111111100111011101
111111111011010001
111101000111111111
111010011000111100
000001100000110101
000010110111011000
111000100111000110
000010001000001111
000001111111010000
000001100010011111
111100110001101101
111101110110111000
000001110111011011
000101001001101111
000010010010000111
111110111001100100
111111001010001000
000011001001001110
111101111101000100
000100110100100010
111111101100010000
111111100110001001
111010001111011100
000010111011110100
000011010010001101
000000000101111010
111011011111100111
111101101011101100
111100110000001001
000100110011111110
111111001001110000
111011010111010001
111101011010011000
111101010111010010
111110110010011101
000000000111100111
111110100001111110
111111110101100111
111101001001111110
000001011011000010
111011001100110011
000110000100011010
000000001000101000
111110101101111011
111101100111101001
000011001001011000
111101100111010000
111100111111100100
111101000110011001
111110010000010101
000101100111011001
111110010010001111
000000011000011001
111111100011010100
111111100010001000
000001100111001100
000010111110110101
000000110110011001
111111101000011110
111011001101100011
000011100000100001
000101100111111001
000001101110110001
111101100010110011
000000110001100001
000000111010000000
111101100011101011
000010010011111000
111110101001100101
111111001000010000
000000011010110111
000011111101101110
000001110100101100
111110100101100111
000000110010011011
111010001101010001
111110011011110110
111111110101011011
111010110100110011
000001111111011110
000011000110011100
111111011010100001
111110111111001000
111110100000111010
111111100001100000
000001101100110101
000011101111101101
111111100100100010
111010110000001010
111011001001010100
000000101101100001
111110010000010110
111110011001100100
111011001111001110
111000000100001011
000110100001011000
111110100010110001
000010111000100101
000001110010010101
111101110010010111
111110110110110100
000000000101001000
001000000010100011
000000110110101010
000000100110011001
000000111011100101
000001100011001010
000001110111000100
000100001101110110
000001010001100101
000000011100110001
111001000011010011
111111011010101101
000000101001100101
000001001010001100
111001101101111000
111111010000101111
111110000110110111
111101001101000011
000001110101111101
110110001000011011
111111010011111000
111100100100110101
000000111011110000
111110110000011001
000001100000101110
000000001011101001
000001110100001001
000010001010101001
111000100101011111
000000010011111111
000000000110110011
111100100001110011
000001110000011010
000010000110101010
000000011111110101
000011001011100111
111101001010100000
000010001110110110
111101011011110010
000010001100101101
111110000011001010
111011010110001101
111110000010011100
000001011011000001
000011110100000101
000001000100011111
000000110011100110
111101001010011110
111100000001111011
111101101110111101
000010100011011011
000100100010111000
000110011110100011
000010101000000000
110111000111011111
111111101111010111
000100110010011100
000001100100110110
111011110001010001
111110101101101001
111111100010111101
111111100011110010
000011000011011011
000010011111101111
000011001010010110
111101100101010000
111100010110010111
111101011111100100
111110110110011110
111110111110010011
111011110110011000
111101001010111010
000001100011111100
111111000000010100
000010010110100101
111110111010100100
000000111101111101
000000001011011110
000000011010011010
111101010001000001
000101111101101011
000100101110000110
000000110001101000
111010100100000000
111111111011100000
000100000100101011
111011111010111100
000011100000101011
111101101101001111
000011010010110001
111101011011101100
000011000000011100
111011101111000101
000010110101101001
000011001110011110
111000110000101011
000001100001101111
111011010100000111
000001111010100000
000011001100011110
000011001110001010
000100000100111000
000000010011111010
111111011011011110
000000000000001110
000001011011010011
111101101011100100
000110001010111001
000010110001100100
111110000010001010
000100011111010111
000010010010011011
111000111000011110
111101001111011000
000001100001100100
111111111110101010
111101010001000001
111101111010000001
111111011001000001
111101010011000110
111101101011010101
111111110011100001
000000110101011100
111111011000111001
000001010000110001
111100110111000100
111110000010110100
111111111011110010
111100011000001101
110111010111001101
000011000101101000
000001100010110100
111111010101110000
000001001111001101
000010101000000101
111111011011111100
000001010000110111
000011110111000101
111111110001001111
000000110001111111
111011110010000100
111110111011110110
111111101110001001
000000001001110110
111110100000000001
110101100111101110
000010000000001000
111100111101101010
000010100011100010
000001001100001001
000001111001001001
000000001111011101
111100100110001110
111100110110111110
111101110010101101
000001010100000001
000000101001000100
111110111010000101
111111011000100110
111110100110010001
000001000000000000
111010111010101000
111101000100001011
000010010110101111
000001111100001000
111100010110101000
000010011111101000
111111111011000101
000000110110010011
111110011100101010
000001101011100000
000000001110011000
111110110000100110
111111001001111011
000100001010010010
111011001001110001
111101100110111111
000000110101100101
000000000001011010
000001110111101001
111110000010101111
000001100111001111
111101100101001011
000000010111000101
000100110001000000
000011111100001010
111110011001000101
111011000001010010
111100111100000101
111100010010111110
111100001101100001
000000111011111011
000010000000111011
000000101110011000
111011001000010011
111111010000001010
111110011010110001
111110110100001110
111111100011110001
111100101101100100
000001000010000001
111100011111101001
000011011100110010
000001011001000101
000001010101111001
000000001100010110
000000010110001100
111111110100000001
000001100110011010
000010111110111000
000000111001000001
111101001100110000
111111010100101111
000011000100001000
000000101101100001
000000111000111010
000010110101110000
000010010110100001
000010101101001100
000000100100010000
111101010010000110
111110001011110000
111111110101010110
111100111000011000
000000100000000110
000011111101100100
111110101110110101
111111100111000000
111101011110001111
000001011101100100
111110001011101010
000100111110011111
111111000001011111
000001001111000011
000000001000100010
111101110010111101
111111000111010000
111111100110100111
111101100100100101
000001111010100100
110111001111000110
111111100000011000
000011001111101001
000000110000111101
000100110111011001
000001011100010101
111010100100010000
000001000110101101
000101111000000001
000011101000100010
000000011100110110
000010010100100101
111101000001011101
111110000100101001
111111010001110000
000100101011010110
000011001010010000
111110011101111100
000001010111000001
111110000010011010
000001100000101000
000001011111100111
111101011000100010
111101010001000001
111101100001100111
000000011110011110
000001000101111101
111111101111100100
000000110010111110
000100001011111000
000100001000001100
000011011111101010
111100010000000110
111111100001110111
000001000110011011
111011110111001011
000001111001011011
000010000011001011
111101111011000011
000000000011110100
000100101001100001
111110110111010000
111101010001010000
111110101111110001
111100110010110000
000001010001011011
000010010000010010
111010010001000101
000011101111001011
000010111011111111
111010110001111010
000000001010111100
000001101011100100
111101100000010001
111101100100100011
111100000100000110
000000101111001011
111011110101101010
111101000111000110
000001101010011011
000100110111110010
000010100010011101
111101111101001110
111101000011111111
111101011101100101
000011110111001101
111111110110000011
111100011111011101
000010000010010010
000000011010000101
111110111011000101
000001011011000111
111001011100100010
000010111011111110
111100100110001100
000000110011110010
111011101010010101
000001010001100011
000010110110100100
111010100101100111
000010110011001111
000010001101011001
111100000110100001
000011110110011011
000001011010111101
111101010101010110
111101111110000100
000001000111001110
111110100000001010
111101010001111000
000101001010010111
000010110010000010
000010010100100111
111101100100111011
111101011001000001
000000000111111010
111101101110010000
000101010001110001
000011111111011110
000101110111100100
111110111000100111
111111100010000111
000011101010010110
111110001111000100
000000001100101111
111110001011001011
111101111010011000
000000100010010011
111101111101110010
111110111010100011
000000011000000111
111101100001011100
000001110000011000
111110011001111001
111010100111110110
111110011000001101
111111011001001111
000011100100111010
000000000010001100
111111010101010010
000011001001110011
000001000100101011
000011010101011001
111111011010011111
111111111010111110
000010111100011101
000000111101101110
111100010111100001
000001010111101100
111100011100111111
000001110010111001
111111101011101100
111100101000111110
000000000111011101
111111110011010011
111100001101101100
111110100010111100
000001101001001000
000010011100101100
111011101011001001
111111111011111000
111111110001111011
111111000101100100
111110101001101011
000001101000100010
111100010010101100
000010001100011100
111010101111111101
000011110001111110
000011001010010110
000100100011010010
000001101100111100
000000010010010111
111111101001110110
111011110100010000
111110001100111010
111110110010111011
111110111001101111
111100011100011110
000010110001101010
111101011010011110
111110101000011000
111111010001001010
111111011101110000
000000101000110010
000010100101111010
000011110111101110
000001011011000111
111101110100000111
111011010110011001
000011100101110101
111110000100011010
000001110111101110
111110110011101101
000100100000111010
000000100100010110
111111110110010110
111010001000100000
111110010010010111
111100011011111101
111100000001010111
111100001110001110
000000010101010101
111101101001001011
111110111000010011
111111101001011110
111101010001110001
000001011001101010
111111011111010010
111111100000100111
111111110000010111
000001111101111001
111110111101100101
000000010100001101
111101010111011011
111110101111001111
111011010010001011
111011100000110001
111110011100110111
111100011000000000
000010001110011010
111111011000101110
111111000111010111
000010001010000001
111101010100000010
000001001000000101
111110010100110101
000011111001000110
000010101111101100
000101111011100110
111010110001101011
111101011011000001
000110000110100011
000000110101000001
000010011011100001
000010001111000111
111011100001010001
111101110011011001
111110110001110111
111110001010110110
111110111010110100
000101010000101101
000011111011010110
111101001110110010
111110010000111101
000100011001010101
000001110001001100
000100101101110100
111100111011110110
111101001001011001
111011000000001101
000010011000100001
000000000001101101
111110101000010001
111100101001000110
111111101001111000
000011100011111110
111110111001011011
111100000010111100
000011010011000001
111011101000010010
111011001101100001
111111001001100111
111101100110000101
000001000011101111
000001000000011001
000001000110110111
111010110110001001
111110110001000100
000000100110001000
000001001110101011
000000100110110011
000001010010111001
000000110011010101
000001110100011100
111101111101000010
000010100100110110
111111000111011111
111111110000101010
111010011000110010
111111111000101100
000000110111110011
000010100010111010
111111111111111010
111111011101000100
000010000101010101
000101010110000011
000011110001000111
000000111011110011
111110010101100000
111100000000100011
001001001111010001
111110010111011001
000001000010011110
111110100001100101
111110001000000101
111111110111001101
000100011101111110
111110100000001101
111010101010001100
000101011010010110
000001010100010011
111101001110001110
000010110010101001
000011110111110001
111110001101101111
111100000011110110
000001001000101000
111011011101111010
111110011011101100
000001010011111100
000100000011010111
111100110110001111
000001001010111011
000010001101110000
000010001000010010
111011100111100110
000001000001111101
111111001011000001
000100001001010010
111101100010001100
111111001000110001
000001001100110001
000010000101100101
000100001111001110
111010011111111110
111110110101101011
111101110011110011
000011101110000101
000000000110110001
111111100001001101
000000001000000000
000000011000011000
111100001011011001
111110111111001001
111111000110110001
000001110100001000
000100001000011100
000000000110111110
111111001100000100
111110111101110001
000000010100111011
111110111000100101
111010011101101000
111111000011100000
000001110111100000
000010011011100110
000000110101100111
111111111011111011
000010101010000001
111101111101111011
111110000001111000
000000110000001000
111110100110001010
000000101110010110
111110010010101100
111011110001110110
111010111001011100
000001010001010101
111101010010011001
111100001010000001
000010010011110100
000000001011111101
111110001000110111
000001010000000101
111111100010100110
111101001111100010
000000010001001100
111111101011111001
111011111111110011
111111001011100000
111110110101001010
000010000011110111
111111011100010011
000001110110111100
111111101111100100
111110000101101011
111011010111001101
111110101000011000
111011110100011101
110111001110111100
111101011111110000
000101010011001111
000000001101011100
000001011100001000
111111111100110001
111111011110110110
111111010000011101
111100101110001000
111101001111100100
000010011010001011
000001011101101101
000001011110000000
000010111010000011
111011101000011101
111110111101001000
111111010101100111
000010010111111111
111100110000000000
111100110011001011
000000110001011110
000001000001000001
000001100011011001
111010110010101100
000001001110110100
111111111001110001
111110101110100011
111111010101110111
111110001100100011
111110111000101101
000011000010100111
000010001111110011
111111111010110001
111101101011101110
000010110111001100
000011100100111010
000011100010100111
000001011011111111
000000101001011010
111111000111110111
111011011000000000
111011001111100100
000011111010100110
111101001110010000
000011111011011100
111111100110111010
000100100101000100
000001110111111011
111110011101101001
111111010001011001
111110110111001010
111110111101100110
111110011111000000
111110011100001001
111110111001110000
111101100100100110
111110011011100011
111111010111000100
111110001101101110
111001100110111010
000001001111011101
000010100100000111
111111000101011110
111111001110101000
111100001111011110
000001000101110101
000000111110000111
000001000100110011
000100100001101000
000010001110100111
000000101110001101
111101110000100010
111011110010010010
110111010111101101
111011011111100110
111010111101011101
111011111111101011
000010001011101111
000000001110100011
111110110101111111
111110111011111001
000000000000110010
111100001011101011
000000101101110110
000010011111100000
111100000000111111
111011101111001101
000000011010110101
000001001000111100
111111100110100101
111100011110100000
000000110011000010
111110100100111110
111111101101111110
111111110011000111
111101010000010011
111100011010111000
000010010100011111
111101010001001001
111101111111111000
111001001000100001
000011101001110010
000001111000010111
111110000010111111
000010000110101110
111100101010100101
000000001010100100
000001110000111111
111111100001001101
000001011001011001
111100010011100011
000001100001011000
111101000100001000
000000000011100100
111101001011100110
000001010010001000
111110011000000001
000001101011110101
111111011000000011
111110100011001100
111101010001100011
000000010000110001
000001111101000100
000011110000111011
000001000011100100
111101101010001100
111011111101000111
111110111001101111
000000110101110100
111111110110100011
000010011101010101
111110011110100001
111111100010100011
000010011101011110
111100100110100101
111110000100011010
000011011111011100
111100100010011010
111100100110010110
111011001001000000
000000001111111110
000000110110000001
000000101001011101
111010011001110100
000010010100010110
111110010001110110
111101110101101000
000001010010110000
000001001000001100
000000010001000100
000000010100011011
111101011011011100
000000100001101111
000000111011101011
111011111111011010
111000001000101101
000010111111111100
000001000001100000
000011000111100001
111110110000111000
111101101111011110
111110010001100011
111111111000000011
111110101111101010
000000011111100110
000001001011101100
000000000010000001
111100000001100101
000010101100011001
111000011101100111
000001100110000001
111100001010111001
000000001011000110
111100011110110101
111111101010010110
000000110111100011
000011010000101111
111110000001101000
111110000000001110
111101101101000010
000001010101011010
111011010111000111
000001111101011101
111100010000111001
000010011010110111
000001010001010110
111100011110101010
111111111110111010
111100010100100000
000000011111001111
000000001100101111
111110110100101001
111111011001110001
111110000111111111
111110001101111011
111100000111011100
000100101000101101
000000100111011010
000000110110101000
000001001000000101
111110000111000010
000001101010000000
000010001000001001
111110110111100000
110111110001100101
000001001111100001
111110100011010101
111010110010011100
111110100011011011
000010000010000101
111100000010110011
111110111101100011
111100000011001000
111011101011011001
111110010000101101
000001001010110110
111101110110100011
000001010000111000
111111111001000000
111111100100001010
111101111000010100
000000101010101110
000010100001001011
111100010101011101
111010010010101110
000000011110010101
111111011101110101
111101001001101011
000001010001011011
111100000010010100
111110110010110110
111110010101001000
111100001010011101
000000001010001110
000101110011110001
111111100011011011
111011000100011110
111010011000100110
111010100111011000
111101010100111100
000100001110010011
111110101011000100
111101000001101100
111001110110001011
111100000100100000
111100100000101010
111111101001010000
111101011101001000
000010000110000001
110100110000111100
111111101101000110
111010000011000001
000001110100010101
111111011111101111
000010001110010100
111011110010000010
000011001010101101
111110011001001010
111111011000011111
111101011011000001
000001010011101110
000001010000011010
111011001011000110
111010110110000011
000001111000100111
111110100010011111
000011000100010010
000001011111101011
111110100110110000
000011000111111010
000001111100010010
111110001001100101
111111000110110100
111010010001011100
111100110011111111
111101010001111011
111100101010101010
111010011010111010
000010001001000110
111101101010010111
111111001111000101
111110110100100000
111110011000101111
111101011101100000
111010011010000010
000001011001110011
111100000110001010
111101100001101000
111110000011001110
111101100110101000
111111000010001101
000001010100010111
111010101100111001
111100101001100011
111101001111111111
111101101010010000
000010110011101001
000000000011110111
000001010010001011
000001111101101001
000100000000011001
000010010000010010
000010110000000100
000000001011001100
111010000111010110
111110011111001001
000100001011010000
000011010011001100
000000011001000101
000001000001111011
000000100001001010
111111111101100111
110111111000011011
000011000011100001
111110110100111101
000101101001010111
111000010111011001
111111110000111001
000011010100000100
111000011001010100
111101001111101110
111101011000001110
000100010111000010
000000010011000101
111100010110000101
111101010010001011
111100001101101011
111010011111100111
111011011011010101
110110101101000100
000001101111101100
110111001010100101
000011111110101000
111111101011001101
111111101100010000
111111001100011010
000100000000100101
111111111110011010
111001101111000001
111011110010000111
000000011011110011
000011001000001110
111110001011100100
111110110000100000
111101010100000000
111001001100001011
111111110111011000
111101100000010001
000010101001100001
111010011001110011
000001000101010110
000000111000110110
000011110110110100
111100101111111100
000000000100001110
111011000010001011
111001101110101000
000000101000110001
000000000111111010
000001000011111001
111100001110111111
111110110010111100
000000111110100001
111110010011001011
000011000010000100
111110101001111100
000101100011000111
111111011110011110
000010000010000011
111101111110001110
000001110001111010
000010100011110001
000010011111010000
111110101100111011
111100110010001101
111101010110010011
000100000100010010
000000010010111000
111101101101101111
000000000010110110
111111011000110100
000001010100010101
111010001000110010
000101010001001100
111100101100101011
000011111111010101
111011001001000001
000010111010101001
111101011011011110
111110011110100000
111110101001000100
111110011111111000
000011110010111111
111110000010010101
111001111111101001
111101011111110110
000100100011000001
111110111101110110
000001100110110001
000001000010100001
111010100101000011
111110010000111000
000000101100111001
000010100110100100
110111001111001000
111110110011011100
000001000010111011
000000011001101010
111111001011101010
000010000111111100
111111110101001101
111011111101000000
111110111110100100
111101111010010111
111100001110100101
111111010101011011
000010000101111110
111011111110111111
000100111111000111
000100110111110111
000010110100111100
000001011110011101
000000101111001111
000001101000010110
111111010011111100
000010000000011011
111011100000110001
111110100100111001
000010011101101011
000000000010001011
000010110000011011
000010001001111111
000010000110111010
111101111110010011
111010011100111101
111110001011011111
111111000110000000
111101111110100101
111110001011000101
111110001001100111
111110001001001010
111110001101001000
000000101011100101
111001111110110000
000010100000100110
000011001010010110
111101110100111011
111110010010011101
000001111101000111
000100000010001001
111011100110010101
111101010100011000
111011001110001001
000011101001100001
111110001110010100
111010101101100011
000000110011011100
000001001010010100
111100100110110011
111111000011100000
000011100101101100
000001111010010010
111111110100001101
000011000110100111
111100100011110001
111111101111011001
000000100010111001
111101001010110011
000010101011001110
000100010010100110
111101011010011000
000000100101000101
111000011011011110
111110110000011100
111111101111001001
000100001000000010
000001010111101100
000010100100010000
111011010010000000
000001001101111011
111111110111101001
000001000010110110
111111000100111110
000000110100100011
111101101000000001
000001111101110100
000001011111101101
111110111110000001
000010110100101001
111110001110111011
111101000101110000
111101100101000001
000000001010010110
000001100011010110
111111101000101011
111110011111100100
000010011101010000
000100010100000001
111110101110101010
000100010000100010
111101100001000010
000000101000011000
000010001000000001
111011111001001101
111111000100101000
000010001011110001
000001011110110011
111111000000101001
000011000110110001
111110111110000010
111101001100010000
111111001111110001
111001011010100010
111111101101000000
111111011101101000
000000000111101010
111100100000011011
000011111101010000
000110010001111110
111100001011101011
111101010100110111
110111100010001011
111111101101011000
000001000111000110
111101110001100000
000001010001110001
111111100001010101
000011011000111111
000001100010010010
000000111110010111
000000000101010010
000000101101100000
000010110111001110
000000011000000111
111111100101110001
000000110101101000
111100000111100110
111111110000110101
000000001010111001
000000100110000000
111100110110111111
111100100001011000
111101011000010011
111110010100100010
111100010100110001
111101100100000011
000010100001001001
000110010010011100
111111000111011111
111111101110010101
111100110101110110
111101110000000111
000001110100101110
111001110101001110
000011010111100001
000001000101101011
111100111110111110
111111110010111111
000001110110111010
000001011010001011
111011011100011001
111111110010100110
111110110011010111
111101010001111100
000010010001001111
000000000000010111
111101100111111000
000010011010100101
111110111000100110
111000000100111011
111101100011100110
111101101011100011
111110101011110011
000000101111000111
000000000010010000
000001011011100000
111101110110110100
111111101101100110
000001010010100000
000000010111001000
111101010000110101
111011110010000000
000001001011010000
111101111000010110
111110011110000100
111011010110110000
111101100110111111
111110011110011010
000001110011000100
000000110011011100
000010010001111100
111111000110100000
000000010010111110
000010001011101011
111100100101101010
111100001100101010
111111001100001001
111110100111010000
111101010001000011
111010100010100110
000010011000101000
000001100111010010
000000011111110000
111110100100011111
111110100111011011
000000001011101101
000000100001011000
111111010010011010
111111001011001111
000000110011000010
111011011011101011
000001101100110000
111011110111000111
111111100011000111
111100110001000111
000000101011110001
111100110101111001
111110001100111000
000001101100111001
111011101010010111
111101101011001000
111110100111010100
000001011110011100
111011101011100000
000010100000010100
111101000100111011
000011110000100010
000001001101110101
110111101110001100
000000100001001010
111101100011000111
111110110101000101
111111000110100001
111110000101010000
111100100010010111
111111111000001100
111110001000101000
000011001010001010
111101111001101110
111111011011101010
000010011011110100
111101000110010010
111111101011001001
000000000100111011
000001010001100011
111111001111111010
000001101110101001
111101100001001010
000010110011101010
111111000101100111
000001110000111000
000010110101110001
111110110010001100
000010100010011101
111111001110010010
000010100001100101
000001001010001001
000010110111111110
000010000001000011
000001000000011101
000011001110001100
000001010101000011
000001010001100000
111110110001100110
111100110011100101
111100111100110100
000011100000001110
111111011100011100
000000111011010010
000011000101000111
111100100000111001
111101000101000001
000000000101011101
111101100000110101
000011110011010111
000001101111101011
000010100110000001
111100000101000111
000010000010110011
000010101001111001
000001111001011000
111011000011000011
111111101000111110
111111011000010100
000010100010011011
000001101011110011
000100000100101010
111001000001110010
111011011100100101
111111111100011010
111011111101001010
000011111001001001
000000010110111111
000011011000101000
000010000000001100
000001011001111110
111110101100010101
000000111001001011
111110011011011011
111100010011100100
000001011101010110
111101100010110001
111101001010100011
000000000100011101
111111010100110001
000001111110011000
000001000111101000
111011111011011000
111011000110100111
000001001100001110
111110010111100011
111100110101100000
111111101010001111
000100011000110010
111010111011100111
111111000110100000
111111000100111101
111111100100001000
000001010001110101
111111100000111010
000000011001000001
000010100011100111
000010010011111111
000010010011000101
111111110101100101
111110101011001101
111111111101101000
000000111111010110
000001011100100111
000011100101011100
111001110111110111
111100101110010110
111111101010110001
111101000001011000
111111011110011011
000011110110001000
111110100100110010
111100101000111101
111110110001010100
000000110010010010
111100101000101000
111111010100111101
000001101010111111
000000100101100011
000101010000111010
000000000010101011
111111110001111111
000000001011000000
000010110111000110
000001101001101011
111010111011010000
000101101000100111
111110100001001111
000000010001101110
000100001100011000
000100000110000010
000011000110110110
000000101011100100
000011001110101001
111100101001010000
111100000011100100
000101100010010110
111110111010011010
111101101010100111
111011100010100101
111110011101010011
000011111011101101
111110011101000001
111100101111101010
111101010101001000
000011011001010101
000000011011000101
000010111111100111
111101100011101001
000000001011111011
000000000101100011
111101010101000111
111101100011101110
111111010001110011
111101110011110110
111010111001011011
000100101100110101
111101000000000010
111111111100100001
000000111001001010
111111001010001011
000001110010100110
111100111110000101
111111011100011000
000010001000011101
111110000100110011
111100010010100111
000001101101010110
111100000111100101
111101011101001101
000001000011010010
111110011111010111
111100011001001001
000000011000101110
111100010000011011
000010101110001000
111011010101001001
111011011101001011
111001010000010101
000001110111001101
111111111001100011
111100111001111111
000000110101000010
111101000111111110
111100110111011100
111110110101000001
111100101101010011
000001001001110010
111111000000110111
000001100001001110
111110111110111011
000101101000001001
111100111100001011
111110011101011001
111110001111010010
000010111110000000
111111011111001000
111110110110000011
000010101011110001
111111010110010011
111110010101001111
000000001111111011
111100011010000101
111110010011010011
000011000100001000
000000010011111101
111111100001111000
111101001100100001
111101100101011011
000000001010001110
111101010111101001
000000101100001010
111011000011101111
000100010010111010
111101101100111011
111111000010000010
111100101001111001
111110010110101001
111101011010100111
111100000101110011
000000010011111100
000010110000000111
000000000101110010
111100010101000000
111111100001000110
000010000011010100
000000000100111011
000000001111111100
000010111000111101
111111101011010010
000001100100100111
000000110100010100
111111010011010010
111110010101000101
000000001001000101
111011010101100111
111111100000110100
111111001111010011
111101010010110000
000010110010011011
000011111001111001
111001000001101110
111110110001010100
111111110111111000
111111100000100001
000010111100100101
111110000000101101
000001101011110001
000010000001010010
111101100000110100
111111011101111111
000010100100111110
000011010011010100
000100101000010010
000001110001001100
111100001010000110
000011001011111011
000011111111100001
000000011101101111
111110110010001111
000101111001000101
000011110011101001
000000110100111011
111110001110101100
000010010110011101
000011001011010110
000111001101110100
111100101101001001
111100010111001011
111000010111110101
000000100100010110
000010100010111101
000001101110001011
000000010100010011
111111101011001100
000000111000010100
111101101101100000
111111110010011110
111011000010011010
111101001001001001
000000011101010100
111101101000111000
111111111011001011
000010110011111011
000000101011000111
111111100001000000
111010111110100001
111101110101001010
000011010001100101
111110001011001100
000010101101101100
111000100111000000
111101111001100010
000000100100001101
111101111111100001
111101101001001011
111011100001100001
111110001110111111
000000011100010010
000000111001111111
111111100011000100
000010110110111110
000001100101011100
111111100010000101
111110110001000000
000101011011110001
000011100001011010
111010111100010101
000011100101110101
111001111110011010
000011011001011011
111111101110110101
000001100010101110
000011100110011110
000011111010100101
111100000000001000
000101000110010111
111100001100100010
111000100001000100
000100110010000011
000100100001001110
111001010011101000
000010010000101001
000001000011010001
111110010011010100
111000101000110110
000011111010010101
111001101110001000
000000001000011000
000001011110110010
111110110110111010
000000110001000100
111101011101001011
111001111000011001
111100101010100011
000000100010101101
111100000010111110
000011001001101100
000011001101110001
000001010110011010
000001110111111001
000001110100111110
000000000111111111
111110101000100011
111100001110100010
111011100111111100
000000001110111110
111100011011110010
111101010110110111
000000000111011111
000000101110010101
111100110000011100
111110001110000100
111100111100100011
000001001100001001
111100110001010111
000100110110001100
000100000000011001
111100010011000010
111010100010101100
000101110110101110
000001110000001010
111101100010100110
000011001100011000
000001010110001110
111111011000101001
000011011010100101
111111110111001001
111111010110011101
111111101000101111
000000101001101001
111110010110001001
111100110101110011
111110110101101001
111100100011010010
111111101101110011
111111000001111011
000010111101110100
111001101100100010
111010110001100101
111011100100010110
000001010000111011
000000110101001110
000011000000010110
111101101101010011
111110000111010011
111110100010001101
111101110001110100
111100111010010101
000010010110100001
111100110010111000
000011100000011000
111111110111100111
000000101111010110
111111001011001000
111111100111100100
000001010100010100
000000001111111000
000001000000100111
111001001010000011
111110011101111010
111101010101101010
111101100111000010
111110100011111111
111111001010110110
111101111100111000
000010101100110110
111000101110101100
110111100100100101
000100011100010010
000000110000101110
111110110101110100
000001100000010010
000010001010001110
000000010111000011
000100101110011000
111110010111100110
111111101000111110
111001111101011001
000000111001011100
111110010000001000
000011011001011110
111011010110001101
000000011001101001
000000111111001000
111101101111111010
000010100001001100
111110010111101101
000011011010110011
000011010010111001
111110011001111001
000010101111001100
111110111110100010
000000100010011001
111111111011010110
000101001100100011
111111111011000110
000011011011010100
111111010100010110
111101101010110001
111001001110111110
000100100010101100
111001011110111010
000001001000001100
111100010110001110
111110101010100110
111101110100001011
000001110111111010
000000111111111100
000000110001110010
111111101000100110
000011010001010101
111011110100101000
000010000100100010
111110101010101100
000001101110001011
111101001001100011
111110011010011110
111100010110010001
111111111111101011
111111011101100100
000101010100001100
000000110101101110
111101110111010101
111010001101110001
111011001100110011
111010100011000100
000010011011001111
000001100111101010
000000101010001001
000011100111111111
111011011100000110
110011111000101110
000000101000110010
111001100001010101
111011101010000111
111101011011111110
111101001100001011
111110010100111001
000101110100000001
000010101011111001
111100110011100111
111111101101111110
111111100111101000
110111011100011101
111101111011101010
111101010100000010
111111101111001110
000000101011110100
111100110111011111
111001001011101011
000001010111001010
000010000111001100
000011110010001001
111110000011000110
111010111001100011
111111110010000010
000001011111111100
111011001001000100
000010100110101000
000000010111110100
111111100111101100
000000001110001000
111110101010101000
111111000011011000
111101110000011011
111111011101110010
111011010001000111
111110011111001101
111110101011111110
000010001101111101
000101101001010011
000001000100010000
111011000001110011
111100111100110011
000011110110101100
111100101000000100
111101011000001100
111011111000111001
111110100110101101
000001101010100101
000001111010000111
111111010111010110
111101001001010000
111000101000101100
110101001110111101
000010001101010010
111010100110110100
000001001111000101
000011110101100111
000011110110010100
111111111101011010
111111110000001001
111100110101100100
111011010101101100
000010110011001100
000010100111000000
111010001110101100
111011101100111011
000000001010001010
111111011111101000
000101010001001111
111110011101100000
000010000110001110
111011100111011010
000000000100001110
000001101010111011
111111111010001111
000010001101110110
111110100010001000
111111000100110011
111100000011110101
111010111010111001
000011100010011101
111100000110010011
000000100000111110
111101101100101001
000000000111001100
000011011010010101
000000000101101000
000100000000110000
000010001101010101
000011000010101111
000011101001001010
000010101100110010
111101110101000001
111010000110110111
111111001010000001
111011100111000100
000011011011110010
111000101111001111
111111000101101111
111111011010000011
111111010001011001
000000001110000101
111111100110101110
000001101100010100
111100000100010111
000010101001110111
000001100010011111
111100110001111000
000011100110011110
000000110110100000
000011011111111010
111110111101110110
000010011110100100
111111001011011011
111011000101111011
000011001010100110
000010010011011101
111111010010110000
111010111110011010
111111111011010001
000001000111001011
111111100100110000
000011101011101110
000000010110100000
000000101010100110
111101010011111000
111011101001110111
000001111111001000
111101111111101000
111010100111001110
111100010001100110
000100001000101111
111111000011010011
111101111101100110
111011001010100111
000011011101010100
111100100011011010
000001101001100000
111111101011011010
111100110101001110
000000100010100101
111111111111000010
000000110101000111
111110110101100001
000001111101100010
000010000100010011
000010100110110000
000000100011111111
001001000010111000
000001010111011011
000011010101000110
111111010000100111
000001101110010010
111111101111100101
000010001000000101
111101010011010110
000000101011111011
111101011101111001
000000010100100100
111101000111101111
000011101101010010
111101100101110110
111100001101110001
111011001010100110
111100011010001001
111110101111010101
111110101001000011
111110001001100110
111011011000100011
111010010101100001
111100001001101010
110100100001111011
111110111111110100
111011101001001011
000000000000000011
111101111011010110
111001111110000000
111101101111101011
000100001110011111
111111101000010110
000001110101011101
111101000001010101
000011100110110011
000001011000110100
000001111110110101
111010001110010011
111110010010011010
111110011100000001
111101111111100010
111001101101011101
000001111000000111
111111110001010011
111101101011100101
111010011011111111
111110000000110010
000000101000001011
111110101010100011
111100000111011100
000001101110001011
111101011011001011
000000001011011100
000010011000011001
111100010010000110
110110001110110101
111101011000000001
111101010000110000
111110101111111100
111111111010001101
111101001011010101
111100111100001001
000000010010001101
000011010101010100
111110000010100111
111110010011010010
000001000000100010
111110010101011011
111101110111100000
000001000011100110
111101000000100000
111110010010111001
000000111110000010
000011100010100010
111110011100000111
111011011111000101
000011001110101111
000001100111011011
000101101110100100
000100011000111000
000000011110110101
000010010011010011
111100000100001110
000000110101110001
000000100100101001
111101001000000010
111111110010011100
000110100110100011
000000001101000011
111111010011010010
111011001101110101
000011000100010100
111110001100110001
111111010111100111
111001111100101011
111001111111101110
000100101001011101
111001011100010011
111100111011001111
111010000011101110
000110000000100000
111101010011011001
111101100111111110
111100100110101000
111100010000000101
111001010010011101
110110101110010110
110111001010001000
111011111000011000
111000011100100100
000101001100101011
000010111100100111
000000111011110010
000000000011101101
000000111101101100
111101010110110000
111000000111101011
110111010010110100
111110100101001101
111000100111001011
000000111101101000
111000110000101000
000110000010111100
000000010001111010
111110111011111111
110101110000111010
000000110100110000
111101101000110001
111011101111001001
111110100110110000
000101100001010110
111111100111100000
000010001001110011
111101000000111101
111010110101111000
111101010100100101
111110110010111011
111110100000101001
111100001010100111
111100100100011000
111001110011011000
111110010011010000
000110100111000110
111101111011001111
000110110000110101
111101110110000101
111111111111101110
110111100001110101
000001011100111010
000011100110000100
000000011101100011
000000100111001110
111111000110000010
000010101101101111
111101100011101000
111110001000110100
111001001000111011
000010010111101110
000001100101111110
111100001001101100
111011011010100100
000010111011110000
111001001000001010
111101111111100001
111010000101000110
000101010000001011
111100010000111101
000101011001010001
111101100110111011
000001100000000010
000101001011001110
000000001010001100
111111000010010000
000011010000101000
000100000001011010
111110111111100111
111111101000011011
000110100100001010
111001000101100011
000111011011010010
111111010111110101
000100111000111010
110010000010010110
000011100101101000
000010000101000101
111110100011100100
000011111001110010
000001110110101101
000111001011100011
000100100000000101
111110000000001001
111111010110010100
111010001101100101
000011000010101011
000100110100001110
111011100000100010
111111001001011110
000110011011110001
000001010011100001
000011010001010000
000011000000001110
000010000010110100
111100010000011000
000101111011000100
111011111100111110
000000000001011111
000101010010001001
111011010011010000
000001110101101110
111111010111001110
000011000010001110
000000110110101101
000001100100001100
000100110010111001
111101001100101000
111010100011100111
000001101110000101
000100000110001010
000001010011011101
111101111110100000
111011010010001011
111010010000000110
000010101000001111
111101100011110111
111111010000101111
000001001110011011
111111100001011010
000100000110101010
111011101000001100
000010100001011111
111100010111011010
111111110111011110
111111001111000111
111110100100110011
000000001011110110
000001010010111111
111110111110010101
000001100010110010
000100111011111111
000001110011010010
111111010010100011
000000101011010100
111110111111011110
000001110110110000
000100100001001011
000001010001110111
111101110010011000
000011110011100111
000100110010011010
000001001001110110
111000100001111101
000000000110111001
111100000011110111
000001000111010100
111101111110011000
111111010111101101
111110011010111111
000011101111100000
000001000000101000
000010110001101101
000000001000010011
000000000000100000
000001010001100010
000011110010001111
111110100100011101
111100010100101110
000010111101101111
111110100100001111
111111011101000111
111100001111110000
000001111001101001
111110100000111101
000010101100010101
111101101000011111
111100110011100010
000101110010010001
111111001010011100
000001100111001100
111010001001000100
111100111101000110
000001010011010011
111011101011110110
111010100010001100
111111100010001110
000011000101110001
000100111111000111
111101110010001111
000001101000111111
000001010011110100
111101101001010001
111001011011111011
111011100011001011
111011011110110011
111011100111010011
000001100100111000
111100010101110011
000101101000010101
111101101111111011
111111010000100000
110010110111100011
111110001111101100
111010100101011110
111110111111101011
000100010000101000
111111101001001000
000010010000110010
000101101110110001
000010101101000100
111100110110000100
111010101010000100
000000110101110101
111011001000101101
000010100000101110
000010010001110011
000011100111101001
000001111011001100
111111101110101110
111001100000111000
000000101000110000
111010111001001010
111111001111011011
111100011010011100
111100011100110111
111011000011101101
111110010011000110
001000100111110100
111110011000010010
000001011011110110
000000100010100110
000010100100101001
000000011001100011
111100001011110100
000001100101101100
000000111101011000
111001001111010100
111110010101101000
000100111010111111
111111101011100000
111011111110011110
111001100011100001
000000010011100001
111111011001100100
000000111010110100
000011100001010001
111110010101110001
111110110110011000
000011110001101100
111101011011010111
111010001011010111
000001000001101011
111111100000110111
111010010001101011
000001100111011111
111110101001100010
111111101010101001
000000100100000110
000010010100000110
111101000001001100
000000001010110100
111001101110100011
111100011000011100
111110000110001111
111110001101100011
111011111001011010
000001000010101111
111100010001001111
111111111010100100
000110000000110111
111011001001000000
111011010010010001
000101001111001100
111111100000011011
111110111111101000
111111010100110110
111111001010111010
110001100111111010
000000010010111110
111011110111010100
000100110110100010
111010001010010100
111110111011100111
111101101100111111
000000011011011000
111111000111010101
000000110111101101
111100010111111011
111101101100101001
000000110110111000
111101001101011000
111100101100110111
111101111010000010
111111000110101010
000000011101010010
111111110111100111
111100001101011010
111110000010100111
000001110010001110
000000000011001011
111111010000110111
111100110110000001
111111011010111111
000001000011011110
111011111010001101
000010000100111101
111111011111100101
000001110010000001
111110100001111101
111110011011100010
111100110000001000
111110100010011101
000010010111010111
111110101110110011
000000011001001100
111111110110010111
000000101000000010
111111010111000111
111011110010101110
000100100100111010
111100011110111111
111111001000010001
000000000001001010
111111100111000010
111110100011010010
000000011001110010
111101010010000110
111111101101000010
000001101010100001
000000110010110011
000010101000110111
000000111000111010
000001111110000101
111101101111100000
000110101100110110
000001101000100011
111100001100101001
111100010110011101
000110000101111011
000000011010010110
111110101111000110
000010101011000101
111101101101110001
111111110110011110
111111111111011010
000001101001000011
111110111110000011
111011101000011111
111011001000110010
111100100111011100
111100110011000000
000000000111100001
111011111001100100
111001101110011010
000010101110000011
000010111011001011
000001000100011000
000000100011110010
000111000111001111
111100001011111010
000010010010110110
000001010111000001
111010110111001100
111101101001100101
111111101000110000
000010101000111101
000110001011101101
111110011110111101
111110011100110100
000001101001010101
111011100001000101
000110100010110001
111110001010111010
000011010100011110
111111000001100100
111101100101111000
111111110101110011
000000111110110000
111100110010001111
000001011101100101
000011011000001100
111011011001010001
111010100110110101
111111111100001001
111110001111001110
000010000010100011
111011110101001110
000001000110001010
111110101111111001
000010010001111100
000100011100110110
111010111101010001
111111110001010010
000101100010110100
111100010001011001
000000110010101011
000001011110011111
111101101000001101
000010111010100000
000010100110100000
111111100100011101
000000011010111110
000011000010001001
000100011100000000
111010010100000010
111111100100011011
000011010010001011
000011010010111001
111101111100010100
000000011110101010
000010110101010100
000010111001110010
000010100011101010
000001001110101010
000101010110111101
111110011010100110
111110111100010011
000010010010111010
111100101111001001
111011011000011001
000011111110000000
000000000011110011
000000000000100011
000010011001101100
000010011011110001
000001001000110100
000010101001010010
000010001011111010
111111000111110000
000000100111110001
111110111110000000
000010100111110100
111111001011111000
000001100100001000
000010001000011101
111111000110001000
111111100010111100
000000101100000010
000100010010011111
111110011010100010
111110100101111000
000000100101100000
111111101100110000
111011101010010000
111011011111000100
000000010110110111
000101011001110101
111011001011100000
111011010011011001
111101000110111010
000001011100001011
111111010001011110
000010111010111110
111101100101001010
111101000001010110
000001010000001100
111010010001110010
000011101001101100
111110010101100110
111100001100001110
111011001010110110
000010001001101101
111110100010011010
111101111011011000
000011001011011000
111110101000111001
000000100000110111
111001110101011000
000001011000010001
111100100000101001
000001011000111100
111101000001010011
000000000110111000
111010011111000111
111110010100001001
000011001100100111
111111101110111100
111101000101111001
000011010011001001
000000101100001111
111110101011001111
111111001001100111
111110110101001000
111001000100011110
000011100110110111
111100011001001101
111111100101000110
000010010101110110
111011001100100010
111010011000010000
111101001000111000
111110100010010100
000010001000001000
000000101101011010
000010010101000110
111111000111111111
000101110011000111
111111111110101101
111101100110000000
111100111111110111
000000110111001100
111011100000111110
000010101001101100
000101011111011000
000100001100001000
111100110001100110
111101011111111000
111010011000101111
