000010010000111011
111111110010111010
000010101010000000
111011100101000000
000001100010111111
111100100100100000
000000001000110001
111100101110110100
000011100000101111
111100101100010011
000001101101111011
000010010110010111
000000111001100001
000010101101011111
111111110101110100
000001000001100110
000001110101101001
111110000100001101
111111010011111100
111100110110010001
111111101110000011
000010101001011101
000011001011110000
111110100110011100
000100010110001100
000000010000001001
000001111010000010
000000101001111010
111011101111010101
111111110111011000
000011100101011101
000000000011111101
000100101100000111
111110100101100111
111110110010001011
111011011101110110
111111000001000110
000010011000111111
000100110001101011
000011100000101001
111110111011111000
111110101001111111
111110011011001100
000101101111010100
111011001001011001
000101100101010101
000001010111011101
111100111111011000
111111111110101001
111111000111101100
000001000111101000
110101111011101111
111101111011101111
000000101001001011
111110010110001010
000010110111110000
000000000110011010
111001010000110100
000110010011010011
111011111001001111
111100000111001101
000000111000010100
110001001010101000
000001000100011010
000000111011111111
000000001011100110
000000100100000010
111100110010110011
111101100010001100
111110100000111010
000010000011000000
111111101101110100
111010010101101110
000001100011111110
000101000000010001
000010101110101001
111111000100000010
111110111110011001
111011011011010100
111110111011000011
111100110001111011
111100110010100111
000010111110111010
111101101000111010
111010101001011101
111000101010011101
000001100110100011
000101100001001110
000001010111010110
111010011100111010
111111011011110011
111110101010101000
111010111010001101
111100101100001001
111101101010010100
000011010001101011
000001101110010011
000010100101110111
111101000010111011
111011001111011110
000100111001001111
000000011111000000
000010110011001010
111011101000000111
000101001010011011
000000100000101110
000001000010101010
000001100110100101
111100000010111100
000011001110101101
000011011011100001
000001000010101101
000010100011000011
111101101101101001
000000100111100110
111101111001011110
000010100101111101
111111111000110111
111101000001111000
000011011001000111
000010100110000010
000001100001010100
000010110100001100
000000000101011001
000010000010101110
000000011100110110
000000011011001111
111101111110011110
000011110010110001
111110010010000011
000001111111011010
000001110100011010
111101010010000111
111111101011010011
111111111111001101
000001001001101110
111011001110010011
111111001110100110
000001110111000101
000000011101000110
111101011011101010
111110111010111011
111011100011010010
111011110011011101
000001101111010000
111110110101111110
000000110110011011
111110111010100110
111111001011011111
000010100100100111
000000010011110011
111111101111111101
000001100100100000
111101111100000011
000001101100011011
111110111111010010
111100101000010100
000000111001101111
111110000100100110
000000010011111111
000000010010110100
111111100001000100
000001000001100111
000110100000111010
000001001110101101
111011110110111000
111101100001111001
000100101110010110
111101000111110011
000010100001000111
111111011011010000
111101110000101110
111100111110101111
111101010111000110
000001110111010111
000001001011010110
000010100111101010
111101000000100000
000001011011110100
000001111000111110
000001011101110100
000011101010010000
000011001010111000
000000001101001011
111010100110011100
111101111011001011
000101001001100110
000110101010111010
000001010100001011
111101100101010111
000101011101010011
000000101011101110
000001011011110101
000001011101011000
000010101101101101
111111001011001100
000000001011001001
000011000001011101
000011010010011111
111101011100011111
000000110010110010
111101000000101110
111101100011110110
000000101110101010
111101000101110011
000100001111001011
111101111011000100
111101111111000101
000000011111100110
000010001100000011
000000101100011101
111011111100100011
111101110010111010
000000110011000111
000001010011111001
111111110101011111
000010000011111011
111110111011111110
111111110110110101
111111100001010010
000000000100100001
111100111001011101
111011100110111111
111101010111100110
000011011010111110
000100101001101111
000011001010000101
000010001001110110
000000110110100011
000011000111010011
111110011001111110
111111100000010010
111110000001101110
000001001000001111
000011001011100111
000000011110000110
111101111100100101
000100010000110100
111110110000001010
000010001011111110
111111100000110101
111110101100100011
000010110000111110
000001000110110011
000001010110101111
000010100110010100
000001111101001110
000011100111010001
111101011000110000
111011010111010100
000011000101000010
111100011100110110
111111100111110010
000000010010011100
111100001111001001
111101100100010000
000001100001101011
000001000111000000
111011111110010111
111110010101010100
000001111010011101
111101010110001011
111110001010010010
111101110010010100
111011111001000000
111110101110111100
111101111101111010
000001011001111011
111110011000000101
000000000010110101
000000010110110011
000010110101110110
000001101010000111
111100101101011110
000001001110000000
000001011100101101
000011010110101000
111101101001100011
111110000001010001
000100000101111101
111110001101001111
111101001001011001
111110110011110010
000001110001110111
111101111110000000
000000011001010101
000001111111011011
111111100101000011
111001001011000100
000001001001010100
111101001100011111
001000101010000010
111100110000111111
111100001001001010
111101011010000111
110111010011110111
000110010111100100
111100001100001010
000100011111101011
000001011101110101
111111011101111111
111111000000100001
000000010111011100
000101000101101100
111110100111000001
111110101000001100
000000111000111110
000000010010100111
000000001011111100
111010101101001101
111111100000011100
000000100010001010
111111010111010010
000010111111110001
000010011100110110
111100101111100101
000101001010111110
111101101000101100
000100001101110000
000100010100100100
111100011001111000
000011001001111011
000001000011010111
111110000110010110
000000000100101110
111100111100010010
111110110111010010
111001111101110100
000000000010101001
111100001101011001
111110110010100011
111111010010001000
111111011101001100
000011001011101000
000000000111100001
000000101111101011
111110110101110000
111101101100101011
000000110011111110
111111010110001101
000000100011101001
000011101011011001
111111101010110011
111110110001100010
000100001111010100
111100010011101010
000001110010100111
000001001000011101
111110101011001011
000001001010000110
111101111001110111
111011111110010000
000101100011000110
000101010001000011
111110101001101010
111110010100100111
111111101001101001
000000101011011011
000110011000111111
000001000011000101
111001011010111100
111100000011010010
000001011100000000
000011001011101110
111100111111111101
000001111101011110
000000111111110001
111111100001101010
111111010001001101
111111010111000101
000011011010111011
111100101010010001
111100110010111111
110110000001111111
000101011101100101
001000111010000101
000011010111010111
111110011101110011
000000100110110001
111101100000111001
000000101011110011
111111011111000110
110011000000000000
000110101011100010
000100000111000011
111101100000010110
000001101000101011
000010010010100000
000000111010101100
111111010001011001
000000101010101101
111110110000000011
000001101101011011
111010111011100011
111010010111001011
111111101101100010
000001100100011011
000010111001111001
000001111100100100
000001111110110000
111111001001001000
000001111001100000
000000110000010000
000000010000010010
000100010011000111
000101011100101111
000001010101101110
000010011101110000
000001101000000010
000010011111000100
111111110011110100
000000000110010010
000010101011011011
000010111100101001
111111000001100010
111101000011110001
000000011100100000
111101011111010100
111110001100111001
000010010011001001
111110101111100100
000010110110100110
111100110110101001
000001000100000010
000011000100000001
111100010011010010
000011111110111111
111101110111110001
000000000101110110
000001011001111111
111110011101000010
111110010011010001
111100110111000011
111101010010100100
000000001101001000
000000001001001010
000010010000100110
000000100100011000
000001011101101111
000001010100101110
111010100010001000
111101110000010000
111111111000000001
111101110101110101
000010000001000001
000010101110011011
111111010001000101
111111101000001001
000001001000100101
000001010011010011
111110110111000111
000000100111001010
000000111011110110
111110110101011100
111101111001000010
111101010000011100
000010110000111110
000000111011101001
111110100011111111
111101001001010101
111011011111010000
000001000001101100
111101000000011101
000011001001001001
000001001100101001
111101100001111010
111001111110010100
111111010010100111
111110100000111110
111100010111110111
111100010100100100
000110000101100101
111100010100111011
111111111100000010
000001100101100110
000000000001010010
111110110111010010
111101001101110100
111101000010111001
000100001111011011
000000100010101111
111110000100100001
000001001101010111
000001011100110111
000001000111010101
111101011100111111
111111100000011000
111111000001100011
000001010111001010
111101001111111001
000001001101110100
111111111110011000
111100010011000011
000011010000110100
111111100000111100
111100000000001001
000001000101000111
000001000010111000
000010101101001001
111100111111110111
111111001111001010
111111110100111000
000010000100111101
111111110100010000
111111110011010001
000010100100001010
000100010001100101
111111011101101111
000000101100110101
111110000111000011
000100101110111111
000010000000100000
000000111001100011
000000001111011100
000010001010111011
111110001100000111
111110000111010001
000011011010111110
111101110100001111
000010010001010011
000010001100000010
000011011101110101
111101101011010100
111101101111010111
111110001111111000
000000001000101100
000000011100000110
111100101101111000
111100000100001111
000000100111011100
000010100011100100
000010000101101111
000000010010111011
111101011001000111
000101111101011001
111111111011101111
000011000011001010
000011000000010010
110111110100111011
000001010000101010
111111011111100000
000000100011100111
000100111001110111
000010011011000001
000010011100111110
111101101110111001
000000111111110101
111100111000110100
111101110100101010
111110010010101010
111101110000111000
111011000111110110
000011101011010001
111101110100011011
000000011101001001
111110111000011010
000000110110111000
000010000101011111
000011000010011001
111101011101101001
000010111001110000
000010000000111110
000010100010111100
111101011011110010
111101000000010001
000000000001111100
000100001000100011
111111000011001111
000010001011011110
111101101011111111
000010100010101011
000010000011101111
111110100011000001
000000100000001111
000001000100010111
111111100010011000
111101111001100011
111100101111010111
111110011101011001
111111000000100001
111110001110110001
000001111100110100
111101010011000110
111000010101011101
000110001001011101
111010001010101101
111110101010010011
111111010011001000
111100001111101011
000000011110100101
000001001000010010
111100010110111011
111100111000011001
111101001100011110
111111000000001100
000010111011000011
000001001011010000
000000000000100010
111110111011011111
111010011000000110
000010010101100110
000011101001011110
000001100010010101
111100111111001100
000000111100110001
000001110110110101
000101101110101001
000001010000011111
000010101110100101
000011110011011101
111111110000001000
111110111000000111
000001010101110011
000011110001011110
000010010111100100
111111010010010011
111101111101000010
111111111011111100
000001010110111111
000110010111101110
111011010010010000
111110000100100000
000100010110010010
111101111111010010
111001111000101100
111111101011110111
111111101001111110
111111110100011100
000010100001000001
000011011110111100
000101000010011011
000011110101010010
111111010011001101
111110110111010100
111100001111001000
111110011001101111
000010000110101010
000000110101011111
111101100010000101
000001001000100111
111111010000110010
000001101010111101
000000110001101000
000100011011001011
000010110010011101
000000000011010010
111111110010011011
111110101101110000
000000000100010101
111111110111101101
000010000100001111
111111100010010101
111101100100110011
000001101011010001
111111101011000010
111111110001000110
000000000111000011
111111011100110000
000100011011011101
111110111001111101
000010110001111000
000000001110110101
111110000111110001
000011111010010101
000010011010010111
000001100110111011
000011110110000011
000001100111110001
111111100011101011
111101110010011000
000100100010000111
000011000000101100
000010101011100101
000010101101011100
000001101110010110
111111101000000101
111010100000100000
000001011110110011
000000100011111101
000000001011110011
111100000110100000
000001101111110101
111101110101100110
111101001100100010
111100101101010111
000000001111111111
111101101111010100
000000101110010010
111111111000100110
111101110000010001
000010111010011001
111100011110001100
111111000101101011
111111011011010100
000100110000110110
000000000010001111
111110110001101110
111000101011110111
000000100110000011
111010011000000111
000011011010101101
111011111110101101
111111101110011011
111110000010010010
000001001010001100
000010001100010101
000100000000011010
111110010011101110
111100011100111100
111101010111110001
111100100110101011
000000011010101000
111110100011001011
111100100001110010
111100011011101000
111101010000100000
111100110010100111
000011111110001101
000000111000100010
111110010100000111
000101101100000101
000000000111001011
111101000110101111
111101010001011011
111110010000110100
000011111000111001
000001110011111100
000000110011110110
000001100001101010
111111001010001011
000011000001001001
000001111101000011
111111000000110001
111101011011001101
111010100101100000
111111011111101111
000011101011101101
111001101010001000
000000101110110010
111110101101111111
000011100001100101
111111110111011010
111011111111000010
000100111111010111
000100010111110010
111110001010110000
000011011110011101
111111001101000100
000000001110001110
110110110111100011
000010010110100111
111110001011010111
000001011100001001
000000101011100011
000010011011100111
000011000111010100
000001001101001010
111001001011110111
000001110111111010
000110010000010001
111101100000110010
111111100001011111
111100011111110011
000011000100010011
111101010111110111
110111111100111010
000100010100011011
000010010000111100
000010000001000000
111101100010011110
000001011100110100
111010111111101001
111010010010001011
111111001100001100
111011000011000110
000101001010101101
000010100100111011
000010100000001000
111101001001011100
111111110001001011
111101000111100110
111101011100000110
000001000100100011
111011101000110101
000000000000011110
000001010111100100
111111100000100001
111110010000010010
111111001000110011
000010000000011110
000101001101101111
111110001111000101
111101011001001100
110101110000011000
000010010010111010
111110111011100110
000001101011010001
000010001010101001
000001011001001101
111110011110010101
111101000010000110
111100011010000111
111110101000011010
000000001110100011
000011011000011000
000010001111000110
000010000000000000
111101000100111110
000011111110110010
111001011010011000
000010110011010011
000001001010111001
111101011011011111
000001000010000010
000000000011101100
000001111111001001
000010100110110100
111110000101101100
000000011001100101
000010000110101011
000001011000111000
000000111110101000
111111000010111101
111111110010101100
000000001011000111
111111000011000000
111110011010001010
111111010100101100
000001111110000000
111100110010111000
111111001100010001
111110110101101011
000000111010100111
000001010011100000
000000110000001101
111011011010101110
000001100001100101
111100110100110111
111100100011000100
000010011011011100
111111100100010100
111110110001011111
111011111101000001
111110110011110010
111111110110111110
111110011100011000
111101010100111011
111111011110101011
111110001001010000
000000011111011000
000001011110001110
000011100010101100
111111001101001100
000100101001111101
000100000011000001
111111001000111001
111111110010001000
000010111011111101
000001110100001001
000001000101010000
111100000011110101
111100111000101100
000000000111110101
111101110000110101
000001010010111110
000001010110010100
000001000111110111
111110001101110101
111101100001101111
000010010110101011
000010011111111110
111010110010011100
000100100101111011
111001110011001100
111101010001000100
000011110001110000
000010000110001111
000000010100101101
000000101011110001
000001001101010011
000010100100100011
111100011101011111
111101101011101001
000011000000111000
111100100100001000
111110010001000001
111101111111001011
111101010110011001
000011101111010001
000001111011010100
000100100111011000
111111101000110110
111111010010111110
111111100000111010
111110110111011011
000010010110100100
111010001101110101
000001111100110011
000000101101111100
111100001011110101
111000011010011011
000000010110111001
111111001110101100
111110001110100101
000011010110111001
111111110111111000
000010110001001000
111100111000100110
111111010111101110
111010011100011110
111111101001000110
111100011000111000
111101011000100000
111100110000000000
111111110010100001
111111001000001000
111101110000110101
111111011010011100
111110000111111111
111001011101110011
000111010000000010
111011001101101111
000001100001101101
110111110110011110
111101111000010010
000000100001010000
111100011110000110
111111001111100001
111010101101101110
111110100101100110
111101100110010100
000101000001110001
000000100100000100
111111111100110100
000001000011001010
111010100111011001
111100011110000110
111100110001110101
000011100100110101
111101000000100100
111110001111101010
000011100111000101
111101000010000001
000010010011011011
111110110100001101
000001010100100010
111101010011001110
000010010010000010
111100100111100000
111110100011101001
111101010111011100
000100100110101011
000001000110011010
000011001001111110
000001011000110100
000001000100001110
000010111011101101
111110010100001100
111101110000111100
000000110111001101
111100001110001101
111100111011001000
000011000101001111
111101010000000000
000010010110100101
000001000001011100
000000001011111001
000010001001000101
111011101001011000
111100101101000111
111101001000011010
111110100011010010
111100101100010110
111100101011000101
000011000110010001
111110100110001101
000000100100101100
000010000100110010
111101111101000010
000001111000010101
000000011110101011
000010010101100001
000001110101011100
000000010111011010
111011111010101001
000100000011000001
000001001011001010
111110011000101000
111110011001100010
000001010100101011
111101101000000100
111100110000001110
000000001110010010
000001101101111101
000101011110101001
111110000111001001
111111001011010111
111101001100100011
111101000011110011
000100111110110010
111000011110101100
111110111010100110
111101110001110100
000010100010101001
111101011100111101
000011000010111100
111101111101111011
111111001000110000
111111011011001101
111100011100110110
111111010111010010
111011010000100001
000001011110100001
000010000100011100
111111010011111000
000000011000111111
111111001000011101
111100110010010010
000001001111101110
111101011100110001
111110011111111011
000001000000111110
111001001100110001
111111010101010101
000010001011000011
000010000011100011
111101001010100110
000000111111111000
000100111100010101
000000001110100011
000000101010000001
000001011111110000
000000111110001000
000001010110100110
111110111100001000
000001101110010100
111111110011111100
000010111101001101
000011010111100110
000010010110111010
000001100011010110
111111111100001001
111110000001001001
111111001011001111
111110000110010100
000001011111100100
000010101100110100
111110100000010000
111110001001110001
000011001111000010
111110101111010011
000000011001000000
000001101100110100
000010100010001001
000010101001010100
000000110111000000
000010011111010110
111110111110111011
000000011110111010
111011111111010011
000000111000111100
111110110000110000
111101100010101101
111111010111001001
111110101011101110
111110010000110110
111100010110111111
000010101101011101
000000001000011110
000100010111110011
111111011100011100
111101010111010111
111110110100010101
111110111110000010
000001000101110010
110111010111100010
111111011110010011
000010000001100100
000000010110001010
000001101010010001
000001001101011000
111011101100011011
000100111100010110
000000011000000101
000000111001111011
111111110101001110
110100110110111010
000010001010101000
000000101100011000
000010000000100101
111111100010101001
111100100000101011
111111011000101101
000001101011010010
111110111100011110
000011000000011010
111100110001101111
111110110011101010
000010011000111010
000010011011011111
111110110111101001
111110101010110110
111111101000010010
111111110100100010
111110011110101101
000000010110110111
000011100101001000
111110011000001111
111101000011100110
111010101011100000
000010001011010001
000010001001000000
000010100001110111
111010111000111011
111110111111100101
000010111000110011
111101111101010010
111111001010101000
111111100010111100
111111110000110001
000001010011011010
111111100101101100
000000000000111000
111101001001000111
000100010011011110
000000011101010111
000011000010111101
111111101000011010
111011011001001101
111101001010000111
111100110001001101
111100100000000000
111100111100000111
000001001011000000
000011110111110000
111111001110110100
000000000111001001
000000011101010010
111101110111000010
000010101110010000
111111101001100110
111111100101100111
111110110000100111
000001100011111011
111111100011111011
000011100001110000
111101100100101101
000000001100000110
111110011101001110
000011001001101000
111101110011111001
111010101000101100
000010001101000101
000000111100001110
000001011101101001
111111100001111011
000000111001110000
111101111100110100
000001111100001000
111101110111100011
111010011111111001
111111010111001000
111111101100000111
111111101110100011
111101110101101010
000010111001010111
000010110101010011
111111000010011011
000001110101000011
111110011100010100
000010001101111110
111110101001100101
000001000010101100
000001011100110101
000001010011010001
111110110001010000
000010001000001111
111110110101110111
111110011111001010
111101011100000100
000010010001010110
000001000000001001
111110111010101001
111100010101001010
111101001000111101
111010001100000011
111111010101100001
111110110110000001
111000010011111000
111111101101001110
111010111001110001
000101000000000110
000010001101110010
000000000110011010
111111000101010101
000000010101111111
111101011000100101
111111000000100011
000000100001110110
111100011011101101
111111101100010101
111101000001000011
000011101111010101
111101100101110101
111100111110010110
111101101010100010
000000001100011000
111101111101110000
111111110100000001
111100110110110000
000001001000111000
000100010000110101
111110100110101101
000000111001010001
000010101101010001
111110001010000011
000000011100101001
000010011101100100
000000101111100010
111111110011100110
000011010100010000
000000010010100001
111101110011000111
000000100110001001
111101100000000001
111100101111011100
111111001110000011
000000100111010011
111101011111011111
111111011010010001
000001101100100100
000000100111100100
000000001100100101
000010101011110101
111111111000010010
000001110010110000
000010101011110000
000000001001011010
111101010101000111
000001010111110100
000010100000011110
111101000110010100
111110010100111100
111110011010001011
111110010101011001
000000000011000110
111101010101000001
000000111101010000
111110000100111100
000000110011100101
000010110101000010
111110011110101101
111011101011010101
000011001000010100
000010000111000011
000000001110000100
111001100111110000
000000010000011101
000000100010010011
111111101110100011
111100001111111001
000001111011001101
111100011100100111
000010000110011100
111110011011110111
000001000000111100
111101000001000100
111101000100010111
111100001000101110
000000000101110110
000011111111100111
000011010111101100
000001001101000110
000000011101010010
000000000001011010
111101011010100100
111101101100100100
000000001001110101
111101010000100101
000100000010000011
000010010011010100
000000001111010100
000001000010101110
000100000000110110
111111101001110011
000001100101111011
000000010101101110
111111101100110011
111111001000000100
111110110100100101
000011000000110000
000000100001101111
111100110010100001
111101010011010011
000010100001101010
000001110100000001
111110000011110001
000010001001011110
000000100110001001
111110111000000101
000001110000001011
111111110010001100
111101101000010000
000100000110011111
111110101111111000
111101011110000101
000000100101000001
111111011111111101
000010001110001100
000000000100101011
111110100000111010
000000000001001110
111011101111001100
111111010010000010
111110000001101100
000000001110100010
111111000110100010
111101010011111000
111101101101011110
111010101100100100
000111100011010101
111111010001111100
000010000100100111
000000000100110101
000000011011100010
111101100001111001
000000100001001110
111110100110011000
110110111110110001
000000101101011000
111100111011010100
000010111000100110
111011101111101001
111111011111000010
111001011110010110
111110100001101010
111011101111010110
111110000100001000
000001100100000010
111011110000010100
000011110101111001
111110010001011111
000100010000011101
000001100010010001
111110100110001110
111110110000010101
111110101001011000
111110000101011000
000001110011010010
111110101011110100
000001001010111111
111110110001010101
111101101101100001
111100001001100001
111111000011101001
000001010011011010
000010001010100110
000001001111101101
111111111110000011
000000001101001010
000010110000110010
111111011100100111
000000100111111111
111100000001011001
000001010011111011
000000001100000110
111110001000001000
111101010111111000
000000111100010110
111111101010001101
111111101110010010
000100000111011001
000001011001100111
000001111100011011
111111111011100101
111101010010011111
000001111110110001
000011011100101100
111110001001000001
111010100110100001
000010100101100001
111100101000100001
111100111100100111
111111000011000110
111110110001101101
111010011001101000
000010101010111100
111111101111110101
111110001111100010
111111111010110011
111101111101001010
000001110011010100
111101010100011000
000001010111001111
000100101110111101
111001100011100000
000000001010101101
111101010000100111
111111101011001000
000100101010100101
000010110001001100
111100010110001000
000000100110110100
000011001010100100
111011011010110010
111101100001110011
110100110111000001
000010111011100101
000000001010010000
111111000011111000
000010101100100011
000000000111001010
000011010111001011
000000000111100110
111110010111010101
111011101011001010
111011001001000111
111101011100110100
111010111000000100
111110100001110011
111110111001000011
000011011011011111
111111000011111010
000000000000110110
111111011010000101
111110111001110100
000010001001101101
000010000011100111
000001111010011011
000011100100110100
111111001001111110
000010100010111000
111100010101110111
111111100110011001
111111011100011111
111110010001000001
111110010000101010
000001000100011010
000011010101001101
000001011001001100
111101110001000111
111110011110011101
000001001111101011
000011000101101100
000000000110100110
000010000011100010
000001110100001101
111101000000011010
111111011101011111
111100010101010100
000100111101101001
111111010100011000
111110110010001110
111110010001101111
111100000111000101
000011011010101100
000000011101111001
111111110110010100
111100110011111000
111110101110110100
000000110110110010
111111100100010010
111110010100110011
000001011011010000
111110011001111000
000000011000100110
111101100010000010
000000010101000011
111101100000011101
111101011001100110
000001110101011011
111110100011010010
111111000011110001
111101100101001010
111110101011010010
111110010010001001
000100011000111000
111110001100001010
111000111111010011
000010101110100111
000001101111100010
000010101100001010
111110101111110100
000000111111110110
000010001000010101
111101100001111000
000000001010000111
000000111111010110
111101100100010000
111110100011010000
111011001011101111
111111010010001100
000000110110000010
111010110010010111
111100100101010010
111111000101010110
111101110110100100
111110101110110011
111111001110100000
000010001000110111
000011000010111001
111110001011010101
000000010100110000
000001110001011011
000011011111011000
111111111100001111
000100010110110011
000010011100111101
000001111100000100
111100100010100101
000000010010110110
111011101010001101
111101111101010011
111011111111110011
000000011110010100
111110000101010000
111111111100011010
000000101101100001
000010110100111111
000000010111101111
000010111101100000
111110100001011101
000001110100100110
111111011000001010
000001100001001110
111101000110111100
111111100010000111
000000011011111111
000010010100111001
000001101101100101
111111001100101101
111101100011010010
111101110111110010
000011101110100100
111111100011101100
111010100000010000
000010110011110010
111110000111101000
111011001010100001
000000101000110111
000010011101000101
111101101011110000
111100101010000110
000001110111011100
000001110000011010
000000011000110100
000011111001100000
000001010100101111
111111100100100101
111110110101111101
000001110011001100
111101100111100111
111001101000000111
111110001111001110
000001010100111101
000111000010111001
000000110111011011
111101010101010011
111110110000010010
111010000000000110
000010110010111000
000100100100111100
111101110100100111
000110001110011111
111101100001101010
000001101101110110
000101110111100111
000000111010010111
000000111010001111
111101011111111100
111111111011000110
111100010001100000
111111011001111011
111111100010010111
000000001101010101
111101110010110010
000110011001110101
111110100101101111
000000111100101101
000010110010100100
000010010000100000
000000001111101001
000000101100001001
111011111110110100
111100001000000111
000000111111110010
111111101011110111
111100110000111010
000001010100001010
000000111000010111
111111011110100001
111110001011110000
000011001100010111
111110011010011100
111101100101001110
111100000111001110
000001011001100010
000000111111101000
000000101111101001
111100101000011001
111010101000011101
111100100111110111
000001000011011110
000000101100101111
000010011011001111
000001111101111011
111110011000101110
111101001001100011
000101101001110001
111101101000100110
000000000110001010
000011110110111000
111100111111010110
000010000010100001
000001100111111101
111110010001010001
111111110001101000
111111010111110001
000000011101011010
000011110011001000
111111111100001000
000010101111110010
111111101110001010
111101110001110010
000011010100000110
000100010010000010
111110100101101010
111101000011101101
111011110110011001
111100100010111100
000011110010001111
111010100011011111
111101001100010100
111101011001110111
000001100100011001
111110110011101011
111101111001110111
111110101111100011
000000011001000100
000000000011111110
000010000100000110
111110000101000101
000000100110101101
111111111110010001
000000000011001001
111101000010110000
111101101101001111
000000000101000110
111000110100000011
111101010011100100
000000100101100110
000001010110010001
000000111001100101
000100001101111101
111101110101011001
111100111001001000
111011111110011001
111111001000001001
111010010010010101
111110100010001100
000010000011000111
000001001001110011
000000001111100110
111111101001010101
000010010010000000
000000000111010101
111110001111100100
111101110000010110
000000100010100001
000000000000101000
111111001011010011
111110001110100001
000010001110110101
111110111111011001
000001000100100111
000000011100111110
000001010110110101
111101111100111111
000011110100110111
000010101111101001
111111110001000101
000001100100101011
111111110001100011
111111000011001111
000001101111100111
000010011010000100
111101101000100101
000011010011000101
000000001001101011
111110110110011101
111111111100111011
000000111011111011
111110001000101001
000000000010101110
111111101001001111
000010110110101111
000010101101000010
000000101000010111
000100001010100010
111111101101110010
111001110010001011
000010010101010011
000000111101000100
000001100010000110
000000000000110101
000001000011010100
000000110100111001
111110111000110110
111010111101000110
000000001010011110
111100111111100010
111111010001000011
111101100000001000
111111111101010111
000000000110110011
111101010001100100
111101001100001010
000000101000101010
000011001101000001
111011101110111001
000010110110100110
111010110000111010
000011100110111010
111111010001101011
111011001110101111
000001111101100110
111011111100010101
111110000110111100
000001100011010101
000011000000110010
000000010100100101
111101111100000001
111110101011010111
111101001100111010
111011000000001001
000011100011000011
111100111111100100
000011011111010011
111110001101101000
000000110000010110
111111111111100111
000001111111110101
111111110010000001
000010000000001111
000010000010011110
111101001111001110
111111110101100111
000000011110111101
111100011010011111
111110000100101001
111101111010101011
111100110110111010
000001111011000110
000011111000000110
000110011101000101
000001011110000011
111100001000111111
111111000000010100
000000100011001110
111010010110101100
111001010101110110
111010001111100010
111001010101011000
111101110110110010
000000010011101101
110101101101001001
111111010111001110
000101110001000001
000010001001011001
000001110101001111
000000101101001000
000000011001110000
111100010000000111
111001100000111010
000011010000011110
111100001001100010
110111111010100010
111101001101011010
001000000100010111
000110111000101011
111100111000010110
111000100011011100
000000010000110001
000000001110101001
111111111110011111
000100001000000101
111111001010011001
000001011001001100
111100111101111100
110011001010100100
000100100011101010
000100010111011101
111100001111000111
111101010001101101
000010001001110110
111000110101010011
111011101001000011
000000001001011011
111000101110110010
000010011011011111
000010000010100011
000100101000111001
111101111101010100
000011110111000110
111110111011111110
111101001011011101
000010101110101000
111111000001101010
000000001010010010
000010101000011011
000010001101011000
111111111110010000
111101101110110011
000000101100010000
000011100000111010
111111100110100010
111101100101110001
111000001010111101
111111001000110110
111011010001101110
000011100010111010
111101110010010111
000000111101000100
000101110100000100
111111101001000101
000000110000011101
111110111111101011
111101000101010110
000011011111110101
111110001001010000
111101111001110001
111110000111110100
000100111001101001
111100111010100011
000000011001011101
111111011111100101
000010101010110010
000000010011000000
000000000111110110
000010100110110010
111110001010010111
111100110100001010
111111011001001001
111110001110111101
000000101000100001
111110110100011011
111110110110110111
111101001101011111
111110000100011111
000001000101011111
111101001100001111
000011010111101011
111110011101111101
111111110100011000
111100110011100111
111100000100101011
000000001011110011
000011011000000100
000100001110001100
111110000111011010
111111110100011101
111101101011011101
111110100100011000
000001001111011110
000100100111001100
000010110010000011
111011101001101111
000001111101010001
000000101100011010
111101010100101000
000010110111010111
111110000011010010
000001101111110111
111101111001101111
111101000111100111
000000001010011100
000000110111001101
000001011111101010
000000110101001101
000101001111011100
111111011010011110
000010011001000000
111110100101000110
111110011101110110
000000111010010100
111111011110111110
000001001111111000
000000100000111000
000000100110110101
000011001010111100
000010001010101101
000001011100101100
000011001101000010
000000001110110000
111101100111000100
111011001001011000
000011111011100111
111101000000010111
111111010100100111
000010000010010110
111101011000100011
111111011111101111
000010000110110111
111110010000111000
111111100100111100
000001110111110000
111111110100001001
111111100001111100
000001000010111001
000001100101100011
000001001011111011
000001100111011011
000000010110111000
000100000010010011
000001010010110001
000000111111010111
000010010100011101
000000001011001001
000001001011010001
000000110010010101
111001001010110011
000001111101001110
000111000101010101
111010100111010111
111100001011000010
000000011111100110
111011110100100010
000000010011111010
000001011010111011
111101000001111001
000100010100101110
111110100100101110
111010001000011001
111011011100011001
111110110101100011
111111101000001100
111011110000111100
111100111011011011
000010011110000111
111100110001000011
111110110000000000
000001011000100010
111011100100100110
111001001001110110
000000010000110110
111100001111101100
000000010000101001
111010001110101111
111011001010111001
111111100010011100
111100111000111011
000011010011011100
111011010110000000
000001000001000001
000010010110001010
000001111100001001
000010011110100000
111110110111010100
111111110001011111
111001111111110010
111111101000001011
111010101011110011
111100001100001101
111111100011111110
000000000001010110
111111011101111101
000000101000101100
111110010101110010
111111101001110000
000001000110001101
111011110100010011
111111001110111011
000001110111010010
111111010000101001
111010111010010001
000001101111100001
111100110011110001
111111001000101111
000000110010011010
111011101110110111
111110100100011100
000001011001110100
000000000001111101
111111101010100011
000001010010011111
000010010101000100
111110111111000100
000000110000111001
111110101100001100
000001001110101111
111110010110101000
000000101111101100
111010010100011011
111110111111000000
111110000001010101
111110110000001011
111110011100100101
000001101111111010
000011000000001100
000010010011101101
111011111011111110
000001101010001100
111100101001000101
111111000001000001
000010001111100000
000010011001110000
111100110100111101
111111100101110011
111101111000011101
000100000100111101
111110010110101100
111101011011000001
000010001110100110
111011101001111110
111110100011010011
111101000101111001
000001110100110110
000010011100010001
000010110001100000
000010001110011011
000011010010111001
111111001000101111
111101001011000010
000010000111010011
110110010110100110
111110110100101101
111011110111001001
111101101011111000
111100000000111001
000010110110011110
000000010000100101
111101110111001100
000101001100011110
111111111110010011
111101111100111101
000000011011001100
000010101010110011
000001011010101010
111110011111111000
000011001111111100
000001010001101011
111101111111010100
000101101001111100
000000110101100001
000000001111110101
000010001111111011
000000000000111110
111101001100100101
111110110010100001
111110101001001110
111110100101111001
000001111100101111
000010010110011100
000001110010100001
000001010111001001
111110101101010010
000001111100110000
111110111111100110
000001001110100100
111100010100111010
111101010001111101
000000011011011001
000011010000100010
000011011101100011
111100111111111001
111111010110010110
000001001101010000
111111100001010011
000001100110111010
000100110011100000
111111110111110111
111101101101101101
000001110101100001
000100001100100100
111001011000000000
111111111010101000
111101101101011101
111111101001011011
111111010100101100
111001011000100000
111101100001000010
111101111110101011
000000010100101001
111110011100111110
000011110110010100
000000000010010101
111100111001100110
000010101111010111
111011110000000011
111110011000101110
000000001110011100
111110001111001101
111101101010111110
000001111011100010
000001011011111110
000001000001111001
000001111010010000
000010111011011010
000011001001100011
111010101111111011
000001010111010111
111101110010111001
111110100011001101
000001111010010010
000010110100010000
111100110001111000
000011011011001111
111101011111101110
111110110001110101
111110100001010000
111110001000010010
000011011000100000
111111110100010100
000001001110011110
111101010000001000
111011010100011111
111011010100100010
111110111000111010
111011001110001001
000010001001110001
111111010110000010
000000011000011011
000011000110010011
000101110001001010
111111101011101110
111100111000010111
000000100110111010
111011101110000101
111101101111011100
111110000001010111
000000100011100010
111111011110001110
111100111000101010
111011011001000001
111110110110010001
111101000010001011
111111011000001101
000000111001011000
000011110000111010
111111011111001000
000000001011110100
111111011010111111
111000110001001011
000000100110101100
000010000110110001
000010100011110010
111110111011010110
000000111001011101
000000110010100101
111011111001011111
111110000010101110
111101010001000111
111000001010111000
000001001000011110
111110110011000000
111111010101011100
000010100000000001
111110010111001010
000011001110100011
000011100110111001
000011011001101111
111100111101000101
000001000011000111
111111111100100100
000011100000100010
000100111001010100
000011001110100010
000010111100000101
000010101010111010
000011001001000110
111111000100010001
111111111101111110
000001000010100100
000010100010101001
000000000101000000
111011101011100110
000011001011001100
000011101100000111
000100010000011110
000001101010001010
111110110011011111
111111010110110100
000011010101111101
111101000001111001
110011101100100101
111110100100110100
111011100000100100
111101100010000001
111100010110110000
000000110010001001
000010101101101001
111111111111101110
000001010101111111
000000000110011011
111100011001111110
111101001000110111
000000011101000000
000001111001010011
111110001110110110
000100000011111011
000010000110111110
000010110101100000
000001010010110111
111100111111001010
000000001100110111
000010011101110011
000001010111111110
000000110001100101
000000010001101011
111101000110001001
111110100100110000
111001001000110100
111010011111011110
000000011001001011
110110011000101100
000100001000001000
000100101101101010
000000100001110001
000010000100110000
000000100001100011
111110011001111001
111111010010001100
000001010110011001
111110010111101100
111010101010000111
111100111000101101
000011100001100010
111001110010011111
111000001110100110
000000101001000001
000110110100000001
111100011111000110
111111100100100101
111111000010100111
000010000010101011
000101110111010111
111000111000011110
111001101110011110
111111010010101011
111001110101100000
000010110111001100
111101101101100111
111110101011111000
111111011111001101
111111100000101110
111110010011101110
000010111100011000
111110011010101011
111001111010000101
000001101110001000
111111110110011000
111110101110011110
000000111000100000
000010000110100010
111111111001100000
000010001100010011
000000111111001001
111111011111000101
000001001011100011
000000010001011110
111110110110110111
000010110110101100
000000001010100100
000011010110000011
000000111010110011
111111001010100110
000001000001100101
000010110010110101
111110011011100000
000010110011101010
000001110001101111
111100011100101011
000000001101011011
000000111000101101
000100010111111011
000000101101101100
111101100000111110
000010100111100011
000100100101111100
111110000111100011
111100100011111101
111101011000010010
000000110001010010
000001100111001110
000000011000100001
111111001111100111
111111010111111111
111101010111011100
111111100110110010
000001011000001011
111101100011110011
111011000001001101
111111101010101101
000000011001011100
111100110110011100
000010101110000100
111101011101101101
111110001010101001
000011101000000101
111100001101000111
000001010011110010
000010010111100001
111111110001011010
111101101111100011
111111100111111010
111111011011101010
000000111111110101
000010010010011000
000011110100100100
111111110001000100
000001010101001001
111111011111011110
111101010011000110
111100100110111101
000001000011000010
000000010001111111
000001010100010000
111111100001101001
111101101110111000
000001110010011010
000010100010011011
111110101000111001
000001011100011001
000011000000000110
111101100111100111
111111011011010101
000010010111111000
111110110110101110
000001111010000011
000000001101111110
000010101110101010
111101011100100100
111111001000101000
000001011100111010
111111000100101001
111100000100101001
111100001010110100
111111101111000110
111101100001001010
111110001101100110
000010100110001010
000101101110111111
111111111101111001
111110000110111000
000110011010011000
000000001100011001
000001111011001110
000000111100110110
000011010110101010
111010010101000111
111111110111110110
000001111100011111
111101010001100011
000011000001000111
000000100111101000
000010011110000110
111100010110111011
111100101001000101
111100001001111000
111111111000100011
111110000101101011
111110101011101100
111111011010110001
111000001001100111
111100101110101110
000001110100100100
000011001011110001
111111101000000010
000010011101000101
111110010011010001
000001100010000100
000010010010110101
000010101000100110
111100001011010111
000100110100111111
111011001111101010
111100001010011010
000000111100011010
111011101110101110
111110010111010101
000010110101000000
000000001001000111
000010010111011101
000010001011011101
000011111001010110
111110101111011001
000001010001001010
111111101101011101
000011111001110110
000001001000110000
111110011000010110
000000000101110111
000001011010100001
000001010001000101
111100100111000011
000010110000000100
000010101111001000
000000110010000100
000101001110101100
111011011001111101
111110011101110110
111110010010000111
111001000000000010
111001101001110101
111110000010101111
111111001000101100
111001110110100110
000010111000101101
000001100000110001
000000100110110101
000100100001100110
000100100101010011
000000000100101100
111110100111011010
000000111100110110
000001000100100100
111101010100010110
111101011010100111
111111111110000110
111011001101100010
000001000101111101
111011101000100011
111110011000011111
000001100111000111
111101011001011010
000011111111011011
000000001100011001
111110001000111110
111100011000010110
111111011110111110
110101011111000110
111010011001001001
000100000001101101
000000000011110110
000000100001110111
000110110011000111
000000101000000111
111010100100111111
000001100011100111
111010101010111101
111011011000000011
111111011010001001
111101011001000101
111100100111101100
111110001001001100
000001001111000110
111111100010111011
111100101110101101
000010001011000001
111110010000000011
000010010000001001
000100001010110000
111111000000010011
111101110110010000
111111101101010110
000011010101101011
000010111011000110
000110000110100100
111110110010000000
000001101111110110
111110000010000110
111111001000010000
000100100010010111
000100100011011111
111110000110100111
111111001110110001
000110001011111010
000101101110111111
111111010010111101
111110110100110011
000100101010001011
111101111111100000
111110101010001111
111111111100010101
000101101111110010
111110111110011011
111111101111001000
111100110001110011
111011110111110010
000000001111011100
000011111110111001
111110011111011000
000000011001101010
000000101001100001
111111110100110110
000011111011100101
111100000000100000
000100101100010101
111010111011000100
000011011000110000
000010110010111101
111011101001010100
111001011111001010
111101101011100001
000000111100011000
000100100111011000
111110001000111100
000001010000010011
111011010010011101
111110010010001010
000100001100110101
000001000100101001
111010011001111111
000000111101111111
000110111100110110
000101110010111000
000010010001000101
000001111001101111
000000000101010000
111100101010110011
000000111100000011
111111010110111111
000000001010111110
111101100110101100
111011101110101101
000011011001010011
111101001111110101
111011110101001111
111100010000001101
000000001110101101
000010001001010101
000001000000011100
000010000111111010
111110100111000000
000000010000010011
111011001111110110
000000001010010000
111101011111000101
000001110001111101
000010100001011010
000100001000010011
000110001000100111
000010011001110011
111111110001111010
000100100100111110
111000111010110011
111110010001101100
111101111111011011
111100101110000011
111101110100010101
111110000101100111
000101100100110011
000000000010011101
000000011110100011
000001010011011010
000000010100100111
000000011101110111
000011101000000110
000010111101011111
111110101011110101
111101100111000001
000010111001010110
111100110001110010
111111100101110001
000001100010001110
000000011100000001
111101110001010011
000010000100101100
000001010101000011
111000111011101011
000000010001111000
111101101110001101
111010010011000111
000010100010010010
000001100011111000
111111001000000100
111011001011110101
000000001100011101
000011001100111001
000011001111011100
000001110110000011
000000010011000010
111110110111100001
111101110010100111
111111011111001000
111101001000110001
111010100000000000
111101000111000001
111101001010000000
001001001011001010
111111111111110011
111100011000100000
111100100011000001
111100010000001100
000000110110101011
000100110001001101
111111010001000000
000010101111100110
000010110000001110
000110010001100011
000111001010000010
000010101111001001
111100101000100001
000010110000100001
111011100111011000
111101010100011110
000011110010010011
111111010010000010
111101000100001100
111101111110010101
000110010001101110
000001011000111001
111111101111000011
111110110010010001
111110000010000010
111100000010001101
000001001100101001
000001011010100100
111101110001100010
111111001101111001
000010000111011010
000001001011011010
111110110011010110
111111101101101011
000000011111001011
111100110011101101
111100001011000111
000010010111110010
111111011100001111
111101100111110110
000000111011100110
111111010100001010
111110010110000010
111100110011001110
111100010110010101
111111001101011101
111101011111010000
000001110000001010
000101000111110010
000000000101101111
111111010110011010
111010010110000111
000010101001110101
111011100111100111
111100110111111000
000001110010110010
000001110111101000
000011011000101101
000010011000001110
000001010001101000
111111000100110110
111111111010000011
000001001001110001
111111101000100100
111111010101001111
000001010010100000
111111001010100110
000000110100000000
111110101100111010
111110110111010000
000000001000100000
111110001110100001
000001100011100100
111111100001000111
000001100010110110
111001000000100011
000001010100000010
111101000111100100
000001011010010001
111011100110001001
111111111111011010
000000100100011001
111010011010101010
111111010110111111
000011111111110001
000000111101101110
000000110101000011
111101111101111010
111111001111011001
111010100101000101
111101010001101000
111101101000100100
111001011010101000
111110001010000110
111011010000110000
111101100010011110
111100000011111010
000100010001001101
111101010010111010
111011001111110111
111001011000101110
000000101001001000
111110001011101010
111110000001110011
000000111100001011
111100000100000100
111100000000101000
111101100101010110
000010001000000001
000011000010011001
111100101111010101
000001010111101100
111101100101001111
111111101100001100
000000000100000001
000100100011000110
111101001110000111
111110111101101110
000010010011001111
111110010111010001
111101101110110010
000000101110100000
000011000001000010
000011000000100110
111111111001011000
000001111100110111
000100010100000101
000101011001101100
000001001000011010
000000010010101000
000010100101000001
111101110010101111
000000011110101101
000100001111100011
111110011101000001
111111000010100110
111101011010010100
111110011000001000
000001011100001100
111101101000001011
111101101111110010
000011100101100111
000001010100111001
111101001100111110
111001001000100000
000100010000101110
111011110100110000
000101111100011000
000000101110111010
000100111101101010
000010010001110100
000010100101101101
111011001111101001
000001100111100010
000001010000011001
111110001110011101
000011001011101111
111100101010111001
000010111101000101
111010011010100000
111111111110001111
000010101011001011
000011101000000100
111100011011010000
000100110001110000
111100011101000010
000011100111101011
111111111000010010
111101000010100010
000100010001111101
110110011010011101
000001101100011110
111101000100011011
000001000010001011
111110010101000101
111011001000000000
000010010111011111
111101110101100001
111100011011001101
000000010101011110
000000000010011110
000010010010001100
111111111101101100
111111110011000010
111110100100100001
000000000100011100
000010011010110011
000001010011101100
000000101001111110
111110011011100110
000010000101111000
111011000100011100
000011001110110000
111101010011111111
000100100111100010
000001011100001001
000011000111000011
000000111000110100
000100001111010010
000100001000100101
111110111011111111
000010011011000101
111101001101101111
111010101110000000
111001110000001101
111111110001110001
110001111011000010
111000010011001100
111001101011001001
110110101011000011
000000000100101100
001000110011000001
000110001101100111
000100001001100001
000010111011100101
000110011001001000
111110011101000101
111101100001111001
000011001111111100
110110011001011001
110011001101001111
000010100011000010
000110010011010101
001010001111000011
111111000011001110
111001010110101001
111010010110010010
111000011101110101
111101111110001010
111100010010011011
111001010010110100
000000010000011110
111100000000101101
111001001000010001
000110010110000001
111110001001100011
111100000100111101
111110110011100001
111110000101111010
110110111101111101
111010000101010000
000000100111001101
111001001011111101
000001000110100101
000100011001110111
000001100110100111
000011101101010000
111111101100110011
111111011001101101
111110000001101100
111110011111011000
111110010101101011
111101000010001000
000001100100001101
000011100000110111
000001111010011001
111010100110001101
000101101001000000
000110010001101101
111011100111111000
111101001101011100
110100011111010111
000000100100000111
111111111011011101
000001011101011100
000000001001000100
111111001010010010
000101011110100000
000001110100001011
000010010100110111
000001101011101100
000001111100011111
000010001011011000
111110000101011001
111011101100100111
000000010011110000
111110111001101010
111110000101111111
111111011001000100
000010010111000010
000001011000100110
000010110110011001
000000001011100111
000011001101011100
111101110100000101
111101001100101011
111101011101001101
000010011100010011
111110011000101110
111111001111100101
000001110011100000
111111100011011110
000001001101110001
000001110000110100
111101101111111111
000100011100110100
000011101010101111
000010111100001111
111101011001001011
111100101010010111
111111111110100010
000100000101110101
000100100100110011
000111001011111010
000101001100100010
111110100010010011
000101100000000111
111001100101010001
000001101111111010
111100101001101101
111011100110111110
000001110010000111
111001101010100011
000010000011110100
111111010101011000
000100100110101100
000100111000100111
111110010001110100
111010110010011101
000000000100111101
000100011110100110
000101001011001111
111001111110101000
000011011111111101
111111110011010100
000011011110011000
111111101000011010
111100000110111000
111101110101101011
000001100101100010
000100000110000000
000001000110110101
000001001110110000
000001100110000001
000000010100011101
000100001101010010
000010001100001000
000010101100100100
000000111010000000
111101001100001011
000001110001001011
000000000000011000
000000010010011001
111110100001110100
000000100101000010
111101010001001000
000010101001110111
000010110111010110
000010111011001011
000000101010001100
111100101011101100
000011110100111100
000010110001010100
111101011011010010
000000101111001000
000000100000001010
000000100000111101
000100100100011011
111100100011110100
111110001000010100
000000010111101000
000001010000000111
000011100110011110
111010101110110000
111011101001000101
000101100111101001
000010111000010111
111010110111101100
111100100011001010
000110110101100100
111100100111111101
111111001010110001
000011011011001111
111111110001001111
000010010111101110
111010001101000101
110111011111000000
111011001101001100
111110011001100000
111011010000101110
110111110101111001
111100011101011010
111111010010001010
000000000101011100
111111011100110010
000011000110111101
111110010000101011
111111010100111100
111010111000011100
111010010100100111
000010011110010110
111000111101011000
000001100001110010
000000000000100001
111001100111101001
000011011011110010
111111001001110100
000000110011110100
000001001100101110
111100101111111110
000101100010111001
000010010100001010
000101101100011001
000000000101011110
111010110011111011
111011101011010111
111100111010111011
111111110101011111
111101010110010010
000011010010100001
000000010000000011
000101001000111001
000001000011011011
111011101110000110
111010101110001001
000001110011011110
111101101000110100
111111111011010100
111100100110111101
111100101000000011
111110100100101000
000001100110000011
000001000001111111
111100011011100010
000010000001000011
111111101101010010
111110110110111110
111001001011000111
000000000001111010
111111101010011111
111100100001010111
111011110001100010
111001100110011100
000000001001011011
111101010100000101
111111101101000001
000001010101000010
111111000111000000
111111001110110011
111101101100000001
000100111000010001
111011101100011110
111110101001111100
000001110000011100
111110001110100001
111110101010110101
111110110100110100
000000101111010001
111101010101000101
000001010010110101
000000010010100011
000001000001100100
111101101011000011
000100100010000011
111111110011100001
000001001000010110
111110011111100111
111011111001110110
000100010001011110
111110100100010100
000011011000111001
000001100111011110
111111010000010111
111111000110110011
000010010110110011
111000100010110000
000100011111101011
111110100001011010
110010001110001011
111100011010101000
111110110111100001
000010001111101000
000001000101000101
000100011111000011
111110011001010100
000001110001101111
000010101101000011
000000101001011110
000010101010000011
111010010010000000
111111101011010000
000001111001101010
000011100010101010
000100100000100111
000011111111010111
111101011001100111
000001110010110111
111110111101010011
111011000000101010
111111011111110111
111111010001111011
111010000001111101
000010100110011010
000001010101101110
111111000010111011
111100000101011011
000011100011100101
000010000110000010
000001101100110111
000001000000010001
000100110101111001
111101011011011111
000001000001100101
111101111100111100
111110110111000010
000011001011001011
111111010010111110
111100100111101110
000010010100000111
111111011010010001
000110100100000001
000001010000001000
000000100010101110
111100110100011101
000101101001011001
000001111001100100
000101101101000101
000000110010000001
111110001101101100
000000001000010101
111101101100100010
000001011000111010
111110010111101000
000011001011010001
111111010011111001
000011000001000100
111101011110000110
111110001110111101
111110010110000101
111111001001011111
000111110101010000
111111101100110111
000001111000111000
111100111101000100
111100101100011001
000001010110101000
111111111101100101
000100101010000110
000011010010001001
111011010000000100
000101001011111001
111100101101100000
000010100100011010
111100011111010101
000100101011110000
111100010111110110
111111101111111010
000001010010100001
111110011011110111
111010110101101001
000001110010100010
000000100100011110
111111000110001001
000110000110110000
111000101101110010
000000001000100011
111110010101001011
000000011100000110
000001011000100010
000010001101101110
111001001001110000
111110110010101100
111111011011101111
000010001000000000
111111000111001100
111011011001011100
000011010110000011
000010110010001001
111110011110011100
111101000100010110
111010110000001010
111110011110101000
000000101100101101
111110100100011000
000001000001000000
000011010111110111
111111100001010010
111011100000110001
000000011000101110
000001001111100001
111110110111011010
111111111110111000
000100011010001101
111110011100000001
000001010101111010
111111101111111100
000011101000010100
000101100101110001
000001011111111101
111101101101010111
111101000000000111
111101001001011000
111101101110111111
000000000100111010
111111000000111010
111011101000010101
111110000101001001
111101000101011111
111111011011001000
000000110001110100
000000101111000101
000000101010011110
000001010101110101
111100000111101001
111111111100110011
111110101010010010
000001100100011111
000001110000011100
000010010110110110
000000010111110111
000001011000010111
111111010001111011
000000001101110011
000001001111100001
000001001101100110
111110111011000111
111110001000110010
111100111110110010
111110011010011101
111101110011110000
111101011110110010
000010100110110010
000000110001111001
000001010101111101
000000100100111010
000010101101000100
111111011000010010
111111001001111001
111110100100000011
111111011000111111
111111111100110111
000010111100101111
111101001110101110
000011101010011000
111110110011100011
111010110110111110
000001000000111000
111110011110001010
000010011001100011
111101001101011110
000001001001000010
000001001110011001
111101010110000100
000001101111101111
111100100000010001
111101011111010000
111110100101111110
111101111100001111
111101000000111100
000010100011011000
111011110001011100
000011100101100000
111010111101110101
111011000110010100
000001011000100000
000101011111000001
111001110011101111
000000010110001110
111100001101010011
000011000100111010
111101101110000101
111110010101010101
111010011010100100
111101001000011010
111110101100010000
111110010100000100
111100101111101110
111111011000101111
111101000011110110
111011111100011011
111101010000101000
000001111001010001
111011000101001100
000100000011011011
000000011110101001
000010101100001100
111100011010010010
111010001101011000
000011000101001100
000010010010111101
000001100111001100
111100110011101000
000011010000110011
111101111010100000
111100111111100011
111111001000110001
000000001100111110
000000111100111110
111111001100010001
000010110010111011
000001101101010001
111111101011111011
111111100001000000
000000110101100010
111111111010110101
000011001100111100
111100011010001000
000001111100010110
000001001000000111
111111010101110111
000001110110001101
000010011111101001
000000000101101100
111110010000111011
000000101100101100
111011001111101110
000010000101110011
000010011010010111
111111011010101000
000001011000101011
000000111001010000
111111110001101110
000010010101110101
000010101110100111
111101010110100111
000011010101011001
000011010011001000
000011010001101011
000011010011111110
000000011111010011
111100110010111101
000000010111011010
000001101000111110
000101010001000111
000010010010011000
111100100001100101
000011001010111110
000010011100100001
000000001011100100
000100011001001100
111111000100111101
111100110101000010
000000001001001010
000000100001011011
000000110100101011
000000000010101100
000010010101010111
111110010000100110
111111111000010010
000010101110100010
000001001001100001
111110110111001101
000000110010001111
111111100000011111
000000100011101000
111110011001101110
000010010001100011
000001000111101001
111110001100111001
111110110010000000
000001100011011000
111111011100011101
111101100111110011
111100100110110011
000000101001011000
111110100111111001
111101011011111001
000010011010110101
000010100000100001
000000001101010010
000001110011001011
111100010100001000
000000000011011001
111110100111000111
111100000100110100
111111001011011110
111101010000101000
111110101000010010
111101010010111011
000000100001110011
111111011000111010
000000000011111000
111110110011001110
000000001001000001
000001001010100000
000001001100101000
000000111111010001
111110011110011010
000000110000110001
111011110000011000
000000010011111010
000001010100000110
111101110000111011
000001000110100100
111001110010000001
111111010100100010
111010101110110001
111001100100000000
000010010111000010
000000100011110100
000000001110101011
000010011010101100
111100100001011000
111110011110110001
111110100000000011
000000110110111110
111100111011011001
000001100100000000
000010010000000100
000001111010110000
000000000100001110
111110010011111101
000000110001000101
111011101011000101
111110110010110000
000001001100101110
000001111110000011
111101001110001100
111101000011000001
111011111011001111
000011111011000000
000110001111001001
111100110000100011
111110101111101010
111101001011011110
000001001100001000
111101110110010101
000010011010101101
000010001110010101
111011011101101110
000000000000101111
111011000011110110
111110011010001010
000000010110010001
111101010011110000
111101011101111110
000001000001100000
111110111110010100
111111000100110010
111111111101100110
000010011011011010
000000010010011111
111101010110000100
111110111011001001
000001101001110101
111100100110000000
111110011110111011
111101100011000000
111110010010110110
000001000100110011
000001101100110100
111110100111100011
111111010010100100
111111011000100100
000000010001010100
000110010101000000
111100110110000111
111110000111001101
000011011010011101
000010010001100111
000110010100001111
111010110110111100
111100100100100100
111010000110001000
111111110110110000
000100010010110001
111110100010110100
000001011111010011
000010011011010100
111111001110110111
000000110100110001
111110101000010101
000010101001110101
111110100101011111
000001010010010000
111010110101101100
000010000000011000
000111111001110011
000010010111100111
111010111010011100
000011001011111010
000101011001010001
111110101101101011
111101001001110101
111000110101110000
000110000001000110
000100010111110101
111100110001110001
000011000100010010
000000011100100110
000001010010101001
000000000110111110
111110111101010110
111101101100100110
111111111010110011
000000001101010001
111111101000001010
000000000111110001
000001111010010101
111101011101101001
111110000101010011
111110010011010011
111111101000110110
111110011111000110
000000010100111100
000010001101110110
000000101001110110
000010101001110001
111011101011010001
000010000011100011
111111111000011101
000000100100100001
111110111000101100
000000100110001001
000100101100000101
000001110010100010
111111100100001110
111100101101110111
111100011100111001
111110101111001011
000001000110100100
000010100100111000
000010011101100011
111100000000110101
111101011000000111
111111110111110000
000000110010010010
000001100001001001
111110100111011110
111100100100100001
000001110000110000
111101110100101101
111010000011001100
000011101101101000
111100111101111110
000001110000000011
000000111110101001
111011111100011111
111101011000100111
000001001100110100
111101001011001101
000000101110011011
111011100101101110
111111101111001010
111111011000101000
000011111000001110
000001010000011011
111100101001110101
111011111100011010
111011110100010000
000000101110111101
000000010110010110
000001000100011010
111110000000011011
000010011010000010
111101101010100010
111100100110100100
000000110001110010
111010100000110110
000010001010010101
000000001010011001
111101110100110010
000000000000100010
000010000011010001
111101100111101101
111101001101111011
000001100101011100
000001011001100111
111011001111001110
111110101100100101
111110110010001110
111110010011000100
000001010000111111
000010101000011100
000010000010100110
111101111000111101
111101001000011111
000010100011100000
111111000000010011
000000111000010111
111111001011111101
111110000111000111
111100100110101011
000010000110100111
111110010011010100
111111101101010011
111111011011111000
000100000100011010
111111011001110111
000010000111111010
000001100101101110
111101010100100111
111101111001101001
000001101001110001
000001010111110000
111110001010111100
111111011111000000
111110100000000100
111101010010111101
111101011100101111
000100001100001110
000000010011111111
111101100000010010
111110001101010001
000010000110000000
000001100101110110
000010001100110011
000001011111001111
111101101111000001
111100110000110111
111101110101000110
111101001001010001
000000010010000001
000010000101001001
111111101110011001
000000101001101111
000001101101011011
111101011001011101
111101011100100110
111011111110011101
000000010000100000
000000101011011011
000001010010010101
111111010000100101
000010011000111100
111100001111010001
000010101110010110
000010000100101111
111100011100111000
111111110111110001
111100110111101110
111100101101010111
000011001111011110
000010100010101010
111111110010011110
111110001111110101
000000111000001001
111100111110011101
111111111110010110
000100010010011010
000000000001100111
000011010001001010
111100000010010001
111101100010000001
111110111101011110
111100111101001111
000001100011100100
000010000101100100
111011100011000011
000001111010100110
111011011110101110
000001111101010000
000010110000111010
111110101000001101
111111000101000111
111111001101110101
000011000100001000
000011001011000110
111101101010010101
000100000010110110
000000110100011011
111111010101101100
000001111111100100
111100111001011011
000000000011100111
111111011001001110
111110111010110111
000000011001101011
111111101110110100
111110010011001011
111111101101110100
111110010110011110
111111010000101010
111110001001110001
111110000101011100
111101011111110010
000001011001100011
000001101100010001
111011011011010001
000010110000001101
111101011001001100
000000101011101100
111111100010111001
000010000011001110
111101100111000110
111001100111110101
000100110011100100
111001101110011010
000011101110110001
111110001100111010
000010010011111100
000011000110100111
000001110111100101
111010011101000000
111101101000001110
111101001000010010
000000010011011000
111110011100011010
111110111000001000
111111101000000110
000011101010000000
111010000101101001
000100110110101000
000010111010001001
111111100011011011
000000010001101101
111110101101100111
111100010101110000
000000011010001100
111101101101000011
000010110110110000
000100010101001010
111010010010111100
111101101111110000
000101000101010110
000010010001010001
111111111001011011
111100111000100101
000001001000001110
111100110100011000
000000110011100110
000001110001011101
111001110001010000
111101011100011001
000000011000100000
111100011010101100
111110101010100101
000000011110100101
000010100011001100
000010100010100101
000010101111100110
111101101111000011
000001110000000001
000100100111001000
000000100111010001
111101100111000110
111110101000110000
000001001011111111
000001100111110110
000011001110100100
111111110011110010
000100011000101010
111101101000101011
111101010100110101
111100110101001101
000011111001011111
000000100111100100
000010111110101111
000001010010101110
000010111001001011
000010001000000111
111110101001001001
000000111100010010
111111001000001101
111111100111001011
111110011001000100
111100111010100101
000100001010011000
111111001100010011
000001100000111011
111101010011001010
111111110100111001
111110111100000101
111110000001111001
111101111000101000
000100000011111111
000001100110001100
111110101000100001
000100011110111101
000100010001111101
111111111001111110
111101010111000001
000100111010001100
000010111110010011
000010101101001010
111010110111101111
000001101101010110
000100011010010101
111010011000001100
111101111111110111
111111001100110011
000000001001100111
111110001101100000
000100010110101110
000000001111000010
000011000110010111
111111001101110110
000001010011110100
111110111000011010
111110001111101101
000011110001100100
111111111110110111
000010101010001100
111100101001000011
111100110010000011
000011101011101111
000000010010000111
000011101100110010
111111010101111011
111101011111100010
000001001001111001
111110000100001011
111110100011101111
111111010111001111
111111100101011001
000001010101011101
111110001101000000
111100000111111010
000101001100011001
111111010000011100
111101001001000000
111111011011010110
111101000110111011
111100111111110000
000001010101111011
111100111110000100
111111010110001111
000010011100110110
111100100001110000
000100101110010011
000000101000010110
000001111110111111
111111000001111011
000010001110100110
111110001010110011
111011001000100000
111101010110001001
111111001011000110
111010001011010001
000010010111111010
000010111110011111
111111100100111011
000001110101011101
111101011100111010
000000001101010001
111011101101101011
111110111011010011
111111010111011010
000010010000010010
110101110010000001
000011011101000011
000100101011001000
000000111000011101
111100011110110111
111011111011101001
111111011101101110
000011110001101100
111110011011000110
111111011101110000
111111000011010010
111011100000111111
111011010110011101
111110011100000011
000101001001001100
000110000110000101
111100111101111111
111101101100001000
111110110101100101
000010010011111001
000010111010000110
111110101110100001
000011111000001110
111100110100101110
111110100110001100
111110010111011100
000000110010010010
111101011101000101
111011011110100000
111110111111111000
000011100011111111
000001001001001110
000000001001101000
000000111011010001
111111001000001011
111011100111111110
000001101011011110
111010111111110101
000100000110010111
111111110000000100
000010101100101101
111011110110110111
111111111111101100
111101110101011011
111000111110001111
111001111101000000
111100000001001011
111110101010110010
111110100010000101
111101111101111001
111110010001000001
111100011100100101
000101110011010101
000001111011100000
000011100111111100
111101011010100110
110101011010001110
111110111000011000
111011101011010110
000001100010111000
111111100000101111
000000100100000100
111001011101101011
111101101110000000
111110101110010101
111011100010100010
111100111100001001
000001011000110110
111101111100010100
000001001010110001
111010000000001011
000001001100000000
111011110101100100
111110100101001001
111110000111100001
000001011101101101
000010100101100101
000001001000010101
111101101101011111
000000011000000001
111111001010101101
000001101111101000
000001100100010010
111110010101101011
111001100100110010
000010011100000011
000001010100111110
000011010001000001
111111111010010001
000010101110011110
000001110011010011
111101111001101010
111110000111101010
111101110011010011
000001100110011110
111110100011010001
111101000011000101
000000111110111111
111100011010101101
000001111110011101
111110101011100110
111101010000000110
000010001001110111
000000111010010100
111111010111010010
111110000111000010
111010101001100000
000000111111100001
111011100111111111
111001000100101101
111101110000001110
111100111011101001
111110101111011101
111111111110110010
111110101110010001
111111010111110110
000101011011010111
000000010110111101
000000011000000100
111010111001011000
000001100110011000
111101100111001101
000000011110010000
111111110110101001
111101000110011011
000010000100100011
000000101001011001
111110011000110010
000010101100101100
000000100101100100
000001111110001001
000001001010010100
000001110000000101
000001110110010101
111111001001111110
000000110000010111
111100001101101000
000011100000001011
000010010100011001
111110100011010111
111111101111100010
000000011010101111
111111011101101100
000010100001100100
111111100111100010
111111001000001000
111111110110110100
111111010100111111
111101001011000001
000000101100111110
000001100000111011
000100111111011011
111111111101001001
000000010110010001
111110101111101010
000000010111101110
000001100111101011
000001001111000010
000001011001111111
111110101100000101
000010000011110001
000101011001000011
000000010000111010
111011111000011000
111001011100000010
111111111011010000
111100000100110100
111101110011111000
111101000011000110
000000001101100001
111011110001010000
111011101101001110
000001110100000101
111011100001000101
000000011100110101
111101110000001101
111111110110100000
111111101001000100
111110010101010010
111100101011001001
000011111100110001
000000011001110100
111100100010001011
111110111111101101
000001001010011101
000100101100010111
110111111100101111
111001000000100111
000000001111000101
000001011001101111
000001101010000010
111110100101011110
000100001110111111
111101100001000001
000001110101001011
000010001000111001
111101011110011000
111110101011100001
111011000001010000
111110000000100101
111010010100001001
000010000011010000
111111111000101110
111100000100011101
000010011101110111
111110110100011001
000011001101111010
111110000000010101
111110000110101000
111011100111000010
111111111001110101
111100101110101000
111001001001001101
111111100011000001
000011101100000010
111110111000111101
000000001010011101
111111100001110110
111011110111111111
000011110001110000
111101000101001010
000010010111111111
111110111011000010
000001101001011110
000010110000111101
000000010100100101
111111100011100101
000000010010000010
111110001110100000
111111010110100110
111110010011010101
111111001010011110
000001011000001001
111101000101110011
111110101100100110
111100011000000101
111111010101101101
000000110101001100
111110111110001111
000000000100010101
000010001000010100
000000011000010001
000001110110000110
000011001001100100
111110101101101000
111100101010011010
111100010101110100
000001110000000111
000010011100110011
000000110111000100
111101000100001000
000001010000111100
111110000100111110
111100011100010111
111011100100110000
000001101001100110
111101111011011111
000011101011111110
000001001111101101
111110001100100111
111110001110001000
111110100101001001
111011110100100001
111010100001111101
111100101010100111
111101111010111101
111111111001101000
000000110011010101
000001100110111010
000000100100010011
000010010011100010
111111101000101011
000010000001111001
111011101010000011
111110100111000000
111111000010001110
000001100001101100
111111101101111010
000010100100100011
111110010110001011
000001010111000110
111101001011001100
000011010100010111
111111000010000110
000001011011110101
111100100011010000
111111001101011101
000001011100100010
111110111011001010
111100111010011001
111110110100001111
000001111100001010
111111010101000010
000001001000010001
000000010011010000
111111010001100011
000000101001001010
111101101010111101
111101111101001101
000010101010111111
111110110000101101
000000100111010011
000011000011110100
111101101101001001
111101011111010100
111110101101001111
000000000000010000
000010101010011000
111101100111001011
111101100101100100
111111110001111000
111101100101110100
111101100000110011
111100011001111100
000001110000100101
111111101011101000
111111110110111100
111101000111011000
000000111000001100
000000111011001100
000000101000011100
111100011011011000
000000000000110100
000000101111110000
000000010010011100
000001011101101011
111110111001011001
000001011000101011
111001110000111111
111101111111110111
000010000011100011
111101101110011010
000010010101101011
000000000101010001
111111001110000111
000001101010011100
111101001101000001
000011011100001100
000000001110010000
111111000011000101
111110101111011001
000000000111011000
000100000011111000
000010111100110000
111101110001011111
000101100001011001
000010001000111010
111110101100100101
111110001111110111
111100000010110001
000010010111000011
000001000001011101
000000101001011101
111110110110011101
111111000001100101
111000110101011011
111011110111111101
000010101000101101
000010110111110111
111110000111110101
111011011111011111
000010111101001100
000010011111010010
111101100010001001
111100100111110011
111010110111011010
111100111011111011
111100011101101010
111111011111111001
000010011001101110
000001111010100011
111100110110101000
000001111000010010
000000111011000101
000010111111100000
111100111111011110
111100111101000011
000010111101010010
111101100010011000
111001110101010100
111111100111000110
111111111011000000
000011111000101101
000001111100010101
111111001001001010
111101100001001011
111111111110011111
000011110101011011
111110111100010111
000001001101000111
111101000100011110
111001101101011001
111111001000011111
111101101110011111
111110111111100110
000000111111000000
111111100010111111
000001000101000101
111110111010011010
111110111100101101
000001111000000101
111111011001101011
000001111100000111
000000101011110001
111100110111111111
000001110000011101
111110000110001111
111111110110100100
000001001110010110
111101110001100011
111111101001101100
000001010011110011
111111000101111001
000010111010001101
111000001110100101
000010111111100011
000000010011110110
000000110000110000
000001000010011110
111110101101111111
111110001110001010
000001100100010011
000000100000000001
111101110001001000
000001000111010100
111011111010111001
111110100110011100
000001000100110000
111111011100011110
000000111110010111
111101011101001110
111111101100001011
111110010001000101
000010111000101110
111100111000101101
000001011110001011
000010101010011000
111111001001000101
000100001100110110
000001001111000011
111101111000100101
111111010101111000
000011010011001011
000011001101111100
111111110101110000
000000110111110011
000010111001011101
111010100001101101
111011000011010111
111111101000111110
000011011100011101
110101000111010101
111111101011111100
111100001011111000
000010011001011100
000001011101011110
000001111100111101
111101100100010011
000000101001111010
111101100010110101
111101101010011010
000010011010001010
000000111010000111
111101000111000001
111111000010101100
111101001101011101
111110001100010011
111111001000000110
000000101100100111
111101001010100110
111101000010101101
111011110011100000
111101011010010101
111111010111101101
111110111110010001
111101000010000010
111110111001010001
111100011110110000
111100111100111110
000000111010001100
000010101001001011
000010100010010010
111101100000100111
000001000010100001
000001001010101100
111111011111101011
000010111010100011
111100001101101110
111111111001111100
000000000011001100
111101011100100100
111110010010011001
000000010010110000
111110001110000000
111011111111010110
000001110110111011
000000001110011001
000001010110111001
000000101000111101
111101100100110010
000001011100100100
111101111100011010
111111101010011111
111110101110100001
111100110001011000
111100001110101001
000000100110001111
111101100101110010
000000110101011100
111101010111001101
111111111100011110
111110001111100101
000000110000110011
000010010001100000
000000000111010000
000001100001110100
000010101101000110
000100001000110010
000000100010111010
111101110101111010
111100101101110011
000010000101101011
000001100101001001
000000110000011101
000010010011000001
111111000111000010
111110011101100110
000000111100010010
000010001010100111
000000011001001100
111100110011111100
111101011010001100
000000101011010100
000000001110111000
000010011011110011
000010001010011000
000000001001110001
111101111001001010
000000111111011001
111110101110110110
000000110100100010
000010110110111110
000101001111111101
000000010000010100
111100001011111101
000011100110100100
000000101010101100
111101100111011010
111110110010110111
111100111001001001
111110111111111101
111101111111011001
000001101000100101
000001000111110010
111100101010111111
111110110110000110
000000100101111000
000000100101010000
000010110110110111
111011111101101000
000000011010100111
111100001110101100
000010110001110011
000010001110010111
000001111111000011
111111101111101110
000010101110011110
000010010001010011
000000100000011100
000001010001101111
111110101110101111
000000000010001111
000010011111111010
111111110000100111
111101000000000010
111100110000101110
000000010110001010
000011000011001010
000000000011111110
111100101101000000
000000010000100100
111110111011110110
111011001000110010
000101001100011011
111111010101100100
111111001110111011
111110111111001101
111111011011010011
111110111111111010
111100100101100101
111111101000001001
111101100011101111
000010001110001011
111100100000000001
111100000110101010
111110000000100100
000001111011011011
111010100001110110
111101101110110111
111110010100101100
000001110110100000
000000101001101000
111100001000111000
111100010100000100
111100110001101011
111110101110110111
000000111010010111
111110110111101001
111110001001001010
111100011111110011
111111100011100011
111101010110100111
111110010011111110
000011011011010110
111111010100100110
111101110100111100
111101110100001011
000001101111001011
000010001010101100
111111011001010000
000001100111110100
111101110111011011
111111111101011000
000010010100111100
000001110010101001
000010100011000101
000001001100100111
111111100010011100
111111000101100111
111101111110111000
111111101100011000
111110101001001000
000001000101011111
000000101101111101
000000101101011110
000001001001010000
000000001010111110
000011001001101100
111101010000111010
111101101001010110
000010000101100100
111010100011001011
111110010001000111
111101100001110001
111100011000111011
000010000110100110
000000000010110011
000001001111001010
111101010111110101
000010010010100001
000000110000110000
000001010101110011
111101000010111001
000000110010000001
000000110100100110
111110001000111101
111110001010010110
000000111111100011
111101101000011010
111101100101010001
000000010001100111
000000000000010011
000001101100010011
000000011101101000
111111001100111110
000011101111010111
000011011000100011
111100000010110000
000000010000110100
110111111011010100
000010010101001010
000000101111000001
000001000011001000
111111101001111010
111111111010111010
000001010111110110
111111011011001010
111110110011100000
000001001010001001
111010100101111100
000001110101101010
000001010010011000
111101001000000011
111101101010011010
111101000000111111
111110111100001011
000011001100110100
000001110010000001
111111101110110100
111111101111110001
000011011011000110
000000110000111001
000001101011111110
111011100000001101
000000001101111101
000011000110001000
111111011111101101
000001001010001011
000000101110001010
000000100111000010
000011011000101110
000011000110111010
111101001101010001
000001000000111110
111011101011010000
111110011110001100
111110101001000110
111100010101000000
111101101001011111
000011011011010100
111101001101101001
111101111110100101
000001101000011010
000001001001000011
000010110111010100
000000100101000011
000001100101001110
111011110010000101
111110010100001001
111111000000101100
111110011010111111
111110100000001001
111101111010011000
111110101100011010
000001110111011110
111110111100001001
000101111111001100
111100111001010100
000010110100101001
000001000000110001
000001000000011011
111111111100110010
111001111010110100
111111101100011111
000000101110111001
111101100100001110
000001111100100011
000010010101100001
111110100110100111
111110110011101010
000000011011110011
111110011100000010
000011001100001100
000000000010001000
000011111000001000
000001011110000001
000000011100111010
111011011110000001
111110011011111111
000001111100111101
111110000011100011
111111001010101000
000010100100100100
111101101111011100
000001111111010111
111110011010110011
111111011110111101
111100101110010111
111100100110011101
111111000111000100
000010101011001101
111011111100011101
111111101101011101
000010011110000011
111111011111010100
000010101010010111
000000101001100000
111111110001100011
111101001100001000
111100111011100011
111110010111110000
111111110000100110
000010110100110010
000011101011010001
111111110100010001
000101000101001111
000010000010100110
000011001010000111
111111010110110111
111111000111001000
000001001010010000
000011001111000100
000010101010001001
111101110111111101
111100101101000011
000000011110011100
111101110100101101
111111000001100000
000010000100011100
000010110111000001
111111001100111111
111110101110111001
000001000001011110
111110101001111000
000000111100000010
111110111100010101
111111011001010110
111111110110001001
000001111110100110
111100000001001010
111011111100110110
000000001101100101
000000010101110011
111110100101011010
111111010010010101
111101001100010110
000000101001010010
111110000100110010
000010011000000000
111111110000101100
111101101001101101
111111100000111011
000000000011111000
111110010111110101
111101001011110101
111011011111100100
111111110011001101
111101011011010011
000010001010111100
000000011011001100
111110011111000111
111111011011101101
111011010101000001
111100000111010100
000001110010001100
000010001101011001
000001111111111101
000000111100100100
111110010110001000
000100000100101111
000010101101011001
000001111111100011
111101000001001111
111110010001000110
000000100010101111
111111000001010010
111111110110111001
111111010001010110
111100010111110110
000011100001011111
000000110010001011
000001011010111101
111101000010100110
111100001110000010
000001100001000111
000000101111001111
000001100100000100
000011011110011100
111101000101011000
000000110110010101
111011111001001011
111101011011110011
111011110011110100
000000101110001111
111011111000001100
111111100111000100
111100011000000101
000001100110101000
111111100101010011
111101001100011011
111101101000011101
111101100111110101
111111011100000110
111111010111101010
000001011011100110
000000000011101011
111101100010101000
111110010110100010
000000011000100111
111111011110011000
111100111111101001
000001000111100011
111111000110001101
111101011010011001
111110001100001110
111101001000000111
000011100000100110
000011010110001111
000000000011010010
111110101001001110
111111010101000111
000001011011110101
000000011000001100
000001110010111000
000010011101001011
000000011111110100
111111001011010001
000010000011000011
000010001001101101
000000011100000111
111111100110110010
000001110111011111
111101101110101111
000010101011000110
111110010111100000
111110110010111110
111101110000000010
000000110111000000
000011001100011111
000000110011110010
111110100000100011
111011001111000011
111011101111010000
000000011110100111
111111111000010000
111110011101001110
111011001110111000
111110010111111111
111011010111000001
000001001001011011
111101111100010010
111011100000111010
111110101110111001
000001011011011101
111110000000101110
111101000100000001
000100110100100111
111111000110100101
000011000010010100
111110010001000011
111011100111000010
111101100001111110
000000001000010001
000000111011101110
111111111101111001
111101100001110001
000100100000010001
111101101001101100
000000100111101011
111101101101101011
111110101111000101
111100111101001110
111111100110101101
111111001111000010
111101011111111100
111110101100101010
000001100111010101
111100111011001110
000001011110000111
111110011110001101
111110000101010010
111101000101111100
000011110011000001
111100100001011011
000000100011000000
111100100110110000
000000100101010010
111111111010111100
111101100101010110
000001111011000101
000000000111111100
111110011111100001
000010101111110011
111110010101001011
000001101011011001
111100110111001101
000001011000011110
000011000000011110
111110011011000101
000011110000110011
000001110001110011
000100011001110100
000000111100110110
111011010101101011
000000011110101100
111110100100101001
111111001110000100
111100101110111001
111111100000100000
000010000101100001
000011000100000000
000000001001000111
000000010100100111
111111100110100110
111011011111001101
000000111010001101
111110111001111000
000011101000101010
111101101110111110
111101011001100111
000100001000110011
000010000111111011
111111100111110011
111110110011100110
111110100010110010
000101010000110111
000010111000010110
111001111101010111
000010001101100000
111011100111110110
000000010001111000
111110010011001011
111111110110001100
111110000001011111
111101011010000111
000001000110001011
111100101011100100
111101111000101011
000011100000111110
000101100111100011
000001100111101001
000001100001010101
111111110101100110
111110001101111001
000001100101001010
000000111010111111
000010000000000001
111111011011110111
111101001100100100
111101110011111011
000010011001110011
000001110010001000
000011010011100101
111100010101011000
111100111110001100
000000100001110110
000100010001100110
000100111100000010
000001101011101001
000000110111011001
111101100011010111
000000100010101111
111101001110011010
111001110010011101
111010111000100000
111101111100011000
000000011001001011
111010110100001010
111101011100100101
000000001000011001
000101100010111100
000011000001001000
000000101100111011
111110000110110011
111111010101101100
111010111011000011
111110101000011111
111111101100100111
111001110001101100
111010000000101110
000000111000111010
000000001011001001
000110001011110110
000000110000100100
111101100010111111
111000101111100010
000010010010010000
111100011110101010
111010011011000110
000000100111101011
111110000000001100
000000001001100110
111000010100111110
000000111010110011
111110000011110001
000001011001010001
000010001010011110
111111101001100111
111101101100001000
000001000000110100
000000001000111111
000000110101011001
000011011001011110
111101111111000111
000001011101001010
000000010000101010
111101100110101001
000000101111110011
111101001011011010
111010011100001001
111111110011110001
000001110011001110
111101111010001011
111101000111000111
111110100110011000
111000110100001111
000001111101111110
000101011011001101
111110100010011100
111110111001010100
111001001001111101
111111110001111101
111110011100101110
111111011011010011
000011100110101011
111011000100010011
000001111000100011
111111100101001010
000000101010000011
111100110000010011
111100010000001011
111111011011111100
000000110111010001
111111110100111001
111100111011011000
111011110101010001
111100101101011111
000001111111111100
111100001100001100
111110100011010001
111110100111010010
000001001000010000
111110001010101011
111110000000011000
111101001000010011
111110100001011000
111100111110110111
111111111000100111
111110001001000010
111111001110010011
111100111011111010
000000010100101101
111111001011010110
000001010101011010
111101010100001101
000001110001111000
000000111110101001
111100011000111101
111100110010111000
111011101111011000
111100011001101110
111111100110101100
000001011010000111
000000010000101110
000000010111011000
111110111110010100
000000001100100010
111111100011111111
000000111111110110
111010000100001111
000010010011110111
111100101100001101
111101100001001101
111100011010010101
111111010001111000
111101000010111100
111110010100011111
111110110110000010
111111011100000001
111110110111100010
111111110000100110
111101001111101110
111111001111111001
111010011100100100
111110100000001011
111110100000001001
111111111111110101
000100110000000010
000000010001000100
000100001110000101
000010100111110000
111111001110110001
000001010110100100
111110010011111000
111111110000111101
000010111111100010
111110000110010011
111110011110111111
111110111010010110
111110111110011001
111111001010100101
111101100110001100
111110010011011010
111100100011111100
000010110010110010
111110000000010101
000001010110111011
000010011010001101
111101011110100100
000011000100010110
111111011110010101
111110001101101001
000000001110010101
000000010010101110
111011111111001111
111111110000100011
000001100111001001
111111101001100101
111110000110100000
111110111100101011
111101011001010111
000000101010111011
111111100110101110
111010110111010000
000000110110110000
000101010000000011
111100110001010111
000010101010111001
111100111101000110
111111001011101011
111101100010010010
000011010100101001
111111011101011111
111111110111010010
111100111000001111
111100011011110000
111111001101100100
111011010101110111
111100110101101111
111110111001011000
111100100000010011
111100101100010011
000011011010000001
111101101100010001
000100011100001001
111110010000111001
000000010001011000
111011110111111001
111111000011111000
000000100100011000
111010001110011101
111011100100100001
111011111010000101
111111010001010011
000011000101010111
000000001001010110
111100000010011100
111111110001011111
111110000011001001
111110011110000100
000001101111110101
000001111000110101
111011101011010010
111111100111100010
000001010100110001
111101011101000100
000001011010111111
111110000010101010
000001100100001110
111101100011010100
000010010101010010
111011101110110110
111100101001101101
111111101100111100
111111110110011101
111111010000010001
111100000100000100
111011110110110101
111110110100010001
111011100011000010
000001001000100111
111110111000011110
111101110101100111
000001011110010001
111110111010010000
000001111000100000
111100100001110000
000001000010011100
000010110001110011
111111111101101111
111111000100000100
000001000110101011
111101011011001111
111110001010000111
111111001100101101
000000110101010100
000001100111100001
111110000011100000
000011010000101100
111111000101111110
111101100110010010
000011101001111001
000000110011101001
111111111110110010
111101001110101111
111101101110111100
000010011110010111
000010001100000011
111111001101000100
000000100010011101
111110111011110110
000010111010000111
111111001111010010
111110011110110100
111111111001010111
111111111111001001
000001001100101110
111110011011101000
111111011000111101
000001001000111010
111111111001100100
000000100000111100
000000100111100010
000010001011110010
000000011010111101
111111001010010111
111101011000000101
111100010101111011
111101101111011010
111100011111010001
111110000001010100
111011111100111000
000011101010011111
111111111001110011
000001011110010001
000011101101110101
000001100011100101
000010000110111111
111111111111101101
111100110010100100
000011001110100000
111111011111000100
000010111010001000
000001000000101001
000000011010001100
111101001111001110
000001101110010010
000000100010101110
000001110101100011
111111101101101110
111011100111001000
111110100001010110
000001010010010001
111010111110010100
000000010000101011
000000111010010010
111110010000101100
111011110010111110
000001010100111001
000011000110100001
000001000110000000
111111011101100010
111100011100111011
111111111010010000
111101000011100110
000011100010001011
000010111111100110
111111111101000011
111100101110001000
111101000001000100
000010100001010101
000000000100110010
000001011100001000
111100011110110110
000001011011101001
111111111001001001
111111111110110100
110111110001000010
111110000100001100
000001110001100111
111110100011100001
111111101001001100
111101111001101001
111100110011100010
111011010000111111
111101111100111001
111110101110111010
000001001011000001
111100011111000010
111011111001101101
000001001111000100
000000010010011100
111010110110110000
111111111011011100
111101101010001101
111001101011011011
111101100110101000
111101111100001000
111110010101110110
111111101100111011
111111111010111010
000001001011001111
111110111011010100
000001010011101000
000010111010011100
111111110001111101
000010101111001010
111110000100110001
111110110011011111
000001111100111011
000100011001100011
000010011101010111
000010101111000101
000000010011011100
111100111100101011
000001000000010110
111011101011001100
111111110011011001
111010000100110011
000000010101111110
111101110100011110
111100110100111100
000100010001110000
000010101010011000
000011010010001110
000101111100011010
000100001001001110
111101110010010110
111110011011011100
000000000101001010
111010000100111100
111111011100001011
111100101001001110
000011111010110111
111110000111101100
111100100110100011
000100111010111100
000001101111100111
111110111010001101
000011011000001010
000011010011001000
000010111101100000
111110011011001011
111000111111100000
111101111100110010
111111000110110101
000000001010001101
111110001010000110
111101001001111011
000000011110001000
000010001011101011
111111111100000101
111100001010001111
111101000000110000
111111000001110101
111000101100011110
000001011110101100
111101000001100110
000001011110000110
000000010101101000
000010101011100000
000001000011101010
000001110011111100
111111111111010100
000000011001010010
000000111001011101
111101110010101100
000010110010001101
111011111100101000
111101001010111010
111100011010100101
000001011000101110
000000010000100000
111000011000010110
000010101111001100
000001110000001111
111111001101000000
000101010100001100
111011110100111000
000011010110000101
111110010001001001
000010010011010100
000001001101101000
000100001010110001
111011100011111101
111111101010110001
111011000111111011
111010001110011101
111101011111110001
111101000001101011
000011100000100000
000000011100110001
000011001011000010
111110001011010110
000000011100000001
000010000101110011
111111111011111001
111100101101101000
000010111100101111
111110111010101001
000001101111011001
111111000101000010
000011000000010001
000011001010110000
000000001011010111
000001000011001000
000011100100011111
000010011001010011
111111111000011001
000011001100000000
000001110111010100
111111110100100000
111100000110001001
111101010101010011
111010100111001011
110111011010010110
111111001101001010
111100001010101010
001000001001111010
000000100001011111
000011110000000010
000011001110111111
000001011010000110
111110000010101011
000000000101001000
111101100110100010
111111101110101100
000001000100001110
111100001100001000
000010110000011011
111010000000111100
000000110110010001
000001110000010111
111111010001010110
111010111101110100
000001100011011010
111100100101111010
111110101110011000
111111001000101110
111101011111111101
111110101100010101
111010110100110010
111101010011110000
000010010011001010
111110010001010111
111111011100101101
111110000101101111
111111111101101110
000001010111000100
111110010100011110
111111110110111111
111010110101010001
111110100011111111
000000100100001011
000001001111111111
111110101000110000
111110100000011010
000010111011000011
111101110111000100
000001100111100101
111101011101110111
111101001011001101
111101111111010110
000000011011101000
111101101001100000
000001001100000000
000000110101110001
111110111111101001
111110011000010111
111110101000111000
111110011111010111
000010110001000100
000001110100011101
000011111011101001
111011001011101110
000011000111110101
000010011110100000
000010001100110000
000010111000110001
000110001111100000
111101101101111110
000000010010100000
111101001101100101
111100001010010100
111100010100101011
111011101101101010
000011010001011000
000000110000101011
000001000010111100
000001101101000000
000010010011111110
000010101001111100
111101111001001111
000001001101110011
111111000010101101
111110011001101100
111111101100101000
111110100010111101
000100111010011010
000000110100000010
000011110111110100
000010001000001010
111110100001110001
111110011100010001
000000011001110010
000000000101110110
111101100011110101
111101011110100100
000010000011100101
000001100111011111
000000111110110110
111110110110010111
111101011101111000
111111100111100100
111111010000001010
000010000000100110
111110010010100010
111101100010010010
111110011111001000
111101011010000001
111110110111010101
111100110111010001
111101011110111100
111101010001001011
111110010001010011
000000001010000010
000001110000011100
000000101011001100
000011001101000010
000001110001111101
111111100010010001
111111110011010001
000010001101010010
000000111000010100
111111010110000111
000001100100101001
111111001101101010
111110011101110001
111100000100111100
111011110110111010
111101010011101111
000010111011101111
111100010010011010
000011010100111110
000101000111110001
000001011111000111
000000110111100111
000100100010110100
000010110001100010
000010000101101000
000001011010011001
000100101000101001
000001101110100110
111111011110010110
000000000011110010
111011100100010001
111101010011110111
111110011110100010
000001001010000101
111110100010100010
000000000010110101
111100001011010101
111111101011001001
111101011110100100
111110000101000111
111010010011101000
111000010010101000
111011100001010101
000000000001110111
111111001011001111
111111101011100100
000011010100111001
000001000000110011
111101110001011111
000000000010001010
111101010010001011
111100100110010010
000100001110100100
000000100101100011
111100010100100011
000000110000110000
111110010110101111
111111001101101001
111110110110010110
000010100011011110
000000101101111000
000100010001010110
000011110000101010
111111001100111010
111111000111110101
111110010110011011
000011111011111110
111100110001100011
000100000001110110
000010010011110011
000000010111100100
111101111010011010
111000111100010110
111110010101011000
000010101001100101
111110001100111011
000101100110001001
111011010010011010
000010010000101000
111110010111011001
111100110001101011
111011011110101101
000011000000001011
111011010110100110
111100110000110001
000100100100110001
001000010001100111
111110000000011011
111111110110000100
000010111110111111
111111101101101101
111110010000110110
111110110000100100
000010010110111010
111110101100101101
000001111010000000
000000011111010101
111110011101010111
111110000000111001
000000110111010000
111110001101111011
000000011110000000
111101001001011010
000001111111110101
000101111101001010
000010110111010010
111101000000000001
111110111111101000
111001111101001010
111101011011011000
111101101010011001
111100110011001000
000001001001000011
000001100110011111
111110101101110011
111101001010100011
000001101010111001
111110110100001001
000000010000000111
000011111011000000
111111111110000010
000010100111001100
111111110110000001
111101101101110111
111111001100110101
111101101010101111
111111101110001100
111101011010100111
111101110101110110
000001000100000100
111101100000110111
111111110010110001
111110101011000101
111100011010011100
000000100001001111
000001110110011000
111111111110000110
000011000110001001
111101100100011101
111101101100100011
000100111110110001
000100111111011001
111011101001001001
000000001111110110
000011011101001010
000001001110100101
111110111011010000
111101110110110011
000010000001001000
111011100101001101
000010110010001011
111101011110011101
000011101111101101
111011000110001111
000001001111010111
111110011111000110
111111010010111100
000011010110001011
000001010110111001
000001100110111101
111011000011101001
111111000001100110
111011011101111101
000010010000111000
111111000011011011
000010100111111111
111010010001101010
000100010001110000
111111010001000000
000001010101101101
111101100001111000
111101111000011101
000001000000100100
111111110011101111
000001100011101111
111111001111000011
111100110011001001
111111110100011110
111111111100101100
000010010110010001
111001100010111010
000001010100001100
000001101011001011
000001011101000000
111110000101110010
000100110111101111
000000010101110110
111100110110000011
000010110100110100
111101100010010010
000001100000101100
000000001100000111
111111011100000100
111101011010011010
111111110011010101
111111000110001000
000001111001011100
111100010110011110
000001011100101010
000011101110110111
111100011111001101
111100010011100000
000000011100001110
111110101011010110
111111010111110110
000000101111000001
000011010011101100
000010000010000100
000000110011011011
000000001100010100
000000101010010011
111110011100000010
000000010011110010
111101101000110110
000001100100100001
000001100100111110
111111110110111110
111111010001100111
111101100001111110
111110111110101001
000000110100100111
000011000101000000
000001000010001010
111110101101001101
111101100111101101
000100001101000101
000000010111101010
000000101111100011
111011010000001010
111111110101011010
111110101100101010
000001011011010001
111110010001010000
000000111011110100
000010011101101111
000010110000011001
000101100011100110
111111100101101110
111001011111011001
000010011000000101
000010000110011001
000011111001111101
000011000100100111
000001000011100001
111111010110010010
000011001100010111
111111100011101101
000010111010010100
000001110101001010
111110110110001000
111101100000101110
111011110000111101
000010010101111100
111101101111111111
111101100110111100
111101100100010111
000001001101011011
000000100100111000
111111110101110101
111110010000000100
111100110100011011
111010011010011101
000001100010011010
000100011101110101
000001001000111101
000011001001001100
111110111000010101
111110110111001101
000001101001111110
000011100110101011
000100010011000001
000011010001110000
000000011101100001
111111111000110010
111101110010010001
000011000101111101
111111100100101001
111111001010110011
000100001011010001
000010001111010000
000000010111011101
000010010100011001
111111111011100100
111110110010010010
111101110110011000
000010111111101011
000010101001010110
111101100110101100
111110101000010111
000000111001111000
000000100100010000
111110010000101010
111110011001111010
111110001101111010
111100001110100011
000000110010110100
111010111010011111
111011100010100000
111111000100111000
000010000110110001
111110000111001000
111101111000110000
111110011011100010
000011001011001101
111101000111000101
000011000100001011
000010010100010001
111111001100011001
111111101101001101
111101011101010001
000000010110110010
111111111111101111
000001100111110000
111101100011101010
000001010000011001
000001001110110100
000010100000010110
000011000011001111
111011111110000111
000000101110010000
111111110101101010
000001101110000101
000001110100111100
111111010001101010
111110000111101000
111011100001100000
000000111010101011
111111000011100110
111011000110100010
111110011010011000
000000010010011000
111111100110000100
000010110011001000
111101010001011001
111110011010110001
111110111010110111
111111100101100100
111101111010000001
111110100101001100
111111110010010011
111010100010000101
111100110100100001
000100100110011001
111101110101011000
111100100100100100
110111100110110111
111100110100011000
111001000101110110
111101010111010000
111110111011010000
111100110001001011
111100010101100001
111100010001100100
111101110101010011
111010010100000111
000000101101100100
000000000111101010
111101100000001010
111100111111011100
111110111100111011
000001001001011101
111110100111011111
000011000001110101
111011111111101011
111110100111010001
111101101111011100
111100101100010011
111110001001000001
111111000001000001
000010010000000011
111101011001101011
000001110110111001
111110010100100001
000100000000010000
111111101100101001
000100001000100111
000010011110110000
111111110010010010
000001111010101000
111101100111000111
000000011111110000
000001111001100101
000001011001001111
111101100001011101
111101010111001110
000010111111100001
000011101111010011
000001001010000101
000001101011001100
111110111101000111
111101011000000010
000010001010010001
000000000001010101
000000000101111001
111110001110011001
000010000010001111
111111100101111100
000011001000101111
000010000010001100
111111000111100001
111110100100010010
000000100001101111
111101111000001001
111101010011000010
111101011100000110
000011011101001110
000000110001101000
000000111001001110
000001011110011011
000011010100110000
000010001100100001
000110110111111001
000011000101000101
111001010010101111
000010001000011010
111111000011110101
000100011110001000
111101001010011001
111100100111111111
000011000000100101
000101011111100011
000010011110001010
000110100110110111
111101011100001110
000010000110110100
111111001101111101
111010101111100101
000110111111001111
110110011101010011
000101011101010110
000011100111111000
111101010011011101
111011110110010010
111001100111010100
000011101000100011
111011101100101010
111101110010100010
000000010010011001
000110001111001100
000111000011101111
111111000001100001
000000010101100001
111111001010010010
000010100111010100
111111011000111010
000000110101000100
000000000011000000
111101100111000110
000001101100010111
111110110000111001
000000000110101001
000011011100110100
000001011100100011
111001111000101000
000000011010110010
000011111011111011
000010111010101011
000011010101010100
111100110110100011
000000100101001101
000010001111011000
111001111001101011
111010111000110111
111110001001110001
111000111111111010
111010111101101010
111111100110001100
111011011010110101
111110111011101101
000011111011111111
000110001011011011
000000110100001000
000010111011111001
000000011000100101
111001010010111000
111011000000110001
000010010110010000
110110110000011010
111000111100110000
111111111010000100
000001101001011111
001000010101011010
000010111101010011
111011011010100010
111000011000110010
111001110011110100
000010100111000111
111000001111011011
111100011110001101
111010110011000111
111000010001001001
111000101001001010
111111000000001100
000000101000001111
111101000011110100
000010101011001111
000101001111011000
111011101011100100
111101110101101110
000011001111110110
000000010110011101
000000111010101000
000001101101101100
000011001101110000
111111010000101111
000011101110001010
111110110101111010
000000110100100011
111011101100101000
111101110111010001
000001011011100001
000000101111000001
111111110100010010
111011111100011111
111100011111100000
000000010110000101
111111101100000011
000011000101111111
111111111000000010
111011110111110011
111111101100011000
111011101000001111
111101101001010110
000110100111001100
111000010110010010
000110000101101101
000000010011110101
111101100000010111
111101111111101011
000000000110011011
000000001011100001
000001101010001011
111011101111001000
111101000000000000
000000001011111100
000010101111000111
000001101110110110
000001001011100101
000010011111000111
111111110100000010
000001100000101100
111111100001011000
111101011100001100
111101111100111110
111111001101000100
111110010101001001
111110011000001111
000000000101010001
000000100010010000
111111010010011100
111100010101001111
111111010101101101
111100111101010001
111100011110001001
000100001010010110
111101111100010000
111111111000101110
111101101011101011
111011110000111101
111110110101100101
000001111110001001
000001100101110100
111111111100100110
111011001111100010
000101010100001101
111011100100010100
111111010101111101
111110111111011111
111100000101110101
111111101100110110
000000111001000011
000000101110110001
000000000111110010
111111111010001000
111100110010010000
000000010111010011
111110011111111010
000100110010000000
000000110010100101
111110011011010011
111100110010101110
000101000010100101
000001100001100000
000000001101010100
000010100010000010
000100101100110010
000001000101001101
111111000101001100
000010111000111101
000001111011101010
000010101010100101
000010011000011000
000010011101111101
111110011101000011
000100011100000101
000010111100000100
000000010100001010
111101100010110000
111110001101011101
000010110011100100
000000001011001011
000001110100001111
000000011111100000
000011101011101000
111111000100010010
000011010111000000
111111011101000111
000000010000111111
000000011010100101
000010010111100011
000100010110011001
000000110010101000
111101110001000110
000001100010111110
000010001000010010
111101100010101101
111011000101101011
111101100000101101
000001111011001010
000011000110011101
000001100011000111
111110111000001000
111101000011001100
000001000100100010
000110101111110110
111100001000011101
111111001010101011
000100110000011000
111110100001011110
111100011110010100
000000100001011110
111110010100011011
111000111001110100
111101011011001101
111100100100001101
111101001010011100
111101110011101110
111100010100000010
000000010101100000
111101001001011110
111000010101010110
000011100110110011
111111110011101110
000101101000100001
111101110100111100
111011010100111111
111011010001111011
111110100110011101
000101111011011011
110110110100110111
111111101111101110
111010001001100011
111110101000011111
000011011000111101
111111000011111100
111111011110001100
000000110000011000
111011011110110110
111111010001010000
000001100000110111
111110101000010110
111110110000110100
111011001000001011
000000111000110010
111100110101110100
000011001011000010
111110001000011000
000001011001011011
111101100111110001
111110100100001110
111111011010111110
111100011011000110
111100011001110100
000011010110101011
111110110111000110
111010000111000010
111100100100010001
111111100100110011
000000011011010101
000001011011010100
000011001110101011
111001101000000101
111100010000110100
000000001001110100
111100000011111101
110110001001100011
111110111111001100
111100011000011010
111101001010010111
111101101100101101
111001100111111101
111100100111010001
000000110000000110
000001001111111011
111101010010000111
000000001000110101
000101010110001000
000000000101111101
000010001010001010
111111100100100100
000010100110100111
111111100001101101
111101000011111110
000000100110110011
111111010001001101
000000000001000110
111101111000100101
000001110001001101
111111111011000100
000000011010011001
000010010001010110
111101100101101101
111110101010010101
000011101100110111
000010111000101001
111101110110101010
000000010000100111
111110001000110001
000000100011100100
000000110000110110
000100001101011000
111110000011110001
000011110000001110
111010101000110001
000010010110100100
000001011100000001
111100011100100000
111111011010111101
111011101101000010
000010010101001110
111111100111011000
111110010000001100
000000011110110110
000001101111101000
000000000000011101
111110001001101010
111111010110001100
111011100111111011
000001011111100001
000010001110001101
000011010010101111
000001010000000000
000000100100011011
000000001100010101
111110111010101111
000001111110001011
111100101010101001
000001000000010001
000101000011001001
111010111000011000
000001010101100100
000100110110101011
111001001101100011
111101010101111000
000000101011001110
000011101011001110
111111110000100011
000000011001000011
111111011100100100
000010100101010001
000011001100010110
000011111011010110
111101111111100011
000000001100111110
000001111001111100
111010101100000101
111101110011001001
111101011110010110
000011101000010110
111100111110000111
000010110110101110
111001110011100001
000010101001001010
111101000000101101
000100110011000101
111110011101101101
111111000001001100
000000111101110010
111011110101111111
000010010110000101
111111111111001111
000001111101010010
000010111111000101
000000010001000001
111010001001110010
000011010111111011
111101011000111001
111110001111101110
000110000100001110
111111100000000000
000011111111001010
111000000100110111
111101011110001011
000010011110111010
111100011011111111
000010000111011100
111110111000000010
111111111001100000
111111100100011001
111101100011101001
000001111010110011
000101100000010110
000101100000010010
111101111010001001
000000011011000000
000011001100100100
000010111001110100
111011101110001000
000100110110111101
000011000101000011
000010011111110001
000000000100111101
000001100011000110
000000101010111101
000001001010111110
111010010001101111
111011110011011100
000100010111111111
111010001000000000
111010101101110001
000101001110010111
111101101011101101
000010001101110101
111110011011001100
111110101101010000
000010100000010101
000001000001010111
000001000111011001
111101010001101000
000000000101110110
000001000111000100
000001010010000100
000010100011001000
000011010000101000
000010001111001010
111110111000101101
111011011011111000
000100000010101001
111110100001000010
111110000111011001
000000000111101010
000110010010100011
000001010001011100
111101101011100000
000010100011100101
111110001000110110
111101000010001000
000100111110100100
111011010000011000
111111001000111000
000010110011001001
111111110110001101
000010000001011101
000001010000101100
111010011000110111
111111100100101110
000000000010101001
000100000101100101
111111100101101001
111111000100010000
000001101111101000
111101100010011001
111101110010010100
111110110111011010
000000000110100110
000010010101110101
111110000101011111
111111110111010100
000100001001011110
111101010011001000
111111110000000110
000010001011101111
111101001011111101
000000001001001001
000001001110001000
111101111001111011
000000101001111100
000010110001001111
000010001000011110
111111011101110011
000000011011011000
111011101001011110
111111111010000110
000011110100011011
000011001100111111
111111111010101110
111100111010101111
000010011110001101
111101010111111000
000000111011000101
111011111001010111
111101011011100001
111100100111110001
000000101000010111
111101001110111110
111101111101101111
000011011101111111
111011110001001000
111100111111000001
111111111101000101
000001011100100011
000001101111110101
111101100000011000
111101001001101000
111101010011110010
000000111010101001
111101001111111010
000001101111000110
111011101001110000
000011111111100010
111110011111100001
111011101010101100
000101101100001010
000000010110111011
110110101111011011
111101000111010111
111100011010010000
000111011100110110
111011001001110111
000011010101010001
000000010111111001
000011011100101110
111111011010111010
111001001101000000
111011100011011001
000100111011001100
111011110001000000
111100010100100101
111100001000000110
111111001010111100
111111101100010100
000110110010100110
111000110001101100
111111001100100011
111101000111101100
111011011010001001
111101100001000001
000000010000110101
000100111001110011
111101110100000000
111101111011010101
111010010110101101
000000110010110100
000001100111010101
111101110101100110
111111101110101011
111011110110101000
111111111101100001
000100100000000000
111110011111111010
111001111100111110
111011011101011101
000000001111111010
000000111100101111
111111010011111000
000010101101010111
111111001100000011
111100101001111011
000000100000100111
000010100110111010
000100100001010110
111110010010011100
000000100010001010
111010101100011110
000010101100011100
111110000101111100
000010000111101101
000000010010010001
111101111101011100
000001010000010100
111111110010100000
000000100010111000
111111011001011010
000001110111101111
111100101110001001
111111111110111101
111101000100100011
111100011110100100
111111111110101111
000010000100110100
000010000110110000
111101011010010100
000000110011101011
111111010100010010
111110000001100001
000001101000010101
111110010010011000
000011111000110111
000010000011111010
111110101111101001
111101110000101001
111111000100010100
111111000110011101
000010101000001000
000000111011101010
111101010100011000
111110001001110101
000010011101011000
000010100010110111
000000111101111111
000001110001110000
111110111110110100
111110011011000100
111111100101110100
111101101011001011
000101010100111101
111101001001011110
111111100000001011
000010101001001001
111111111100011000
000011000011111010
000011000000100100
000001110001000011
000011001001000001
000001100001111100
000010101001010000
111101001110100110
000000000000000001
111110100100110000
111110101001111000
111100100100111010
111110110100111000
000000100010011001
111100110110101010
111111100111011100
111110010000011100
111111110011000001
111110110101110001
111101010111011111
111111110110010011
111100111010010101
111101111100110011
000001000000010000
111111110110101101
000010110111010101
111111000100100111
111110000111010010
000001101110101001
000011010000000110
000001110100111000
111110100110001001
000001100100111001
111010110011110011
000100110011111011
111100011100101001
111001010110111101
000011011110101000
111110101100010111
000111100011010001
000100111111100100
000000110011010011
000100000011110101
000101010110101110
111100101111001000
000011111110110100
111110010101101110
000000101000000111
111101011000001100
000000001001011010
111111001100001010
000001011101111010
111000111100100100
000100001110001001
000101000011011001
000000010110100110
111011110101000000
111110001011011001
111101100001110110
000001010101101011
001000010111000011
111111001010010010
000011000110011101
111100100110001011
000011110100111100
111100000110000010
000010110100111111
000001011010111011
000010100011001011
111010100101100010
111111111111010011
000000111110010100
000100001100110111
111110011110101011
111101001011011111
000000001110000001
111110110111111011
000001101100100000
000010010000110100
000001110111101100
000011011010011010
111111010100001011
111010100010111111
000011110011010111
111101111100100010
111111111001011010
000001101101010101
000001110010000010
000010100101001110
111110111010100111
111110001011010000
111110101100010000
000001010001000001
000011101101110101
000001010100101101
111000011101111100
000000111101101011
111111100010001011
111100101011110111
000110011000111001
111110101000010000
111101001000011110
111010110000100101
111111001010010001
000010011001011111
111100110000011011
111101110011101111
000011011100000101
111111110010000011
111101100010011101
000000101000101100
000110010100000111
000010001010000011
111101101010010100
111011110111110000
111111001110101000
000100111100001111
000001011111101001
000000001011100110
000010110110001100
000101010001101001
111101100011111111
111111111101110101
000011001010010000
000001100010111001
000011010001011111
111101011011000100
111101110101011111
111100111100101011
000100001010000100
111111000010010000
000001011000000001
000100101001000010
111010010110000011
000000000010011101
111101011001111010
000000111000000011
111110010100100100
111101110110001001
111111110000100110
111110000010010011
000011000000000111
111111010100100011
111101110011100101
000010001101001111
000010101010111001
111101100010001110
111101010100100100
111010101100110100
000000100010110101
111100101010010111
000000101100101010
111101110111001000
111111111101000101
000100100001011011
000010010111011100
000001101111110111
000000100110100111
111010011110101001
000010000110010100
111101110010110000
000010101000110011
111100101100100001
111011000110010011
111100011101011111
111111010111111000
111111101000001000
111100100000011000
111010110000011001
111010111011100000
111111100000010111
111100111001000001
000011110010100101
111011110001001010
000001100100101100
111011000111011111
111100101010010011
000010101000000011
000000001000110101
111111101100101101
000100100110100000
111010100101110110
111111101101001001
111110011001101001
111111111001011100
000101100001110111
111101110011001111
000001001101011000
110110111000110110
111111100110001011
000100100111111100
000000011010011100
000001011011111011
111110001011001000
000100000011101101
111100100100111010
000010110101000010
110110001011101010
000001010000111101
000011100011101111
000000011101110110
111110011000100110
000010111101011100
000000001010001011
111010101010000111
111101101101000001
111111011100100111
111011100100011111
000011000101110110
000000101111010111
111100101100111110
111100000101110001
111110000101010000
000010111101001110
111110001010111111
000001010100101111
111110001111100010
000001110101010000
111100111010101110
000001110011111011
000000010111100110
111111101010011110
111110010001111100
111111100001011111
111100001100000010
111111000110000000
000010010011011111
111111110000100000
000000111001010000
000101010100011111
111010111011000011
000000101100011010
000010001010010101
111101110100101000
111101010011000011
000000100100100110
111101000111111001
111100010001110010
111110100111000111
000101010101100011
111011010010010110
111110100101001101
000000011011011101
000011100110011000
000011010111001110
000001011101111101
000000111111111000
000011110111001000
000010011110001101
111101010101000010
000001100101110010
111110110001110001
000010011110111101
111101111100010010
111110011101000101
000001100001010011
111110010001110000
000010010100100010
111000101000110001
111101110110011110
000010110101011000
000000010110100110
000010000000010111
111110001000011011
111011011110000100
111111110011101010
111111110010011010
111010110010010100
111111011101011011
111101010101110001
111100111110100101
111100100101000101
000000001000011010
111101101101101011
000010010010010011
111111110000110100
111111111011011100
111100011101110100
000101000010000001
111111111000100000
000011000011001001
111011111000111111
000000100111110100
111111101100011100
110111001001011010
000000101101011100
111101001010101101
111100110011111101
000001111011011101
111110010011010000
000010010011110111
000100000001001010
111101101010100110
000011010001011011
000000111101011000
111110001010011110
111111001111011000
000001100110100101
000010010001101110
000000001111011100
000001011001111101
000010111010111100
111110101100110100
000110011010000001
000000011000111101
111110110000000000
111101001011111110
000010110000111100
000011000011001101
000001011000101110
111101101001110111
000001010011010010
111111010000101111
111100011100110111
111100110110010110
000001100111111001
000010111010110110
111111000101110101
111110001000100101
111010110101011001
111110101001000110
111101101010101010
000101011000100001
000001000011011111
111111100100000100
111111110001000110
111011111111111101
000000110100110011
111111100011110010
000000110111100010
111110100001110000
000001101000010000
111010010011111000
000011110001100101
111110001001101001
000010010011010010
111111011001001101
111011001110001001
111101110100001110
000101110100100011
000000000010111111
111101110010100000
000011001000000011
111110011001010000
111110001110111110
111111111011010110
111100110100010001
111101100001100111
000011000100101100
000011111100111111
000101101001000110
111101001101000101
000001011111010001
000101000000101110
111110011001001010
000001101110000000
111001110000001000
111111000001000010
111110000101011001
000000011110100111
111111011110101000
111110011110100110
000010001001001111
000000010111000100
111110110100011110
111101111001011101
000000001111011011
000001001100101100
000011101001111110
000101100000000011
111011100100110110
000110010100101110
000000110100010101
111110001000101101
000000101100010110
111101110011110000
111101110001010010
000010000110100000
000000010011111100
000000011100000001
000101110000011010
111110101001110000
111111111001100001
000000101100111110
000101001001010011
000011001110001101
000001101011010000
000011101001001000
111110000001001111
000011110010101110
111111010111001100
111111011011101100
111110101000111011
000010001111000110
111110001001000110
111101011100100001
111110110101111011
111111111100011101
111111010010101110
111100101110001100
111101011111100110
111110011001111000
111111111000011100
111111110001100100
000100110110110001
111110011111110100
000000001100111011
000000110110011100
111110001001011001
000000010000100000
111100110001000010
000010110011011110
111110111111110001
000000001011110001
111010011001101011
000101000010011000
000010010010100111
111100001100000010
111111011101011101
111111001000001000
000011101100011110
000000100111110000
000010000001101100
111101010011001010
111101001010100111
000000010011011000
111111000100101010
000000000001111000
111111100101100011
000010101011111101
000001010011001111
000000010011111010
111110101100000000
111011001001000100
000010101001110001
111110001000010011
000000010010011000
000001000110000010
000001001111111000
000010001111001001
000000100110011101
111100010101110010
000000110000100000
111011111001100000
000100101110001100
000010000001111100
111110101110010011
000000101100001001
000010001101011101
000000010110111011
111011101101000011
111011101011110011
000001001110100000
111111101010001010
111110101011000101
111110011001110101
000010111100101110
111100111100110111
000011011000111111
111111100011100000
000001111110101000
000000101010101000
000001100001111011
111100100101001010
111111110000110000
000000000010110100
000001000000110100
111100001100100010
111101110010001110
111101110110001001
111100111010001110
000010100101100001
000000011100000000
111110000111101110
111111110010000111
111001110011001000
111101111010101110
111110110101011101
111101000100011100
000010101111011101
000001100011001100
000000101011000101
111111111100111010
000011001001111100
000101001011000100
000011000010101000
000001010111010011
111111011010110001
111100000100001110
000000011101110101
111011101110001101
111110111111100110
000101010000001010
000000111110000011
000001101100010100
111011011010101011
111110110110001011
000011001110111000
000101111111101011
111011010100011000
111110001010100101
000000100011100011
111001101111110111
000101100111010111
111110000010011111
111101111110100000
111111001110011011
111100111101010111
000001001101010100
111110000101110001
111110011111000000
000001000100101111
000000111011011000
000011100001111000
111110101010011011
111111100010000000
000000111101000000
000100100001110010
000000100100101100
111101000010000101
111101001011100101
000010100111100111
111110111001101100
111010100010111100
000011000010000101
000001111101000011
000000110101001100
111110110110001110
111101001001001011
111100110010110010
000011001001011001
111101111101001100
111111011010111011
111100001010000111
111101101011100000
000001001101100010
000000101000000100
111011110000001011
000001111110111101
111111100001100010
111011100001101001
111110000100111111
000010010110101101
111101010000110101
000000110010010101
111111011101101001
000000001001110001
111110100011111011
111110111101101110
110110011111011010
111110001011001001
000010101001000111
000011000110110010
111011010000110010
000001110100100010
000011001011011010
111111000001100011
000001001110001110
111100111101011110
000100111101011110
000010110010101111
111100100010100000
111110111100101011
000010110011001001
111011111100011111
000011110100010001
111111010110001101
111110101110011101
111111011010101011
111110101100010111
000010110001111111
000010101111110001
000000110011001001
111001100000000011
111100000101010111
000001000100101011
111101110111000110
111110111110101111
111111111011100100
111011010101010101
111110100100011101
000100100100000011
000011001001101001
111010001110011001
111011100000100111
111001010110111101
111010101010001110
111000011010101011
000010101110110010
111011110101110001
111111001101000010
111101100100110111
111011100011101110
111101001010011011
000011110110000000
111011110000101101
000100011011100101
111001010101011001
111100101100111000
111111111101111101
000010100000100111
000010011110110011
111110011101100101
000010011001110111
111100100010010100
111111100111111011
000100110101110110
111110010111000010
111110011010110001
111100100110100111
000101011001000100
000000010101010100
111101011010010001
111011111101101110
111101100110000000
000010000000010001
000000011011011111
000000100101100100
000000100100011011
111110100010101100
111111001000000000
111110110111001000
000000001011111010
000100111001001111
111110111000101010
111111110100111111
111010100111110100
000001011101110011
111101100100110000
000001111110100111
000001110000101101
111101100010000010
000000000100001001
111011100001111100
000000011000111011
111110101110000111
000001111011000101
000010110101101111
111110100111000000
000001010000110011
000011001011011011
000001010011100110
111000110010100111
000001110100110111
111011101100011110
000001010001111101
111110110001001110
111110111101011011
111100110101101110
111101001011110100
000011010110111001
111101010001000000
000010000101010111
000101000000110100
111101010001010000
111010000100111001
111110110111111101
111100101000010011
111110110000110110
000001110011001100
000011010110111111
000001111110001100
000111111101110011
000100110011111011
000000111100011100
111101000000100111
000000110011010110
000010111100001100
111101010011001100
111111110010101110
000100011010010001
111101110000011101
000010001000001001
111100010001101001
111110000011000110
111110110010110110
111101100110101000
110111101110011111
111001011110011010
000101011111001111
111110011010011001
111100000000101100
000011010101111110
000010000001100010
111111111110001010
111100011111011011
000000000010001110
000000001100100111
000010111010000010
000001000100000010
110111010010000110
111010111100100101
000101110101000100
000010010000000110
111101101111100110
000000011010111010
111101010111010100
111111110110101100
000001110010001111
000011111001001101
000011011001010110
111100111010010111
000001010100001110
000001101011111101
111011100001111100
111111011001111111
000000000000011100
000010000101010110
000010110000101100
111011110110100100
000001100011110111
111111000000100111
000000101010000000
111111010001110010
000010011110010101
000000101111010111
000001010001010000
000001010000001110
000001001110010010
000000101001000011
111111001111001100
111110101111000101
111111110101000100
111111101110000010
000000110111001100
000000000010010010
000001110101101010
111010010001000000
111110011101011010
000011011000011111
000011000101000010
000001001111011000
111010101000111001
111110000010011010
000001111100011001
000000110000101000
111101110001100100
000000000010010101
111101000011000111
000000000101010101
111011111001000010
111011110100000000
000001011100110100
000011100100011110
111111101111001110
111111110101101111
000011110001101010
000001101101011110
000010011011010011
000011000110111010
000001001000010111
111111001001011001
111111011011110010
000011000011111011
111110000110001001
111100011000010101
000001101101011011
111110100011110100
111100001011000010
111101010100111011
000001101111100111
111110101100000001
000001101111000011
111110110010100010
111011100111010011
111101110001010000
000010011100011111
111010100001000011
111101111101001000
111101100110110000
000100010110010100
111101011001110110
000100111010000000
000001111001101010
111110011101001111
000001010111011010
111101000010111101
111101010100110111
000001100101001101
111111101111100100
111110110001001001
000000001110111100
000001101011011110
000100011111010101
111100110110101001
000000001010011100
111010100101101101
000010000010010010
111110101101100010
111100110010010100
000001101011001000
111010110000000101
111101010001110011
111111110100001011
000000011110111100
111110000010010011
000110011010001100
111110100000000011
111110100110000100
111011001110100110
111111010111100001
111101001111100100
111011001010010001
000000100000000111
000000000011111100
000010000000000001
111110010101001010
111010110010000000
000010000010111010
111111000001011110
111100100111110010
000001111100110000
000000011110001110
111101011101010100
000001011110001011
000001001011110001
111100111011000010
000001000000000100
111011001101100011
000011001101010000
000001010101010100
000010110111010010
111101011000111110
000101000011100001
000100100101100010
111111110100010111
000001000111010110
000000000010001001
111111010101010000
000001101100101101
111110000011001110
000000111010000010
000010110101001100
111101110010011010
111111001111011111
111101101010010100
111111101101001001
111110110010110110
000010000110100011
111111110010010001
111110001011101011
000010001101101101
111010011001101011
111110111110001110
111110010001100000
000000000110111110
000001000100010011
000011110010011011
111111010111111011
000010000110101111
000000100111011101
000000110110110010
111100011011011110
000010010001110110
111010010111101001
000100110010001100
000001111010000101
111110010110100111
111101001111000011
111111000110011100
111101111010110101
000001101100011001
000001010101000111
000010000110000001
000010100000000011
000001000100111010
000010011101100011
111100101010001110
000000000101111101
111010101010101000
000010111011011101
111110111000011001
000001101001100011
111111011001101001
000000000001000101
000010011100001001
111100111011111010
000000110001101000
111110111111101111
111110100001010001
000000000111101000
000001101010010011
111101001001011001
111101111101110010
111111101000001011
111111010111100000
111111101100100000
111001111000111111
111111101011101101
000010111110110000
111111101111000001
111110100100011111
111111101010000110
000000000010010011
000010100000111100
111100101100000101
111101000111010010
000000111001001100
111110100100101011
111101101000111011
000001000100101111
111100100111110010
111111110101111011
111111000111110000
111111100111110010
111111011101001111
111101010001011110
000001100010010101
000001110011001010
111110011010000000
111110010101111011
000001101110011101
111111100100001110
111111111101110000
111101111000011111
111111000101100100
111111111110001101
000010001111001001
111111001000110000
111100010110111100
111111011100000011
000001110001010110
111111101110111000
000010111010000010
000000100001011011
111110100011010111
000001101011000111
000000011000100001
111110011000111110
110101101110010101
111111010001100100
111010011010100111
000011011010101100
111111011111100010
000110011101110000
000000100000100111
000000101011110101
111110010001000101
111100011101100000
000001100101001000
111111010001011011
111110010001011111
111111011000001111
000000001011010100
111110101010101110
111110100001111010
000100110011101010
111101011100110111
111010010011011101
111111100000001111
111011111110000011
111110110010110001
000001110111010101
000010101111100111
000011100011000111
111110001110010000
111010000110111001
111111110000101001
000011000001011110
000000101011000110
000000101101110110
111110101101101111
000001100000000101
000011011101100001
000011000011010000
111100101100110111
000001001001111100
000001001001110110
111110110001101000
111110110011100010
111100100110001011
000010011010100100
111110100001000010
111100110111101111
000000111011110101
000010001001111100
000010010101011010
000000111111111110
111101100110110000
000010001001111001
111101001111010100
111100111000011011
111111001001011101
111101101010001110
000000101010100010
111110000011100011
000011011101101100
111101110010100111
000011000010010111
000000100100010000
000000111001000111
111110111110101101
000001000001100111
000001001100011011
111101110110110000
000001111010011011
000000100101110101
111010000101100000
111100100111101111
111101001111011111
111111101111010111
111101001111010110
000010100001011000
111110001000001101
111011001011011110
111101011101010011
000000000100001000
000010110001011100
111101101100101111
111101101110100100
111101100001010000
000010001001100000
000011110011001100
111110010111010111
111110000000011011
000010111111010011
111110110111100111
000000100110011100
111110001101011001
000010111101100110
000100000010110011
000000101100101110
111111101001011100
111101111010001110
000100110101011011
111101100110001000
111111101100100001
111100101101011101
111111111111100110
000010010010100110
000001010100111101
111100111110100100
111100101111111111
111111010011100011
111111001110100011
111111100001011100
000010110001111010
111010111001000100
111100101101111011
111110000110011000
111110101000000000
111100110100110111
000011000111111010
111100111110100000
111111000111011110
111110010011000001
000011000011111000
111111010010010011
000011011001001110
000001100111101100
111110001101010011
000000110110000000
111110000100100011
111100000001110010
111111110010001110
111111010001000110
111011111010100001
000000110001000001
000100110011110000
111110111111000110
111111010101011011
000011010010011001
111111011001100000
000000010101100110
000010001010101100
000011010010010111
111111111011000010
000100010101100110
111101100101011011
000001100100110111
111101001111010000
111110000111001101
111010100100001010
111111111101110110
000000010000011100
000000111000100001
111001011110001100
000010001110011010
000010000110010011
111110110110100010
111011110001111101
111101000110010011
111011011000100101
111101110001100111
000010010001010001
000010101110001000
000100010001010001
111110110110000101
111101101000100101
111100011101011101
111101110000101000
000011001101011111
000011110100011000
000000001111011110
000010100001101101
000000010101001110
000100010000101010
000000110011100001
000010001001101100
111111001001101010
000000011100011110
111101101100100100
111111001000110111
111101001110111110
000011000010010111
000010101010011001
111010110111101001
000010110100111011
111100001011001101
111100001110001101
111101111011000110
111111011111010001
111100101100001010
000011011011110100
111110100001100001
000010110111001010
000000000000001000
111110010100111011
111110111111110100
111010110000111001
000010111101011110
111110111111000110
000000011111100100
111100010010100000
111100101011111111
111110011110010000
111111101011111100
000100000011100000
000000011000001101
111101010100101011
111010110001101100
000000110110101111
111101010011011001
000001000100101101
111111101000110110
000001000101100100
111101100001110010
111110010111110010
111111101000000011
111100011001111101
000001000011010111
000010101001110011
111100100000000110
000001000100001100
000001010011011100
111111011111111000
111111000100011101
000010011111000001
111110110110000001
000010000010111110
000000111100110111
111110011100101110
111111000011010101
111110100110010111
111111001011000011
111111100011100101
000000010001111101
111111000101010101
000000100001011010
000010000010001110
000000111110000101
111110101011001000
000000000000001001
000011110011001011
000000110100101100
111111000000000101
000010101101110111
000000111000010000
111101001110101000
000001101101111011
111100101010100010
111111100100010111
111111100011001010
111101110001101011
111100101001101100
000000100110111000
111111110101011110
000011010000000001
000000101110010110
111110101111000001
111101010010111110
000000011111101011
110111101011011010
000100001101000100
111111011101101001
111111110011111100
111110100100100010
111100001101011111
000000000011100111
111111111010101011
111111101000010001
111011011111110111
111011010101100010
111101110101100111
000000110001111010
111000110100011111
000000011010001010
111111000001011101
000001001010101000
111011110000110110
111111010010111011
111010110110110011
111110001000010000
111011110001000011
000110001111001110
111100010001111000
000000101000111000
000011001101111110
111111110011010010
000001011110010010
110110001110101010
000010001011001010
111001110001001111
111110111101011110
000100011001101011
000001101110010101
111100100101100111
111101100011101110
111101011000101000
000000101110001001
111111010100100010
111011100010100011
000001010100100001
111110011101101010
000010101111101111
111011011101000110
000011000010000101
000010111000001011
111111101100110110
000010001000111100
000001110101100001
000000000111011111
000010010000011110
111100001011100000
111111100011001001
000001000001100010
111111010101010011
000000111101101111
111100111010011011
111011011111110000
111100011111011001
111101001010000001
111111100011110011
111110100011011110
111100010110001111
000001001000111111
000001100100111001
000010001111000010
111011100100101111
000000110101101101
000100000011001011
111110011110111000
000011000110111011
000010000100001101
111110010000100111
000010010101010001
111111010111010011
111111000111101001
111101000000111110
111011111111111001
111111100001111110
000001011110100011
000001011111110101
000001010101101110
111110110100111111
111100111010010001
111101110101010000
111101100101100110
111110111100110100
000000010001100001
111110010100110110
000000011010010000
000010010111110010
111101000011010000
111111000101001110
111110010010101111
000011111110100001
111110100001111100
111000110101111100
000010001101111010
111111101101001011
000001101110000101
111000001101001100
111101000111011010
000001001110111011
000011011101101101
000010101001001010
111101001001000100
111111000010100001
111100111101101101
000001101011011001
111000100000101110
111110110010010011
111110110011000010
000001001010001101
111011011010001011
111100100101111110
000001111000111010
000101000000101111
111011001001110110
111101011111011011
111001100010101110
000010101110100110
000010100010010010
111111101001101110
111001111110100010
111011011011000100
000001101001110000
111110100101000111
111111100010011011
111110111010101001
000001000110010000
000000001000011111
000001100111001111
000010100111111111
000000110110001000
111110100101010000
000000001001011010
000001111110001100
111110100110110100
000000111110100111
111101011110011111
000001100101010101
111101010001001000
111110001000001010
000000100111111011
111101101000111100
000100011011010111
111111010011101011
000010010111010110
111101011001001111
000000101110000100
000011111001011000
000011101010110001
000000101101101000
000000100010010111
000011011100111011
000001000110011010
111111101001000010
111100110101101011
000010100111100011
000001100011000100
000011110101000011
000001011110011000
000001100010010111
111101100101111011
000101100101000100
000001111001100111
000000010001110100
111101001101001100
000001000110111111
000010100111000011
111110110001001011
111101010000100010
111110101011100011
111100010100001100
111111010100101111
000000011000000100
111111010101010001
000100100001010100
000001100011100101
111111000001101010
111100000010101110
000010110000000010
111110011101100010
111011101101111100
111100101110100100
111111111000111000
111111101011011101
111101000011100010
111101100111010000
000000111000101001
000001011111010001
000000101011011000
000001101100100011
111010101011000001
000010111101000010
000011000010110100
000001100100111100
111111011110100101
111011011010110000
000001110001010100
111111000111111111
000011111100110101
111101011111100101
111101000101110100
111100110101001100
111011011000000001
000001000110100000
000000101000111100
000000110011010010
111011100110111000
111110111001111110
111100001110011011
111011111110101100
000000011000011010
000010100111001011
111101001100110101
000001111100100001
000011010000110110
000001011111100100
000010111010001000
000001110100110100
000000000101011010
000010101111000111
111111100110011100
111111001101010010
111101111111010110
000000110001011101
111101000101101000
111100111110110011
000000101100000100
000010010010110001
000001100101101101
000001110011100110
111110101111100111
111110011111001111
111110011000000111
111110010111110101
000001010101001011
111111101100000100
111101011110111010
111110100000000111
000001101011111010
111110001111010011
000000101110110111
000010010110001000
000001001100001101
000000000100010110
111101101010001011
111101001101000001
000001000110001011
111101010101000100
000000010111101101
000000010011101100
000000011101001101
111111100010111010
111101011001011000
111101000111110001
000100001001110010
000011100001001000
111111000000100101
111101010100000010
111100010111100101
111111001110110000
000011101100001001
000000101001001001
000010110001000011
000010000110010010
111111100111101010
000000011000100110
111110000001010000
111111000111011101
000010111110010100
000001001000000010
000001000011111110
111101001110010111
000000101100011010
000101001010000100
000000011101011011
000000001100000111
000011111001110001
000010001100010101
111111000100101001
111111100111011110
111011011001100111
000000011010110110
111100010000111110
000000101001000010
000000110000010110
000000010001101101
111100101000111111
111101011000110000
111110001110010100
111110101010110000
111101100111000001
000000100001110111
000100001111010101
111111000000000010
111110001011011100
111111100010101010
000000110010001001
111110111111101001
000100101000110110
000010110000010110
000000111011100101
000001110011000010
111111110110110111
111110110010111111
000011000011010110
000011101101010010
111111100110100010
111000110111001000
000011111000001111
111111010001001100
111111100001100100
000001111000001000
000011100010111110
111101111011110100
111100001000100101
111100101101101010
111010000000101000
111011011011001100
000010111010000100
111110000110001101
111011110110111100
111011110010000101
111111110001100010
000100010110111111
000100101000010111
000011000011000101
111110001011101100
000001110001110011
111110111111010100
111010000001011111
111111111111100111
000010101010111100
111101001100101011
111111011001010000
111110101110000111
000011110010001111
111111011010111010
111111000000010001
111101000100111010
111111001101001011
000001100011010001
110100110000110011
111111100001111001
111110110011101110
111011010100100010
111101000001010110
000000110100001100
000001010000001000
111100100101001100
111111010110000000
000000101011111000
000011110011001101
000010010000110100
000001011010111000
000001011000000111
000010001000010001
111110101011111111
111101111000110000
000000010101110001
000001011111111100
000011001001110001
111011101101101011
111101010001101010
111101001001011110
000100111001001010
000010010100010000
111110010100010100
000001101010001110
111011101111001101
000001100100101010
111101001110100000
000000011110101011
111010111010101000
111111110010111010
000001000100110101
111010100110000111
111001111110110001
000000110101100111
111110000101000111
111111010011000010
000000011110101100
000010101001000000
000010010011110100
000010110001110100
000010111111000011
000000000000011110
111100100010000101
000011111010011000
110110111100000101
000010110100100100
111111100111010011
000010111101101000
111100111011101000
000000011111010011
000010000011100100
111101110110010000
111100100001111111
111110001010010001
000001010111001010
111110001001110100
111111100001101111
111100100001000010
000001111011011000
000000011100000011
000001010110011111
000000001001100111
111110011100000100
000001011001010000
000011011110111111
000011100110000101
111101000000111100
000001010001000101
111101110111111000
111011000000011000
000101010101100011
111110010011000000
000010010001110010
111011111010111100
000001011110100001
111111000110101110
000010110011010100
000011001100111110
111010110100111101
111010110100001010
111011010001010011
111110010000000111
110110110101000010
111101100101001000
111011100001110111
111100101100010011
111111010111011010
111101000011101110
111011010110000011
111111001101011101
111101100111111101
111110100111010101
111000101000100111
111110000000100001
111110011010101001
000010010010110111
000010000101110101
111101110101100011
000100110111110010
111101011110000000
000000001011101011
000011101000110001
000010000010100101
111111110110010111
000011111111110111
000011000001100101
111110111100111110
111111001111011001
111110100001111111
000010000100101010
000001101100101010
000010111110001000
111101110000111100
000011010110110000
000010010001011101
111100011100011000
000000110000101111
111101101001110110
000010101011110010
000001001110001011
111110111001000100
111110101111101000
111101110001000111
111110100110001000
111110101110010110
000000111000100010
000000110010110110
111111111101110010
111100000111101100
111101010011010111
111100010101010100
000000011001100000
000010011100001000
111010011110100100
000010110111010110
000000111000001111
000001101011011111
111011000101101010
000001100111000110
111110001001100100
000101101100010011
000011101101000110
110111101011110100
111011100111110001
111101001101010011
000011011001001010
111010001101110010
000010110010001110
000111000101101010
000001110111010010
111000111010100010
000101011001101011
000000110100100001
000100110111010000
000000010100110011
000001111110111000
111111101001001111
000100101001010001
111111011111100110
111010011111111010
111111010101000101
111011001011111101
000100011000110010
000010000101011100
111101011011110010
000010011001110101
000001001001101001
111110110001101000
000001100101100111
111100010110010111
000011010000000011
000001000110111011
111110100010011001
000000101000011000
000000100110100111
111110001101011011
111100001111111001
000011010100110110
111101101001111110
111101000001001011
000001111110101111
000010010001000011
111011101101100011
000010001010010110
111101110001000001
111011000101111100
111010010100111100
111110110011100010
111111011001110000
000011100010011000
000000100110111001
111101111100110101
111100000111110110
111110000101100111
000001101101011100
111000011001010010
000001100000010000
000100000110111001
111101000010111100
111011011100100101
000001000111011101
000010110001110001
111111111101010001
111101010100010101
111110101000011011
000010011111111101
000000101000001101
000110000110100111
000011011001111110
000001110000000110
111110100100011101
000000010100111010
000001111010100110
111110111110011000
111101001101010111
000000101000001000
111111000011101100
111010101100110100
111110100010001111
111110100010001100
000011010110001111
111111000100100100
111110111101110011
111110111101001000
000011010111100000
000000110001100111
000010000111101000
111101001000011001
000000110110011000
000001101011000101
111111100011001111
111101100111101000
111101110000000101
111110001011111100
000001101110010101
111100110011110011
111111001001000000
000011100111000001
000001111101100011
000100000001011110
111111011010010101
111111010010001101
000000001110011001
111110010001110011
111111011000101100
111101010110111101
111111000110001011
111100111110111100
111110101000000101
000000011100000011
111100101000101001
111101011011011101
000001000001111011
000001111000001110
111101110101111101
000001011011100010
000001010000100110
111100111111111111
111111001001011111
111101000101101111
000100000010101010
000001001110110010
000000011100000011
000011001000010011
111111100101011010
000100100110101101
111100010100010011
111101110000010000
111111100110101010
000010101100001001
000001000011111100
111100000111101101
000000010101011111
111011111010011000
111111011101111101
000100101000011011
111101001100101000
111101111110001110
000000110101010011
000001001100111100
111110100101111011
111010111100011101
111111000110011101
000000010101110011
111101110101110110
111101110000001001
111001010001101001
111100110101100101
000000111111011110
000010100110000000
000000111101000111
000001100100111010
111101100101001010
111010111010100110
111001110111000111
000001000101001110
000001001011111111
111101101001100010
111001110000101101
111100100101011011
111111110011101111
111100011101111001
111010011010111001
111110100011101101
111001111111100010
111010001110011111
111111101001101001
111111011111001100
111110100011100010
111100001011000010
000100011000110111
111011001100100000
111111000110001000
111101011110010000
000011000100100010
000001010110011001
111011011111001100
000011100101010001
000101000101010011
000110000010100100
000010011001010001
111111001111010111
000000010001100110
110111000110010101
111101001111011110
111001111001101010
111011101000110001
000001001000001011
111111110101010010
111110101110010001
111010001010110110
000001001000000101
000101101111111100
000101001001100110
000010011111101000
000011100111111000
111111101100010110
111110001101000110
000001110001010101
111101111101111010
111110010110111110
111101010001010001
000001110110001101
111101000001111100
000001110001000111
111111100100100110
000010001011001010
111011011010011111
000001101101010110
000011000110010101
000101010011011111
000001011010110000
111100110001100100
000100010010111101
111111110110110111
111010100010101111
000001101011100001
000011001110000110
000010000010011001
111111001100000111
111101110011001100
000001001111101000
000001001110110001
000100100110110110
111111000010110001
000011010101111011
111111010101010010
111111111010100000
000001111111111101
000011110100011100
000011101011011001
000010101000111110
111111011110001101
111101000010000110
111110100111110010
000000111010010010
000010100000110111
000000111001101001
000000001100110100
000001110100111001
111110110101100110
000010000011111101
110110010000111111
000010001011111111
000000101011001001
000010100001101010
111111001000001111
111100111000100001
111101010101011111
000010100010111100
111101110110110001
111100011011011010
111111001101101010
111101110010000001
111110100100111011
000010101010111111
111100000101111010
111111010000010011
000011000101101111
000001111101111000
000000101101100010
111101010101101011
000001111101101111
111011111111110001
000000011100010000
111101110000001000
111101010101110000
111101011100000010
000010000110101100
000001001101001001
000010100010011010
000000100011110000
111101101100111001
000001011000110101
111010001110000011
000010000100010001
111101001010110010
111011011101001100
000100101001001101
000001111110110110
000001010001010101
000100011001000110
111110001100011100
000000010100010100
110101101011100010
111100110010000101
111110011011011111
000011101000100110
000000100111000001
000111110101101001
000001010010000001
000110011111000010
000011010111101101
000010010101110000
000011001000000000
000000010100101111
000100110011100101
111110001000111101
111100010000100101
000010100101111100
000101011011110010
000110101000110001
111110110011110001
111101110110100010
000101010101101001
111001111011100111
111110111110001001
111111111110010000
000000001101100011
000110010101001010
111100100000011010
111101111000101100
111110011000101110
111101101000000101
000001110011011010
111110000100110011
111110110010000010
000001101101100110
000010101100001100
000011010110011010
111010110110011111
111101000110001110
000000100101101000
000011000100010011
111011100110110010
000000001100010000
000000000010011100
111110110110001010
000000101010011110
111100100011001100
000010011100011111
111101111011100001
000011101001111001
111110100011100101
000011011011111010
000010010011101010
111100111000101111
000000100000101101
111111001111011001
000001010100111100
000010111110111000
000100010001001110
000001111100001111
000001000100010100
000011010001000001
000001011101111111
111110110110000110
111101101001110111
000110111111010011
111110000101001010
111110011010011101
000010010111101111
111011101100100010
000010111100100000
111110111101101101
111110011110001010
111110111010100011
111110110100101000
111100101001110000
111111110110100000
000011001001111000
000000110111010100
000010111100100101
111101110000100001
000001000001011100
111101110000001001
000001110101011111
000011001100100100
000010100010110101
000010110010000001
000001010100010001
000100010011111111
000010001000001001
000001001011001000
000100110110100101
111011100101000000
111111100100101101
000000000010010100
000000000011010010
000001011010011100
111101111100110110
111111111001000010
111110001100111100
000001110110001110
000001111011001000
000001000010011001
111100111011110001
111110010101111011
111101111000000111
111111100100000110
111101111010101110
111101110100110110
111100110010111010
111110101011110101
000000101101111000
111101110001111111
111111111010111001
000001011111100010
111111110100011111
000001111111110010
111111000101011001
000011000100000000
000010011100100001
000010010000110010
000010100100000100
111101100000111000
000010010011110101
000010101011011010
000010101101000110
111111110110111110
111111011111110100
111100001110000110
000010001100010111
000111101100011110
111110111000010100
000001110000000100
000100001100011000
000001001001110001
000001100111001000
111111010010001110
000001110010011011
000001010111010100
111110010011110010
111100010001110101
111111110111000111
000000001010111101
000010110001011100
111011100000110001
000010000101111110
111111010110110110
111010011110111011
111100000101111110
000010010100101010
111111001101111000
111101001101111101
111111100010101111
111100010011000100
000010011100111101
111100010100001110
000000100010111111
111111101001100100
000011100010000010
000011001111010010
111110111111000010
111100111111111101
111111010011010101
000010110010011111
000000110100001001
000010100011100001
000010110101000101
000001101000010110
000011110100100011
111101010101001101
000011100000000011
000100000101000101
111111100001001011
111111110110011011
111100001011010011
000000000110101011
000010101000011001
000011110001101000
111110011011111110
111101011111100111
000001011000010111
000000011110001110
111110011001000100
111000110101011110
111100010000010100
111101110100101110
111110101111101111
000100101001101000
111101000101011100
111111111011100110
111110000010011101
111100000001100100
000010001011000011
111111001001001111
000000101001110101
111110100011101110
111111010000101010
000101000011110011
000011110001010000
111110010001010100
000001100110011001
111110100001111010
111101011111000001
000010101011100100
111110100010100111
111101010110100011
000001010101010010
000011010000001100
111111100000100111
000010000011101100
111111011001011011
000000101100110010
000000011111111000
000010110000101110
000101101110001011
000000111010010001
000100001000100011
000001110000100001
000001100011111010
000000011000001000
111011100100101010
111110111010111110
111011111100100010
111110010000010000
111111011011110011
111101010111011010
111101110100111101
111111000111110011
111110001101011100
111110100001110001
000000100011110111
111101010101100010
000001001111011100
111110101010011111
000011000001101101
000001100110110101
000010000101110001
111101110111000010
111101000110101011
111111011000111011
000000111110111000
000001001110111100
111110111101101011
000010100101010110
111101000011001100
111101110010111100
000010011001100011
111111110011000111
000010101101001110
111101011111001110
111110000111110111
111110010110010001
000001011010101000
111111110000101011
111000111110101110
000110010101111110
111110101110111011
000001110001101111
111010000000010101
111111110110010100
111010000110000110
000011100011100001
000100100110110111
111011111001110011
111001001010010110
111111110101100001
111111011011000110
111101100001001001
111111000110000101
111100001011101110
111111000101000101
111110111001011100
111100010011000101
111010100111100011
000010101111010111
000000011111101001
000001010011000101
111011100000001011
000011101011010111
111110010101001101
000011000111111101
111100110101110110
110110001011000111
000011111101001010
000011110110101001
000000001011001000
111111111011101001
000010100000100000
111100001010101101
000010101000010001
000011101000100110
111011110110110110
000100011100010100
111011111101111110
000010110111101100
111100111011010010
000010100011110100
000001111110101001
000001101001000010
000010001010110100
111111011010001111
000001010110101110
111101111100100001
111111001110010001
000011000000011111
000010011000100001
111110000010101000
111101011000010000
111100010111100110
111111011111010011
000001101100001000
111001111011011011
111011010010010111
000001110010011110
000011101101010101
111100100001101110
111001100000000111
111101101001001010
111110001100100010
111111010111100110
000010010111100110
000100101101101100
000001010000011100
000011011011010011
111111101001011110
111110010001010000
111111011000110011
000011011000011011
111101110000010101
111111101000000100
111101100010101110
111010001000110111
000001011000010000
111100011101001101
111101010100110000
111101100011111000
000011111111010110
000010011101000100
000001001001011010
111110101010101010
000001100010101011
111100000111011101
000011001001001011
111101111111000110
000011001001001101
111111010100100011
111011011110100011
000000100001001001
000100100110100111
111110000101000001
000010011111011100
000001000111100101
000100001110111001
111110000100010000
111111011011011111
111110000010011001
000100000100111111
000011111011100101
000100101101110011
111101100001011111
000000010001111010
000000001001011010
111110010001110010
111011010011001110
111100100101110100
111111111101010000
111111100101110110
000000011000010000
000000000001101000
111110000100000101
000011011001000111
111110110001001101
111100110000101011
111100011110010011
111101001000100101
000000001010001001
000000010100111010
111100111111011001
111101101001101010
000010111011101100
111111011011010010
000000101000011110
000011000001000011
000010100111011011
000000001001010000
000011000111001010
000000010001000010
000001110011111100
000010011001110111
000000101110111000
111111101101011101
000001110011100000
000010011000001111
111100010101001011
111110110000011001
111110010000001111
111111000101111111
000011101110011101
111101010111010001
111101010000111010
111111010000101100
111101111011001011
111111111000010101
111011110011010001
000001110110100100
000001000011100111
111111001001110110
000010100100011101
111111001100001011
111111101001101011
000011111010000001
111111100001110001
111111001111001001
000010101010100111
000010011110100101
000010101010001001
111111001100100011
000010000111010100
000101010000001111
111011111000110001
000100010100001111
111010100001111001
111110100101011011
000010110101111111
000000000110001001
000000010110010010
000010100010000100
111110010001000100
000010000111011110
111100100101010111
000001101100011011
111110111100101100
111110101100100101
111100111100000111
111011010011000000
111101000110100101
111100100100011110
000000101110111110
111111101010101100
111110100001111000
111100100110110100
111101010100011000
000000101101001110
000001111000010011
000011111101000101
111110101000100011
111100010000011001
111100000111100010
000010001010010101
000000001100011010
111101101011001101
111110110010001111
000000000100010001
000011001100010000
000000001101110110
000001001101000000
111000000000001101
111101111010100010
111001101001011011
111101100110000100
111011011010110011
111111111000110001
111111011011100101
111010111101111100
111100110100001110
111010100010011101
000011010111100100
111100000111000100
000001000101110111
111000110001100011
111101111000011110
000100100101100010
111111101101011100
000001100101010001
111111100010011101
000001111000010100
111111100111000010
111110010000110000
111110111110011010
111101011111111011
000011010110100000
000000101000101000
000000000001100010
111100110111001101
000000001101110010
111111001111011010
000000110110110000
111110110000011100
000000100011000000
111101001101110101
111111001001111010
111100100100010111
000010111010010011
111100101110100000
000000011011110101
111100011000000110
000001010001111100
111111001101001110
000001001101101101
111011011011100110
111101010011101111
000001100111101000
000010100001000010
111111111110011100
111110011000110100
000000000100001011
000000001111001000
000010101100100011
000001110111011110
111110110101010111
111111110111011010
000010011001100000
111101010110011101
111111000111000111
000011000000110011
111110100111110011
000110011010111011
111111001011000001
000010110100011001
000011010110101111
000011011110101011
000001101000101011
000010011011000010
000000110010011101
111110111101001001
000100000001100010
111110111001011111
000011000010000001
111101011110010011
111111101001000000
000001000001011111
000100001100110100
000010011111010011
000001101010100001
111111001110001010
111110001101101100
000011000100101100
111110011111011110
000000001100100110
000001000100011000
000001000111100011
000001000011110111
000000000010010111
111001011110110000
111000111000011101
000000000001110011
111110001101111011
111101100110110111
000010110011111000
000111110100100110
000010010010110011
111111010101101010
000110000101100110
000100011111101010
000000010101011110
000110101110111110
000001010000101010
000000011001000111
000001011000011100
000001011001111011
000010011011011010
000101110000110101
000000100010010011
111111011100110000
110111101100000011
000001001110010010
111101100001100010
000000001000110100
000010110111111110
000001001110100100
000100111111000010
111101010001101110
110111111000010000
111011000000011101
111101001000110101
000000100000000001
111110110000010101
111100010010100001
000010011001110000
000000111011011001
000001000111010010
000101110011001000
000010111000000011
000001001100001100
111110001111010111
111110111000000111
111100111011010010
111100111110000011
000000001011000001
111011100001000100
111111100111010011
000011100001111001
000010011001011111
000010010000011001
111111011011100010
111101110100101011
111100001110110100
111100011101010110
111101011110010010
111010101101111010
110111000011101001
111011101100001001
110111000011001100
000001011011000110
000011001011111000
111111100010100110
000010110101111001
000100101100100100
000000011101001100
000000100110000000
000000001010111011
000100011001011001
111101110111100111
000011010110101000
000000000000011101
000001111001011100
000010011010001000
111110110010011000
000010001111111101
111100100111000001
111010110000011100
000110001010000101
111100010100101001
111111000000010001
111111010001010000
111111101101100000
000101000110101101
111110011100001001
111110110000010101
111101100010111000
111101011011010011
000000001010100000
111010100100001110
111100100111101011
111110101010011011
111101110100011000
000011101010010110
111111101101010011
000010000011110101
000000001000111110
000010110110001111
111111011101001010
000010110001111110
000001001011010001
000100011010100011
111011111101011101
000010110011100110
000001100001011001
111111101011101000
000001010001110111
000011110101000000
000010000100001010
000001110100001101
111110111001101110
000000001000101111
111100111100110001
000010000111111011
000010000100001110
000000101001111110
111110100001010001
000010001000110111
111100011010101000
111101101111011001
111000001010111001
000000001010010110
000001101010111000
000011111100010111
000000111100001101
111110111000100000
111001001000110100
111110101110000101
000010000000011100
000011011000101110
000000011010100010
111010100010101111
000000000010100010
111101111000000111
000101001110011011
000000110110101011
111100001101100001
111101100101100101
111011010110011001
111011101001001010
111011000110100000
111101000110010000
111110000000011111
111111110100011110
111101000110101010
111011110011100100
111010101110101011
111110001100011100
000000000111111011
000101000001110111
111010101010011001
000010101100010000
000100001101111101
111111110101010101
000010111100011011
111001001110010001
000001100110100110
000001011010111101
000010011101001111
000010011110100001
000000110111010000
000010111111110101
111111001000110010
000011110100001010
000000111000100111
111111011100100111
111100010000101100
000010010100011001
000011101110010010
000100000000101000
111101101000000010
111110011110100001
111100110111100100
000011000011011001
111111101101010001
111110110001100000
000010010000010101
000001101001101100
000011100110001001
111100001110110101
000010010001001011
000010111001111000
111110000110110100
111101011110011111
111101111011001110
111100011001101110
111110101010100011
000000000110100000
111111101001001011
111111111000011111
111110010111011111
111101100001101111
000101100111111000
000100001010110000
111111011111110011
111110110000010101
000011011000011000
111101011000000111
000010010011010111
000010100101010110
110101101100001011
110111000000010011
111110011010000110
000011001111110011
111101110110110011
000001111001100110
000011110010110111
111110101011100000
110101111110000111
111101110000111111
000011110001111000
001000000001011101
111011001001010100
111100001000101011
000000001011111011
000010000110000100
000000101100101100
111001010011110111
111011101101101011
111011011011010111
000000110001111010
000101111000000101
111011111111100000
111101100001000110
111111010100101010
111110011001110101
000000100010101000
111111000100110101
000010000000100111
000011100101001001
111100100100000011
000000001110000001
111100111100100001
000010001110100101
000001000111010001
000001100101000000
000011101110011000
000010000111001001
111101010000011110
111111010000100011
111100001101001101
000011101100001101
000100100001101001
000001001001101100
111111110100001001
111101101100010010
111111010101101001
111110101001001111
000010100110111101
000000001010010110
111101110101011000
000011000000011110
111110101010100000
110011111010100011
000100010000101111
111101111101001000
111111011001110000
111111101110000001
111011001101110101
111110101000110101
111011100001011001
111111101101011111
111111100100111110
000100011011010110
000000000111000010
000100011010111100
111111111011111100
111111001100110110
000000101000101100
111110010101000100
000010100010011011
111110001101000011
111111001010101000
000010111110111101
000011000011111011
111100010010110111
000001000010011011
111111010110111100
111111010000011000
111111011000101010
111010001100101000
111101100000101001
111110110011001110
111101111110000011
000011000110001101
111101101100001000
111111000001100100
111110001010011001
111100101111111100
000000000010100110
111101110011000001
111110000001100101
000010110010001111
000011100101011100
111111010101111011
000011111110100111
111100110000010110
000011011101101101
111101001101010011
000001111111100001
000100110001110111
111111101001010111
000000000001100010
111111000001001110
111111000111111110
000001011110000110
000100000101101111
000010000011001000
000010101101110111
111100001100100011
000001111001010101
111111111011001001
000000010010111101
000000101100010010
111100111100110111
111111110110010001
000011110110010110
111110000010111000
