111110011011000101
000001001111011001
111110110001111101
000101001011011011
000000000110100110
111011110000001000
111111111010111000
111110111101001110
111111111011100110
000010010101111101
000110000011100001
111110000111101101
000010111111000111
111011000111011010
111100111111001111
111100100001001001
000110101001011001
000001110100011110
111011011100000110
000001101111001001
111100001100010001
000001000111001011
000101100100010011
111111101010101101
000000011101100110
000001110001111000
000100100010111001
111111000110110000
000001101100111100
111101111001110100
000011001010100100
111110101000101101
000001100110100000
000001000110000010
000001010001001111
111100100111101101
111110101101111100
111110010010111110
000001001101000000
111111110010011011
111111011100001111
111111001100110010
000010011010000011
000010000000010001
000100110110111100
000010010011101110
000110000001101111
000000100000010000
000000001000010111
111110100110010010
000000011000010100
111111110110001110
000001111010001011
111111011101010010
000001001001111010
000001111100110001
111101110100100010
111111000001001011
111110010010110011
000001011110000100
111101100010110111
000100000010101111
000000111000111010
111011001010110111
111101100000010101
000010100101110111
111011101110000011
000000101101000011
111101011001111110
111101100001110011
111100011010001100
111111111111110011
111101111000111000
000010110101001001
000001011001011100
111011111110010011
111101100101110010
111101011001100100
111110101100011100
111111011011000011
000000110000110010
000100101000010110
111100101010101011
111110100110100001
000000011010001000
111110011101010101
111111010100010100
111110111010110000
111110010000100011
000000101000010000
111111111001010100
111110100100011111
111111011011111010
111111101101000100
000001100100000110
111110110110001100
000010010110111110
000001110110010001
111110010000011110
111100011011000100
111101101100011110
000000000001111000
000001010100011010
000001101011110001
111110111110100101
111111101100111111
000001100010001110
111111001011000011
000010100100100000
111110111100101001
111000101001011101
111001101000111001
111111110111111110
111110111111110110
000101010001000100
111100000110000110
000010011110011101
111110011000001110
111111100011101001
111110101110101010
000010010111101001
111100001010000011
000011100101000000
111100100011000001
111110111000001110
000100000110111011
000011100111111111
111110001001111101
111101011110011000
111101010011010111
111110100111100001
111110110101101011
000001010110011111
000001010101111111
111111001100110111
111110111111111101
111111110001011110
111100100110001111
111100001001011010
111100101101110010
000001110100100000
000000010100000011
000010111011100110
000001000000010111
000000110000101101
000000101101010011
111110010110001001
000000000110101000
111100100010110110
000010110111000011
000000100111101100
000000101111110111
000001001111011001
111111010001110111
000010110110101010
111110111101111000
000001100010101011
000001101110111111
111111110010000110
111011000011101001
111101101001111100
111111111001010010
111111110101110001
000001111000001101
000000111011110011
000001000101011100
111101011001011100
111101110110001001
111110010000101010
000010000100001001
000010111100001100
111111011110001111
111010100100110111
000010110000011011
111110100011111111
111010110110001101
111101011000000101
000011101010100000
111111011110101010
111100100100100110
000101011110101111
000001000000100100
111100011100110101
000000100000110001
111011101000000011
111101000111001100
000001011110110011
110101111111011011
111111010100110100
111011001000111101
111011011100000011
111101111100000000
111101011000000101
000011101100011010
111100111111000011
000010101111110100
111111101111001010
000001011010010001
111111101010011011
111101010110011010
000010111000111111
000010101101111101
111101111011011001
000100101011100011
000000110000010000
111101011011010110
111111010111111000
000001100001011010
000010001001001111
111110101100001011
111111100111000111
111101111011101100
000000101000000111
000001110000101100
111110100000000111
000001111011100010
000001110010010010
111101010110110110
111111110100011001
111010100101011011
111101011010010110
111111000010111000
000000110010000000
111101000010110111
111111100010111011
111110011001011111
000000011001000101
111110010010010111
111011011110101011
111100111110011100
111110011000101101
111101010010110011
000000011110001111
000001100100101101
111111010010101101
111111111010100100
111110001011111100
000001001111011111
000010100101001000
111101001101110000
111011111100010001
111110101011111011
111110100101101000
111111001110010111
111100110110000011
111100101100010110
111100000111010001
111010110111110000
000000011010001110
111011010010100000
111110110011100100
111100100010000010
111101111011100100
111101000110010010
111010000011110111
111101000110110011
000001101010010110
000100100100101010
111110011101010000
111000101110111011
111111011100001010
000001100101000111
000010101000110101
111110001010110100
111100100011111100
111101011101010001
111111100110111000
111011111011010001
000000000111111001
000001010010001100
110111110101000110
000010001101111001
111111000011111110
000011111000100101
000010100010001101
111101100100100010
000001000000110010
111100010000111000
111100110010010111
111010110101101011
111110110000011011
111110110100110101
000001001110011101
000001001101110101
000001100010110001
111011000001011110
000001111000111011
111101111100001100
000011000101001111
000001011101111001
111010110111101101
000011000110100111
111100111101101111
111101101111000101
111100011010100011
000001101001011011
111101101000010010
000001110100000011
000001010001101111
111101110100110000
111011111110110111
000001110011011000
111101010001000010
111110011000001001
000001001110001001
111100111000101000
000000111110100011
111110111010110100
000011101010100101
111110000110111111
111101010010001111
111011010011000101
111110111111001011
111110001110111001
111110100100111001
000001001110010011
111101101010100101
000010110010000110
111111100001011110
111100110110100111
000001111000110010
000010110001111101
000001001101100000
000000100011110000
000000001110011011
000000011011100111
000010101011110010
111111011001111000
111110110000001100
111100100100110000
000001000011111000
000010001001110111
111111101010101111
111101111011001001
111110110101010100
111101101101000011
000000110111010001
111110100110010011
111101010110011110
111100111100001111
111110011110101111
000010001110111100
000010110000010001
000001010111101110
111110111111000101
000001101011110011
000010011000111001
111110100111001011
000010111110100000
111111000001110001
111101010101100101
111110111011000001
000001010111110100
000010101101011011
111110110100001110
000000111011100110
111100001011111100
111110011001010000
111111010001111000
111111110010110100
000000101101100011
111111100001010010
111110000111001011
111101010111001110
000101011001101010
111101101111011111
000101110111000110
000000001000100011
000000101000010000
111101100000001111
000001110001010001
111111101100000100
111111111111111101
000101001011001010
000001111101010111
111010101001100010
111100110110111101
111101011111111011
111110011101000110
000010011010001101
000010011010111000
111101000101100011
000000000111111101
000000001111011011
111111100101110000
111110101110010111
000001000111001100
000000100000001110
111111110000010000
000000001011100101
000010011110100110
000001000010000111
000001011110100000
111110010111000100
111110100111101111
111011011110000100
000000001111010111
111110001001100100
110111001111001100
111101101110100100
000001010010110110
000001011100010101
111110001101000000
000000000000000001
111110001010110010
111100111011101111
111101100111101110
000001000111100111
000001110110001100
000001000001000010
000010110000110000
000001101011100100
111110000001110101
000000111001100100
000001110011010010
111111001101101011
111111010010110111
000000111011111000
111100100010110001
111101010110010011
111110111011010001
000000001010000000
111110111010100101
000010111010010111
111110000110000010
000010000001001100
111100110000101111
000001100010111001
000001100001000101
111111000110011001
000010001011100111
000000100010000011
000011000100010011
000011111100100010
111101111011100100
111111001000111100
000000011000101010
000011001110000100
000010100010011001
111101001100010110
111111110011100001
111111110011010101
000000010111110100
000001001011100110
111110110111011000
000000101000010110
000001010101100011
000000001100001010
111101110011001100
000100101001000001
111101100010001010
111111110111010100
111111001100000101
000000111110000111
111110010100110000
000001100001111101
111111111010100010
000000010111011011
111111111000101111
111101110010001111
111111101100110111
000000000011101010
111001001010101110
111010101010001101
000101101011010011
000010110010001011
000011001111010110
000000010000000100
000010010100110110
111101110011111100
111011101001111010
111011111100101000
111011111110001110
111100100100100101
000011100101111010
110111000000001011
111111011101010111
111100010110010000
000011011000000111
111110010100000000
111100011111010101
111101010110000110
000011010110001000
000000100001000010
000000011000101010
000001100101011011
111010110100010010
000001011111011011
000001111111110001
000000101010011010
111110100000010011
111111100011101111
111111111000101011
111110001110111000
111011010011011111
000011000000110001
111101111110010010
000011001100101001
111101100111010001
000001101101010010
000000111000000110
000011111011110011
000001100101000101
111100011000101111
000011101000111001
000000110011001001
000001010000111111
111100100010010100
111010101001010100
000010011110111001
000000011011111110
111111000001000001
111101101110011010
000011000000110110
000011100100011010
000000001100001000
000110010000001000
000000111100011111
111101011100011110
111111001101000100
111100010111100101
111100000100010110
000011101101000100
000010101011111011
000000101010100100
111011100010000111
111101111001000100
111111011011011101
000000111010000010
111101110001110011
111010100100101010
111100110011011100
111111101101101001
000000011001110000
000000100010001010
000001110010001011
000000110100011101
111111101011000011
000110001111010011
111111101000100010
000010101000100101
111101001000001000
111110011010100111
111111111110011101
111100110101001101
000001010111000110
111100110001010100
111111000010101110
111011111010010101
000001010001000110
000001001101001110
111111111110110011
111101111001110001
000000000110010001
111010000101100101
000000100111000101
000011000110101001
000000010100111111
000100010011001010
000001110101101010
000010111001110100
111101100010101001
000001110101101010
000001000011110101
111100101000000111
111101101000100010
111101101110010011
111101111100001110
111011110001000010
111110110000101111
111111011000111101
000110000000101101
000010101100100100
111111000010010111
111100100011011011
111111110100001100
000001011010011111
000011110010101010
111111110011011000
000001111010001001
000000110100111100
111101111010011111
000010010101011101
111110001100111101
000001101000000111
111101000101111100
000100011011000101
111111111101000111
111010010111001101
000010010110111101
000001100011011010
111111110100100100
111111011000110100
111111010100110001
000000111011010011
111111000001000111
000000011011000111
111101111000100110
000011100100000000
000001101001001000
111111101011010101
111011011100111000
000100011010101111
111110001101111101
111101111010001000
111111011011011110
000010001111100001
111101110101111001
000001101101001001
000001101001101110
111110010110111110
111111101011010001
111111000001001010
000010011111011001
111111001101000011
111110111110110010
000010101110110010
000000000000111101
111100101011000011
000000001011101100
000010100010010111
000001011100000000
000000010100010010
111111110000010100
111111111101010010
000001001011011110
111111011010111000
000010011000001011
111101101011101110
111011110010000101
111110101100010111
000100001101101110
111111110101100110
000001000110111101
111101100100001111
000001011110110110
111101101001110110
000000010100111010
000001010110010000
000010010001100111
111110111010000101
111001111010010000
111001000001100000
000010110010010000
111111000101000010
111101100010000100
000000100011101100
111110111110111001
111101100011111111
111100001001000111
111101100010010011
000100001111000111
111110100001000100
000001111011000111
000110011000100001
000111000100011100
111110010100100010
000000010011010100
110110110001011001
000000001001110110
111011111111110110
000010001101110011
000101000111110010
000000100011010011
111100001101011100
111110001001011011
000011101000001001
111011101001001111
000010011101110001
000001100000000001
000000101100110011
000000010010101000
000001111011001101
111010100011111110
000001100001111100
111101011010001110
000111100001101100
000000110011100001
000010010001001001
111011110000010110
000001000101000000
000000010001011100
111111000111111000
111111011100000110
111100011110100011
000000010000011100
000011001101100000
000110010111010010
111110100001110100
000000000000111000
110110101011011001
111111011000010111
111000111110100110
000010100000011011
000100000111011100
111111011110100010
000000100110011101
111111011101111111
111011010011101101
111111010010101100
000001100011110010
111100100001101110
111010110001001100
000001110101011101
000000111111101000
111110010010100010
111111000110101101
000001010000011010
111111111011101010
111101100100010100
111111001001000011
111111011001000010
000000010001000011
111110100111100001
111111011111001001
000000110111001000
111101000010101100
000010111000100110
000001000101101011
000010011101001101
111101111101001011
000000011001111010
111111001110000110
111100100111011110
111101111100001001
000001010010100010
000010001010011101
111111001010100011
111110010001001010
111110000111000011
111110110011001000
000000000101110101
000100100010100001
111111111001001010
000010010100111100
111101101100100011
111100000011001110
000001100011101110
111110100100110110
000011011001000100
111101110100110011
111100111110110100
000000001011001010
111110010011001010
111100000110001000
111111101001101001
000000100110111110
111111100010100000
111011100100111100
000001000101110010
000000100010111100
111011100111100100
000010011101111111
000000111001101101
000001011100101001
000000100001011110
000010010010011011
111100100100110101
000000000100111100
111110010010110111
000001010101100110
000000101111100010
111111001110010010
111011111111000110
000101000100011100
111001111110100010
000010100101011010
000000101100001101
111100010100010000
000010010100001010
000000011010001000
111100111111000111
111100011001000001
111110110011000100
000000110110110110
111100000101111100
111101001000010011
111110011010101010
111111010001011011
111011111000100011
111110100000110100
000001110010100001
111110011001101100
111110100101110110
000100111111000101
111110000110101010
000000100000100100
000001011000011000
000010000011010101
111111110110001101
000010011010010001
111111011011111001
000001010100101110
111011011111111010
111110001110111101
111011100001101011
000001110001001101
111101000101110101
000001110101011010
111111111111101100
000000011010010010
111111100101010001
000100001011100110
111010000001000010
000010000110011011
000000111101111010
000001010010000111
000001011101101011
111110100111001100
111101010110110010
000011000111110001
000000111011000011
000000001110000110
111110111111011000
110111001000101011
111111000110010111
000100001010011000
000010000001000101
000001110110110110
000000010110100010
000010000110101010
111100010011001011
000000111110011001
111110101001111000
000010110010110001
111100110101100011
000001011101111011
111111100111111101
000000100010110011
000011000101101101
111111001011101110
111101100100001010
111101010001001101
000000001111000110
111111111101001001
000001110101110001
111110111101110111
111111001100110010
111110000100000110
111101110101100010
111111100110111001
111110111100110101
111111101010001010
000111111100111010
000001010010100010
111101101111110000
000101011010111101
000001010101111010
111101101010101010
111101011011101011
111100011000100011
000010000111100011
110111001011100101
111011111011000101
000100110001011010
000001011111100010
111111011011110001
111110101010010000
111100100101100111
111101110100001110
111101010001101011
111110100100110011
000001111100001101
000011000000001001
111110111001111001
111110111000111111
111011010100010110
000001011110000101
111110001001000100
111110111111101000
000001101101001011
111100101000110000
111111010000001110
000010010111100000
111011001011000000
111100010000111011
000011000100010011
111100110111011101
000000010110100110
000010001010000010
111100001110000111
111111010101000101
111111001001111111
111101101001000110
000010010111100010
000011110110011000
000100001111111100
111001000001110010
111110111010101001
111111001101011111
000000000001000010
111100000000110111
000010101100001000
000001110110010001
000001101110001100
000011001001111110
000001101101101010
000010111101111001
000000010101100010
111111111101111101
111101010001110000
111111101001001100
111110111110110010
111111111000100011
000011010000010001
000000001001010110
000110000110011011
111111110111011100
111110011000010011
000001100111101111
000000000001001010
111000011110110111
000110110100011101
000101110101000110
000001101001110111
000000001000111111
111101100001111101
000000100100010010
000010011101110110
000011100101110000
111101100101010000
111110000101010010
000001001000000111
110011111001011000
000011010101000011
000000110101100011
000000010101011011
000000000011001110
111101100100001010
111000000010101110
111110110101001010
111100100111100110
000000101001001010
111111110111011111
000010110110000010
111101000001000011
000010100001100111
000000000000111100
111011010101000011
000001000011011101
000000001001010011
111101011010000000
111100101110010100
000011010001101010
111101010010011100
000011010111011111
000001010111110010
000000000110001011
111101110111010110
000001000110111110
000011100000111010
000010001011010100
111111110100111100
000010101110001001
111000001100011010
111110001101000110
111110100001011100
111111001111110001
111110100010100001
111111110100001010
000000110001110010
111110101001101111
000000100001011110
111110100010101001
111100000111111010
111111100101001011
111111100010011110
000001111100100111
000001000101111010
111111010100100000
111111000110100100
111100000000100000
000000111110010100
111101100101001001
111111000011010011
111100100010011100
111011101111110010
000000110101101011
111101100011110011
111101001101010100
000001011000001101
000100011110000011
000010110110111010
000010100000100110
111110000000101010
111110100110111111
000001111110011111
000000010111001001
000010010110111111
111101000011100100
000011100001101100
000000110101011000
000000000011101110
000000001100001000
000100111010011011
111001110000000011
000100001011100110
111110110101111001
000010100111110110
111110100000011101
111101110011100000
000000101000100001
000100101010110111
000100000101110100
000100110111000001
111101110011111110
111110001101111011
111111001101001000
000001100110001111
000100100011011000
111110010111000100
000000100000001100
111100011001110101
111101011111110101
111110010111001100
111111100101111111
111111101100100111
111100010111110101
000010100110101011
000011100101110101
111110010111101001
111110111000100000
000000110101110011
111110100110110101
111100001100011000
111011111110000010
000011110101110100
000010110010000011
000001011001110110
000000011000010111
111100111111111000
111100000100000010
111110011100000010
111101110001111001
000011111010111011
111111111110000001
111111100000000000
111111101100010000
111110001111010001
111111010000010100
111111110100111001
111110100101111001
000010000011101101
000000100001000000
111011101001100001
111110000011111000
000000001001011011
000001000110111110
111110001001001101
111101110110011101
111110110010111010
000000011101111111
000001100101001110
000000011000110001
000010111000011110
111101100001100000
111111101110101110
111101000110101001
111110011110100010
111010001010001100
111101111000110101
111100101100011011
000001000001111000
111100000101001100
111011101010000110
111101110100100010
111101110001100101
000001001000111001
000011101010001011
000001010000011000
000010100001101010
000010110110011111
111100100100001010
111111000000000001
111101101010010011
111111110100111100
111100101101111111
111100100000100110
000000001010011100
000010111100100010
000001110001111001
111111100001111000
000000110100101100
000011110101000100
000010110110111101
111111110001110000
000000101001001000
111100000000111110
000000111101110100
111100101000011001
000010101010100010
000011000110111111
000000111111010101
000001010101101101
111100000100010011
111011110010011011
111100111011100001
111110010010110101
000010010010111011
111111100100000011
000010010110110010
111100111000101011
111101111101100110
111110011101111110
000000001111111101
000010010111010010
000000110111011100
111111011101110000
000001110001111110
111110110111001101
000010010001000011
000000011101011010
111111011001010001
000000000101010011
111111011110101001
111111001101100010
000010000010101001
000100100001011101
000010110101001110
111111110110001101
000001111011001000
111101110101110100
000011001111001101
111100111001000001
111011100110001011
111111001111011011
000000001100010111
111110101100010111
111100010010101110
111100100111111001
111101000000010001
111111011111100101
000000000110101110
111101010110010111
111000011101001011
111011000100111100
000001101110010111
111110101011000100
000011110101110110
111110101001001011
000000000110100010
111111000000001111
000001110110100001
111011000011101001
111101101101011000
111110001011111101
000001000001000110
000010001110011101
111110000011100111
000100010010011011
111110010111001100
111100101011001001
111111100000010111
000010110010111000
111101101101111100
111111100010011010
111111101101110101
000000001000010011
000010100011010100
111111111110001011
000010100111110101
000001000010011100
111101011001001100
111111010101110011
000000111110110110
111110110000011111
111110001000100110
111111101000000000
000001001100000111
111111111101000101
111111111011010111
111100100001000001
111111000110111001
000001110111011000
000001101010110101
111111110101010001
000000101111000010
000010011001110011
111110010011101011
000000001000100101
111110110000000011
000001000011100001
000000110110000101
111011000001000011
000001010100100110
111100011110110011
111110101010000010
111110111101100000
111101000000100010
000000110110001001
000001010010100011
111110101011010111
000001101101100100
111110010010011100
000000100010011001
000010010110011010
000001010010111110
111110111011111111
000101011110001000
111100011110000101
111011100011001000
000000101111111110
000011001000011011
111110100011100000
000000101010101111
111110110100010111
111010010011011010
111110100100010011
000001110011000011
111101111000101101
000010001011000011
111011100001100011
111111011100101000
111011001001001011
111100101000001011
000001000000011000
111101110110001110
000100011001110001
000000001100100111
000000001001110101
111110100010001111
111111110110000101
111101111101011011
111101101110111000
000011000111111001
000000111001000111
000000011000011100
111111011111101011
111100111001101011
111110000111010001
111110100000010111
000100100111110011
000010010111011001
111100100001100010
000010001001110101
000001000000111110
111111000011010100
000000100100000111
000010010011110111
000100100001111000
000011001010100110
000001010111110111
111110100100111111
111011111000100011
111110010110011000
000000100101011011
111100101011010110
000000100110010111
000001111011000000
111011010011010010
111111000001011111
000011100010111010
000001000000010000
000001101111001101
000100001000101100
111100111000111110
111100000100000110
111011110001001111
111011101000101111
000010010011111000
111110100010001100
111110010011001101
000000100101001011
111100111001010010
000001000110100110
111111111000111101
000001111110010111
000001011011000000
111110000100011100
111011101110010111
000010000010101001
111100101110111010
111100001001111101
000000000011101101
111110001110010000
111111001001001101
000010001000010011
000000000101111011
000000000100010101
000001000111011101
111101111100101001
000010111100011011
111111000100110001
111011100110011100
000010101100100011
111110110001101011
000011101000000010
111101101000111101
111111011101010010
000010110010010111
111010011111000111
111110101100101101
000001100111110110
111101101100010110
111011110000011111
000000011111100010
111101101110100110
000000000000111011
000000101010110110
000000100100111000
000011011110101010
111101001111011100
111111111011101011
111101110000011100
000000011101110110
000010100101101100
111111010110111100
111101000111111111
111110010111010100
111000110101101101
111110011000001110
000000011011011011
111100111100110001
000001100001101101
111101001001010000
000011011101011101
000000001011100101
111101001001010000
111011111110001110
111101010111111110
111100010000110111
111110101110110100
000001011110011011
000011001011111111
111110010110110001
111100101111000010
111010010111101100
111110011010001000
111011111101110111
111101100001100011
111100110101001000
000001010100100100
111110010011000001
111111110101000011
111100111111101101
111101011001110111
111110111100100111
000010110010011000
000000100011010101
000001101000001111
000010011111111100
000001100011010001
000000001111000100
000000110010111001
111101000101001000
000011111011110011
000001001110101000
111101110111110011
111111110011001011
000001100001110101
111101111100101000
111100001011000001
000001010110001110
111100111001100011
000010011001001011
111111111111111111
000010100110111010
111110010101010100
111110110111011111
111110011101100010
000000101000011101
111111101010001000
111101000011010110
000000011111101111
111100101110110001
000001011010100101
000100001100011010
111101111100110100
111111000001001011
000000010101010100
000010011011011110
000001001000011000
111110011000101111
111011100000010101
111111111110101101
000001000010001110
111101001010101110
000000111100110011
111011111010111111
000010111101110101
111001111101001111
111110110111110010
000010001000110010
000000110000001101
000000001001010010
111101001111100001
111101001010010000
000011000001101110
000010011011011100
000010101101001001
000011001000000011
000010110111110001
111110101000100011
111111010100100110
000101010100001101
111100001001110111
111110011000110000
111110010011111111
000000101111100011
111111111001011111
111111101110101011
111010011111110010
111100100110000110
111101110011011010
111111011001010010
111111101100111010
000011000001010000
000000111011101010
111100011101110110
000000011110110101
000010100001001001
111111001110011110
000010001110001010
000001101101101001
000000111100001010
000001110110000000
111111111101000100
111111010100111101
000011100011110010
000000000011010100
000010100000001010
000010111000110101
111001110010001100
111101000011101100
000000000101111000
111110011011000001
111100110100010100
000000010001001111
000010000110001110
111110110101101001
000010010110111101
111110000111101000
111100001101011100
111011100001010100
000010010111001000
000010010010000001
000100001111101110
111100100001110100
111111110111011101
000000100000010101
111110000110110101
111111001011001100
000000001111100000
000010001111101001
111111001011100111
000001011001100000
111110001101100001
000001000000000101
000011001010000110
111101100010101100
111101010010010011
000000100000101000
000000100111010000
000010111011110101
111110011010001101
111110111111110011
111101100111000100
000000110001010110
111101000010011110
000010001011001100
111101001110110100
111101010101111011
111100010000000000
111111010100111110
111100001110100111
111110101100011101
000011001111101000
111110001000010001
000010101101111001
111110111101110100
111111000111001110
000010010000111101
000010101100000010
000010000110101110
111011111100011011
111011101100101100
000000000010011000
111111011110100001
111100011100000110
000001111100110000
111011011111110110
000001001011001100
000001010001100011
111111011111110100
111101111101000100
000001101000110110
111000110011001111
000000010100100010
111101111101001000
111111011111000101
000010100110000111
000001100101011000
111101011001111010
000001011110001011
000010000001001101
111010001010111111
111101000001000100
000000111011111001
000000010011010111
111101100111101100
000000111010000110
000000010001010000
111111010111100000
000000100010110111
000001001000111100
111110110101010011
111111110010001000
000011001011001001
000000011010010110
111011101000101011
111111110111001001
111101001000110100
111110001011000101
000001001011111010
111100011011010111
000010111010111101
000011010110010100
111100000110001111
111111110011110110
000000011101110011
111111111100100001
111111110111101111
000010010010110111
000000111010011000
111111011101100000
111101010111111010
111111110101001110
111100110001110110
000000111000101001
111101000010011101
000000000101100011
000000000001111110
111010101011100111
000001110100010110
111110100011110110
000000010010100100
000001001001111001
000011100010111100
000001100110110101
000010110111000100
000001010000011011
111101101001101100
000000001010111101
000001101100011011
111100101101111010
111110001001111000
000010111111111001
111111010110110011
111110100110110010
000000010010110010
110111000101110000
111100001110111011
000011111101100011
000001101001100100
111101010101011000
000000100000111110
111110001101111001
111111111110111011
000110001100011011
000000001101101101
000100000100010101
111111100110110000
111111111100111001
000000100001001001
000011111011111100
111111111011111010
000011011011110110
111101000101010110
111111111111101110
000100000101011011
111110100010000101
111110110101111000
111101111011110101
000001100010000000
111111011010100001
000000011101010111
111101111010110110
111101011110110110
000001000010110000
111111010011110011
000010100010011011
000001001100000010
000000100001011010
000001010011101111
111101001110000110
111110000010111100
111110110010000011
111101100010011111
111101000011000110
111010100000010001
000001110010000001
000010011011110111
111111010010001011
111101111001001001
000010101100101001
000100101001011000
111110010111010000
111011110000011011
111100000000101100
111011101111110111
111101001000011011
000100110110110000
111101100101110011
000010111111001011
000000011011001101
111110000110011000
111110110011111111
111011110101110001
111101111101010100
000000101100010111
000100010000010111
000001010110001101
111011101100100101
111101001100010110
111100011110101000
000001011010011100
000000110011110101
111110111111010001
111111001111101010
111111100001000111
111111000000100101
111101100011001001
000010100110100111
000011110110110001
111110100110010101
111010101101100111
000010011101101110
000010101101011110
000001111000100001
111011001101000110
000000010101100001
111101101001100010
111101011101101101
000001101000101011
111011110010101001
111110110011000011
111100011100000101
000001010001011111
111101001111101011
111111111011010000
111101101101101101
000000111000101010
111110111100010010
000001100111011011
111110010000011110
000001000110001001
111110011110100010
111100001111110010
000010011001101010
111110101011010100
000000011010010011
111101011001000011
111101100101100110
000001100111111110
111111101010111100
111110100010111001
111110101101001110
111110011011101110
111011101111000010
111110001101111011
000000001101000110
111101110010111010
000000010000111010
111111110001101011
111100001111001100
111110001010011010
111100101000101110
111110000101011101
111101110010010011
111101111100010001
000010010101101010
111101110110000111
000001001001000110
111110011100011000
111100101101111000
000001101100100100
000000011110101000
000011100101011001
000000101011100011
000101010010011110
000000011011100001
111101100001111101
111101111001011010
111111100110101110
111010101100111001
111110011000101110
000001101101000110
000001101110001010
000001110110001001
111100011010010011
000000101000010000
111011110011110011
000101011011011100
000000101000101001
000001000000011000
111110111100001101
111110101001110100
111010110000111011
111110010010111100
111111111100100011
000011100111001110
111101100010011000
000000110001101010
111100000001010000
000001100101101100
000000010100001111
000001000000101111
111111100101010001
000010010000000001
000001001010011010
000100010001011010
000011010001111001
000011010010111010
000001111010100110
111100001111010001
000000011101010010
111110011110101000
000010011010101100
000010100001100000
111110110000011111
111100100000101010
000001101011010110
111110110101001110
111100001101100111
000000011010011001
110111001001011110
111110101001110100
000010000110010011
111101010101110001
111101111010001101
000011000110000110
000001110000100100
000000101111011001
111101100110001111
000011011101011011
000000100011110110
111100000000000011
111110000100011000
111110001110101000
111110011111001101
000010101110101100
000001111010101000
000000111101010101
000010110000111100
000000010011111000
000000101101010111
000000100000101111
000001010001010000
111110100010011001
111101111000011101
000010000010110011
000011001011101100
111111101011001010
111100010111111000
000000100000100010
000000000000000001
000000101010101011
000000110110100010
111101010100100100
000010101111011100
111110000010110000
111111011101110110
000000110101101111
111101011010000111
000011100010001000
111100101001101100
111101111010111100
111100100111101111
111111101111011001
111100110010110100
111111000000111011
000010000111111101
111101101011000011
000001111011010110
111110000011011111
111101111001100001
000000110011010110
111111101000001010
000001011101110011
000001101000111100
000001101010000110
111101100100011001
111111110110101011
111101000111111011
111111001111011111
111011011111100010
111110111001010001
111011000010110011
000010101101001101
111001011111001111
111111000110111111
111110111110010101
000000001000000000
000000110001011111
111110101000100011
111101111011011110
111101000011011001
111100011110110001
111101011010001111
000010110001100110
000001011011001110
000000110010110011
111100100001010000
111111111110001001
111111110111111111
000010010000111100
111111010100111110
000000101110011110
000001100110101110
111100010000101001
000001000001001111
111011101111111110
111111100011100111
000010111001101000
000010110101011001
111101101011001101
111101100111011110
111110000010111100
000000011110100001
111011101110101100
000011010110010101
000000110110000000
000011110010110010
000000000011110111
111101110101000001
111101010100111100
111110011101111011
000000101010111010
111101001001010111
111110110001000001
111100011110101101
000001010100110000
111111000100000101
000001000100111010
000011101000000011
111110000111111010
111110010011000111
111111011000001110
111001000010110000
000000000011011101
000001110110110011
111101110111001010
000001111101101000
111100101111000010
000000010000000010
111110010000010101
111101111001111110
000010010011001000
000000001010010111
111011100110011101
000000100111100110
000001000010000001
111110001100100010
111110100011000010
000010111110110111
111111110000110011
111101011100001100
000100100010010101
000001000100101001
111100111100111110
000001101111111010
111111100001010100
000010010101101010
111111100010101011
000001000010111010
000011100110001100
000100001111011101
000000011100011001
111111111111000011
111100010010001110
000010110101011110
111111001111000111
111011011110011101
111101101010001000
111010010100000111
000010100011010001
111001101001011100
111111001110101110
000000010011000001
000010001100011101
111110010110011011
111100110111011000
111100001110001011
000001110101011110
000000001000010000
111011111101011011
111111001001100000
000010000110110110
000000011001000111
111110110011000101
111111111001111011
111101100000101110
111110100011000001
111110111101010011
000001101011110101
111111100101100110
111011101110000010
111110111010110101
111101000010110100
000000101100010101
000001000110001010
111111101110110011
000001111011011100
000010110110011111
111100110011001110
000000100010101001
000000011110111101
111111001101011110
000000000100010000
111111111010001001
000010110010111100
111011011011000110
111100000001100010
000000001100010101
111101000101010100
000010001001010110
000101111010010011
000000101111110110
000101001111000111
111111011100110001
111110110111110011
111011011000101001
111110100100110110
111101001100000001
000000011101101110
000000110100101100
111101100100110001
111111100101110100
000001010100110010
111100110100111001
000011111001100111
111101100110000001
000101010110101011
000010011101011000
111011100010100111
000000111111110010
000011111010010011
111101100001100001
111111110011110010
111100100011011101
111101011101001001
111110110111011001
111111011001111000
000000110000000110
111110101000110001
111111101101100010
111011010111110011
111001001011001111
000010011001111100
111110110101011110
111101011011101001
000010001000011111
000001000111000001
111001100010101100
000010001011001010
000001011111110111
000010100111101101
111111101101100111
111110111010111110
000000110111010010
111111111100100010
111100101011101110
111011010101110001
000010011000101101
000010111100100111
111010011110111011
111010111100101100
000100011001100010
111110001100001011
000010011011000001
111101110001101110
111101100111101110
000001001011001010
000011011101010110
000010011100100110
000010000110010010
111111010110111011
111111000111001110
111111100010010000
111101011000001010
111100000111100101
111111000010110010
000000001010100010
111111110001001000
000001110001010011
111111010001001101
111101100011100001
000011111111001010
111100101011010110
000001010110010100
111101100101000000
111101001110001110
111111010011010000
111111101111101111
000001011010101100
111110000110000101
111111110001010001
000001000111011111
000001101010111010
000000010010000100
111110100011111011
111110100001100110
000000110100001111
000001100010010000
000001011110101111
000001000000101000
000010000010100010
000011110111100000
111101111100100011
000010100100001111
000010101000000110
000000101100110101
000001110001010100
111110000001010101
111101011001000101
111110000001100111
111100011101000100
000010110011011101
000001010000111001
111011010001001011
000010001010010000
000010100110101010
000001110110100101
000000000010101011
000001110001101011
000010100011001111
000011110010110010
111110111011000101
000010100110101100
111110011010001110
111001000111100001
111011101110010000
111111100000001010
000011010001001111
000011010110011000
111101101011010100
000000001100110101
000010001001000100
000000000111011010
111111001100111011
111110101110000111
111101010010010111
000001100110011110
000011000110011010
111110111111100011
111100101101100011
000001001001101010
000000110111100011
111101110110101100
111001011001011110
000011111100110010
000010010111101111
111100101111010100
111101101111110001
000011000011000011
111110011001000111
111101001011001111
111100101110000001
000011111111101110
000011111110001110
000101001010100011
000010001111011111
111001000111010100
000001110101000110
000001100000101000
111101001111100010
000101001001111101
000000001010110101
111010001101110111
111100101011010111
000110001011000000
111011010000101100
111111001110101011
111100010000110001
111111000010000011
000100000000001100
000100111111010000
000001001011110010
000001001011010100
000010010000111011
000000110001011001
000001010111010000
000100110110000001
111111011100110110
111100010100010010
111011101101011100
000001101010000001
111100001001001101
111011110111101010
111110100110101000
111111000000111101
111001110000011010
000010000100001000
000000000110010000
000010000100101100
111101001111100100
000000101001011101
000000010100000000
000000101000011011
000001001110111101
111010111010101000
111011010101111011
000010101111011001
111101110111000101
000011010000011011
111101100001000111
111100101100001100
000001010110000111
000011110001111010
000111000100101010
000011100000010111
111010011011110000
000000010100101111
111110101000011110
111111001010000100
000000110111110100
111111010001111100
111110101101100100
111110011100011101
000000000111001000
000010001001100010
000001011110100011
000010010100111011
111101010100011001
111111000101111001
000000011010111100
110111011011000010
000000101011111110
000000111001110101
111100110100101011
000011101001000111
111100010101001001
111011000101100000
000010101011001001
111101010010111101
000000110001000011
000010010110001011
111110001101110001
000001000001010100
111111101111001101
000000110011110111
000100001000100111
111111000111011010
111110011110101110
111100010110111010
000000111010100010
111110100101111101
111111001000111101
000001011100100110
111110110101110110
000000100111001110
111111001000101010
111101010111010100
000010011011101001
111010001111001000
000010010110001111
111110111101001100
111100101001011011
111100111000101000
000010000001111000
111100011110111110
000010001001010010
000101100001000010
111100110011010111
000010010110110110
111101010111010110
000001000000001100
111010110101111011
000010001110101100
111111100010000010
000011000110010111
000000101111111000
111000011010010101
000011001100111100
000001001110111000
111101010110101110
111101011101100010
000001000000111110
000010111011000110
111111011101111011
000010100111111000
000000100010100011
000000010110011100
000000000111001111
111100110000100001
000000001111101110
111100011010101111
111110001110000001
000001101000000101
111100100111110100
111110111111010110
111110011001000010
000011010111010100
000010000001000101
111111001010111010
111100001111011100
111101101001111000
111110101100001111
000010001011101110
111111100101011101
000001110110000001
000001110111111011
000000111100111010
111101110111000111
000101000001011001
111101110001001010
000010100111111111
111101011010010100
000000111110100110
000000011100110011
000010000011000010
000010000010100000
111111110101000000
111111101110010000
000000011100110100
000001011101100010
111100100111000101
000000110110000101
000010101001110100
000100101011100010
000000100110000011
000000111001001101
001011111010100111
111101001110010010
111010100001110010
000000001011101100
001000100000011110
111110001010111100
000000010001110110
000100010110001011
111111001110101010
110110000101111101
111100100000111011
111100101001000110
111101011101101000
111110010011011001
111111100001100100
110100110000110011
111101001001011010
000001110000000011
000001101101110000
000100001011110001
000100011011000110
111101001101110000
000000001100111100
111111110100010001
000001000001100101
111100101001101001
000000011111011110
111110111100010010
111111001011011100
000010011000100101
111001111000001010
111111101110110101
000010001010100101
000000011001001000
111111010011110111
111110010010010010
000001111001001010
111110010110010111
111100101000001000
000000001111011101
111111110000011011
111111000101100010
000000010001000111
111110000010001000
111110000011111110
000000000010101010
111111010001110101
111110101111001010
111110110001101000
000000010010101000
111111101001010000
111011110001100000
000100101100110110
000011010101000010
111110110010001001
111110010100110101
000000101101011101
000010010110011110
111101000100100000
000000101101000011
000010000101010001
000100101000100110
111111111110000100
000010110101101001
000000011101110001
111111001000100001
000011100101111110
111111101000000111
111111100110110101
000000111101111100
111100100111010101
111110011101111000
111110111101100001
111101111010000100
111100000100110000
111101111000111010
111110111010101101
111101001010011110
000000010011001011
000010000001100111
000000100001000111
111111110001011100
000000100010001101
000000100111111000
000000111000110001
111011011111101111
000001010011110111
111111111010001100
111100001100101000
111110000110010001
000001111110111100
111111011111011010
111100110000010011
111100000001100100
000010010101101100
111110011111011011
000000100010111100
111110011101000000
111111010110111110
000010001000011100
000000010010010111
000001011010101001
000101111110110101
000000010010111111
111101001000001111
111101111111101111
000001011111000100
000000100101110101
111111010000000100
111101101011001110
111100100111000111
111000010001101101
111110111011100010
000001111010010111
000000001110101111
111110100110100010
111011110010100110
000010011001011001
111110011111100010
111100111111011100
111110000010100111
111011111010100110
000001110000111000
111110010011001000
111111101111001011
000010000111011011
111100001110111101
111110100100111110
110111100110111011
111110110111101111
111110111101111010
000001011000010010
111100011111011001
000001010110111001
000010100010111110
000001111110011110
000010111010010111
000000101110001001
111101000111010010
111100111000011111
000010011010010000
111011011010010110
000000101110000100
000010001011101101
111111010110000100
111100001010101000
111110111011010011
000001011111110011
111110101100101111
111111110010000110
111111101101011101
111101010001101111
111101111001000111
000010011001100101
111111110100111000
000000010001111000
000000110000001011
111111000111001100
000100100100100000
111011101100101000
111111001001001001
000001010001110001
000010001111010001
000001000011100101
111111101000001100
000001101110100100
000000100111101110
000001011010011101
000100101000110011
000011111000111101
111111110100100110
111101001111000111
111101001100010001
111100111101110111
111110111010000110
111011011011110100
000001111011101100
111100111011110001
000001111100000110
111110111110000010
000000010011001011
000011100000111100
000000000101011111
111111001001110000
000010111011110010
111100011001010010
111110111101111010
000000010101111101
111010101001001111
000001000010010011
000010011010100101
000100111101110001
000000101010110111
000000110001110011
111101110111001101
111110111010100010
000001001111111011
000001111000011110
111110101000011110
111111100001010010
000001110101111100
111100000011100101
111110100101011111
111111101110010011
000001110111010000
111110110011011111
000011010110100111
111111001001000110
000010010011100010
111010110101110011
111110001100111000
111100010101110110
000011111010111010
111101011101100000
111101110111000000
000010001011011111
000000100100101111
000001111101101000
111110010000001000
111100100010000111
000000010010000110
000001100110110110
000001101101011101
111101001111011011
000000010110001101
000001000001011001
000001011000011110
000000111101010011
000011001101101111
111101110111101011
000001011001100111
111101100100010010
000001001001011101
111110001110011111
111100101000011010
000000001010010011
111111110101111111
000010011011000010
000100100100000011
111111000110111011
000010010000101110
111110011100011110
111110101010110010
111111100000000101
000000011010010100
111110100110010111
000010101101111001
111100110010101001
000010100110000101
111111001001011011
111101101000100111
111110010000010011
111101101001110100
000010000110111111
000000001110101101
000001010100010101
111110010110101001
000001001010100010
000001101111000100
111110000001111011
000010100011000010
000001001010100100
000001000110000111
111101111111000011
000001000001100010
000000000111011001
000000101111010101
000001000111111111
111100101101110100
000000010010111111
111110000001010110
111100111101001110
000000110010100100
111111111001111011
000000111000011100
111110100011100100
111110110010111011
111010001000000110
111011111110111101
000000100001111111
000001000100100110
000001100011001111
111101100010000000
111111100101001111
000000011000010100
111111010000001100
111101111011010100
000000011111000010
000000000111100001
000010000011101110
111110100001111111
111100100111101101
000001010011111110
000001100011100111
111011010000001100
000011001001101110
111101010101100010
111100011001111000
000010001101110110
111111111000101000
000000010000011110
111100101110101010
111101001111101011
000010000101011111
000000010100010001
000000010010100001
111110000111000100
111110100011001100
111110011000000110
000010110100110110
111110010100011111
111101011100110010
000001011000001000
111101110101110111
111100010010010110
111100011011100000
000010110001001101
000010011001100011
000010101001000000
000001001111110110
000100010111111001
111111011010001000
111101010010111010
111110100100001011
111101100111000101
111110001101011000
111111001100100101
000000000110111110
111101011010110111
111101010010101101
111110101000101000
111110110010100100
111101110100001001
111111110010101100
111011001100010010
000001101100101100
000011110100001101
111011011001010011
111111100110111000
111111100001000000
000000000101000110
111111100010011101
111110100100111000
111110100111100011
000000010100110001
000000101111110110
111111001010011011
111011111110001010
000101001101011111
000001100001011111
111110001111101011
000001111100111101
111001111100111101
111010010111100000
111101110011011111
111101110010101100
000001111100011111
111110010000100110
111110110000011100
111111001010100010
111111011001111010
000001100111100111
111111000101101111
111111000111000000
000011000000110000
000110010001010111
000110010010110100
000001001001101010
000001010011111100
111110110100110001
111011101001101001
001000110111110100
111111110100000110
000011011011011111
000010010001110110
000001010000111011
000001011111011100
111101001001111110
111101110010010111
111101000000100000
000001011110111000
000000011010001110
000000011011011101
000011010001111101
000010000110110101
111101101011111101
111010101111001101
111101101010010101
111111111101100000
111110111001001001
000111000010010001
000001001101101011
111101010111011100
111110111011110111
000001111000010111
111110111100110110
111110110101001111
000000100100101010
111010011101111011
111000000000001110
111011100111101001
111111011010000111
111110000011100010
000100001010110011
111100110011011101
000001001101011000
111110100001100000
111110010110001011
111111011011011000
111100010100110100
000000101111101001
111100111100100101
111111111110111101
000000011001101110
111100111000110111
111101111010100000
000010011000100100
111100001000000000
000100111100100110
111100000110001000
111000000000000010
000000101111001000
111110100110100100
000100001111100010
000001011001000010
000000011011110110
000001100010000101
111111000001000110
111111111110111111
111101111101011011
000000110011011110
111011000011001000
000010100011110100
111111001111111100
111111101000011101
000100110011001011
111101011111101001
111110011000011100
111111100011100000
111101000101101010
111111111001010001
111111010110010100
000000000010010101
111111110010011010
000000011111001100
111011011001000101
111111011111110010
111100110010000100
000001101001101000
000001110110011011
111110101011111010
000000010011100111
111100100100011111
000010111001011011
111111110101000111
111110000111010101
000011000110111100
000010010100111000
000000010000000001
111101001000001100
111011001101111011
000000100011110110
000000011010011000
111100011010100110
111110011001011001
000010110000111000
111110001111000101
111011010110000101
111101110101100011
111100011111100011
111100011000111001
111011111010011010
111111010100010010
111101000011001001
111101011101110110
111100101110000010
111100111110101111
111100100011000101
111011111111001001
000011010011010000
000011110001010000
000001110101001011
111101101110110111
000000010010110000
111111110101010011
111101000100100101
111010011111111110
000001111101101111
000011100010111000
000011100110100101
000011100111100100
111100010100100000
000000011100111010
111100001000101001
000001100110010101
000011110000000110
000010001111001001
111110111111011111
111101000011011100
000000111000110111
111111011111101011
111110101011010110
000101001010110001
111110101110110111
000010111011000011
111110101100110001
111101110100100111
111101001100111110
000000111100010000
000000000001010101
000001001100110101
111101111000110010
111111101111011000
000101000100111111
000010101000100001
111110101001011010
111100010100110000
111111110001001010
111110001011000100
111110100100000101
000110001000110010
000100001001110010
111101001001000111
111111011101100101
000010111101101100
000000100010101010
111011011110011110
110110100101010011
111110010011011011
000001100110000001
111100010001000110
111101111100111011
000100111011100010
000010001101110010
111111010001100001
111111111100110000
111111100111010001
000000001101011101
111101110101100111
111110101010110101
111110001000010011
111110011011101010
111110000100101111
111101010101101111
000001111000111010
111111011101001111
111101111101001100
000000011001000001
111110011010100100
000000000111010010
000001000111011110
111101011000110101
111110011000111010
111110101000010001
111110011111011111
111100111110101110
000011010101011111
111011110111101011
111011100111000101
111111000100000101
000001001101000110
111110101010111100
000000110000001011
000001111111110101
000011010011010100
111110111100110010
111110001011111101
111111101001001011
111110000110011100
111100110010000011
000001010101101010
111101010010100100
111101100001011100
000011011110000001
111111101011101001
000001001001010101
000001000011110000
000001110100010001
000011001011100100
000100111011001011
111110111110001011
000000100100011100
000100100010111100
111111110110100001
000011011000100110
000001101011111101
111010011111011001
111100111000010101
000010000011011010
111100100000100110
000010111001111010
111010111011111110
000001000010110010
000000011111110011
111101011001010001
111110100001010000
000011011110110111
111101001010100001
000000110110001110
000001000111101011
000000001100101000
111110001011010111
000001111101010110
111111011101000011
111111001110001000
111100101111000111
000001011101001010
111111000110011011
111110101011110001
111101101110110100
000001111000100100
000001011001110001
000100000000100011
111111011000011011
000001110110000101
000010100010100100
000000000001110111
000001000011001110
000000110011111111
111110010100110111
111111111100110111
111011111001010101
000000101010101101
111111110101000000
000010100111001111
111110110011111111
000000111001110010
111101100101110000
111110111110101010
111111110110000111
111100111010111111
111101010110001001
111101010010100111
111110011101000011
000010100000000111
000000111001111110
111101111111101111
111100001100011100
111111010010010101
111101011111000101
111011001110111110
111011110000110100
111110010011011110
111111100101001110
000010100110100100
111100100110101111
111111001010111101
000100011101110011
000001000010010110
000001000000100110
000010001111011010
111100000000100000
000000101011110000
111111100111101100
000000111110101110
111110110101110000
000010100000011111
111011111100011010
111111001110100101
001000101000111001
000001100100001110
111011011100110101
111110101101010001
111101101011111011
000100100101101001
000011001111001100
111110100001100000
000011010100110011
000000111001100011
000011100010111111
111111001011111101
111011011001101000
000001001000011100
000001100100001100
111011001111101010
111111000100010000
111011010111111001
111111100010110000
111111100101011110
111110011001111111
000001001001001100
000000010101010011
111111011100100001
111101111111111110
111110101011110000
000100000111001111
000001011010000011
111101101110111110
111100010101110011
000000110001101000
111100100111100100
111110101011010011
000001000101110101
000000011111111101
111110110000000111
000001101100110101
111100100010001000
111110101011001100
111110000110010100
111011100100010011
000010001101111110
000000101101001011
000001100110010111
000000001001101111
000001111111110001
000010011001111111
111111101011101001
000001101111101011
111010011101011010
000001110010110001
000011000110010011
000001110010101111
000001001110001111
111110111011010110
111111100101001010
111100110101010000
000011010010011100
000000000011000001
000011100100111001
000001110110010111
000000001011101010
000010101110010100
111101110001100000
111000010100111100
000001011000010000
111111000110001001
111100011100101110
111011011100010001
000001111111011110
111111000111001110
111111010100110111
111110110000110011
000001100011111101
000010011001000011
000011101001111110
000001011001100110
000000001101110100
000000110000010011
111011001110000110
111101001010010110
000101000100110011
111101001110001110
111111111100000001
111110101010101010
000000111001110101
111001111000000111
000001001001011010
111101010100101100
111101011000111010
111101011001000001
000001011101100000
000000001011001111
111111000011110011
000001011001011100
111110001111101001
111100001011110101
111111011100001011
000010110101011010
111111110111110111
111011110110000100
111101110000001101
000001000010111001
111110011101000111
000000011011011110
000000010010010100
000011000111000101
111111100101101111
111100110110101100
111001101001110100
111111010100110010
000000000000111110
000001111100011001
000001000000001000
111100110110001011
111100011011101001
111110101111110111
000001110101110000
000011101111011111
111101111101010100
111111101001010010
000001001111100101
111110011110011000
111011011010001110
111000100010011110
111110101110001100
111111110001101101
000010011100000100
111110100000000010
111111101111100110
111110111010110101
111011100011111000
111101111011000011
111111101101000001
000010101111000011
111110111111010010
000001110011111110
111111010001000000
111110010100001000
111101000101111010
111110110001111001
111110101001101100
000001010000110011
111110001010000010
111101010101011110
111110110111001000
000000111100011100
111111001001000001
111110111111101111
000011001100110101
000000010001010110
000000101000110010
111101111010010101
000010000101100010
111110011101001001
111101110101011110
111101001100111100
111111101000111110
000000011100111110
111101100010110110
000010011100001110
111110100111100001
111101010010010010
000011110000010000
111110001101110010
111110110111011011
000001100101001100
111101001001100111
111100101110101000
111011111001000111
111111100100001010
000011110111010110
111010110111100110
111001111000100110
111100110101101100
111111001001000101
111111100110111001
111101100111110010
111100110110011110
111111011110110110
111100010000010010
000000011110010001
000010001100000111
111100100001110011
000000011001100000
000000110111101011
000010010010111001
111111111011100110
111100000000001101
000000011010001100
000000001010000011
111101111100001010
000000000110001111
000001111011010000
000000001101110111
000001110010100001
111111101111001000
111011001011010000
000000100101000110
000000111110000001
000010001110010110
111110010001001110
111111001110111011
000001100001100101
000000100111010010
000011101000001101
111101001111000101
000011011110001011
000001101110011100
000001111100000110
111110101110010000
000000000000000001
111111110010011011
000001110100100101
111100101100110000
111101000100011011
000001111110011100
000101000000101010
111111010100101100
111111111111101110
111110101111110010
111110010001001000
111101011010101100
111101100111110111
111101100101111100
111100110001011111
111001000110011001
000000010011000001
111100000000110010
000010001000111011
111100011100100100
111111110111100110
000001100001111001
000000000111001001
000100100010100011
000011011100001010
000000111001001000
111110100100000010
000001110010110100
000001000110000110
111100000110110110
111110011111011001
111011111000010110
000010100000010011
000100001010110111
000001101010010001
000000010110111111
111111111100110000
000001011111010001
111110001010000111
000010000100111101
111111001000111111
111110111110010110
111111100111010001
000001010010100001
000000001111010101
111101100111101110
111101011000011001
000001100010100010
000010011011100110
111110010111110011
111110011110101000
111101101110110010
111011101011111110
000001111101110100
000010001011000010
111110010011101100
111100111000011101
000010010000010101
111101000001011101
111011110111110001
111100100000100100
000011000011000110
111110000101101010
000000111110100010
000010110010001010
111101011010010100
000001001101110001
111100001101011001
111101111110010101
000001010100100011
000001101001011000
111110001100011000
000000000100011001
000001110010010101
000000001111000011
111110100011111111
111011111101101001
000010111011111010
000010100110001011
000001111011111010
111100100110101111
000000011001100111
000001101100100000
000001001101011010
000000100101101111
111100110111000100
111110001000101101
000000011110111000
000010101101110011
111110100001111100
111100001010110010
111100010110011011
000000010010100101
000011010001101101
111110110110010000
000000110001110001
111110101001000010
000010101110010011
111111001101111010
111110010010010010
111101001010101010
000000001110110111
000001101000100100
000010100000010101
111101101001100001
111110111000010010
000000010010101110
111100010011100111
111101000110100101
111100110001110000
111101110011000101
111111101000101001
000001101101001001
111111101110011000
000010100110111110
000001100001101010
000000100100001111
000010001101011010
111111010110000001
000000101101101001
000000010101110000
111100011000000110
111100100111000010
111110111100011010
111110100000110000
000011010100001010
000001010100010001
000000100101101110
111110010010000001
111100110100111110
111111001010000111
111101001000101110
000001111011101101
111110100100101011
000010010101010001
111111101110000110
111010101011111000
000001001011110100
111110101001101001
111101100001101010
000001100100001101
000001010010001101
111110101010111001
000001101101001101
111100111101000101
111111101000001100
111101011100100011
111111110001000000
111110110110100011
000010100010011011
111101100010110101
000010101000101000
111011111111000010
111011010001101100
000010010101110010
000001110110000011
111011010111000111
111111101001110010
000011010101010100
111110110011000111
000100000011101111
000010100111111001
111011110010001011
000010000011110110
111101001000001000
111101110111000100
111110111000110110
110110100010000010
000001010001101111
111010110100011110
000100011011111011
000010111001101000
111111110011010001
000011011100100111
000001100010010011
111110011011011100
111001100101100000
000001000111000100
111110111001000010
000100001000011110
111110001101111010
000000010001101101
000010101110111111
000011001011010001
111101111101110001
111101111011100100
000010100111100100
000000000001011100
000000100001110011
111011101000110101
111110111100001000
000001100001101010
000000101110111001
000001100110001000
111111011000000111
000101000011011101
000001010101110010
000010111110101011
111011001100010001
000001000010110111
111111010000100000
000001001010101011
111101100000000011
000001100111000011
111101100000001010
111110011000010110
000001011010000100
000010110011100001
111111101100001000
000010001101000111
111110000001100011
000010000111001000
000000100011101010
000001000111010110
000001001000011011
000001101010110011
111101011101110100
111101000110110101
000010111011011010
000001100100011010
000001001001010000
111100010110001000
000010100001101111
111111101010100100
000010000011000110
111111101010011011
111101111110011001
111101011100101000
111101100011010010
111100110100011011
000001000001011101
111100000111010111
000001000100101001
111101110011110111
000001001001100110
111100100010110010
111101010111110001
000011001111011011
111111001000011010
111011110001110100
111111100001101110
000010101011101101
000000111011101100
000000101111010110
111101101101001010
111100110010101101
000010010111010100
000010010111100011
111110101010101001
000001101011111110
000000100000001001
000010000001001010
000010101011110010
111111000110110000
111111111010100011
111101011011111001
000001101011110000
111100111111000101
000001001110100011
111011010110111001
000000001011010010
111111010001101100
111101011111010111
000010110001111110
000011001011101010
111110011100101011
000001100011001011
111111011100000011
000001010111001110
111101010110000111
111101111010010000
000001000101011001
111111101110001110
000001010100000010
000010111001110110
111101100100101010
000001101100111101
111011100101000101
111101000101010110
000000000010010110
111011011110100000
111101010110001010
111100001100110110
111111110001111010
111100111011111000
111110100011111111
000001011111010100
111111110010111001
000000000110010110
111011110011001100
111010100111010010
111011111100011010
111111111010001101
111011101001010001
000000100010011110
000000010100001001
111000111011011100
000110011011010100
000000110101101000
111100011000001000
111101100000001100
111110101111100011
000011011000101000
000001101110110011
000011010111111001
000000010001011100
000010001001000000
111110011001010101
111100100101001011
000001111110101101
000000000000001011
111111101001101110
111111010101001010
111110110011110110
111000000010100101
000001010110000110
111111100000001111
111110101010011000
111100111110111000
000001100111100001
111110010100111101
000000110001001111
111110001110110011
111110111011101110
000001101100100100
111110110111111110
000000011011010010
000010100000010100
000001110001110011
111100010001101000
111111001101000011
111101101101000011
000000011101010111
000011010011110011
111110011100011100
000000011101000001
111011000010011011
000001011000110101
111101101110000100
000000011011100000
111110001100000111
000011000100000001
000000111010010010
000001000001000110
000101100000011010
111111010010111000
000110100001111101
111100001100000110
111101101110111001
111110111010001110
000011001000111001
111111011100110100
000000100100001111
000011111001010011
000010000100010010
111100011100000011
111000110101111011
111111001000110000
111111101110111010
000001011101000011
000011101011010111
111110110101100111
000101000000111101
111010101111100010
111101110110100001
000000111111100100
111111010110011000
111101110111101010
111110000110010001
000001110001000001
111101100011010010
111011111000110111
111111101000111111
111101111010011001
111110101011000011
111100001000000011
111111101111011010
000010110100101011
111111110000100000
111111011110010010
000001001010011110
111101000111100101
000010101010000110
111101001010111111
111111000011000100
111111000011010001
111111101111001100
000001011110101101
111110111011111110
111111100000001000
111101111011110100
111100110001100100
111100100011101000
111100010111100001
111111000000001111
111101101010010011
111101011011010010
000001010100010000
000001110110110011
000001011010001010
111100111001011000
000010100100111101
111110101000000000
111111110011000111
111101101100011001
111110000110101101
000001000010001100
000001001000111010
000000100100100001
000011000100111000
111101000011110010
111111010001101011
000000101011110100
000001000000001001
111110110110001111
111101110110010001
111110000110001001
111111101110100110
000000100000010011
111111000101000010
111101000001110100
000010111101100100
111111001001000000
111110101111001110
000001001110110110
000100001010000011
111101111100001000
111110100110101111
000000101101001011
000100001000000100
111111000011011101
111101000010010011
111011010001000110
111101100010010010
000001000011000100
000001100000001101
111101000110101000
111100111000001110
000010110010011110
111100110101111000
000000011011011101
111111010001111011
000011100001101011
111111011001101000
111111111011111010
000001101111100100
000000100110110010
000000101111100011
000010110010010011
000000101111011000
111011010011000100
111110100111000000
000001000011010100
111110011110010101
000001011010000001
111101101010101111
000000111100111101
111110000110011011
000000111100010010
111110011111001011
000000110011100001
111110101001011001
000001111000010101
000100111111000011
000001100000011110
000000000100010001
111111101010000101
000010010010110100
111111101111010111
111110110101101010
000001111000110011
000100000100000110
111101110011000101
000001000110000001
000001100100000010
111100011110101010
000001100100110100
000000100110101000
111110001110101001
111110010001100111
111100000000010001
000010010101001111
000001110110000101
111010001000110010
111111111100011010
111100000011100011
000010110110110111
111110000101110001
000010100110000011
000001100000110010
000000110100010111
111101101010001111
000001001000000001
000000111010101110
111101001000011011
111100100010100001
000010011100011010
111111111100001011
111100011100010100
111110001100111011
111100000010000111
111111000101110111
000011101111011010
000010101010010100
111111000110111110
111111100010011100
111001011110100011
111011110010001000
000000111011011111
000001010010001111
111010110111000100
111110010010011010
111101101101100011
000000110011010010
000010010010111000
000001101000101011
000000100011111000
000011000010101010
000000000101010011
000000101111110111
111110100100010001
111111100111101000
000001010110011011
111011111011011011
111110101111100001
111111011100001101
111100011001111101
111010011111110001
111101000100011011
111111100100101001
111100101010110010
111111000110000001
111110100010101010
111110010000001100
000010101111001100
000010000001001000
000010000111110101
000000010011001110
000010001001000101
111111000010011100
111111011110101100
111111100011100011
000010111010001011
111100110111000100
111110000011000101
111111010001110110
000000101000111111
000100101100110010
111011001111001001
000001101001111010
111111100101001111
111110000000111111
000000000010000000
000000001010000100
000000000100000100
000000001100000001
111100111110110110
111101010100000110
111101010010000010
000000101111010110
111011110010011010
000001101100110110
111110001010001100
111101001100101100
000000001110010110
000001000010010111
000011111101000111
000001011001110000
111110100100000011
000010110110101110
000000010001110011
111100001011001000
111101100100011100
000010000011000000
111111100010101011
000010001000110000
000010111010100100
111101001000000010
111111111010100011
000011001110010111
000000010110001101
111010110011010110
000000001111101111
111111010011111010
000000000001000110
000011101010100101
000010110111001000
000100010000100110
111111110001101010
000011011110111011
111100100100110011
111110111010110011
000011110101000101
111110001110000101
000000110110100100
000010011101110101
000010000100101101
000001110111110110
111101100001011000
111110001100011101
000001000001011011
000010110100010111
111101011011100101
111101000110000111
000000000000001110
000000011011011101
000000001001100010
111101000111111111
111111001010010101
000001000101000000
111111111110010000
111111010011100101
111101001011111000
000001111001100111
000000010110100010
111100001110001101
111111101110100011
111111101001110010
000001010110101110
000001010100101000
111110101011100100
111100100101100101
111010110101101010
000001110110100010
000010101000101010
111101101011000111
111111110011110111
000010010000011110
000001110110011101
111101001001011111
000000001100110010
111011101100001101
111101010111110101
000010010011101110
111100011101110100
000101001000000000
111101011001111011
111111110110001011
111100101000010001
000001100000110110
111100100101101000
000000101000010100
111110100001101011
111110111001011111
000010101010100111
000000110001011011
111101101110010001
111110011111100111
000010001011011001
000010111010011110
111101011011110101
000011011100010000
111111101000000100
111010000000101101
111111100111000011
000001110010001000
000110101001001100
111100100101010000
111101001101100110
000000000110110001
111100100111000101
000001100001100111
000000001101010011
000100001011000110
000000011110101110
111011011010111011
000011111100000000
000001010000111010
111101110100000000
000010001111101100
111001001111101000
000000011100000011
111101100010001100
111110110111011110
111111100100000101
000010111101001011
000001111001100111
000010111011111011
111101111000100011
000010000011111100
111100000100101100
111101001110001001
111101110111000100
111111010010000100
111100011010001000
111111010010000010
111111000111100010
111110101000011100
111110010101010000
000000011010011110
000010011011000101
111100011000001110
111100001101110011
111011000001111100
000001000010010001
000001010001101100
111011111111001101
111011100011110111
111011011011100100
000001100100100101
000001111100001000
111100000001001111
000001101110011000
111101100000111111
000000001000001100
111111011001001101
000010001001111011
000001010100000100
111101100110101100
111101000011101001
111110011111110001
111110101110100010
111110101111000010
000010000011100001
000000110101111001
111111010001010111
000000111011110000
000001011100001111
000000100001101011
000000101110110101
000011000101100000
000000011001111011
111111011111100001
111101011010000010
111110100111000111
000001001001010000
000001011110000101
111101000111110100
111111111001100101
111101110000110110
000001011010010111
111101101101110111
000001001011110000
000000100110101001
111110101100100111
000000100111110101
000001011100100010
000010110111001101
111101011010010001
111101110101010010
000010100111111011
111111011001000010
111100110000001010
111100011101010100
111110000011001110
111011110000110101
000000111111001010
000011010100000101
111110001001001101
000000000111000101
000000000010101110
000000110101111110
000000101101100111
111100110000110000
111110010110101001
111101100101001000
111111100011000101
000000101000100111
000001110011010110
111101100001000101
111100111111011011
111100100001111000
000000100101010100
000000000110101101
000011100000111000
000010110100111111
000001110001111001
000001011100001111
000000000100001010
111101111101110000
111110111001111000
111110011000010011
000001010111110001
111011101000000011
000000100100110110
111111101001001001
111111000000001010
111110100110101000
000001000000010110
000011101111011110
111100101000111011
111011110101100100
000000101111011111
111010111000111110
111111010100000110
000001011010010010
000000111011010110
111111010010001111
111100100100011100
111101010000000001
000010011011110000
000010100001011011
111110111010100001
000001000100001101
111100011001110110
000000101110001101
000000001110101000
000010100101000101
000010001010110101
000010000101100010
000000001001110110
111101000001010111
111100000101101011
111010000111100000
000000110100110101
111111010110010010
000010110110001100
111010110101100101
111111101001101000
111111110111000110
111111100001101000
111101110100011011
000010100110001101
111111010110101101
111101011100010100
000001110001110000
000000011110110111
111111110110110000
111100010111101110
111101101101111000
111110100000100111
000001101001011110
000100011111111000
000000111001000000
111111010111001011
000001010001010010
111100111110010000
111111100100110001
111110001100000000
000001010011001101
111110111010001100
000001110110110101
111010010100101011
000001101001110101
111111011101110111
111101110001110101
111101010101010000
111011100101100111
111101000100101101
111111011010110001
000110011000110010
000000111101101100
111011100000111000
000001101101010010
000000110011010001
111011010000011110
111110111110100110
000011100011000101
111101100010100001
111111100101111000
111111110010011110
000000111011100110
111011011100110100
000010100101101101
111111010100100001
111111111111000011
000001101011010101
111111011000000011
111110000000101101
000001001011111111
111100000100111000
111100110011011010
111110101101010111
111111011111100111
000001000001001101
000001011000001111
000001110011110111
111100111100100001
000010000001010010
000000110010110101
111101001110011111
000010111101110000
000001010100000111
111111010011101011
000000001100110110
000010001101010100
111110111011111110
000001000110000000
111110010100000101
111111101111001110
111100111101000010
111011110111000100
111010110110000010
000010101000010100
111111011000101100
111111001000100110
000001101101011110
111110000011001011
111011110110000110
111110010010110111
000000010001100001
111100011110001011
000011000011111110
000001010110110011
111100101100011100
111111011100111010
000001111010110000
000010101101010110
000000010011010110
000000111101011010
000001110110101001
111101000010011100
111101010001100101
111000100001010000
111111010011110001
111111010001000011
111110001111111100
111110001110110010
111011110000000111
110101111101100001
111111010111001111
000010011010001000
000000000110010001
111100100000011111
000101110111110101
111111100111110100
111110100000100000
000001101001111100
111110101000001011
111111110000010100
000000101001101001
000000011010101111
111011110001010101
000010110110111111
111110010011101111
111101101011110011
111110111011110111
000001100111111111
000000000001111011
000000101010101001
000100000011000011
111110110010001011
111100111010101101
111110011110011011
111110100001111001
000000010010011110
000000100110011110
000001110111101101
000101001111011010
000000111001011111
111110100001010001
000001111010010111
000010100011000111
111110100011110110
111011011011111101
000000011011110100
000000010000000110
000000101000100011
000011001010001100
111100110100110001
000000001010001011
111111010011010100
111101101100011011
000001110110111101
000101111001001001
111011101100110111
111101111100111100
111111111010110111
000001110000000000
000010100100001100
000010111010100111
000100101010101101
000011101000011010
000110010100100101
000000111101011010
111110110111010001
000010011110011110
111110011001111010
111111100011001001
111111101100111101
111110001010011000
000001101111000000
111110110111111110
000000111111000111
000001110011101101
000001001111100111
000000010010000001
111100101000110101
111110110111000111
111110000100010000
000000000010100100
000010100011010010
000010100111100101
111110110101000101
000001111100000000
111111010000011101
111100101000011110
111110101010000010
111110100100101110
111111010001000011
000010100010101000
000000000001010000
111101110011100000
111111011100100000
000001100101011001
111011001010011100
111110100000101011
111101001100100101
000010101111010010
111111011101001000
000010001001110101
000010111011011101
111100011000101110
000001000100111110
000001001101001100
111101011100101111
111111110101100001
000001010101100100
111110110110101111
000000110010110001
111110100001011101
111110110001010001
111111010010100101
111011111110011101
000011111011010000
000001111011111011
000000101011110000
111111010100010000
111011111010111110
111100101000111011
111100000110100010
000000111010010010
000001110101011100
111110000011010111
111111001000101111
111111000111101000
111110100011011101
000010110100100100
000000001000001111
000000100110000111
000000010101001111
000000101101011001
000001101001000110
111111011101101111
111101100111101101
000000111000101010
111011111100010010
111101110100001110
111110010111110001
111001100000100010
111111111111100111
111100000010000111
111101101000111100
111110100100111110
111111000010001001
111011110010011101
000010000110000001
111110111001010110
000010100111011011
111101010100100000
000000110010111101
111111010000101100
111101110010001001
111111010111100000
000000110100010101
000000100000010101
111011111110010011
000010100100110010
111110000011111001
111110001111110010
000010100000011101
111110011100010001
111101101111110111
111100101111001101
000011100100101101
000001100000011111
000010111010000101
000000110011110100
000000110001011010
111111011010010100
111111010110100001
000010000110010110
000000101111100101
111111010011000011
000001011010010101
111111011101111111
000000001000000101
111100110011000110
000010100011111010
111100011000001101
111110010100101001
111101101000100011
111100010011100001
111110101100001101
000001100011111101
111110111000010110
000010000010010001
000000100000010001
111111100111011101
111110101011111001
111111110101101000
111100110111110101
000000001000101000
111110110000000100
111110110111000110
000001100000110011
000000010110011010
000001100110111010
111111111101010011
111111100111100001
111101011110100011
111101110110010110
000011101001010001
111110110111101110
111101011101011100
111101001010000010
111110001001011101
000000100010000010
111111011101000111
000000111101111110
000001110000110001
111110001010111000
000010000011111011
000001101110001000
111101010100100100
111111101011001111
000010101000110110
111101011100011101
000100000001110010
111110011010110100
111101100001111100
111111000010000101
000010100111101011
111110000000111000
000001110101110001
000000011001011001
111101111111011000
111111011110101010
000000110011011100
111110110101101000
111100101000000011
111101111011110011
000010000110100001
111110000001010011
000011011001100000
111101101110011010
000001111100010000
000000011010111110
000000010000100010
000001110010010011
111111000000110011
111101000101111001
000000111101101111
111101100110111010
000000110111010100
111100110101000010
111101001011010000
000011010011001010
000000001101010101
000001110010000111
111111000111111100
111110001011000101
000010111111011100
000000110110001100
000010100110101011
111111100111100111
000010110001010101
111110101110000111
000001110010100100
000001011110100001
111101011101011101
111111011111000011
111101111111110001
111101011110001111
000010101101001110
111110110010000001
111110001101000101
000110001100101011
000010010100000111
000001010100111111
111111100101100100
111110000101011011
111100110000111001
111101110101110000
000010010110011110
111111000011001111
111011001101000100
000000001101101011
000000110100011100
000011000110110001
111111001101111010
000000000111110000
000101011100110101
111110001001101010
000000010101001100
000101000110011111
111100000100011101
000001011110000000
000000111111110011
111110110111011101
111101100001100101
111110111111001001
000000010100100001
111011001011111010
000000100001110100
000001100101100111
111111111000110010
000001001000111101
111111100110110101
000011010010111101
111101110011101000
111110011111100100
111100111001010001
000001100110101101
111110110011000011
000010110000110000
000000110101111100
111111000011111010
111111000111111110
111111110011101001
000001101110001000
000010001011111111
111110110010111011
111101011010011101
000001101000001101
000000001000111001
111111001100011101
000000111011000010
000001000100110110
000000111101010010
000011110110001101
111100110000111100
111011010010101111
111100001010111101
000010000010000111
000010111111101010
000000001110101000
000000001000001000
111111011100100011
111110001010001100
000010001001000110
000010001000111100
111110001111111001
111100101101111110
111111011101000100
111101010101101010
000000011011111110
111111001110111110
000011101000001001
000011000100100000
111101010000101001
111111001001110001
000001111111110110
000010010010001101
000000000111000010
111100101011011111
111111010110011100
111111101111000100
000010010010100111
111011000001000001
111100110010010101
111100000111100010
111101001001011011
111111010101110011
111101001001100101
000001010110001000
000000010101010100
111011100100010100
111101010110101011
111110011101011011
000001000110010000
111111000000000101
000011000100000111
000000010111110110
111101110110001000
111111001010000000
111101011010011010
000010001001101100
111110001111010011
111101110011101011
111101010000111101
111100000011001011
111101010110001001
111110110010101010
000010110101110100
000000011100001010
000000000111010111
000011110011111000
000010011101010111
111100111110111101
000100011001100100
000010001011100100
111100010101100100
111100110001111001
000000110101000111
000000101001010001
111110100111101010
111111101000000111
111110010000000010
000010110000100111
000010010011100011
111101100101010101
111111000000101100
111111011001101101
000001101010001101
111111010111011010
111100001110011000
111100110010001000
111111111111110101
111101000111110100
111101110011000011
111011100110010101
000011100110111001
111100111111100001
111011001111010110
111101110000010000
000001101011111101
111111110101111010
111110011001110000
111111010011011111
000010101010010000
000000000010111110
000000011111101110
000000011001011001
000001011110101101
000001000000100101
000000110000001100
000000010111111000
111110111011101111
111111011011110011
111010101010101111
000100000011011110
111111011010000011
000001011111101101
111011100100001101
000001001001011011
111111011100000110
111101001111010111
111110100101000111
000001101000010011
111110101001001010
111110000010010100
111110011100101011
111110100001101001
000010010001111011
111111100010001101
000010010101000001
111111111011010110
111001000011001111
000010010100000011
111111001011101100
000001100101111001
000010010000110100
111101110010100000
111101100101110111
000011000111110101
000001001000111101
111111010010000100
000001101110100001
000000011001010001
000000001111011101
000010010001111110
000001110110111000
111110101100011101
111111101101000111
111100011111001001
111100110001111111
000001000000100100
111110101001010111
000011101000010110
111011100010100101
111100101101011001
111101110100011110
111100010110000010
111101010110001001
111110010111111100
111100111111001100
000010101101110111
000011011100000000
000100101100000011
000011101010000010
111101010101000111
111110010100111111
111101000100111101
000100100101001001
111101011101000001
111110111010100000
111101001010110110
111110011111110111
000000010011110110
111100101000001110
111110001111001010
111100011001100000
111110011110000000
111101001001000110
000000011011100100
111110111100010000
111100001001100001
111110011000010111
111110100100010101
000001011011010011
000010010001010100
111101010010011111
000000001010111000
111101101001100010
000010100011011100
000001001000001101
000000111100011101
000001101011011000
000000000111100001
111110001001001101
111111010011001010
111111111101010101
111111001001010100
111110101111010100
111101110010000101
111101001100001101
111111111101010010
111111001101100000
111101001101110100
000011101100001000
111100110100110100
111111011011010100
111111100001100111
000000111000000101
000010010011001011
111101011110011101
111110111110000101
111111100101110101
000000011110101110
111110111101111001
111110010001010000
000001110101111100
000001001100010001
111110111110110101
000010011011101110
000001100101011010
000000111010100101
111110111011100000
111101111100101001
111100111111011110
000000100101000001
111110111110111000
000001111110100110
000000110000000001
000010111101000101
111100111101001010
111101110001111111
000000001001101110
111111001010100001
111101110111000011
000001110100010111
111111001010000111
000001100111011111
111110110010101111
000000101010011111
000001101111111100
000001011011011011
111101100001101101
000011100011100010
111110100001011000
111111001110001000
000001011010101101
111101010001101010
111101000101011111
111011111001111001
111011101101100111
111111110011011011
111111001000100011
111100101001101101
111011011111001111
111111000100111101
111110110100100010
111101000101001111
000000101001010011
000010011001110101
000010001101101001
000011010001001010
111101111001100101
111110000101011001
000011010110000100
000001100001100101
000010100010100111
000010010101111111
000000010001010100
000001101011000010
111110011101101100
000001011100101101
111011111110111101
000000100101101101
111110111101011000
111100011110000011
111110010101101011
000001101101100001
111101110000101101
000001110000110010
000010000001111111
000010100100110011
111111000110001110
111110111011011001
000010100110010010
111111100000111001
000000101111011011
111110001110100110
000011000101100101
111110111101110110
111110001000100001
111110010111010000
000110100110000110
000001100110010010
111111001011000100
111111010101100000
000000010101000001
111101111010000001
111001101111101111
111101000010100000
111110101010011000
111010000111111011
111111111110110101
111111101011001000
111110001010001101
111110111010010110
111110111111100010
000011111000110101
000010010100110011
111111000100110010
111110011001000101
111111111011011010
111100010111111000
111111011110001110
111111100000100010
111111101010111000
111111011100001011
000000101111100010
111110100011110110
111111001001100110
000001100110100100
000001011100011001
111101010111000111
111111011000111010
111001110100110101
111110000110100011
000000100011001011
000000100011001111
111100001100001110
111100100001011111
111100100101011000
000000111010001111
111110001111011010
111111000111001010
000010011000001001
111111110101110101
000011100110110000
000000011001010110
000000110011111001
000000110011100100
000001000101111011
111111101110101101
111110010111101101
000011000110011100
111111001001101110
111100100111011010
111100101101000000
000000111101100111
111110001101010000
000000000000111110
111111000001110110
111110000100110001
000001011110011000
111111101001010101
111111000000111110
111110000110100111
000011010100100111
111100111011110101
111110000011100100
000000011001110101
111110101010011001
111110010110011111
111110011011111001
000010011110101011
000011100100110101
000001111010111110
000001011011100010
111110001000110101
000010111011010100
111110001100001101
000011101001001011
111101000110111010
000001001110011101
111011100101011011
000001010010101011
111101100110011011
111100010010110011
111101100111101101
111100000011111110
111100101001110001
000000000000101111
111100001000010011
111110100111000001
111110100111110011
111111111111011111
111111110001011110
000001100001100001
000000101010111100
111101001110100111
111100011000001100
000010010110011111
000010000011100111
111110110011011100
111100011111011110
111111101111001100
000000011011110001
111101110010011111
000011101010100100
111110111001101110
111101010111110000
111101010000101101
111100110110100001
000010111000110010
000001100111111101
000001001010011000
000000111101110101
000010001000000010
000011100101110010
111111000110000110
000001100101111110
111011110111111110
000010001110101100
111011101001110010
111110000110000101
000001100100110101
111110110000001000
000001101101010111
111011110111010101
111111111111011010
000000110100101110
111111101001101010
111111110100000111
000001110011110001
111110011100111111
000001111101111010
000001111100011000
111110001011001101
000010101000111010
000001110011101000
000010101000101111
111101110011010011
111111110001011110
111110000101111001
111101101110011011
111101001111110010
000010110011010010
000001011111111000
000010010000110011
111101010000110001
000001110000011110
111111100110100010
000001010000010001
000010110100010101
111010110010010100
000000001111110100
111101100010000110
000010000001010110
000000111001000011
000000000011011010
111011101100110111
111111000111000110
111111000010000011
111101111100110111
111111010010000110
111101101001110100
111110000100110100
000000101000100100
111111110110011101
111101000111110001
111110110111011000
111101111010010110
000000101010110100
000000100101001111
000000001010010101
000000101110110110
000010001100101010
111111101001001101
000011001001110110
000001100100010011
000001001111111101
000001010011010010
111100001110011111
111110101111001011
000000001000000111
000101101110110111
111111110100011000
111111000100100010
000001010101100100
000000100000001001
000001110000110000
000011011010100110
000010100110101011
111101101111101101
111101111110000100
000000111111111000
000001011010001110
000010010111101111
000000010100001010
111100101001110100
000010000010101001
111101110010101001
111110110011001110
111111000100101001
000010000111101111
000011010011011010
000000111100011000
000011111000011111
111101010111101110
000000011110110101
111100011111100000
111101010000111001
111111110011000100
000000111010111001
111101100011000111
111110011111011000
111110001000101010
000000011000101010
111101110111111011
111110001101000000
000010000100110010
111100111000110010
111110010111000101
000001001111000011
111100101011011111
111111011101101101
111011000110110011
111010101110011110
000010111100010101
111111001111100110
111110100100110010
111100100100100011
000000101111001010
000011110110101110
000000100101101111
111111010111001010
000001010011000100
111101100010100111
111111000100110000
000001010001101111
000001101011111110
111101111101000011
000001100110101101
000010101111110100
111111011111100100
111100011110111010
000010110010010011
000001101001010110
111101111110111111
000010111110001010
111101001011011001
000001001010111000
111101110001100100
000001100110010110
111111001001011111
000000011110001001
000000001111011110
000000110000101100
000000111110110001
000000111010101000
111101011001001100
000000011011011110
000000100010100010
000000000000001001
111110000101001101
000011011011110011
000000101110011001
111111001011101001
000010000111000011
111101000000000001
000000110001101111
111111001010110000
111100000011111111
000001011010101111
000010001100110001
111111011000100101
111110010000100000
000000011111110111
111111101110111011
000001110101110110
000001011101010111
000000101001000011
111110011111001001
111101110101101100
111110110100000011
000000100100000100
000001011110001110
000001001111110101
000001011101010010
111100010011000010
111101010100000000
000000011001001111
000010000110000000
111110001000101000
111111011110000100
111110011110110011
111100101101001101
111100011001100110
111111110001110100
111111000101010000
111101110110000101
111101011000101000
111100101111100000
111110101011000000
111110001001101101
000000101111100110
111101100000010100
000001101101110010
111111001001100110
111100001011101111
000000111010011111
111110001100101010
111011110010100110
000001110011001101
000000101001110111
111111100100010011
111111000111000000
111101100001010111
000001001000111010
000001111101111100
111110110100110111
000001011110010101
000000001101011111
000011010000001110
111101110110110111
000000110100001110
000011011000000110
000001111010000001
111111100100010000
111111010000111101
000000011000010110
111101000011101101
111010100010010010
111111100100111100
111101110000111111
111101001101001111
000000011011011001
000010010100111001
000000000000110000
111110111001100011
000000010111011011
111110110111110011
000010010100100101
111110010100011001
000000000000110111
111110000100010011
000000101101111001
111010001011000111
000001111110011010
111101000011010001
111111001010101100
000001100110100001
111111010100000100
111110001000010111
111101000111000111
111111101000111010
111110101000101001
111101011011101101
000000000111010000
111101000011010101
000001001011011111
111110000001111101
111110010010101101
111101010000110010
111110010000010110
111111100101000100
111111001011010001
111111000000101010
000001100111101111
000000001010110011
111111011011000110
111011100010100000
111101100110100000
111110001110011111
111110110101100011
111111001101011110
000011010101010100
111101110010001001
111111001000001011
000011010001001010
111111000010101111
000000101100111111
111101000000110110
111100111001011111
000010101000110110
000001110000111001
000010010101110001
000001000010101000
111111111111011001
111110011010000011
111111001010000010
111010111011010101
000000110001010110
000001101001110001
000000101101000101
111110111100000110
000001100101000000
000000101101010110
000001010110110101
000010000001010110
000010111111110100
111111010011100110
111110000011010000
000011110111111111
000001001110010110
111110110010001011
000001010001000100
111100100110010000
000100010001101100
000001001011100101
111101100111101100
111110111000100001
111110101101001010
111101011010111110
000000000100100010
111111001010110101
000010110100010011
111100111010010000
111111101101111010
111110110111111101
111111100111000110
111100111010010011
111100101011110010
000000110001101111
111111001101100111
000010000001101110
111110000000111001
111100111011011011
000000111100010011
000010001000001000
111101001011110010
111110101010010001
111110001001110011
000010100001110010
000011001010010010
111101101100110001
111110111011100011
111100100110011011
111110010111001011
111111111011111001
111111011011101010
000001000010111001
111110001000111101
111111111010000010
000000111011101110
000001011111011000
000000011010010010
111100110101100000
000001000100011010
000001010101010001
000010011011100001
000001001000100010
111111001010000001
000000000100010100
000010011110110001
111111010001001111
111101101000110000
000000011111111110
111110011110010000
111110000000101010
111110001011001001
000010001001101001
111101001010000011
111111010000100011
111101010110011011
000000000001111111
000000010101110101
000011110011001110
111110010111010100
111111001000110101
000010011001010110
111110000011001001
000001010111011111
000000001011000000
111111111101000101
000010101010101110
000000111011110101
111101001111110000
000010011001110111
000000111000100011
000011000110010111
111101001010000010
111111101000101001
000010011100100110
000001011001100111
111010010110000100
111110000000101100
000000000111110001
000011001010101110
111100110010000010
111110011110011011
000000011000100000
111100011101001110
000000110100111110
000001110011101011
111111101100111101
111111111110100110
000010111010111101
111101000101101011
111111011101010011
111111101010000000
000001010101001011
000001011110100010
111110111001100001
111110101001101100
000010001001111011
111100101000101110
111101101111010101
000010100100100111
111111111010101111
111100110100010110
111111111011001011
000001000010100001
111111001101001101
111100011110101011
111011000100101100
111110001101001001
111111100101101101
000000001101100001
000010011000111011
111101000001111001
111111110000001111
000000101010011111
111101101001000000
000010011100010010
111100011000100111
111110100100001110
000011010010100001
111111110111110100
000001000001101011
111111101100000010
111110011100110111
000001111100111101
000001110101111011
111111101010011000
000010110111001111
000000110001000111
111101110110100110
000000001011000101
111110100000000111
111111111011101000
111101100011110101
111111100011001001
000100011000100000
000011001011101100
000100011001110100
000001110011001100
000010011011011111
000000011010101101
111001110100100100
111100100001010100
000001110101111000
111111100100111010
000000011100001101
111100011101110001
000000101101100011
111110100011010101
000011010011001100
111110101101110001
000010101100101101
000001010100110001
000101111101010000
111101110001111001
111111111110001101
111100001111100110
000000100011011111
111100001111001000
000101001110110111
111011010101000100
111101000110100110
111110111000001111
000000001111100011
111101011100101101
111111101010000111
111101100110111000
000010110111100010
111011010100011101
000011001001110011
111101011000010110
000000010100110111
111101011011010010
000001001110010011
000011000111101101
000011110011000100
000001011100101101
111011000111001110
000000000101011101
000001111000001001
000000010001110100
000010101010111110
000000010000101101
111110000101011011
111100000010111001
000010001101010001
111110101101111110
000011111100111011
111110010000000011
111111111111000001
111110110100110000
000000111101000111
111110010001101000
111110100110100011
111110111000110111
000000001100001000
000010101000110101
111111111010010011
111100011110000101
000000000101010000
111100011100011110
000000100001011111
111110110111000100
111100011100001010
000010100110011101
000000011001110110
111101111010101001
000001111011000101
000000000111100010
111111000011110100
000010000101001001
000001010111001011
111110110001001001
111111100100101011
111100111011000010
000000110101001010
111101010011011110
000000001000011100
000010111100110010
111110111000110000
111111101000101000
111111011010011000
111100001111001110
111110100110011011
000001110011011110
111101011010110011
000011000000100001
000000110001101001
000001100110011111
111110000101110111
111111101001010111
111101101110110011
111110110111110010
111111101010001001
000000100100110101
111001111011011010
111110100010111101
111110101010000111
000010100110100110
111111000110111101
111101101001010011
111111011111110100
111101110101000001
111101011010111110
111111001100100001
111110010110111110
111101010101001111
000001011110111011
000010000000111111
111000100001111110
111111000000111010
111011010101000011
111011100000001000
111111010010111111
000001111001001101
000011010010001000
111101011110111001
111111101001010100
000000111100111100
111101001101001001
000010001010000101
000000110001110000
111101111011110001
000000010111100000
000011111000101001
111110110111101100
000001010101110101
111111111111011101
111101001110101001
111110011000101101
000010000000111100
111110010011100101
111111001100001001
000011110111110110
111100011110100011
000010010110100101
000000010100111101
000010100000100000
111111010100011101
000001010011110000
111101101000100100
000001011010110101
000010100001010101
000000011001111000
000000100011101011
000000101001010000
000001011111010111
111110111011010010
000011011100111001
000001100111101010
000001101110001000
111101110111101100
111100011001101010
000000001110011101
111111001001101010
000000001011000101
000100111100000100
000001111110011111
111100111111110111
000011110010101101
000010001110110000
111101001111110001
111111001000100100
000110101000101111
000000011011000111
111110110010001000
000010011010011100
000001111101100010
111000100000110001
000000111101101111
111110010100000101
000001111001101011
000000001111101001
000000010010101001
111100000110011010
111101000011000101
000011000010100110
111101010110001011
111111010110100110
000000101011101000
000010001101000001
111001000011111001
000010001101010101
111100001000000100
000000100011010010
111101100110100100
000010001011010011
000100100000010110
111101100111111000
111110111000011011
111111100110000001
000011011010010011
111011111010000010
000010111011101001
111011100001110001
000000001000100000
000001011110001110
111110001000111111
111110110001010111
000001011011010111
000000011110101000
000101001101011001
000000110111010111
111111101001000010
111010010000001011
000010100011010010
111110101101110101
111101010010010111
111101110001111010
111101001001010110
000000001101110110
000001111110110110
000011111110011011
000000100100011001
111100100111101111
000000000111000111
111110110101100011
111101101001110010
111100010011000000
000010110000010001
000001011011110000
111101000110010010
000000001111100110
111110101100100010
111110011011000000
111111001100101111
111101101101000110
000010100111100110
000001100101100001
000001000000111000
111101110101010110
000010100101110111
111101100010001011
000001000000011000
111100011110111111
000001101011101101
000010010010110100
000010000101010001
000011010100110101
111100001111010010
000010010001100101
111101101100010101
000010000001111001
000010101111011110
000001000011000001
000000001100011011
111101100100111110
000011000000111101
000001101110000000
000001001100001111
111101000010110001
111011000011011100
111101001110000100
111110101011100010
111111010111100110
000011011011011011
000010101110111101
000000100100010011
000011100110010110
111100101001001110
000000100010111001
000001011111111010
111111110000000100
111111101100000000
000011011101110000
111011001111010001
000001011111100111
000001001100110000
000010110101000101
111110100100011101
000000100110001011
000000010010001111
000010100011101110
000000011101111010
000010000100110000
111101111011111101
111101100100110011
000001110101111000
111110101101110111
000001011010111100
111111100011111111
000010000110101101
000000100010101111
111111001010100100
111011101110101100
111100001001110110
111100110000001110
000001001011110100
111110000011101110
000000000101011000
111110001111001111
111101010111110111
000000110101010010
111111110101001001
000001100100010100
000001100011111011
111111001000010100
000010110100010101
111101011001001000
111101101001100110
000000110111001111
111110110010111001
000001101011011010
000000100001100100
111100000111010000
111011100111100011
111111111100101001
000010001001100100
000001011111110000
000000000010000000
111110100110000111
000001111010100010
111101101110010101
111100111101101011
111110000101010101
111110011101101110
000010111100011101
000011010111111100
111011111100000011
111000110111111000
111011110111100011
000011000010001110
000001001001100010
111111001001011011
111101000010010010
111111010011110111
000011010111000000
111110101000100001
111110101000110100
111111110001111100
000001000000010010
111101100000101111
000010010001010011
000001011011001000
111111101000000111
000010001010010011
111111101011111111
000001111101000111
000010100000001001
000000100000100011
000001000000010101
111100101100111100
111100011000011100
000000110101011011
111110000000000111
111111111001110110
000001101000000111
111111011110100101
111111110001111001
111111010100110001
000001111101001111
000011111001110101
111110111001110001
111110101001111000
111111100010100111
000011001010100111
111111000101011010
000011011100111000
111101110100000101
111011111010110000
111100110100010101
000000011110010111
111101110111101101
111011110001111010
111110100100110100
111100010100000111
000011001110000100
111110000110000111
000000011011111111
000010101100101111
111111010010111001
000001011111000000
000011001111100100
000001010110100000
000001101111011111
000000111101110101
111100011000000110
000010001110100101
111100101111000001
000010010010010111
000011010010001011
000011001010010111
000000101100011101
111110111000010000
111110111010101101
111110101100001110
000010111011010000
000001000110001010
111110110011111110
000001011010110000
111100111011101101
111110100100100011
000001011101000110
111101111000111000
000010011010001111
000011100000000001
000001110110000111
111111001011111010
111111101111011101
111111001010110010
000010000111101110
000000100010101001
000000101110100100
111111110110000110
000010101101000100
000010101010001000
000010100101110110
111110100101010000
111110000111111110
111110010001010000
000010111010100011
000001100111000011
111110011010011001
111110111010110110
111111100111010101
111110101111110011
000010010111110011
000001010010001011
000011000001011010
111110001011011101
000000010001010100
000001101100010111
111111001101000101
111101111010001001
111101000111011101
111101100101111111
000001111110110000
111111001000111001
111100100001010001
000000100010001111
000010011111001100
000010011100000100
111111111011100110
111110111100011100
111011010111101110
000000011000010111
000001001111000001
111101110011100111
111110100010001001
000010101100110001
111101110011011000
111101111010010010
111101100010111011
111111000100010000
111100010101000001
111100100011010111
000001011001010100
000101110101111101
000001001000000100
000001001011100111
000001101101101101
000011001101001010
111101001001010000
000000101110110001
111111111010101000
000000011101001100
000001000110010111
111111010110100110
111101100110011010
111100010001000000
111100010111110000
000010100011111111
000000100100110101
000000001000010001
111111100000100110
111100100100101000
111110100011111111
111101010010010100
111100010100001101
000000001100001000
000010111010100010
111111000110110111
000001101010111010
111111010101011010
111100101001010110
111111111100000110
111101011010110001
000001110011110000
000001011000111010
000011001111011101
000001011111001110
111100111000100010
111101110010101100
000001011000100110
111110011101110110
111110100001001100
111101100010111101
000001011110001010
111110000001010110
111111100110001000
000001000111010001
111101100110010100
000011100001100000
111101011001110101
000100011000111111
000010010001100000
111100101100010101
111101001110010101
000001101110011010
000010000010000100
111111000100110101
111111100100110101
000001011000000101
000010011110111001
111110101111000100
111100111101101001
111111111000011110
000010011010101010
111101110001001100
111111000111110011
111100111001000101
111110100111101111
111011100000110001
111111100101111111
111101000001010111
111100110001010111
111101010000011011
111111001101000111
000011001000101011
000010100101110010
111101001001110101
000010001000001111
111110100100101010
000010011011110101
111111110010001101
000100001110011111
111111000111001000
000011010100000010
000001000001001111
111111010011101110
000011111111110110
111110101100010000
111101100010101111
111101010110000101
111110100010010001
111001110000011101
111110101101101110
111111011110000111
111101110100000011
000001101011001111
000001101101001000
111011011111010110
111011011011110101
000100100111010110
111101011101111010
000011010010001100
111111010100111110
111110010010110101
111111110111011100
000010011010001010
000001010001010011
111100110000111010
000010110100111100
000011010111000001
000001001110101011
111111010111110011
000011101111010001
111100101101110100
111011101110011001
111100010010101010
000001111000110000
111111100011101010
111111111101001100
111001101101100000
111110011001011110
111100001110011111
000001000100110010
111100011111101111
111100000110000001
000001100010001000
111100011010001010
000000111001101110
000011010001111000
000000010000111011
111110001100110110
000000000011001000
111100011001000101
000011110100100110
111101101010011110
111011000101110000
000001110000011001
000000101011010001
000101001001111110
111101010101110110
000001000110011010
111110000110011110
111100011110101111
111100110001001010
000000100000010101
111110110000101010
000000111111000000
000000011011001010
111101101011011101
111110001001000010
000001011001101111
111010100001011011
000011011011100110
111100110101100111
111110000110000010
000001011011101101
111101110110101101
000010111011001001
111100111001100000
000001001100100101
000000000000001000
000001101011001000
000010000001001111
000000110000111101
111101010000000011
000011000001100111
000001111111110111
000010111011100001
000000110011010011
111111011001111100
000011000010000100
000000010000010101
111110011010100101
111010101110011011
000001111111000111
111100111110100001
111101001111100011
111111101011010111
000000011011010011
000000011101011110
111111010010010001
000001101001001100
111110011110010001
000100110001001001
111110011110001100
000001001011010001
000000001110100100
000001000111010010
000001100000110110
111101010010100000
111110111110111001
000001011111100111
111100000111001011
000000000101001100
000000000111001000
111101101111010111
000001110101001010
000001111011000101
111110011101100110
000010111010011000
000000001000010011
000000100000010100
000010010110010000
000010010100100101
000010001001111001
111110111111000111
111110100100001101
000000110111001001
000001010100000001
000011010011001111
000000110101010010
000001011000011100
000001100110110110
000000101111000011
111100101111000101
111110001101001000
000000101010100011
000110001011000011
111100101100010110
000000100000001101
111100001100010110
111100111101000011
111111101000101010
111101101010100011
000010000010100000
111101100111000100
111011111010111110
111001111101111001
111110000010000111
111111001100000110
000001100001000111
111100011100100000
111101000100010111
000011100000000100
000000000011011100
000101001111011111
000001011000010011
111110010111110111
111111000001110001
000101011011111111
000000001101010010
111110000100000110
111101000101111000
111101110010101101
111110101101001111
111110001010010101
111110111001101001
000011101011101010
000010100110111000
111111011011100111
111111011111100101
000000000101000101
000001000100100000
111100111001011000
111110000011000100
111111010100110111
000001000101010111
111010110000110111
111111100000000011
111011001100000001
111111001100101111
111111101010110011
000010111101111110
111001110001010110
111110011010101101
000100001100110011
111110100000111001
000010000101110010
000100000011101110
111111111100110010
111100001111110011
000100001110011111
000000100011100101
111100110111011100
000000110011111010
111110000101011010
000010110011111011
111101110111011101
000001001010111011
000010010000101111
000001010111000110
000010011101100100
111111011010000101
000010111101111100
111111110011001111
111111010101111100
000001011111111111
000000100010101101
000000010110111010
000000011100001000
000000100000000111
111100000101000011
000010001010001011
111101000101010011
000001011001110000
111111010001000010
111011111011110111
000000010001011101
111111111001100010
000010110001000000
111111110111001001
000000100011000101
000000100010010111
000100010000100000
111101010011111000
000000000111010101
111100010010110100
111111100010100101
111110110100101011
111100101001111110
111100000000011010
000000101101110000
111110100101010001
000000101101111110
000010010001010011
000011000100000000
111110000100000001
111110101101110010
111100110011010000
111101001100001011
111101100001100110
000001100001011011
000000011011100100
000010010010010100
000010010101010011
000001110100100010
000000010110110011
000001111101001100
000000100001001000
111011101111101001
000011101110011000
000000101110000011
111110001010110101
000001000010111001
111101000101011000
111111001000001100
000001111111111001
111100111011000111
111101011001000010
000010000101001111
000000010011000011
000001000101100011
111111010110001000
111100010101000110
000000010010011100
111110100110011000
111101110011101011
111110111101010101
111111001000001101
111110101110101011
111011101111110110
111100001100010100
111100011001110000
111111011011011101
000000110100011111
000011111101010111
111100100000011110
111101111000100000
111111100001110010
111111011011100010
111111111110100101
111101100001000101
000011000010001010
111111001101110111
111110011110100101
000010110101101010
111111100100000101
111010100000100111
000000101111001001
000011000001011101
000010110000111100
000100011010010110
111101000000011111
111111001111010101
000010011010110101
111101011111101100
111010111110110000
000000011011110110
000001000000011010
111100111100010010
111111110011101100
000001011001010010
000010100111100010
000000110000011011
000001010011111001
000000001000101111
111111111010001011
000010000011100000
111000110011011101
111111000101110000
111111010110100111
000000111100001101
111111111100111111
111110000110000101
111111000001100010
111111010101101100
111011110100111000
000000111010110110
111110110010001101
111100011110111101
000000000010011100
000000100111111110
111111101000001100
111111101110110010
111110111111101110
111110111101111110
000000101111110001
000100001000000001
000000100111000010
000000100101110100
111100001110000111
000001111011101011
000000111001101001
111111100011111110
111111000111001010
000000010001000000
111110100110001010
111111100111011011
111111110010101110
111101001010110011
000011001000111001
111111111101000000
111111101001110100
111111110011110101
111011101101011111
000000110110000010
111100101011010111
111111000010110001
000010010110001111
111101100010000100
111110100011010010
000001100111100111
000001111011100000
111100110000111101
111110010110100111
111111100011100011
111100101000110001
000000010010111100
111111010011000010
000011010011010100
000001000010001100
000000100111000011
111100000000000101
000011000110100111
111110101011001110
000001101000000110
111110100000001101
111101010010011111
000000111010000011
111110010110000111
111100110010001001
000110111101001010
000010011100001101
111000110111011001
000000000010111000
000100110111101100
000010010111001101
111110000010110000
000001011010011010
111111011010011010
111110110110111101
000010010011000111
111100111100100010
111010111110000000
000011000010111010
000100000001011110
111110111011000000
111101001000101111
111101001000011101
111011100110010000
111110011011001100
111111011001110011
000000011101011010
111101000100110100
111110001010101000
111101010110001110
111111101110111011
111100101011110001
000001010011111001
000011011101000111
111011110100100101
111110111110100101
000000000001110000
111111000101101101
000001001010110110
000001001011110010
111111000111101001
111110110000000100
000001001011100011
000001110111011010
111100001001000100
111100000111100011
000001000111001110
000000110111011110
111010100000000000
111101100110100010
111010100100001010
111011101111000000
111100110101000011
000011111110111001
111111101001011000
000000000001110100
000010001100010011
111100111100110101
111101000010011101
000010001011011111
111101011000111010
111101110100100101
000011000101010010
111100110000011100
000001010000001100
000100011111000001
000011000000011101
000010100011010001
000001110001011001
111111000110101110
111111001010011010
111011101110000001
111110100011011101
000001101101000110
111101001001110100
111110000100110100
000010010001001111
111101100010010111
000010011001001010
000100011010001000
111111100000000101
111111100010110010
111101100101010011
000000001010001111
000001100011001001
000001001100111101
000001110100101010
111101111100100100
111110111001000101
111100101011110011
111111111000111001
111111010001001100
000010011010101001
000010110010001100
111100100001110001
111111001011101010
111111010011100011
111111001010001010
000011110101000110
000000101001100110
111100111101001110
000000010001001111
000011100101101000
000001111000111101
111111100011110000
000000110111001010
111111101110100111
000100000010001010
000000110111111100
111110111101110111
000000001010111011
111111011101001100
111100100000111101
000000000110111010
000001110111100101
111111010000110001
111110101001001111
111101100111011001
111111101101110001
000001100100110110
000001101101011010
000000101100110010
000001001000000001
111110011010101001
000000110001111111
111101100101001100
000001010011001100
000011001001000001
111110111010001000
111111000010100101
111111011010011001
111011100110100110
111011011111100010
000010100011010110
111111001011000100
000001011011111000
110111110010101010
111111100000000001
000001101110111101
000011111000000100
000010111000110110
111000110011010101
111110011011111001
000001100010011111
000000000000111100
111101110110001101
000010010010001010
111110000000100100
000011010001010010
111111100110111101
000000010010011100
000001101110000010
111011010011001110
111101000010100100
111111101000110001
111101000100110101
111111111010100011
000000110010001001
000010000011110111
111110101100010111
111100101110111110
111011001110100000
000100101010000111
111101101011000001
111100001011010011
111111111111000001
000011111100111111
111100010001000011
111110101101011100
111100100000101001
111011101111111010
111111010000100111
000010100101000011
000100000010010110
000001000101111111
111110000110001111
111110100111011000
111011110101101111
111011111110101011
000001001010110010
111100110011011111
111110111100001100
111011101011001000
000001110110101101
000011111100000111
111101011011000011
000001100101100101
000000111100111011
111111110010101111
111100100011000101
111100111110100000
111111001011000001
111110100100010001
111101010101011001
111011100011010010
111111110000001100
111111011111101010
000001100101000110
111101101111100101
111111010010100001
111101101010000110
000010001100001101
000000001011011011
000000100000000000
000010000001110101
111101100101110010
111100110100010010
111111101111100110
000000000111011111
111101111101011010
000100011100101111
111011101101110101
111101110001010110
000001111111111001
000000100100000011
111101100100100011
000000001001100011
111111100000110101
000000010111001100
000000101101011101
000001011000101011
000001101100111101
000010101000000011
111100110001010110
111111000110101111
111111111101111011
000001111100010010
111100110111111111
111110101010111011
111100100011101001
111100001111111001
111101001110001010
111111110100000111
111111000100011011
000000101010101010
000011001100000110
111111110110101010
111111011101101101
111111110001111010
111111000110111011
111011000000011001
000001010010111011
000000010011010100
000000000010110101
111111011010010001
111111100000011101
111100110011000101
111110010010000110
000001001010101010
000010111100100110
111100101110111011
000010001101101100
111110000110100001
111110101011011000
111100100111000111
111101010000100000
111110011100000000
111101110000111101
111111111000001100
000000111001110110
111100111000011001
000000010100011100
111101111110001100
111111111111010111
000010110010111010
000001000000100011
111110010101101111
000001001111110001
111101001110000111
000000110100110010
000001101101000111
000000001111110011
111110010111101010
111110110001000100
000000011110110110
111010110001000110
000000110111011001
111011111000100110
000001110100100111
000010110001011011
000001001000000010
111100111011010000
000001101101110010
000010101101010110
000010000111010111
111110001001011111
111111000101000101
000010000101110010
111100011000101011
111101000001110111
111111100011100111
111101011111001111
111101111001100110
111110011100000001
000010110010010001
000000010100101111
000011011100001011
111110110110101100
111111111110001000
000010011000101110
000101010101101101
111100110100111011
000000001010011011
000101000001010011
111011000010011101
000010100000111111
111100000010011001
000000110100101001
111101001111011001
000000100100111010
111101111001101110
111101000110110000
111101111111110100
000000001111110100
111100011110011110
111011110000010001
111110000110101011
111111111011001010
000010010010010100
000001000110001001
000001010000101001
111101111100000000
000000010101011100
000000001101010100
000001011011011000
000001110110101111
000000010111000101
111100010100111110
111100010110001000
111111011001001111
111100110111000001
000001110001010100
111110100000000100
000001100100010100
000011111000100100
111111101001010111
000001010100001011
111100010110001010
111101100011111100
111110010010110010
111111000001010100
111111111000110010
111111111101110111
000000110000011001
000010001001110100
111101111111010101
000010111110111100
111110010100000100
000000000110110011
000000011010100010
000001010000010100
000010100000001100
111111000001001110
000001110100101001
111100011101011101
111011100000111100
111101100000100000
000001001100010101
000001101000110100
000010011001101101
111111011110101001
000100101100110011
111111110101010010
000010010000110111
000011010001010111
111100111101110000
111111110101011110
000101011011111110
111111001011101011
111110010000111010
111001101100011000
111111111011010111
000010101100000111
111110101001011111
111111101110011110
111111010000010010
000001011000110001
111111011001011110
111101101110001000
000010000011001110
111110111011100100
000010001000011111
000000000101111111
111111100101100111
111101110101101111
000000010010001001
111111101101111011
000001110011011011
111011110010101000
000011001011001101
111101010000011111
000000011001000101
000100101001111111
000011100111101101
111111110011001101
000001100000000101
111101001000111011
111100000001100100
111111000111001010
111011110100010000
111111001001011110
111011110010111110
000001010010101010
000001011011000101
111111101001110100
000010100011111001
000001110111001101
000010100000110001
111110101001000100
000001010000011010
000000001000001011
111101010000001010
000010011110001010
000011100101001111
000010010001110010
111101111101110101
111101101101101101
000001101000010100
111100000001111111
111110000101010011
111011101101010100
000000111111011010
000001001010100010
000011110100101000
111100110010110011
111111100101101111
111100010111001100
000100110011010100
111101100001010011
111011101100111000
111101010010010011
000111001000100111
111100110100010111
000100000011010001
000001010101000011
111001111001101010
000100011010011000
111110011001100101
111011110111001000
111011100000100010
111110110101110010
000011011101110000
111111000000001001
000011010001000010
111101001011101100
000001000101001111
111100010001011011
111110001101110111
111111101101101110
111111001111001001
000011111000000110
000000010010100010
111111000000111111
111110101001110011
111110100100101010
000011011000110010
111110001011111011
111101101011100010
111111010011111100
000000111001010011
111101011000010110
111101100111111111
111100001100110111
000000000001001010
111100101100110011
000001100101111000
111111001111000011
111100010000101000
000000100101011011
000001011101100011
111101011010111000
111101001101011100
000010011001100110
111110011011001011
000000011100100010
111001100000000101
111011100111100011
111100001111110011
000010000001111000
111110001000001100
111110000010010001
000000100011010010
000011011010111000
000011011101110010
111101101000001000
111111111010010110
111110100010010000
111100010110110110
111110100001100001
000011100101100011
111101100001110101
111110001011100011
000011100101100110
000000110001011100
111111100001000000
110110101000110010
000000110101111001
111011101111001110
111111100110110101
000110010110010101
111101111110110111
000100110110100001
111100000101001101
000001101011100011
000001110010010110
000011100100001000
000011101010011100
000000010000011010
111100110111001101
111101001111011011
111111100001111000
111101001111000101
111110010001010000
000000010110010100
111110101001011111
000000010000000101
000010001110000011
000001110101010001
111110110110010110
000010111001011101
111111100101100000
000010000111101111
000000100011101111
000000010001111011
000001010001000100
000010110101100000
111110001010001010
000000101010111000
111011001011000000
000011111110000000
111100010110110001
111111000101100101
111110000010101010
111110000110001101
111101110111111111
111101000001000011
111111011000100010
000001110101100000
111100110000011101
111111000000000101
111110000010010000
000000101111000110
111111111001110010
111100111000101100
000010111000000100
000001111010011101
111111001001110111
000010000111010010
111100110101101011
000001011101110110
111111100111110011
111110010011100010
111111001101100111
111110100101110111
000010001100100001
000001010100001000
111101011011100111
000010101110001110
111111001000000110
000011001010111011
111111010101111011
111101010000001110
111111111101001000
111100111011000100
111100001011011010
111111011001010001
000000010000100001
111110111011010011
000100010000000111
000000101010111110
111110011101000110
000011000101001001
111101111110001000
111101111010111011
111111001111111111
111110100111001000
111111011110001100
111101000011110010
111100000110001001
111111000101111011
111100011000101100
000010010110000000
000011000011111000
111111011000110011
000011011101011101
111100100100000101
111100001010011111
000011111000101000
111111010011100100
111011001001000110
111111101010011001
000110110000111011
111101101101100001
111110101111010000
111110110001101110
111101111001110111
000011101010010011
111011100000110000
000001010100110010
111101110101101100
000001011001011000
000000001010100000
000000000000011100
000100011011010011
000001110011010011
111011010011100111
000001001101001010
111100011011100111
111111001001101011
111111011000001100
000011010100101000
000001110010010011
000001111101111011
000110001100101010
000000001010010101
000011010101111101
000001110011110001
111110010011111100
111111000000110110
000001111101011010
000100010001101111
000011001000011011
110111111010010110
000000101110111111
111110101010111010
111110110111101111
111110001110101110
000000110111000001
111100110110011111
111101001100011101
111101010100001001
111101101010010000
111111101000101110
111111101011011111
111111111110101000
000010100000011000
000001011001100101
000000000011010010
111100101001111101
000001101110100001
111111101111100001
111111010011010011
000011110100101111
111011100101011011
111011011100100001
000010101000110111
111101101011101101
000011011100110011
000000101000001110
000000001100001111
000001010011111010
000010010011110100
000100000111111110
111110100111110110
000000001101000011
000110010100000111
111110111110111001
000010010010101100
111111100001111001
000001000101000010
111110101011001101
111100101100101000
000000010000100100
000000000111111000
111100101101010100
000001100010000010
111010101011010010
110110010011011000
111111011111111110
111101110001100110
000001011010001110
111101011011110110
000000111101001111
000000110111000101
111111110010101011
111110111111100010
111010101110011101
111111000011001101
000100100010110000
111111011000010001
000011011010001111
111110101101111101
111101100011010011
000000000110011110
000001011111100100
000100101001110010
000101010111001010
111100111011010011
111111000111111001
111000111110100110
000000011000011101
000001100001010010
000010001111110111
000100110101001000
111101000010010000
000000101110101110
000000011001000111
111101110001111111
000001001101011111
111111011011000010
111110101011101101
000000100101000100
111101010000000000
000001101110011101
111101000101101111
111111101100111101
000011000011110001
111111100100100110
111011011111011100
111101100101001111
000001111101011100
111111111111111001
111110110111001110
000000111010010010
000010111000010101
111101100011110011
000000010001000000
000001111110001111
000010000101011000
111100110011110001
111010111100100011
111110001110010111
000000111000011001
111111011000001010
000010001111010101
111101111010101101
000011000011010001
000000011111111010
000001001010000110
111110111001100000
111101100010111001
111011110011010010
000001101110100001
111111101111100011
000001110001100111
000000011100100110
000000010101000011
111101101010010011
111111001110000110
000010101001110100
000010110000000110
111111110111110000
111110011111110000
111110010101011101
000010000001000001
111111001010110000
000001111000111111
000010110100000100
000010010010011011
111011001001010101
000001010111100001
111110111010011101
111101111110001011
111100100010000010
000010001000111110
111111011000000001
000011011101110000
111101010101000011
111101001101101111
000001101011011001
111010111000101101
111100101011100000
000001011000011001
111011101101000100
111111101100011001
111110011100011000
000010011001100101
111111110100110001
111111001110001011
111101111111011001
111011101001000000
111011011100101001
000000000011101110
111000100001100010
111111010001000111
000000100010100110
111011011000101010
111101000010001110
000000000100001001
111111001000101101
000011010010111110
111101110011010111
000001101001010101
000000011111110110
000010100010100010
111100100111100100
000110010010101001
000001010110001111
000111000110001011
111111110011011111
111101000110010110
111110000110000000
111011001111011100
000010000101101011
000000101010010001
000100001011110111
111100010010111100
111110100100101111
111100000000110001
000000001000110111
111110010100110110
111110110011110000
000011101001001010
000001000000000111
111110100001010100
111011110010110110
111111011100110011
000000111001101111
000000111111111101
000000001101001100
111111110000000010
000000101111101000
111110111011100110
111111011110010100
000000101100000011
000011100011011110
111011100011101011
000000100001001011
000000000110000101
111111010111101000
000101000101000010
111110000111111000
111111100101101010
000000111000101001
000000100110000011
000001101010011100
111111100011010110
000011100010101100
111111010010100111
000001011100110001
000001001001001110
111100001111111000
000001101000100100
111110111101100111
111101111110111100
111111100011100000
111111110101101011
111011101100110000
000010011011001100
111111101001011000
000001000011100011
000001110011101001
111100010100010000
111110100011101001
111111011110000011
000000001001010011
111111000100111110
111110010110001110
111100001000100000
000001001111101011
000000000101010100
111101101111101010
000011001001010100
000000010101111110
111111111110010111
111111100001001110
000011101000011111
000000001100010101
000100100100111100
000010000110010111
111110000010101000
000010100101001110
111101111101000110
000001000000110110
000001011110011111
000000100011100110
111110001010010111
111110010000000001
111101111011010110
000000001001101001
111101111110011010
000010100110000100
111101000000000001
000010100010110011
000010000001100000
111111011111001000
000000001010110011
111110110011011111
111010101100111110
000010111010010010
111101000011001100
000010101010101011
111111101001100100
000000011011000101
111111111001101010
000010001000010000
000010101000000111
000001000010110101
000010111001110011
000011000111000101
000100010100110010
000000100010101000
111110100101001110
000011000110111010
000001001111101000
000001111011100111
000000001011111111
111111100000001101
111100111111101000
111011000100100100
000001000011011101
000001000111001111
000010100111001100
111110111111101000
111111001010000101
000010010110000111
111100101111101010
111100100111101001
111101010000110000
111100001111100100
000000010111111100
111101100000011110
000010000011110110
111111011001101101
111111110101100111
111100101001111111
000000100010111110
111101111111001101
000010001111100100
000001100001010111
000010011101101001
111100110111010010
111000110110111110
111111000000000000
111101001100100111
111101111000110010
000001000101011110
111101001010110111
111100001101010101
000010010011110010
000011101101111011
111101101000101100
111110011100001000
111110000110001110
000101100111100101
000100010010111011
000110110010010111
111100010100111010
111110100100011100
000010010011100111
000011001011100100
111111100111101111
110110100010001111
111110000100011001
000011010010110010
111101100101010101
111001000100010001
000000000000011110
000100000011100101
111100111100000100
111111111010010101
111111000011000101
111110011000111011
111101001011000111
111010000011011000
111010111000000111
000001000000111000
111100000100100010
111111011011110100
000000010110110010
111101110001011101
000100100101011000
000011101110010001
111110000111111010
111100001010010011
000010101001011001
111100010011100000
111000111111111100
111011100000000100
111111100101011101
111111000110001101
000010001011110100
111100100100001010
000000100100011011
000000011111001000
000010010010100101
000000101001001110
111111000100011001
111010001001110001
000101001111010000
000010010111001110
111011101010101010
000000010001010100
000001011010100000
000001001011101100
000000100000000011
000010110001101000
000011101001101100
111101011010100010
111111111101000111
111101110011000110
111011001110000011
111110011111011100
000010000001000001
111010110110001001
000000000111010010
111101110111111101
111111100011001110
111111110000010000
000000011010001101
111100000101110110
000000111111011100
000000101100000100
111110010001110111
000000010011000000
111011100000011001
000000001100010000
000100100111010001
111100100101010100
000001000011100011
000101101001000011
111001000010011010
000100101110001101
000000100010110110
111011100101000000
111111111001010011
000000101101010011
111101000101000111
111101100111001010
000001011101110011
111101011111001001
111110011111011001
000001110110100001
000001100001111011
000100100001010011
000000010001110011
000000100001011101
110111000100111111
111101111001110101
111111111000010011
000000111000111110
000011111101011110
000000100001011000
000001001110101010
000000011010000010
000011001111111000
000001001101011010
111010000011110011
000010111000011101
000111010000010001
111110111110000111
000000001011100110
111111110111010010
111110100000110001
111101110011110111
111110101100111001
111101101110000001
000010000100110011
111100010101001110
111101000101111001
000001110011111000
000000101111010010
111111100111001000
000100111001100000
000001101111001001
000001111100010001
111110111110100001
111101111110111100
000000111011110000
000010110000001010
111111111110011000
111100101111110010
000010100101101101
111001001000101011
000001010110000111
111110111010000101
111101001011010010
111111011001011000
111011010110010011
111111101001000000
111011001101010101
111010010011101101
111101110001100110
111011001001001111
111100011001011101
000001111011111110
000110001110110000
000010010111111111
111110100100001100
000010111011101011
111110000000100011
111110001001010011
000000101110100000
000000110111011001
111101111110010011
111101110111000110
000000100100100010
111101111000001110
000001001001010111
111111001001110111
000001110010010001
000010110000101101
111110010111000001
000101100011100101
111101101010100000
111111101101010011
111111111010010100
000010011101110100
111101101010101100
000000010000001011
111111010110101010
000001100011100011
000101010101110001
000011100100000001
000000010110000000
000100000011100111
111111110100011000
111111000100110101
000000111111100001
000010100001101010
111101101001011011
111110110001000011
000000101111000100
000011100000101011
111100111011000001
000001101001001010
000000000111100010
000001100111111011
000010011010101100
111111100101111111
000000101110100100
000011111011000010
000010101111010001
111101110101101111
111110100101000111
111110011111100011
000001100101011100
000100101011010100
000010101001001000
111110011010010101
111101100101010010
111111011001011100
000010000111010001
111110111111110101
111100010001101010
111110000111111001
000000001111011101
000001110001001010
111110010000110110
111101001001010001
111101110001110101
111111011001010101
000000011101101100
111100001001110000
000001010011000110
000000100000001100
000001010010000100
000000001010000110
111100010011010001
111111001010010010
111111100000010000
000010000100001110
111110001110000101
000100011001000010
000011101010111100
111101001110111001
111101010111110000
000000001011100000
000000110110100101
111001010011010001
111101000101100000
111110100001100010
111100000101010010
000000110101001010
111111000111111011
111110101100000110
111100111111110111
000100110110111110
000000111010011011
000100000000100101
111111110111100111
111100001110001110
111100100011101000
000000001011110111
111110101101010000
111100001111001111
111101110101000001
000000010101110110
111101101101100101
111110101000011010
111100101011111011
111101100111011010
111100101111110000
111100111101001111
111100011010010111
000000010100101011
000100010000101101
000011010100111011
111011111100100001
111111100001101011
000011000010001001
111101010111111101
000001001000001111
111111110111010000
000001001100100010
000001001001111000
111110010110101110
000100100010000101
111111010110111000
000000111001011110
111100111011100010
000000001101110001
111111011001111011
000001011101000111
000001110001010101
111110011001111000
111111010101000010
111011111010010010
111100011000010011
111111011011010100
111111100100011010
111100010010010010
111100010011010011
111111000001000110
111011101111100011
111111011011101100
111100011001101011
111110001010111110
111111011101100111
111101101001000001
000010110011000100
000001000101000101
000010101100110101
111110010101111101
111101001110101010
000011000010101111
111100111101000100
111110110011101111
111100010111110111
111110010000101101
000001010101001111
000010001010000010
000010011100101100
111110001111110000
000011110101110111
111011010010101111
111110010100101000
111101110100001111
111110111010010101
111101111001011011
000010100011001101
111110010101110010
111101010111010011
111100110010111100
111101111101000010
000000001010010100
111110001000001101
111110110101001111
000001010010110111
000001001011010011
000010100001100111
000010010101001000
111111100010111111
111010110001111011
000010000110011000
000010101010000011
111100011011101010
000011010001101010
111110100111101111
000010101001010101
111100001100001000
111111010000001001
000011100001101010
000011111001011000
111011100001011011
000001010110000001
000010000011000011
111001110010011011
000001111101011101
111100111000000010
111111110110100101
000001111010000011
111100000100101000
000100000100101001
111110011010000000
111111110111110011
000000110011111011
000010101011010011
000001000100101101
111110001001010111
111101111010010101
111110100101101010
000010101100100011
111100111011100110
000001101100001111
111101011101100011
000011100100001000
000101000101010111
111111000111001111
111110001110111100
111111110011111011
000000010110111001
111110100101100111
111111101111100001
000001011011111100
000100001101111000
111101111101010101
111111111011010111
000001100011110110
000000010001111101
000001001100101010
111101010110010101
111011010100010011
111101111110011010
000010001001111001
000001101100101011
000000000000101111
000001110011010110
111111010001001001
111011100100110110
111100011001000001
000010000111011000
000010011000011111
000000011101001010
000100000000101100
111111100110110011
111100011111110011
110011011110010110
000000101110001000
000010101100101100
111111010110100000
111111110000101110
111110000100010011
111011111100111100
001000110101111100
111110010111111111
111111011010011111
000110010011010001
000000011101010001
111110110010001011
111111110110000110
111100101011111111
000010110100001011
000010101010001101
000010000010010011
111110000111111011
111111011100001100
111110000010100100
111111110010011001
111101010001011100
000000001100111010
111001010000001011
000010110010110110
000011000101011010
000001100001001010
111110000111000101
111100011010101010
111011110001000001
111101000100001111
000000110100010110
111101100011111010
111011000101010101
111001100110111100
000010110001110000
000001100011011100
111101111001110110
000000001011000101
000001110000100000
000010010100111001
000000000001111010
111110111110110011
111011010011110101
111111010010110100
000010100001100101
111100000100010001
111111010001110100
111111000001111010
000000011010101111
111111010000010111
111110111101010110
000011111010001100
000010111101011101
000001010110110100
111101110110111100
111110011111011100
111111101100010010
000000010110010110
000101010010110100
111111110110010011
111101100001110110
111101001101001101
000000011010101001
111110000101011101
111101011000000111
111110010101110100
000000110011000111
111101010101000101
000011110000101010
000000011100001110
111010011110001011
000010011011100100
000010001011101111
111100000001010110
000000011001110000
111110111111001011
111110111011000100
111110001011110111
111101110101100001
111110010100011110
000001011110110011
111101011010011100
111111011010001101
000010111101101101
000010111101000000
000001111100101101
111110000001110110
111100011101001011
000000010010011001
000000000111110000
000000110001010010
111101110100110000
111111111110001000
111110001010101101
000010010001001100
000011000101111000
111111100010101101
000001000011100011
111110100100110011
111111110000011001
111111111110111110
111111101011101000
000000101001110100
111110000000011001
111111010111011001
111101111101110010
000010010010000111
000000010111010010
000010100101111110
000001010101101000
111110101011001000
000001001110010000
111110001010000010
000000101101000101
000000000100110101
000010110111101011
111100111101000011
111111100001000011
000010100111011101
000000011100101110
111110111100000110
111100010111100010
111111110000011001
111011100011000111
111110101101100001
111100011010100010
000011111010100101
111101110011101111
111111100000101010
111011000110010100
000000101000010000
111101111111000001
000001100101110111
111111001100101000
111110000001000010
111111111100011100
000100110000110000
111111010010001111
111111001001111111
111111000110010010
110111111101000100
000101010010010011
111111001111010010
000000100011110111
111101010000001110
000001010100101100
000001010111110011
000001111011101000
000000110010110110
111110110000001101
111110011100110001
000010011010100110
111111010001111010
000000010110111100
000000011010010110
000010110110011110
000001101000101011
000010100001101100
000011000010111101
000001010101101001
000000011011101100
000010000010100001
000010100101101100
111100100110011000
111101011010011100
000001001010001010
111111101011101100
111111101011100100
000000111100001011
111111101101101010
111111011101100100
111110000101100111
000000101000000010
000010100011000001
000001110111101100
111101110101110011
111101101000111110
000010011101111111
111111001101010000
000001011101001001
000000001111111011
111111011101000100
111010011111010111
000001000101000111
000001100011011110
111110001101000011
000000011010101011
000010100011101100
000011010101011010
000000111111011100
111111111111011111
111101110000101100
111111100001010001
111101101011100001
000000001100100011
000000000010101110
111111111001100111
000001011101010000
000010110101010111
111110110101110000
111010011101101110
111110111100110011
111110101100101100
111100110111010101
000100000111101111
000001110111100000
000010100011110101
000001000010100101
000001110001010001
000010000001000011
111110100100001101
000001000000011011
000011001111100110
000001101101000111
000001001000000100
111111111010001111
111101111101111101
000000001000001011
111111100100110010
000010111101000110
000000010110101100
000000010100101000
000000011100100010
111110101010011001
111101101100101001
111100010011011100
111110110000011000
111101011101110010
000010010001000010
111101110111000010
111111001110010110
111100011101010011
111111001110011101
000000000111111011
000011011111010101
000000011010001000
111010100110001100
111101011000111011
111110110110010011
111111110011010110
000010100100010001
111110111101010110
000011000101110000
000000000010110100
000010000111111110
111110000100111010
111110111100101010
111101111001000011
111110001100001101
111110011110101001
111111010110110010
000001010010000010
111111110110000011
000000011101001111
000001101100110101
000001111100001100
111110011110100010
111110011011011101
000011010000001011
111100110101110101
000010100110111110
000001010110011011
000001111101110010
111110010101000101
111111001111011110
111100111010100111
111101000100000101
000001010001000001
111101001010110111
111110100010011011
000010101110111111
000010000000111001
000010000100111110
111100101000101100
111111001111111001
111111000100111001
111111001110001100
000010001000110001
111110100100101001
111110000111111100
111111101111111000
111110000110101101
111100000000001101
111100110111100001
111011101010001001
111111110101100010
000100011110111100
000010110101010111
111111010010100010
000001010111001010
000011100111111000
000001100011101011
111110101100111110
111111001011010101
000000010110000010
111100100001100111
000010111110000101
000000010110011001
111110100010110100
000010110000010100
111110001011100000
000010001000001010
111110110001001100
000010011100110001
000001000010100100
000010010110000010
000000010100011011
111110000011111100
000001111010100110
111101001100010010
111111001010000111
000000100000001110
000001100000001001
000001010001010110
000010011101100101
000000100111000110
111101011110111010
111110111110100111
000100001011111110
111111110010000100
000001111101010010
000001001101010110
000001111111010111
111110010000000101
111100110010101011
111111111101010001
111110001000101010
111001100000001100
000000011001110110
000001111000000010
000000010100001010
111101101000110001
000000001001001001
000011011111011111
111101101100110101
000001010100010110
000001000000110100
000001000001001101
111110111101001100
111100111100010101
000000100010111101
000001110000011011
111111010001000011
111100000001101110
111101001011011010
000000111011111100
111101010111011000
111111001101101011
111101011110000101
000000101011100110
000010111001101000
000011000010001110
000001000110100101
111101001110100010
000010110101101101
000000110111001011
000000111010110111
111110000010111101
111111001001010010
000011110010010001
000100110101010101
111111110110101011
111110100110000011
111110111000011100
111111110011011010
111101010111000011
000000001100011000
111101110011111101
111101010111100010
111111110011110000
111111000001000000
111010101101110010
110110001101010001
111111110000111011
110101111111011101
000001110110101101
111111010111001110
000010000001111011
111100110011111001
111100110010101001
111111110101001010
111100001110010111
111101011010000000
000001011110000100
111010110001011011
111101101111010000
111110111010111010
111101001010011100
000010100110000101
000000101011111111
000100110011101110
000010001011011111
111001111000101011
111110001011011100
111011111101111011
111111111110000101
111110011001110101
111111011110010101
000001000001101111
000010110001011000
111110001100000110
000010110011110100
111110101110001010
000000100010011110
111010101110101110
111110001011010101
111110000011010111
000000110001000101
000010011101100000
000000001101101101
000010011101111100
111111010101000001
111110010101000111
111011110110001001
000011101110110010
111110111101111101
000010101000100110
000000111000001001
111110100111010100
111100011101111010
000010111010110100
000010101011110011
000010010011000101
111111001110100101
000000110000000000
111110100010010000
000001010100011101
111101010011101100
111101111111010001
000000100111101110
000000000111101010
000000001011101110
111110100000101011
000011011110001100
000000101011000000
000100001000100011
111101001100111001
111101110111000101
111110110010100101
111101011010000010
111111010011011111
111101001110000011
000010000110000101
000000110100111010
000001100101011101
111110110001110100
000000110000011110
111101011010100100
111101010011100011
111110111000001011
000001010010011011
111101101100000100
111100111011010101
000010011111011011
111101100111111001
111101111000011011
000000111110011011
111101001001010000
000010000110000100
111100011010001001
111100100010001101
000000001001100011
111110100001110000
000011000110100110
111111100011011001
111110000110110011
000010011001011001
111110001100111010
111011001000001110
000001011010010000
111110101001000011
111101110100100001
000011110010100101
000001101000101000
000000000011100001
111000000010111100
111011011010001011
111110101001010100
110101000101010110
111100111011010000
000000001010110101
111111111001001000
000000111111101011
111100010011001111
000000101010100011
000001111100110001
111100010111011100
000010010001101110
111111000011001001
111100110101111011
111110010000010100
000010000111100101
000001010110100010
000010110001011010
111110110001011111
111011101000100000
111111101001111001
000001011011001010
111110111101001000
111111010010100010
000100110000010001
111101011010110010
000000110111101000
000001111001000110
000000001111001111
111101111001010101
000001000101110100
111111111010111111
111111010100001000
111010110111011000
110101011100110001
000001110111100011
111111000000011001
000011011001010110
000000001101001101
000000101011001000
000000001000100001
111111010001010111
000000001101110011
000001010001000100
111111100111111011
000000011001100001
000011011010001011
111110111101010111
111111000100101100
000000110011011001
000010100100100100
111110001111010101
111011101010100100
000000101111000001
000010001000001101
000010010111001101
000010101111110100
000001000101001011
111110010010001011
000010000010101001
111110000010110100
111101000110101001
000001110000010000
000000011011010001
111101001100110100
111111000001011010
111000010101111101
111110101100001001
111100100110001100
111101001000011011
000010010100000100
111111011101101100
000010001111000000
111111101101011010
111110110110001010
000011000111001010
111011111110100111
111111011010001101
000100000010000001
111101110110100001
111101100101100001
111101101011000000
111101010011101011
111101101101100011
000010111110010111
000010000000101110
000100100110010100
000100000100111100
111110100100000101
111110111011010000
000011010011101100
000001010000100001
111111110100110010
000000011001001101
000001100110111101
000010000100111001
111110100111100010
111110001100111110
111100110010010001
111101011101101000
111111111010100101
111101101111010101
000010001010000110
111011111101000100
111111101111011010
111111001010110110
111101101100111110
000001011110111111
000011100001101110
000001000000010011
000011111001100000
000000010110011111
111100000000101011
000010111101011111
111101100101001100
000000011000111101
111101001011011110
111110000011011111
000001101110101010
000001110011011001
000010110000101101
000010100100010100
111110110001100100
111100110001111001
111111111011111101
111101100110010001
111100000101101100
111111010101010101
000000111011011000
111111100010110101
111100100000110011
000000111110110001
000001101010000000
111101010111101011
000001111101111101
000000100000111001
000001000001010100
111110010100000001
000001100101111110
111101010001010010
000010101110000110
111110100100101111
000010010001101100
111111101101110100
111111011111100110
111111001001001001
000001001101001000
000010011011010100
000001001000000010
000001111010100011
111110011100001111
111100011010111110
111110111111100011
000000011100001011
000001010110000001
111110000011000010
000000110000010110
000000010001100111
111111001111000100
111011111011011110
111111111111010010
111101001000111001
000100011000110000
000011111000111000
000011011000101010
000100111000111010
000001101111110100
111100111110111001
111110110000010101
000001011111011101
000001110110010101
111000001100000000
111110111100100011
111111001101001101
111111101110011001
000000100110010100
111101011010010100
000011000101101100
000001001101100111
111101100100100101
000000101000100111
111110100111011011
111110100110011010
111111100100100011
111100110011110010
111101000111000101
111101100101000101
000001011100000110
111100101110100001
000001100110001100
000111010000011110
111110001011111111
000100000100100011
111110010110110001
111111001100010010
111111110010001111
111011111011110111
111100001011111010
000011000000100000
111101011000110101
000010010011001111
111011010100110001
111101100000100101
111100101000000001
000001000000101111
111011101111010110
000010000000001111
111110100100011010
001001010111111100
000110100011000010
111101110111111010
000001001110110101
111011101101100000
000100101100001001
000010010110110110
000000010110110000
000011100101011111
111101000110000001
111110000001001010
000010001110110111
111100100011000001
000010010111101000
000000111011111001
111111110001001101
111110100101000111
000001001001011101
000000100100010101
111110101111110101
000001001000011101
111101011010101000
000001000101111111
000000011010010001
111101011011000011
111101010011000100
111011100100010010
000011001100111000
111110100111000100
111011010110001010
000000010010001010
000100011001010100
110111011000011000
000100000010101111
111101000001010011
111100110101010100
111111000001000011
000011110001111001
111101011111101100
000010000011011011
000010011010111101
111111111010011011
111110001011110100
111101100001000101
000001011110111010
000011001111101000
000000111001001000
000101011001100111
111000110010111010
000000011001110100
111100011100101111
000110111100011010
111101110001011100
000000101101100000
111111010101001100
000010010010001011
000001010101101100
000100101111110001
111111010101010001
111110101110111110
000110000101111110
111111110010101101
000001000100100001
000001010001100010
111101001000011000
000010001001110001
000000100001110000
111110010111000000
000000101010101101
111100110001010010
111110000010110000
000011000000111101
111111110010011000
111101001101011000
111101111010110110
111111001000100011
000010101000000100
000010001111101010
000000111011000110
111111010100001010
000010000101110011
000000000010100000
000011011010000100
000010100000000101
111010110000001101
000011000111101011
111111000101110110
000010010010111111
000000011100100010
111111011000111010
111101110111001001
111010101100111100
111100001111100100
000000000100111100
111110010100001010
111010111110110001
111011111001110110
000100101000010011
000000010000101001
111110001000000111
111111100010010000
111110001111101101
111110010110110101
000001111001011001
000000010001000011
000000010110111110
000100011001101000
111110011010110010
000001111000101110
111100110110011010
000011010110000000
111111100000011100
111101101011010101
000010100000000101
000010010001010101
111101101010000010
111110000110010100
000000001000100111
111111001011000011
111100110101100011
111111101000001001
000000011001101001
000000011010000000
000011101101011111
000010100111101010
000010100101000001
000010010001010001
111101100100110101
000100000010110000
000011010100100010
000010110000101100
111110010101001001
111110011101010110
000001011101111110
111111000010111111
111100010011001101
111101011100011000
000000000111011101
000001111001010100
000001110000100010
000000111000110001
111111010010111010
000000101010101000
000011100110101101
000000101110111001
111100010100101111
000001110000011101
000010101001101000
000000101011110100
000010011111100011
111101010111101011
000000101110001001
111111011011110001
111110100000111001
000010010001010011
111111000010111011
000001101010000010
000000101011110011
111110011111010000
000011010010110011
000010000100010111
000001011011100100
111101110100100100
000000010101100110
000001010101101011
111111001101000001
000011011101110110
000100010000100100
111111001011011100
111101110101110011
000010001001010000
111101000110001101
111110011100001111
000010101011000101
000010100101110100
000000111000100101
111111110111010101
111110101011001011
000001010100001111
000100101110101101
111100101101010010
111101010100011100
111111001110001011
000010001001101101
000001010000001010
000000000010010000
000000010011111000
111101110010010010
000101001101001010
111111000111111111
000000010010110010
000000111010110000
111110101001100011
000010001001111101
000001001111010110
111111000111001010
111110100010101010
111100110011000001
111111111111110110
000010000011111100
111011011111001110
111100011010010001
111100001000001011
000001000100001101
000010110101011101
111101111010100111
111100111001100110
000110001001100011
000010010001100101
111011111011110110
111110011010011110
000010111001001010
000010011111010001
000010011110001111
000001001000110010
111111101010011110
111101011001010000
000000100010111101
000100011111000010
000000001000011100
111100111010111101
111111111111100101
000000111010101100
111010111101101001
000100111101110101
111100111111010011
000100110010000011
111110001111110111
111100100011111001
000000011110101011
000000111101110000
000000111010010101
111101111011001010
111101010100001110
000010110001011101
111110010011101000
000000101010110010
111100010101101010
000001111111011011
111110101100111001
000000000010111000
000001101011110111
111110100101110010
000001111011011010
111100100110101001
111110100000001110
000001010011000001
111111111111110010
111101101000101101
111110101000001010
111101010010000000
000011001100111001
111110010010010111
111111010010100111
000001110010000110
111111111101001010
111011111010011110
111111011111101010
111100001110101010
000010110010000100
111101001110000101
111101101000111110
000100011111110100
111111111111010001
000010110101010010
111111100111110111
000000100011001001
111110110110111000
000001111011001000
111100111111000001
000001001011100000
000010000001101011
111101111001000011
111110000001111110
111001011011001011
000100011110010001
111101100111011110
000000101000100011
111111000010100000
111101101110111001
000101010110010011
111111110011011011
000001111011110111
000111000111010011
000011010111110110
111100101111111010
000010111001100101
000011010001010001
111001011011001011
000000101100100010
111011101100011111
111111100001010000
111100001111100111
111110111011101011
000100011011010001
000100000110110000
111110101111000111
000000000011100111
111110010000000110
111111001110111110
000000101101100110
111111100000001111
000011100101010111
000001011101000110
000000000000001110
111100100001001011
111101000011001111
000100001110010100
000010101110010001
000011111100011100
111110100100111001
000001101010110101
000101010010011011
111100110011100101
111110101000010110
111110111111000110
000100000111100011
000000111101101111
000001010100001100
111110100111111110
111001110110101101
000100100101110101
111111010010110000
111101100001110110
000001101000000010
111110110011101000
000000010101111111
111110000100100111
000000101010010001
000010011100111111
111110000100100100
111101001011100111
000000101100101011
111101101110110011
000011100100000100
000101001111001001
111111110101000111
111110000110001101
110001001100000001
000010011100000101
111101010000100011
111111100010011100
000101000111010010
111101101100011010
111100011001001000
001001000000100110
000111000110010010
001000000111100000
111101010101000001
111011010110011000
000000100011001111
000100000110000100
111101011001101100
000001011000101001
111110111001100000
000001100000101011
111110110100001100
111110111000000001
111111100011101010
111110101011000101
000010100000100011
111100111001111000
111011010111001101
111110111110010110
000010001100010100
111101101001011010
000100000111011001
111100011111011111
111101010000100000
000001001010000011
000100100001000111
111011111110100100
111100011111101110
111010011110111100
000000000011110000
000000111111000010
111101000110111111
111101110000100011
111100111011000100
000011001111010100
000011000111010000
000000111000101101
111101000101110011
111101000110110011
000000111110000101
000000010011110110
111100111001001001
000010000100011011
000000101011000010
000011011011011100
000001011001000101
000101001011010011
000010111001110111
000001110111100110
111100111100101100
111110100001100101
000000011110001011
111111000001001011
000000101101110101
000000111101000100
111111110001010011
111111111110001010
111011111111000110
000100111100010001
000011000111010111
111110000111110100
000011001010111111
000000001101001001
111111000010110111
000000001011110110
111111000110101001
111100111101011111
000100101100100010
111110011110100110
000101000100001100
111110101100001110
111100010101011100
000010000011101001
000000111000110000
000000101000101100
111100101110011000
000000100100110011
111110001010100001
000000111010111110
000000011100111000
000001011010110101
000011001110000010
111111100110101010
000001000011001111
111100010110000010
000000000001011000
111110001010110000
111111100100110010
111111000011011010
000010100000101101
000011010100011101
111110010010110101
000001111110111000
000001111010100110
111111110001010101
000010011010110001
111111000011001011
000010111111011000
000011111110110011
111110111010000011
111101010100111001
000010100011100100
000001100100100001
111100110110101000
111110000001111011
000001000100000001
111110100001010101
111111111001111110
111111010011000010
000000001010111001
111101000111101111
111101010110110010
111111101101011101
000011010110110000
111110010111010101
000010000011100110
111101000001011000
000001001111110011
111010110101010000
111001010010110010
111011001100010100
000101001001100100
111101010010110001
111111011011001001
111100011010000111
000000101100001011
111101101010100001
111110101110011100
111110001010001101
111111101000001101
111111010011111000
000100110110110111
000001011100111111
111111000110001011
000000000111010010
111001111010111010
000000011110011001
111011010011000100
111100000100011011
111110100000001100
111100011001101101
111101000111011000
111111100010101100
000000100111111011
000001101110100101
000010011011100010
111101110111000011
111100101000110100
111101011111100011
000000011100001010
000100101110000011
000010001011111011
000010010110000110
111110101101000111
000000111011100011
111100111100011110
111101100101101101
000001011100110011
111110111100011011
000010001101100000
111111011001011111
111101111010111111
000000110110100111
111111101010011001
111100110110111110
111110101100111111
111101001101101001
111101101100001100
000001011001101110
111111111101000110
111101010100000000
000001010101000101
000100001111000011
111010110111010111
000000111111011001
000000101011001110
111110110011000011
111111000010111111
111011110011110100
000001010010100110
000001011000011111
111111100111000111
000000111110001100
000010001111101100
000001010011011011
111110011000000000
000001001110010000
000000111101111000
111111011010010101
000100111001010101
000001101011111010
000100111100001000
111101110110011011
000011011111010101
111110011000011010
111101001111111001
000000110101110100
111110101101111001
111110110100101100
111101000010110101
111110111111101101
000001100111010000
111110101101110001
000010001101101001
000011000111110011
000010011101000101
111101111111110101
000001101010010111
000000111011100011
000010100101111110
111111000011010000
111101011101110101
000010011011010111
111100011001101011
000011000000111001
111101100010100100
000000001111000100
111001110110110000
000101001101000010
000001000000011000
111110111101100100
111111100001110101
000001110001101010
111111010001011000
111111101011000000
000001100011011000
000001011111000101
000010001110001110
000000000011010011
000010101010010111
000011100010111111
111101000110001101
000010011100011011
111011001111000011
111101101000010000
111110100101000010
000011011000101111
111101000000001000
111110111100100001
000000100100010111
111101100111100111
111110000011011000
000000011110101111
000000110010001010
000001000011011100
111110000111100001
111100011100110111
000010101000010111
000001100100100001
111110000101010111
000001110111000101
000010111111101010
000000010000011010
111111110011110000
111110000100011010
111111001000100110
111110111100110001
000010101101111111
111110101111110011
111111101100010110
111101100000100100
111101000111111101
000001010111000010
111111101101010010
000001010101011001
111110000100011011
000000000000001001
111101010111000011
111011010101011011
000010011011001000
111110101110011111
111101111001101000
111101111111111001
000000000100010100
111101101101011001
111100000101010000
111110111111111100
111100111101010101
111100110001111010
111110010111000110
111110101101011010
000000011000011100
111111100010010011
111110000001101111
000001101100000010
111110100011110000
111111011111000010
111010101011001010
111111000010001110
000001010101110011
111101110011101101
000010100011010111
111100010010101101
111001101011000101
111100000001110001
000001101111111100
000000111100000110
111110111001010011
111101000000101010
111101010101011100
000000101110111011
111100001100010000
000000011011000010
000010010100110011
000000011001001010
000001110111101100
111101001011111001
111101111100000001
111101010001000111
000001011010110111
111011101110111011
111110100011111011
111101100101100000
000101111011001100
111111110000111000
000011001001101001
000010000000010101
000001001110111100
111100001000101101
111101010011000011
000010000001101001
111101000000111001
111110110101010100
111100111010011100
000001101011011000
111101100000010101
111101100000101001
111111000101001110
000101110110100001
000001100101001100
111110011000100111
111011111111100101
111100000100101101
000010011111010110
111110100011110100
111010110001111111
000001001011100100
111110010010100100
000001101110100010
000001111011000011
111111011101000001
000000110100011000
111010100000101110
000010001010100101
111110111101010000
000110111010011000
111111000111001011
000011001011001010
000000101110101011
111110101110000111
000001100100111001
111110101100011001
000011101001101001
000000010001010110
111100010101110111
000111010101011011
111101100001100111
111101100011000001
000010101110000000
000010111010010110
000000000110110010
000100101111001000
000001010110111101
111110110000000101
000000111100001100
111001100011001101
111110110010001001
110111110001101000
000000111100011111
110101010010000100
000000010010101000
000001101001000001
000000010111000000
111101100111100011
111110011010101001
111101001000101010
111111011100101010
111111010100100011
000001100011101011
000000010001111111
000001111100011110
000000010100011100
000001110011110101
000100110111011101
000110011110011011
000011010110101000
000011011101101100
111100100110111010
111111100111011101
111001101111011111
000000010000011111
111011111001011111
000000101000101101
000100011101000100
000000101100001100
111011101010101010
000001101100101001
111010011001000110
111111001100101100
111101010111110111
111011110010111000
111111011000110100
000000111010110000
111111001010111101
111110110101001010
000011111011100111
111110111011110110
111111101001011000
111110001110101111
000101010101101100
111001111111011001
111110110011000000
111111000011001110
111101101110100000
111011111101000000
000000010001110101
000010011001101001
111110101000100101
111111100100101110
000000101010111111
111111011000101110
111101111111000011
111100100111000000
000000100101011001
000001101000011100
000001111100000000
111101000010101111
111111010000010010
111111011001110111
111111111110001011
000100000001101110
000010110100100011
000001010111000011
111011010100000101
111111010110100010
111110001010111000
000010011110100010
111111010101111110
000000010001001101
111110000001111000
000000111101011110
000010001001111111
000000110000001000
111111111010010101
000001010001000101
111101001101011110
111101110100000001
000010111010101101
111101011100011111
111101110001101111
000010100011001011
000001100011001111
111111011010101001
000000010010010010
111110010111011011
000000001011011001
000010011010001100
111111001101101110
000000110100001011
111100110001011111
000011101101111110
000010010110101100
000001011111011011
111100000110010011
111110000110111111
111110001111001101
111111101011010010
111110101000110000
000000111111101111
111110001101010001
111110111100000100
111010101001011001
000001010111111110
110110110111010001
000010110000001011
000000100011000001
000001100110011010
000010110100101000
000001111100110111
000010011010000110
111110101101110101
000001010101111110
000011010011001010
111110111111110100
000000010110010011
111111100111111000
000000101101101101
000001111000110111
000011011000001101
111110111110111110
000001010110100101
000000011000001010
000001000100001110
000010111001010001
000011010100101000
000100000010111001
111011011001110000
000100010111110010
111100010010010001
111110110111010111
111101101101111011
111101001001011010
111110100001001011
000001101100110001
111011001001011101
110111111010100001
000010010111111011
111100111000001110
111110001000110100
111100110110010000
111111110010101001
000000000111000011
111100011101101101
000011101011011110
111111111100011101
111011011110110001
000001110111000010
000000101000000001
000001100000001000
111100101011110100
000000011100100110
111111001111001100
000010000101000110
111111000010001010
000000101001000000
000001101001111011
000000010110000101
000001100110000101
111111110000010100
111101100010111011
000000110101010111
111101101001101110
111101001100100001
000000001100100110
000001011011001110
111010101111000011
111100100000101101
111001111000001111
000011001101111010
000000001000000100
000000111011101001
111110011000001011
111101001011100001
000110111111110010
111011010010110000
111100101011101101
000000100100000011
111001110010000111
111110101110101010
000101011010000010
111111100011100111
111000011101011101
000000000001001010
111110100001110100
000000100101000010
000001011010001111
111111101000000010
000100010011010111
111110111110011100
000011110111110011
111101011000010101
000010111100100110
000000110111000101
111110000010100001
111111101000111100
111101000010101001
111110011111111111
000001101111010011
111101000001101100
110111001110010100
000000110000101011
111101100111111000
111100001100001000
111100111101100000
111100010010011111
111111101011000011
111101100100110101
111110000111111100
000001110100110010
111101100001000010
000010001000011000
000011111000101100
000011010110010111
111010110000111000
000001001011110110
111011100000110001
111100011001110111
000010001000111010
111110101001011101
000000100101000000
000000101010111111
000011001010100110
111110010010011000
000100001011101111
111100011111010010
000010000010111100
111111011101001101
000000100101010011
000011111101011011
000001100111100101
111111010001110011
000001100100111001
111101010001110100
111110100010010000
000001100000011110
111110101101110010
111011110000010010
111100010011010110
000000111100111111
000000110111101000
111110100010100001
111110010011111001
111100010111001111
000000010001000011
111100110011101111
111111010010010100
000010011010000000
111101110001101100
000001010011100111
111100110010001101
111101010110110100
111111110111110110
111110001110110111
111100001101001101
000010001000111101
111111010100101000
111110001101000101
111111001010111010
111101000111001110
111100010110010001
111101100101011000
000011100100000001
111011110010010101
000000011001110001
000001101101111010
000010101101011010
111111110110111101
000001110100111100
000000110011111011
111101101100000011
000001010101110001
000001111101011001
111101011110100100
000001001100111001
111101010100110110
111100110110101100
111101011011001111
000001010100100100
000011101111011010
000011111001110000
000001101111111011
111101001010101100
000010001100101100
111110100001011100
000011101111000100
111011010110010110
111111010001000110
111011000010000111
000010000100100101
000000000010010101
111101111111111110
000101110000111011
000001000101001001
000000101011011001
000010011111110001
000011001010101000
111110001110011010
111110100111110111
111110010101111111
111110000110011111
000010101110100000
000001010111001011
111110100011101000
111110001111101001
111110000100011111
000100101001100011
111110110001100011
000001101010010101
111111000100001100
000111000001001010
001000110111011011
000000011110000111
000001100111000111
111101000100111111
000100000010001100
000001000100111111
000001000110001001
111111000101000100
111101001000011110
000001111010100111
111111000011111101
111110111110101110
111110010110000100
000000110111111010
000001010011001000
111101010000110000
111111011101000010
111011111010011000
111111110011010101
000001101010011011
000001110110101000
111110011001001001
111101000111011101
000010101010101110
111101101110111011
111011011000100100
000001100110100011
000000110011111010
111110110010010001
000001101111010110
000001100110000011
110100000010010010
000100110110100111
111110001011100101
111111101000000110
000000000111101101
111101101101101010
000111000111000110
111111101000011111
000001000001000001
111110111010110010
000100000101001001
111101111010110010
000010011010100110
000000101101101011
111010111101011101
000110011100100011
111111010100000111
000010000010000011
111111000001000110
000101100110010010
111010101111010110
111111001101100001
111111110110001001
000000100001001110
111110010100100111
000100001010011011
000001111100010111
000000000101011101
000010100110000000
000001111110001110
111110011111111000
000111011110100100
111110110111100000
000000111000110111
000001001010011111
111101011110101100
000010101110100000
000001111011111011
111101101000101010
000101010010111100
111110010011011111
000000100110111010
111101100111000111
111111101001100111
111011011101111011
000001011111011111
000001100101111000
111101100000100011
000000011010110011
111101010011000111
000001001011011011
000001110001100100
111100010111110011
111110111101000101
111111011001100010
111110001011011100
111110111110111000
111110011111100100
111110010011010010
111100101111000011
111011110010110100
111110000000100110
111011000100010111
111010000100110110
111110100010001010
111111000111000010
000100011110111000
111011001000101101
000001101101110111
000011001010000111
111110111011101000
111111111001011111
000010000101001010
000000110100110000
000001110010101011
000001101010001110
111110011011101110
111101100110110101
000001110101000111
000001001101011111
000000100011010010
000010111010110101
000000001010111010
000010001100111100
000001101111000101
111101110101011011
000000100011100100
111110101111100010
000010000111010010
000001100110010111
111110001000011000
000001000101011000
000000011110111100
000001101110011100
000011000011110000
111110001111111110
000010101000101000
000100000111000010
000001100000111111
000010101010100110
111110001101001001
000011011011110011
000000100111101001
111110100001011011
111111011011000000
111111000111000111
111101100000100011
111101111011000011
111111101110110110
000010101000011011
111110000110000001
111111011000000010
000001100001101001
111011101110000101
111111101110001011
000010100001110011
000011100001101111
000001001000001110
111110110001000100
111011111011010001
000010101000010110
111100110101111101
000001010110110110
000010101000010110
111101011100010101
000000100000011000
111101101001000101
000100010111110011
111100011011110110
000010110001110100
111011111111111111
111110101000100010
