111110011111111010
000000000011000101
000000111100010111
000010000101110101
111101010101100101
111101001110011101
000000111111011100
111101111110111111
000000000111100100
111110000010000000
000000101000111010
111111011011111001
000011010000001011
111110000111011110
111110100000011000
111101101111111010
000100000010101100
111110111010111010
000000001110100010
000001100110011011
111100011010110000
111100111101001001
111100101101111111
111110010011010010
111000010100111000
000010110001111011
000010101010000100
111111001111000011
111110001010101000
111101010010011101
111111010101001101
000011011100101010
000101010001001011
000000001011001100
111110111001010101
111011100101101000
111110000010111010
000101000101100100
111001110110011011
000000110001101110
111100101111001001
111110101000110001
111100111010111110
111111100101010100
000001100010010111
111100011001100101
001000000100101110
111110011101000100
000100100010011010
000100001000101001
111010111001101001
000100000000001011
000000111010001001
111100101011100011
110111100101101111
000110010111010110
111101011010011111
111110100011100101
111110111101110010
111100000111110000
111010100100110000
110011100010010011
000100111010011000
111011100010010101
111110011000110111
111111001111001010
000001010110010111
000010100110110000
000011110110010111
111100110001001110
111110100110011111
000010000011101111
111100000110000011
111111000011010011
111110011100010000
000001000100000011
000010010010000000
000000100000111001
000010101110111101
000010101101100011
000001100111111001
111111000010010011
111101000111011011
000011001011111000
111110100001011011
000000011011110010
000000111111011010
111011101000011100
111110001110100011
111110101001101011
000101001010110011
000010010100001110
000000101000111000
111110101111001000
000101001011001100
000000011001010011
000001011101110101
000001111011011001
000100010000100100
000010000101111111
000000001010011111
111011100101111001
111111000110001011
000000011110100100
000000101011111101
111100011110010001
000100011011110000
000000010101111010
000011100010100010
111101011011011001
000010101001010101
000100000101101110
111110001110010110
111100111010111101
111110101100101011
000011101011010000
000000011011001111
000010010011110001
111110010111111001
000011101110001011
111011101100000000
000000000110110010
000000100001110011
000000111111001101
111100101001110010
000011011001101001
000000010110001000
000000111101010000
000000011101110011
000011111000011101
000010000011101001
111101100001101000
000001000111111000
111111011000000100
000011011000010110
000010001000100001
111100100101000100
000100110101011001
111111101100111100
111110001101101001
111101101010100101
111110100001111011
000001111001111111
111110000111001000
110111101000010001
000011000110010101
111111110000100010
000001100101000010
111111010110111100
000100000100010100
000011101100000111
111011100111111001
111110010100001110
000010101111001010
000100100011101011
111110110111100000
000011110001000011
000010111100100111
000001010101011011
000001110010101100
111111100011000111
000011100100001111
000000111111000010
000000010100000100
000001001001001101
000000011100000010
111110010110110000
000000000100111110
111011101111010110
111011000100011010
111110001101001100
000001001010110111
111110111110100110
000100001010101011
000000101001000001
000010100110101111
111011010011000101
111110011100000111
111011110010011110
000000010111101001
111110110110100100
000001110010110100
000011111001000110
111101000001101101
000000000101110001
000001001100001011
000010010100010110
111101101100000101
111111011101101011
111110100000100010
111110101000101011
111111101111110010
111111001110101000
000010111100101001
000000101111110001
000000110000001001
111110011100111110
111100100010001100
000001011001001100
111110110100111000
111100011101011000
000010001000101001
111100011100001010
000101011110011110
111101000101001001
000000010100001101
000001111100101001
111111000011010100
111101011101000111
000010100010111111
000000100111101010
000010011110111110
111111101110000100
000000101010001011
000001101101001011
000001010111001111
111001101001100100
111110010100111100
000100010101101001
000001100100001100
000011111001110000
000011001010100011
000010111100111110
111110100000011000
111110011011001100
000011101100011011
111010010001111110
000000111101001011
000000110010110101
000000111111001001
000000011001100110
111110010010000010
000000111111011111
111001000111100010
000100010101101100
111110100000110111
111111010011111100
000000000110000010
111110100101001110
000100011110001110
111000101101001001
111101110000110010
000000001011011100
000000010100001011
000010000111000000
111101000001011010
000001011001000001
000000110111100010
000011101101110011
111110100011100100
000001000100111111
111101011101000001
000010010010010010
111100010001110001
111110001100111011
111110001100001110
111011111110101111
111000000110011110
111101011000100000
000000111101010111
000001011101110101
111111100001101111
111100001101110111
111100000011101010
000010010010110110
111101100111001001
111101010000010101
111001001010110001
111100000011001111
000001011110111101
111100101111011111
000100011110000001
111101000000100011
111001011011010011
111011111001011000
000010011000010011
000010010100100000
000000011010101100
000100001000011100
000010100100101100
000100100110111111
111111001111110000
000010010101010010
111110111101010100
000101111011011111
111110100010100001
111100100011100111
000000111011011110
000101001000110101
000101000101000011
000011000011011011
000011001101101100
111110000111011011
000001101011101010
000011001011001101
000001100010100011
000000000100000111
111100100100101000
000001001000110010
000010110011001001
000011000111010010
000010100010001001
111011110111101100
000100010101011000
000001111101111011
111100111100011111
111111000010110000
111111110101100001
111110111011001001
111111111101001100
000000110101011010
110110100100100111
110110011010011111
000100001001111011
000010001101001011
000101101000111110
111011001010011111
000011001001111100
111111100111100101
111101111111000111
111101011000100010
111110001001110010
000101010110010100
111101100010110100
111110010011011111
000001000010000101
000000001100101110
111111000010000101
111011100001000111
111111101110010001
111101111111101000
000110001001110010
000000100100010011
000000010010101101
000001110000101010
111011100110000011
111101010000100101
111101001111010011
000011110110000000
111011000011000010
111111001011101111
000100100111111101
000001011100001101
000011011101111110
000100000110100110
111111100000010100
111011110111101101
000000100110111101
000100010101001100
110110010010101000
111001011111000101
111000101111100111
000011010111100100
000000010010110111
000011111011001011
000010100101100111
111111011001101111
111001111001100000
000010011100110101
111100010100111001
111100111100100101
000010101000000001
000000110000101001
000011010100001011
111101111011010101
111101111111101101
111100110111100001
000011101011011101
000011001110100011
111101101101001100
000011110001010100
000001011001100001
111101100000111100
111111011101100110
111100111100110010
111110000000100111
111010001001111111
000001000110011001
000010011001100111
000011010101110111
111011101011000011
111101010101111101
000001000011111101
111111110100100110
111110111010111000
000100101100110001
000011001110111111
000000101101011110
111111101101011100
000000101000001110
000010100011010010
111110100101001101
000001111000000100
111111000110111100
000000100110101011
000001110110100011
111110001000000110
111110110100101110
000001111011010101
111110100101011010
000010110101100011
111101101111101001
111100011100000000
000011100001000011
111101110010101111
111101101111010001
000000111101101100
111110001000101010
111111001110111100
111101000111011011
111100111011111010
111110100101111000
111110001111010000
000011111100111010
111111001001001011
111101000111100101
000000100111110110
111010001001000010
000000100101000001
000001111100101100
111111010011001001
111100100100001110
111111000001010011
111111001110110100
111011111001000010
000010101000011010
111101100001011011
111010011110100100
000001101111000011
000000110000011101
111100110010001001
000010000110010011
111111010110111001
111111111111110001
000010001100111111
111101010001000011
000001000001010011
111001110101001011
110101101010101010
111111000011001011
110100001010010001
000000101100010111
000101001000101001
000010110000000111
111100000101110100
000000110100011000
000001100000110110
000000010000000111
000101011000110001
111010110000011101
000000110100010111
000000111011111110
111100010111001100
000000111011110000
111010111011011101
110110110001001110
000000010000111000
000010110100100010
000010010100010110
111110101010001000
000000000110001001
000010010000010000
000010010111101100
111111001111111011
111111011011010000
000100111011010000
000101110001111011
000111000011101100
111100101101010001
000001010011000100
111101100010001000
111110101100010100
111100011100000111
111101011000001100
000001111100001010
000010000100100000
000000011110001110
111111010001011010
000010110011011010
111011011011000101
111111100101010101
000100100011001100
000010101100010001
111101010110000011
000000100001101111
000000001010001010
000010011111000100
000001110111110111
111011111110111111
111110110101000000
000000000001001000
000100010010000001
111101010010001100
111101011101010111
000010100110000110
111100000110100010
111111010100011010
000000110001011001
000001110100100111
000100100101111000
000000011010101111
111111011100010011
000011010110010100
000010110011000001
111011001110111110
111111110000111100
111101110101110111
111110010010011101
000000010000101001
111111100011000000
000010000101110101
000001101010110001
000010010001110011
000011010011111010
111111100001100101
000010010100110101
000110100100101101
000001010010111011
111111110101000010
000001011111111001
000010100111110111
111001000110100010
111101101100110010
000011101001001000
000011101001101011
111110111101100011
111111111000111110
000101010000101100
000000100001010110
111010101000011001
111011010001001010
111111101100000000
111100110100000011
000010011100101101
000011100100000010
000001010110001101
111111100101001000
111111111001101001
111101110101011000
111110100110001110
000011010010001100
111111110110001111
111110101010100000
000010010110100101
000011111100100001
111110110101110000
000011001110101000
111100111100000100
000001101010110000
111101011001001110
000011010001100111
000000010101000011
111101111111011011
111110101000110000
111110010111000011
000001111010111001
111011110010010010
000001011111101010
111111111100111011
111101101011100101
000010110011100111
111110111111111011
111100111001011100
000010110100101000
000000101111100111
000011001100000101
111101001100111110
111101100101010011
111110001101011001
111110101101010011
111011010100010011
111110010010101000
111100011001000001
111011010101000101
111111100010110000
000001101011001010
000100011100010110
000001111110000010
111100110011001000
000001011010000010
000011010010001110
000101001110010000
111101011011010111
111011010000100000
111110111101110111
111011100001000110
111111010111011010
111101111000010011
000011000011000011
111111110001111111
000001000111100001
000101100010000001
000000110111101110
111100011100110010
111100101001010011
000011101100111110
111011111101011010
111100001010100111
111110010011111111
000010101011110001
111111111110001010
111101110110100000
000001110111001010
111101010101110011
111100010001100110
110111111001011011
111111100101100111
000000100111101001
000100000001100000
000101110001010111
000010001110111110
111111001100100110
000010111001111111
111100101010110101
000011000111110101
000011101000111111
111011100110110110
000000110100101001
111111010000011010
000100100001100011
111101111111011110
000000011001101011
111111001111101011
111110010001101000
111100001110100101
000001010100101001
111100110011001110
000100001110111011
111110010011111011
000001010001010110
000000001011110011
111111010110011001
111100110111111001
000001000101011000
000000100001101110
111101101011101100
000010100000101010
111110011101101100
000001011111010110
000000111001101000
111001011000101101
111010010011010111
111100101000111010
111010110000110110
111111101101001000
000111011001100100
111111011101001111
111100011100100001
000001000101101111
111110011001001111
111100001101111101
111011100011000001
000011010110001011
000110100111001101
111001011100111110
000010110111101001
111111110010111111
111101101111110111
111110001111101001
111110101101110111
111011110000011111
000011001000111001
111110110010100001
111101111010111010
000000110100101011
111011011110111111
000011100111111000
111010110001000110
111100101000111001
111010110101011010
111111001010001111
000011110010101110
111111011001001010
000001101101111100
111110101101010010
000010100100011011
000000110111111000
000000010100011110
000100000100011011
000011011011100101
111110010010001011
111101011100111000
000000101000010100
000000010001010010
111111110110100110
000000100000101110
000011100111001101
000100000100000000
111101100011010111
000001110011100110
111110100001110000
000001011011101110
000001100000011010
111111011100011101
000000111011011111
000010101100100011
111100111010111001
000010000000110000
000100001111101101
111111110110000101
000001010100011001
000011011010101101
111101011010001101
000000101100111111
000000010110110111
000100010000101101
000000111111101011
111111110001001000
111100100110000000
111010000100011010
111100111111011101
000011011010000010
111100010001000010
000100000101110111
111110101101100011
000000111010110001
111101000101101111
000001101000100011
000010001111100001
111100010011011001
111011000111100100
000010010111010110
000001110110000100
000000100001111000
000000100010001110
000011111101100010
111111110011110110
000010011010110111
111001101001010100
111111100010010111
111110101100011110
000010011000101001
000010110011111011
000000010111011000
000000011111111010
000010100101100100
000100100111101110
111001110001110010
111101011000101110
000011011110010110
111100111110000101
000100001110111110
000010000100001111
111010110110110101
000000001111000010
000001000100110000
111111101010000010
111100011100011010
000011000010011110
000000100101000111
111101000011011011
000000100011001000
000101100010010101
000000111100001110
000001110000001110
000011111101111100
000000110001111000
111011110100011111
111010101100110101
000011111100110001
111101010010110010
000001110101110011
000000010110110010
000000000011010100
111110101101000110
111000110111101000
000000010010010011
111010110000111010
111101010001001100
000010101110100101
111101010101000101
111111101100010100
000010011100101010
000010100000111110
111110011111011011
111111000110101101
000000110011100010
111101111110100110
000000101111110011
111111100101000110
000010110110010000
000001101111010110
000000001110111110
111101010110011000
111101111101010001
111100101000001100
111010001011110000
000010101000001011
111100000011011000
111110101000101000
111011110000001000
111111011001111011
000000100101010010
111111110000000100
111111010010000000
111110101000101111
000011001001111010
111110000000111100
000010101110101111
111110101000111110
111101100111100011
000001001110000011
000000110100101000
111110011111001101
000011110001001111
111100000001110000
111100010100000001
000001001001010111
000000011100110000
000001011111110100
000011000110010011
000001001110000010
000000001101100111
000001100101011101
111111011011111110
111100010100000111
111010000101011010
111111111100001101
111101111001101001
000001100011110100
111011111100011100
111101110001000010
000000111100100011
111111000111100000
110111111101011010
000001110100101100
000001011000000011
111111100110001111
000010101101100111
000010001001010101
111110001101001011
000000000011001011
111111011011100100
000001011111000111
000100010001010101
000000001011101000
111101000100011101
000001111110011100
000000011010100111
000000101110011001
111100001010001100
111100010110110100
111101110000110000
111111010111101101
111100110001010010
000000010111101110
111111000011001000
000000110011001111
111010000101011000
000100000001110100
111110010001110010
000010100001100000
111110010110011110
000000111111100110
000010000101011111
000010101111111110
000101000010101110
111011101010101110
111101011000100010
111100011010011010
000110100111001000
111101000100001100
000010000111110011
111101111001001101
000001110100100001
000000110100010001
111110110111001010
000001111001011000
000011000100001001
000001010111100001
000100101001111100
000010010001010010
111111000000101110
111101111110110110
000001001000001001
000000111100111001
111110111101100101
111101101101000100
111101011110111011
000010010011011110
111110110001001001
111001101011111111
111011100000010001
111110011110100110
111110101010100111
000100111010111000
000000001010000001
111010001110010110
000011010011101111
000010011111100001
111010011001110000
111100001100100111
111110101111000001
000000010011000010
111010010111010010
000010100110100010
111100010000100000
000000001100111001
000000001001000011
111101111101001111
000000111001111101
000000011110100100
000000101010001011
111110111110111110
111110101000011110
111011000110110001
111110000110101110
111101111100101000
000001011111010111
000010001111101011
111111011101011000
000000000110111111
000000111010000000
000010001010010110
111010011001100110
000100101111110111
000000011000010110
111111001100000101
000010100111001010
111111000001110101
111011001101101011
111110000000011000
000001110000101110
111011100000011110
000001001101110100
000101111101101110
000001001001011111
000001011111101100
111101000001000111
000010000001101001
111111111100000100
111011100100100001
111111000010001110
000010110110001010
000001111101000010
000010011100001010
111101000000000101
111110000010000011
000000101100001011
111100011000111111
000001011101110110
000001100001110101
111100010111100111
111101111000010011
000100110000000010
000000011011100001
000000011101010001
000011001100101110
000001111001101001
000111101101111001
000001110011001001
000010100101011010
000001000011111010
000000010001111010
000000011011010011
111111001010101101
111111001000011000
000001111100100011
111100101110110001
000001001010100110
000000000000001110
000001000001011011
111110101110011111
111101000000110101
000001011100011000
111110010001000010
111101100010111111
000011100110101100
111011011101000001
000001110011001001
000000111101101010
000001101110010011
111001110011010101
111111001111110101
111111101011101011
111111011001110011
111100000011101011
000000010010011000
111101101000100100
000011111111111000
111101000110100011
000010001101000000
000010110111001110
111011111101000101
111111101011001010
000001101100001001
000010100110110111
111101111010010001
000010111000101101
000010001100010101
111111010111100110
000001100010110000
000000100100000101
000100011000100000
000010111110100111
000010100111101111
111110100100101100
111101111000100100
000001101111111101
000001010000000000
111111110000101010
000001000111000101
000000001111101100
000010000000111011
111110100110111100
000001110111101010
111101101001010000
000000011000001001
111010101010011110
000010011001000100
111110000101001101
000011111110010100
000000101111111001
000010110010100100
000011001010001010
111110110001000110
111011000010110100
000000010111100100
000010011000000001
111110111001000111
111110110111000100
000001101100001110
111101011100110100
000010110111100001
000001011111011100
000010101101111011
111100100101100100
000011100001010101
111101110100101001
111110110101000111
111111101001101110
000000010111000010
111111110101100011
000000111111000101
000100011011001001
111101001011011011
000011000011001000
111101100100100111
000001001001001001
111011111110010100
000000110000000101
111110011011111010
111100110100000101
111101011110100000
111101000000111011
111110011000100010
111101110100101011
111110110111001101
111000000001100010
111101111100011110
000001110110001000
000010001011100001
111000010110000011
111010000010011010
000010000001101100
000011111111111011
000110001100000111
111101010001101010
000000011011011111
000010110100000101
111001111111111111
000101101110110100
111111010000011010
111101101111001000
111100011010011101
111111011001001111
000000010100011111
000001101000110011
111101111110110101
111110000101110110
001011110100101110
000001101101110111
000110000111111010
000011011001101001
000010101101001111
000010111111100111
111110001111111010
111110011101100101
111100110001100101
001000011000010101
000001101001011110
111110001110111111
111111010100000100
000000101100000100
111101010100100110
111100101101000011
000001001111100001
111100001001111000
111111000010110010
111111011110000000
000010111110111011
111101111001101100
000011101010110111
111010110111101001
111100111000011000
000010000010100111
111101001100110000
000000011001010001
111101011100111011
111110011000110111
111110101000100010
000001010110011000
111111111100001010
111100101011101101
111111110001110100
111101010110100101
000010010001111010
000011100000010111
111110100010100110
111110001101100000
111111111010001001
111011111000001001
111100100110001100
111110110000010111
000101011111100100
000001000100011111
000001000100010011
000000011111010010
000000011000110101
000000100010000110
000001000100110001
000001111000010101
000011001011111010
111110010010000010
111111000110111000
111110110011110101
111111110010001011
000001110010100011
111111010111001101
000001111010011111
000010010100101000
000001100100100111
000001101010000011
111110001011000010
000001001000010110
111111011100000101
111110010100011101
000010001011000010
000001001111110000
111100010101100000
111100001010010100
111111101000000101
111111011010111010
000001111010000011
111011011111001011
111111100011000011
000011110010010010
111110000111011011
111100110110110101
111110010001000000
111011000011011000
000010101100101111
111110001110110111
000010110100101011
000001110011011000
111110100011110010
000100001011001010
111101010111101111
111110111110010110
000010000001110011
000000000000110101
111100101010000110
000000111010010111
000000110010111001
000001001111000000
000010011111111110
000001000101101100
000010000000010011
111010111001001000
000011001111001110
111111010011110001
000001111101001000
111110101100010110
000000011111111110
000001101000000101
111101100111011000
000001111000100100
111101011010010101
000100101010111101
000011010101111011
000000101011110000
000000100011011000
000000111011101000
000000101101100101
111111001001011010
111101111110001111
111101110011110101
111100111000001011
000100010010001010
000001101011010111
000000000100101100
000011111111011101
111111010000110100
111010101101101110
000000010001000010
111101111011101100
000001110001110001
000011001110111011
111101100010010101
000010111101010001
111011011011111010
000001100100101011
111111000001100101
111101100001011011
111101100001001100
000000100101111011
111110000001010101
110101110101110100
111000101111001110
111110110110000000
111111111001110101
111111100000001001
111100010010011101
111111010000110011
111101101001010000
000010001001011111
000000110110010101
111110101101000111
000000000100110101
000001011111101100
000010011011100100
000000111101010111
111111001010000010
000000101010011000
111011001101110011
111110011110000000
111110100011100011
000010011110000101
000000110111010100
000011011010001011
000001000111110101
000001011000101111
111011111100101100
000001101000000010
111110101000001011
000000010101101001
111100110111010000
000000110100111101
000000101011100110
000001101010000101
000000100000111000
111101010101010001
000000110010111001
111101011100001100
111110100110000100
000011100111001011
000001000010110111
111110111100101110
000010101101110010
000011000110110011
000000110111110000
000100001101100100
000001000010011010
000001011110100001
000101010000110111
111101000011001011
000001101010010101
000000000010110011
000010100110110111
111011000000101011
111101011110000010
000000111000101011
111101111011001111
000010101011010110
111101101111010111
111101110111011110
000010011111000110
000001100001011001
000010100111110001
111111000000101000
111111101001001110
111101000010001111
111111111111111101
111111101101101110
111111010100110100
111111000000110110
000100001001100101
111111001011010010
111110010000010000
111110011011101101
111011100100100100
111011100110111010
111111110100001101
000000001011000001
000000001100110110
111111000010000010
111111110001111011
000001011000010100
000001101101000000
111110010011111000
000000111110100000
111100001111010110
111111110110100111
000101010000011000
111010000000000100
000000100010101000
111110110110001000
111100011101100111
111110110001000100
111101000110111000
111101001101101000
000010110101000111
111111010101101101
000000100010100000
000110000111110000
111111000001000100
000011101100001000
000010001110001100
000010101000000000
000100100111011001
111110111011011010
000100000000111010
111111111100001111
000001110101100010
111111010101111111
000011110110110010
000100100111110110
000011010000000111
000010101100110101
000011001100110100
111011100101110001
111011100010000100
000011001110001010
000011100111001100
111110010110101011
111111110101011011
111101101000011110
111110101101010100
000011000110010101
000000101110010110
000100001100100011
111111100111000011
111111100100101001
000011010110110000
111110100000010000
110110000010011001
111001010010101111
000001001111101011
000011000000000111
000100011001101000
111000001100010100
111110011001011101
000010010001101110
111111100111010010
000000101111111010
111101001011111000
000001101110001011
111010010100101010
111100011000101110
000100110110000100
111110001011101100
000001100101111001
000001101111011100
000011100010000000
111010101101010101
000011100011100101
111100010111000110
111110011000010010
000011001001110101
110111110111110011
000001001100110110
111101110000111100
111111101100101000
111101001001000010
000001001100001010
000101101111110110
111101100100101010
000100010010100101
000110001110100010
111101111110010110
111111101010011101
111110010100000100
000101010011000111
111010011100111100
111001011001010111
111000110111000010
111111011000110111
111111111110101010
111110010100110011
000100011100001000
111111101011000010
111011010011110110
111111011000010011
000010110000100101
111101111010000010
111111000110110110
000100110101001010
111111001011000110
111111011000111110
111101100100110010
111001111000111110
000001011101100001
000100001001010100
000001010010100001
000001110101110010
111111011110000000
111101010101101000
000000010110111000
111010100101001010
111101010010101110
111010111110100000
000001001101111010
000000010101111001
000000010000111000
111101111101101000
000011001010100001
111101010110011000
111111101010110111
111101001001110010
000001000111101001
000001101100000101
000000010101011000
111101011010100000
111110100110100000
000001010010100110
000100100001011000
000000001010100110
111100100011111011
111111110111001111
111110100000110011
111101100011000110
111110101111010111
000010010001010101
000001000001011011
000000110111000000
111110010011100001
111101100011110000
000001000001001100
000001001111000111
000010101110101101
111110000010110000
111110011101111101
111011101010010000
111100001100111010
111110111010110100
111101100000000001
111100101001001100
000001110000111001
111110011111101010
000000011001100101
000011110100101000
111011001100101110
111100110011000011
111111110101000100
111101111111000111
111111000010011011
111111111100000001
000010000011010011
111111000011011101
111111001001011000
000000010111100101
110101001010110100
000100000110011011
000010001001001001
111010100010001100
000000011010011111
111101100101011111
111100011101010111
000100101100101111
111101100111010100
000010010010100000
111000101100010111
110110110110010100
111110010110000011
111001001101011001
111100101110111111
000010011100001101
000011101010011001
111001100010001100
111111110111111111
111111011110000111
111011010101110010
000011000000110110
000001011110001111
000010110011100111
111111110011100111
111100110010000001
000001010101111100
000000011110101111
111010011011101100
000010111110001101
000001101000100100
000001101001010010
000010100100101110
111101110101101111
000010111011001010
000101000011010011
111010000110111011
111100100010000111
000001011000110000
000100000011110000
000001101001110000
000000110010101011
111110011100101100
000010101101101100
000000010110000111
111010001000011011
000011100111100101
000000101010110000
000100000111001001
111111101100110111
111110110111001111
111110100000101001
111011110111011100
000010001000010101
111110010011111110
000000111101111000
000010100111101001
000001111111000110
000001011101100101
000001111001011111
000001010100100101
111100111010001000
000010101011010111
000001111000101101
000000011010101011
111101110001100101
000010101011100001
000000000011011100
111111010000000011
111101111101100101
111111011000111011
111101111001100011
000011011100000011
111110101111101011
111100011010100100
000011001011000100
000010101001111100
000001011001011101
111111001011001111
111111100010111101
000001001000111101
111110000100100010
111101101010100110
111100011011100100
000000001011011110
111111111110100110
000011010110001111
000100010011111010
000010010001110101
000011101010001011
000001000011001010
000011011111100011
111101110111110100
000010100111100101
110101101001110110
111111011001100110
000011001111101110
000010100111011010
111111101100101001
111100111100001111
000010010101000001
000011011000110111
111101011001110010
111101110010110000
111110001110111010
111100100001101000
000001110011010010
000001010101101100
111111101010101011
111011110000100110
000001000010100011
000000110011110111
111101110100100111
111110100010111000
111111100000110000
111110100110101011
000011001011110000
000011111001010100
000001010001000000
111111110011100110
000000000110010111
000010100111101101
000000101111010000
000010100000010111
000001100000101001
111100101100000011
111011101010000110
111101101100100110
000010110001011100
111101010111111110
000000111001100111
111111101101010110
111101000111110101
000000001110110100
000001000000111110
111110011110010011
111101111010001010
111100010011101110
000000101010110001
111011011110011100
111100101111101011
111110011111100110
000010100111100110
000010100010011010
111110000001101010
111110001100000100
111110011111100101
111101101010001111
111110011011111011
000000001111100010
111111000011111010
111100000111010100
000000101110101011
000000100001111110
000001001010011000
000000101110100111
111010010001111010
111110110010100111
000001001110011011
111100010011000011
111011001111111010
000011111000001000
111100100111101111
000000011001100011
111110010110101101
000010000000111001
111101111010011011
111001000111100100
000010110001101101
000001110010011010
111111100101101111
111011011001010010
111101000010101011
111111100101000110
000000011000011111
111011101011000110
111101010110110111
111110000100100000
110111000011000011
000001001101101111
111011101001001011
111101100001011000
000001001101001111
111111100100110100
000001010100110011
000001010101111001
111111011111101011
111101001010111111
000000010111010010
000000100001110000
111011101111010110
000001110000010101
111110110110100100
111101001100001100
000100101111110011
000000110010010000
111011010101101111
000000101111111110
111110011111010100
000001010001001110
111110001011011100
111101111011011100
000001011010001110
111101100010011111
000000110001001011
000001000100001110
111101001011111000
000001010110100000
111110001010101000
111101101011101110
111111011000011010
000000110110100101
000000100000101100
111101010100000001
111110111111000010
111110100110101001
111110001010110110
000001100010011111
000110000100001011
111101000000011011
111100011010111011
111110011100000101
000010110011101011
111010011101010101
000000111001001001
111101110011000101
000100010100000111
111010010011100111
000011010000010100
111110111000011001
111111101101100100
111100111111000100
000100011100000101
000000011000001001
000011000101001110
000001001001100001
111110101011000011
111110001010010111
111100011001100101
000001101001110111
111011000010001111
111110010110001000
111111110100010010
111101100001110110
000010101000101111
000001001010111101
000011011011111110
000010001100000001
000010000110010101
111111101010010111
111111111111010010
111111101110110011
111111001000111101
111111000101010101
111110001000001101
111100000110010110
111101011101101010
000010010011101100
111111100011101000
111110010111101001
111111100011100011
000011000011000001
111110001110000100
111110110111010010
000000110110011000
000000011001011001
000001100111010101
000001111101110000
111101011110010100
000010001100010110
000001101110010101
111111011100011110
111111101010101011
000001110100010111
111111011000100000
000001111001101110
111110011111100001
111110101011011110
000010001111011010
111111111000011111
000010000011100100
000001001110111011
111010100011010010
111111010101000101
000000111100010100
111011010101110111
000000110111011011
000000010011111000
111110100100001011
000000001111001100
111110010110011011
111110010011001010
000010111000101000
111101100011100011
000000111010110100
111101100101001101
000000110001111111
111110110000010001
111110100111110010
000011001011110110
111111100101011011
111110000100110110
111110101000110010
000010110011001011
000001111011100100
111110001010000110
000010011001100000
000000000001101011
111110011111110101
111110101101001110
111011011110001010
111110011111011110
000000111101010111
111111101111111001
111111101100100000
111100011100110011
111101011100001010
111111110000000010
000000001111011110
111101011011011011
111111000011010000
111111001100001101
111110110111110001
111111011111110001
111100000011111001
000010000100010100
111100001110011011
000010011001101001
000010011001110111
111110100001101000
111111101110111000
111100010100111100
000001010000111000
000001100000111000
111111100010101101
000000011111110101
111110000010011101
000010000010011001
111110000010000111
111110001101100011
111111011001001100
000000001011111111
000010001001111111
111101011010111110
111101111001100010
111001000100100111
000100111010011001
000001101011111111
111111010000100000
000010001010101011
111100101101000010
111101011100111111
000000011010000001
000000010011111000
000011000111010000
000001001011101101
111101011101000000
000010011100000011
000010100010100110
000000000001100110
000010000000100000
000010001010011111
111110011001010110
111100101111111101
000000000110111011
000011100011111001
111111000011101111
000001000111011001
000000111101011100
000101001000111010
000010111100001011
111110010000110001
111010001110001111
000001101100110101
000001101101010001
111010110000011010
000000001001111110
000010111001010011
111110001110001000
000010000011001010
111110101111010011
111111010110000001
000011010110011011
111110001011100010
111011111000101011
111101100101110010
000001101111111011
111101101110001011
000001100101001011
111100100100101101
000000111011010000
000010010011100010
111010110111000100
000010001101011001
111011001000010001
000001011000100111
110110001001010001
111011101001001000
000001101010110011
000100000111110000
000011011010011011
111010110101001010
000001110010011110
111101100011111011
000000010100100110
111111100101011101
111110001010001000
000100001110100001
111100000101101101
111101011000011001
111101011110011110
111110011101101000
000000100011100100
111101110001000011
000010000101001000
111010111101111000
000100100111111011
111010101100001010
000010111001100010
111101001011000000
111101001101110101
111111000001111010
000010001110111010
111011101000100000
000011100011110110
000000100101100110
111110001110100111
000001101000001010
111111111010100111
000000010000110000
111110100010010111
111100011110111011
111110010100000100
000001100111101100
000000100100001001
111110001000111000
111001011011011111
111100010110100100
000010010111011001
000010011100110111
000000101000110010
000001001010110001
000010000110010001
000001100100010011
000010010001100001
111111110110010011
111010011001010101
000000101011000101
111100110001001100
111100000010011000
111111010010111001
111101011111001000
000010100011110101
111010010001101100
111110001000010110
111011110010011010
111111011110100111
000000100111000101
000101000000001000
000000000011100010
111100111010110010
000010110000101000
000010111000110000
111101100111100000
111101111100110011
000001111011011001
111110000111000101
111000100010001101
000101001010011101
111100111000010011
000010110001100100
000100010011110000
111110101110001100
111110110010001010
111111100110111100
111110001101111111
000000011001001011
000010011000001001
000000001101110001
111011001011100110
111111011111001111
111111010101100010
000010111011000111
000010101101111001
000001000110111011
000100100001100111
111101001111111100
111111011101100101
111111010100110011
111011110000101100
000000110011110011
000010101001001000
000000001001010111
111111001111000110
000001101101110110
000100001101111001
111111011101000100
000010000111111011
000001010010011010
111111001000010100
000010101110010000
000000011101100101
000100011000001101
000000001000010000
000000000100011011
000001110000010110
000100000101011100
000011010010000001
000000000101101110
111111011011000000
111011010111000010
000000000100101100
111101111111110010
000000111000000111
111111000011110011
111100111011111010
000001011011000101
000011101111110011
111111000001001101
111110110010100100
111101001101110001
111111011010001100
000001101101011010
000011011100101110
111101011101111001
000001001101001100
000001010010111000
111111000101100100
000000000001011110
111100101010110001
111111110010111000
000001101101100010
000000000110101110
111110111111100001
111111000001101000
111111100001010000
000001110001111100
111111000011000000
111101001000010011
000001001000011011
000011111001101000
111110110010110100
000001101010110110
111100110000100111
000000110001000011
111100100101001011
000100001001011110
111101110011001011
000001001101001001
111101000001011000
000011101000110000
111110101110101101
000010001110110010
000000111000000000
000001110001110000
000000111001111100
111010101010011101
000000101111111011
111111010001111111
111111001010010100
000010000110110011
000100001001001000
111110111101011011
000001101101011100
111110000100010011
111111100101100110
111101111010110001
111110000010011110
000001101111100101
111110010100100101
111111010001101011
111111010100110100
000001101010110111
111101111000111000
111111100011111010
000001101010011011
111111100101000100
000000111010101010
000001010111110100
111111100000001100
000001011111011100
111100010100110111
111101101111111001
000010011000111101
000000100000001111
111100101011101000
000011010010101011
000011011100001110
111110001111001111
111011111000001110
111101101010011101
000001111010111100
000001110101111000
111110100110111100
000000010011010001
111110101010001110
000011001111110110
000001100000101010
111111001001010010
111011100011111001
000010011111100011
000000100111110011
111100011000101010
000001100111000000
000010011101111100
111101101001101111
000000000101010010
000100101001111101
111111010110101010
000011001100001100
111110000100100100
111111111111000100
111111010100110000
111110100101000100
000000110011111001
000010100001101110
111001101111011111
111101010010010010
000000000001110111
111100110100100010
000001100001001110
111010111101110110
000001111101111110
000000101011100100
000011101010101000
111101000010111001
111111010011100001
000001100111110010
000011000100011111
000100100101011001
111100010001100010
000101011100000110
000011011001011111
110110111010000010
001000111001001000
111101010011001010
110101000000001000
111101101010110110
000010010001111011
000110000000101101
000001011111001110
111001101001011111
110110101110011110
001100101001000011
000001100000100110
001011000001110010
000111110110111000
000000011001010011
111100000010101111
000001111111111100
000010100010000100
111101110110000001
001011011001101100
111101010011000111
000011110110110101
111000111000100011
000000010001111010
111011011100101001
111101100100000111
000110001011111100
111101011000010110
111101011001010010
111101101110111100
000000110000100001
111111011010001000
000001111010101010
111100010000100100
111110011011101110
111111101001100000
111101111100100000
111110101110110111
111110100001011001
111101110000100111
000000100100111100
111111111010100111
000000010110111011
000000000101011011
000011110110010100
111101101010100010
000010001001001011
111111010111100100
111111111000010111
000000111011000001
000001101011011110
111110101100001111
111100000000000101
000010100101011100
111111001010101000
111110110110010111
111111100111010110
000011100111010011
111110111110111000
000001101110001100
000001011110000010
111110000101001010
111101001000010101
000000101011101100
000010000010110011
000001101001100001
111110011010001100
000000100110001010
000010100110001100
111110001100000111
000000000100110011
000001010011011100
111111111101011000
111100101011010011
111110010111110101
111101000110001001
111010100010100000
111110100111110101
111111101010111001
111010010110100000
000010001010011010
000001100010000101
000010000100110101
000000000111001111
111110011001010010
000011110010111001
000000110111010010
000000100100011101
111100111001001000
111111101111110111
000000111011000100
000000000100010111
111100110111100001
111110010000111100
111101000101000100
000001000010111001
000011000111110101
111100111100000001
111111110111101111
000011010011100101
000001100001001000
111101010100000111
111101010011001101
111111110101111011
111110010010011000
000001001011010000
000001101100011011
000011001001000001
111011110101100111
111100010000101101
111101110001100111
111100011100111100
111110001110001010
111100100011011101
000001110110011100
111101111101010001
111110100010001100
111110101010000011
111110111110110110
111101100111010001
000010000000001101
111101010000110101
000011000110110001
000101101100110010
000001010100010100
000101000101100110
111110111010101110
111111011111010111
000011101011111100
111101100100101010
111110111100110001
000011010011101000
111100010101001001
111010111010101010
000011010001111001
111110011010001010
111110111100110000
000000010001011011
111110100100100010
000000000010101111
111010010101101011
111010011101100010
111011111000010100
111001001010101010
111111100000011011
000000111101110011
000010101111101001
110111110110011101
111011011100010111
111101100111010001
000011001001111011
111110111011000100
111101111110100010
111101011001111110
000010000110001001
000110110001000111
111101101110000111
111111101001111000
111111101110001000
111101011001101010
111100010001001111
000000110010010010
111101000000100001
111101101000101001
000001100011110010
111110000100001010
111111010110111011
111111011101000110
111111001000100111
111110111011001001
111111010111111110
111101001011110100
111110101110110100
111110101001110100
111111010100110101
111101001001111110
111100111111100111
111110110011100000
000001001111111111
111110110010011011
000001110100111101
000001011001000011
000011110000011010
111111000111110000
111111000001110110
111100111011101100
000000010010110110
000001001101000011
111111110101010000
000011011000010000
000010101101101001
000000100001000101
111111010000100010
000010110001100110
000001100010111100
111101111011101110
111100011000111001
000001000100010000
000000000110100011
000000010111011100
111100111001101001
000001101110110000
111011001110100001
111111011110000111
111110100010101111
111100110011000011
000000101110010001
000000001010010001
000001001100001110
111111010001011100
111100001001100110
111011000110011111
000101000100010111
000011100101000101
111110010101000101
111101111111000100
000101010010100011
111111101110011100
111101110110100000
111100011111011001
111111011110011101
111100101100010011
111101110111001100
000000001111001101
000000000011010110
000001101100101010
111111110100001111
000010110111110000
111111011010011101
111001111001110001
000101101001011010
111110010010011000
111111111001011011
111110110101010100
111111011011000110
000101001110001110
000000100110000110
111110110101010011
111110110011101001
111011110001001110
111101100011000001
000001011111000100
111110101001001111
111010100110011111
000100100001100100
000001111111101001
111111110110010100
000001000100011011
000101100010010110
000100100110010100
111111101100011100
000001101010011010
000001011101010110
111110101101011110
111101100111010111
000010000111011100
000100000100010000
111100101110101111
000001011110111001
000000000011011011
111110111011111001
111100100000101000
000001001100101110
111100011111101101
000011111011011011
111111011011011010
111111100011001100
111111101000100001
000011111011101101
111101011000000110
111110010110101011
111110000111011100
111110010100100011
111101000010000001
111101111000010101
111000111101010111
111011001001000111
111110010001010100
000011101100011111
111110110101111001
111010000001100111
111111000011011001
000001000111001111
000110001011010100
000001000100010010
111011101011100100
000001011101000110
111100100000001111
111000000001010100
000101010101101110
111110001010110000
111100110101100001
111101001110100111
000100001101100111
111100011110101100
000000001010011011
110101110101110111
111011100111010111
000100111000100111
111011011100110110
111111010101011100
000001111110101110
111111100011111110
000000110001101101
111100100101100111
000001110100101011
111001010100010110
000110110001110100
001000010001000011
111110110101101000
000010000101111000
000010000110010011
111110111010101010
111010111010000001
111000110001000101
111100100010110110
000001011000010101
111110001111001100
111010111100001001
000100010000001110
000000010100011100
111010101010110001
000000000011010111
000001101000000000
111101101000001111
000000101001011101
000111101010101101
111011010100101000
000101110011100111
000000010011010001
111100100011010010
000011010100100111
000000110011001100
111111000111000110
111110111010001100
111100100100001101
111011110111001011
111111010111010001
111110100111111011
111101000000100100
111010000001110110
111111110100111100
000010110010100101
000000111010100010
111000100001000010
000001010100101110
111111110011111110
000001110010100011
111100010101010110
111100100010000001
000001110011110011
000100011111100001
000100011101010101
111000010010100001
111110101111001000
111111100101110101
111101100110001010
111101011100110101
000001100001111001
111100111010101100
000010010101110001
000010110000011000
000001000100110011
000000001001010111
000010011111101100
111101011001101110
111110011001001011
111110010010100000
000000111011011000
111101000001001100
111110111000100100
111011010010001101
111010110110110110
000001111001001110
000011110101010101
111110100010101000
000000011100111011
000010111001101010
000001100001110101
000010111001000011
000100110000000010
111101011000011110
111010011100010101
000010110101100000
000001010100011100
111110100001010101
111101010001001111
111100100100000111
111100101110010110
000010010101100110
000000110100101111
111001100101101011
000100101000011011
000001001001010000
111111001111110011
000010100001111111
111110101100111000
000001111110010101
000000000100000001
000001000000000110
111111100011101100
111100101011111011
111110001100110100
111000101001000001
111011001101110001
000000001101111111
000000011111010011
000011011000011011
111111101101100111
111011111100111101
000000010000001000
111100000100011011
111101111000011000
000011001011000011
000001000000111010
000010111011010111
111100111001110110
000011010101010000
000001101111001111
111100000001000111
000000001101000001
000111001101110101
000000111001101111
000001111101111111
110101100110101000
111101101110101010
111111010100110100
110111000001001010
111100100101111001
001001010001000111
000100001001111101
000001100111100001
000010000100101011
111111000011010101
000001110011010011
000000110011101101
111100100110101000
000100010100111110
000001011001001001
000101000110110101
111101100000111111
000011011100111011
111110110111011011
111101001000001011
000000000010011101
111011001000000001
000000100100011010
000010000110101111
111111100100000000
000000011001110110
000000000000011010
111011111010010101
000000100111110110
000000110010110111
000000110111000011
111100001010000011
111110100111011111
000010111110100001
000010011001010100
000001110110000011
000010111101010111
000001110000100001
000011111000100110
111101011001010101
111110101010110111
111100100001111000
111110110011110000
111110101011111011
000011010001001010
111111101011001111
000010101000010010
000100110011110010
111111100001010110
111111010001101110
000000110100111100
111101110100101101
111110100010101000
000101100001111000
000011000101110110
000000011010010100
000100010010101000
000100001011110110
000010111100100001
000010100100101010
000000000100001011
110111111010101100
111100011010110100
000011000001011010
111111011100101111
111101000010010011
111011000101111111
000010000101100100
000001010001100001
111001101001101010
111100100110011111
111000001001110011
111101111101011000
000000011000011101
000100111010110101
111110110010010000
111111100010101110
111110011010101000
000011101001100110
000010101001001100
111010010011100001
111011110011111011
111001011101111101
000110001111110000
111110111000111010
111101000001011000
111100100110001011
111111111000001111
000110100101110011
111010111001010110
111111011001010000
000101111001000110
111101110000000111
111111101000100110
000001010000000011
111100100010011111
000001011010110001
000100111101011101
000011011110011001
000001100010111101
111110110001001010
111101001000011000
111111100110001101
000001001110000111
111111111001111010
000010011111000111
111010110101000100
110001101100111101
111100111101010111
000010001001100110
000001101011001001
000000111100000111
111111101001010110
111110000010111111
111110011010111111
000110001011001011
111100100110101101
000000110100100000
111110001001011100
111101100010110001
000001010100111010
000011100110111000
111111000111011110
111100000011010000
000000011100010011
000000110000000111
111111000111000011
000000011010000111
111101111100100111
111011001011110110
111111011001100100
000010111110110001
000100011110001011
111100000110100100
110100100110010110
000100001010011100
000010001000100110
111100111110100110
111110001110001010
111100010000000101
000001110001100110
111100011000000010
111100000100010111
111001000100101000
000011000100101001
111001011001010001
111001110100111000
111110110001101101
000100100010111010
111100001100100110
111111010001111100
000010100111010111
000100101101100100
111100111100101000
111100110100011110
000000100110110000
111101101111000000
111010100100110000
000000000001001001
111100011101010100
000001111011011110
000100010111100110
000010111100111000
000000110000011000
111110100001010000
000000011101101001
000010001110000111
111101000000010101
000010000010101111
111111111000010111
111110011101010001
111111011001010001
111100101101001011
111110000111110001
000000010100011111
111110001100111000
111111000000100101
111100111101111111
111111101110010111
000001111110110010
111011100111001111
000000111010001001
000100111011101100
111000011011001111
111110001011011001
000110010100110011
111101001100111111
111111010000000110
111110110110010010
111101101001110101
111101011101011110
111111010001001000
000001001100010010
111100111110011100
111101110101100101
111111100101101111
000010100111000010
111011110110110000
111001111111111011
000010010110011101
000001011001000111
000011100010001001
000110001010111110
000001011111000111
000000001001100000
111101101110100110
000000010101110000
110111010101001000
000000100010001010
111101111010100011
111110101000100010
000011000101010111
111110011001010100
000101011110001011
000010000101011100
111100111000101001
111100001111001010
000100001000101111
111111100101100110
111110111111110010
111111010111010010
000100100101011111
111101110101010011
000001100100100111
111100110010101101
000011001001110101
000010101110111101
111010000110010110
000011111100011100
000001010011010100
111011101011001000
000001101101011010
111111111001110011
000010101110000001
000010011100000101
111011110111010010
111110010010000010
111111101001011111
000100000101001111
000001001101111011
000011001011001111
111101000011010100
000000100011000101
000001101110101111
111111101010000111
000000110001000111
111100011101100111
111111011011011010
111111011100111001
111101000010111100
111111100110110111
000000000110010101
000000010001111001
111101101011110101
111110011000010101
111101101011011010
000010100000010101
000011010001010111
111110110000111011
111111010110000000
111010111100000100
111011111000100010
000000111110110110
000001000010110111
111100000011010100
111111001111001111
111110101010110001
110110110101011010
000001010101110100
111101011110101110
111111100101000100
111110011100100001
000000000010011110
111010100111111000
000001101001011010
000000110110000000
111100001011101110
111111101111110000
111100110010110110
111100110111111111
000000111010100100
000000011111111110
111011001001000110
111101001100010000
111110011101100100
000001110101101001
111010110010100001
111101010110100100
000000010010111000
000101010010010011
111101101101100100
111110110010100100
000010101101011010
000001100011001001
111100111110100000
111111111111100001
000000000001001010
000000010001111010
110111101100111100
111010010101000111
000000010001001111
111100011111100110
000100101001000100
111100100011000111
000011010101111101
000001111100000101
111111000000010011
111110101100101001
000001100000001100
000010101101010010
000001010111001101
111101001111001011
110111100100110001
000101011110010011
111011100100011100
111100001110010110
111111110011000010
111111010111011000
111110111111111011
000011111011111100
110111111101000111
111110111100111101
111101111101111111
111001110110111100
000011010110000110
000001010111010001
111011111111010101
000011110101011011
111101000100101000
000010011101110101
000001111110101110
111110110111100100
000010110011001011
000000101100100001
111101111001001001
111110110111001111
000010010110000001
000010100000011110
111100100111011111
111101000010000101
000000101110101101
000010001000100111
111010011111111100
000011100101100100
000000110001101000
000000110011110111
000011100100101100
111111110110011100
111110001100001101
000001100001000011
000011000100011100
111110011001100110
111101100011011111
111110100110110100
111111000101100111
000000111110100111
111110010010010110
111011011000001111
000001111001000101
111011100101000111
111110110011011011
111010011111000111
111011111000100111
110110000010000000
111010110110110100
111111111101101000
000011110011101110
000000101011100111
111101110010011001
111101011000011011
111110010010111111
000001110110010001
000010011001000011
000100011001001101
111111101001010011
111011100010011101
111111010111011100
000000000111000111
000000101100111111
000101111100101100
111110000001001110
000000011011000001
111100100000111101
000000001100100101
111110100010111110
000010011010101111
111110100010010110
111111101011011010
111101011001100100
111110111000111111
111010110100111000
000010101001011110
000001010101011111
111111101111111111
000011010111011111
111011101011100110
000011010110111000
111011110111011000
000011000010000001
000000011000110010
000110011100010000
000000011000110001
000000010101101101
111100001011110110
111110100011100101
000000101101100111
111111110010101100
111110000110101011
000010101001011111
000010111001010111
000001101110011110
000010011011001100
111101101011010101
111101011000110110
000000010000000000
111111101001101111
111100010100010000
000010001100110011
111100100011100101
000100111010000000
111111110101000000
000000101011101100
111011111101001001
111010111101000100
000000110100111010
000100011110110010
000010010011100101
111001110010010000
000001110111011111
111100110100100100
111101111110001101
111100111011010111
000010101001001101
111111001001000000
111000110111010100
000111011100111100
111100101001101111
000100100110011100
000010000010101111
000010000111100011
111111010000101101
000011011110000101
000001011110101011
111111101111101101
111101001000010100
111110001000011100
000000111101000100
000100010010010010
111111111110010101
000001011110011000
000010010100010010
111111011111110100
111111101010001111
000010101001010011
000000101111101100
111011010110100010
111110010001011100
000011111000100111
000100011011011110
000000000001011000
000000101111100100
111101111100101010
000000011111011101
111111100111000111
111001101110001000
000010010000011110
000001111110010110
000001001100100001
111110010101101111
000001000100110100
000000110111011010
000000010001010111
111110101111100100
000010100000101001
000001110000010101
000001101010101111
111110011100110100
111100010101101001
000000000111001001
000000001011010011
111101111000111010
111111011110111110
111011110111000010
111101010000101111
000000111101101000
111100101111111001
111110111000111001
111011100010111110
111111100101101100
111110100011110111
000010001101000101
111001111001001110
111111010111001000
000001110011011001
000010000000001101
000000000011101001
111110101100010111
111110001100001000
000010100101010010
000010011110111100
111110111101000000
000001011010000111
000001101001100000
111100110111100110
111111000101011001
111111100010101110
111110010111010110
000101101101111111
111111000100111101
111101100000111010
111011110000111101
000011001101111001
111110011001101010
000100111110101111
111110000011101010
000100101010010100
000000110110100100
000011000001010100
000000101001101001
000000111110101001
111100000011010011
000011100010100010
000010000111110000
110101100011111101
000010011111001111
111100010001110010
000000110010110110
000001011000011100
000100000010000110
111111001011101010
000000010100100010
000001111001100010
111110001110101111
000000111001110101
111101101001001010
111110110101110001
000100000110101001
111111110110100011
000001011101110100
000000001001101000
111111101000001110
000000011100011101
000000000010101010
111111001101010101
000011100101010100
000100111111001110
111110001011000101
000001111100001101
000001110000000001
111101000011110010
111111010001000101
111101110010010001
111110110011110001
000000111100000010
000010110100001010
111100101111000101
000001001010111001
111100010110111010
000001010111101100
000010110010101100
000001111010110011
111010100101000010
000000110111100010
000001001101011100
000011100100000001
000000001100101100
000001001010000110
000001010101111100
111101011000000001
111110001010001101
111100111110011101
111110011111100111
000001001001100100
111110010111010001
111110100101110100
111011101010000011
111100110110000100
111111010111101110
111100010001111000
111101110111011001
111101010001110000
000011001000000101
111111000101110110
111100001001000001
111110010100010011
000000011100111101
111101011100101100
000000101100011111
111011111100110011
000000111001010000
111110110010110110
000010000010000111
000001100110010111
111101111101110001
111111011011111101
000000010001011111
000000001011100111
111011111110100101
111110001111101011
111010010111110111
000110000011010100
000001000000010111
111101110000111010
000100001100001000
111110110000011000
111110011001011101
111101000000001010
111110001010101110
111110011011101000
000101000001100110
000110110010101111
111100010100110011
000100101011111001
111111111100001111
111100011010010100
000111101010011011
111110000001101100
000001100011011001
000010001110010010
000100001110110110
000010100010001100
111100001111011101
111110111100001001
111101101001011010
111111011010110010
000000110101010101
000001011111101101
000101101000111100
111111001111010001
111110011110100000
000001010100001111
000000111111101111
000011100000000100
000001100110111001
000000010000111011
000010110110010101
111111101110110000
000100011000101001
111101101100101101
000100010100011100
111111100010100001
111110010001101001
000010001111000011
000011110110110000
000010000111001000
111111111001111001
111100101101010011
000001011010011000
000000100111011100
000001011001101010
000010000011101111
111111000001010100
111110101100010011
111101111001010100
111110000000100010
000000011011000111
000000000010000100
000000101000001110
111110101011111001
111111011111011011
000000111010111101
000011101000101101
000011010110001111
000011001011011000
111100111000010110
111110000010110111
111111110100111010
000010001110111000
111011111000011101
111110100100111110
000000010000011011
000000111000101001
111111101110000011
000001101010110110
000000110101000000
000010011000110011
111110010001000011
111100110110110110
000010000101010110
000001011100100000
111101101011000000
000001001110110001
000001001101001101
000100110111000101
110111100011101011
000000110010111001
000010110010001111
000011011101101001
111100010101111111
000010010111000010
111111010101001111
000000101001101011
000011111101001001
000000110011010010
111111110010011000
111101101101100010
000000010111000110
111111001110010011
000001100000001101
000001000110011001
000001000111010111
000101000100000000
111111000101100100
000000110001001101
000000101000110011
000001101111000111
000001101111011000
000000100101011001
110111111000011011
000000011100000100
111111110011100000
111111110101100111
111111101010001000
111011100110000000
000001001100010010
111101011000111010
111111100111101100
000011000110001100
000000000100011011
111110101110011101
000010000111010000
000000011001111110
000010100111110011
000010010011001010
111100101011111000
111101011111000011
000001000111110111
111101100110110010
111111011011111110
000000101100110111
111111001110100110
000001100010101000
111011110110011100
111110010001010110
000000100000101001
111111111010100001
111101111001001010
000011011011001110
111111010111100010
000000011010000111
111101000110110011
111110010001001010
111110111110100100
111110110001001011
111110110011011100
000000110011000011
111101001101000100
111100010011111010
111111010111001110
111101100100010000
000100100110111000
000000110000100000
111011011010000001
000001000101101010
000010000000010011
000001011111010110
000011110010010001
000100000111110100
000100000000001001
000010100100101110
111101010001111110
000000000101100000
000000010100010110
000001001101011001
111110001101110011
000011000111110010
111111101001010100
000011010101001110
111101111000110011
111110100101011011
000001000010101110
111111001101000111
110111110110100110
111111011001000011
111101010010010101
000100000000111110
000010001011101001
111110101011100111
000000111001011011
111101010000000001
111100000110101011
000010011111111000
111101010010111111
111111101010110100
111111110000100000
000000011010111101
000011110100100010
111100111111000101
111110000001011010
000010010010000001
111110010000010110
000000110001011100
111101010111111010
000001000010000011
111111000010001111
111111011101011001
111110111111000010
111010001011011011
111111100011001110
000000101110100010
000001100010010001
111101100111011001
000000001000011111
000100110111101110
111011010010111010
111110110010110110
000010001000111110
000001011100001110
111011111011110011
111011100010111001
111100001100011001
000011111110101011
000010110000000010
111110001111000111
111100011110001101
111100111011110010
111101011001100011
111110100011000110
111111110100111011
111101110011010111
111100001111001010
111000100011111011
111101111001100101
111101110010100011
111110111010011100
111101100101111100
111110100000111111
000001011110000111
111111000010111101
000100101100011100
111010111101011011
111011011010100001
111111010001000000
111111000001001000
000000001011011100
111111000100000101
000000010110101011
111101011001000111
111110000000000010
111111011111000101
111101010111111001
111111100001001000
111110000000000001
000000011101000011
111110111010110010
000000010111100101
000010001110100110
111111111100010111
111111101000110011
000010000110100011
000000101111001000
000001100111101100
111110011110001000
000000000000001110
000100000101100110
000001011000011010
000010010011100001
111100001010110001
000010000011010001
111100100100110100
111100110111100100
111011111101010111
000010001100011011
000100010111100101
111111001010010000
111111100110011101
111110100011011100
000011010101100010
111111010100001110
000010010110010001
000001111010101010
000101010101110111
111011011011010101
111010110110011100
000010100000111000
111101101110010100
000000101010100111
000000000001100010
000010001111001011
111101110100101000
111001011011000111
111100111010111111
000011001011100111
111101011011011010
000011000101000100
000000001011110001
111110010010001010
000000100110110011
000010010001011111
000010010110000000
000000000001001001
000011010010101110
111101001011101101
000000000011001000
000000001110111100
111110101101110110
111111100101110000
111101011000111001
111111000100101111
111110100000101111
111100110101010100
111110101001100011
000001000000100011
111110000000100001
000001011010000010
000011010101101100
111110001110110001
000100010100110100
111111011110000111
000001101100001000
000000100110111101
000010101000100101
000011000111100011
110011111111010111
111100110011110011
111110110011010001
111100101100111100
111111001000000110
000001111101101100
111101000010011111
111110100001010101
111011101101111111
111111100101000100
000001001011000010
000001110001110110
000001001110101110
111111001000000010
111110001111110010
111110001101100111
111101000001101001
111011100000000111
111111100011011000
000011100110010100
000100010100011010
000000111101101011
111100111011011100
111100101010110100
000001100110110010
111101100101101100
000010011111011110
000001100000001101
111110010110011110
000001100100011111
111110100100000101
111110001000010110
000000111111001000
111101001101100000
111100111001010011
000000111111101100
000100001101000001
000000001011101010
111101100111000101
111100100101010111
111100100101010111
000001111100010101
000010000110110000
000000011001000011
000010010001110101
111110010110100111
000010001010001000
111010100011000000
111110100000000000
111111110101011111
111111011001000001
000001010010010000
000011000011000000
000001100001011110
111111110000011010
111110100110000111
111110110001011110
111101101101011011
111110010000100101
000000110000000100
111110011101011001
000001000110010101
000000010001111101
111010100111101011
111100010110111110
111010101001010011
111011101111010001
000011101110011100
111001011100000000
110111110100111111
111111110010001010
111101010000011101
111100011010110101
111101001000111101
000000111000100000
111110101001101100
000100001111110111
111110010011011001
111110101001000011
111100010111100001
000000100111000001
111101100110101011
000010100101000011
000010010100100111
000100101101011101
000000010101011000
000001010001101011
000000011010101000
110111010000011000
111010101000000110
000010110001111100
111000100010000001
111111001110011000
000011000110101111
111111001010011010
111110111000011001
000010011110010011
000000000101100110
111111001101001111
000101001100111100
000001000101010101
000101001010111100
111100111100011101
111010100100010001
000011001101101111
111001011011011011
110111010010010000
111111010101111110
000011000000110111
111111000101001110
000011101100100010
111110101100011011
111111000011111110
111111110000111010
111100101001010001
000010100100000100
000001010011011011
000100101110110010
000101000111010011
111111110101001100
000100010100000010
000010001000011000
000001001001101010
111101001111011000
111010001101101111
000000100110101011
000001010000001111
111110011101001011
111000101111111100
111100101100011111
111101111100011000
000011011000011100
000101111110010110
111110001000010101
000001111010110000
111111100110001100
000000100111010110
000010000011011100
000011111000011010
111011111100110110
111101011111000001
111110001111001010
111110100100000100
000010001011010011
000000010001101101
000010001001101010
111110101011111101
000001101001000001
000011110100100110
000010000001011100
000101111111000000
111110111000010111
111110000110100101
111111011011100001
000010111001001100
000010010111100100
000001010110100101
111011110000110000
111111101101011011
111011100101001000
111110100100101110
000011000000001011
111101000101001110
000001010010100011
000010011111110000
000010001111011001
111101011000100010
111111100100100001
000000011010100010
000011000111110101
111101111110010001
000001001100001001
111000101010001101
111111001001010010
000011010001110000
000101000100001010
000011001101110101
111111111000101110
111110111010100011
000011110011101000
111110001100111000
111101101101110111
000001101110000000
000000100010000111
111101000010101110
000001010000001010
000110110101010111
111011001110111001
111101011100100010
000000101110011010
000001100111000111
000000000100011110
111110111010101001
111101000000011101
000011010001111101
000011111001110111
000000010100111110
111110111000001010
111100011100000100
000010000110001110
111100000111110100
000010000011010000
111111011111011000
111100100001001110
111111111011111101
000000110100011010
000001011100101110
111101110010110000
000000000100111011
000000111101101110
111101010111111011
000001111111001110
000010101100010111
111110111010000011
111110001010011111
000000011111110011
111111011111110100
111101001101001001
111110011101110100
111100101110100111
000011110001110101
111110000111010100
000011110111111001
111110001111110111
111100010001010001
000000000001011100
000000001001011100
111100010010010011
111101101111110110
111101000101101100
111011011010011010
111101110000001110
000101111110000110
111011100001111001
110111110001110011
111101001001110000
111010101010110101
111001101000110011
111111101011001000
000101010000001111
111111110000001000
111110001010101100
111111010000011001
111101111111111110
111101000001011000
111000001011110100
111111101000000000
000000001001111101
000011110011110001
111010001001101000
000011000101111011
000100011100001101
111001100110111001
000001000111110000
111100011001001010
111101010010101010
111000111111110101
111101110111110001
111010100111100111
111111001001100111
000001100101001000
111110000000011111
000011000111111111
111110000011010001
111110011111011001
000100000110010111
000010110111110001
000000110111100010
000011001110001110
000001101010010111
000011000100010110
111101010100101010
111101001010101101
000101000111110100
111111000010101100
111000111111011101
111110010011001101
000000111100011011
000011111010111010
111101100111010011
111111001010000000
000010110000110000
000011001011111011
111110111111101001
000010111011000010
111101000101010011
000000110110111101
111111111100001111
000010011001011111
111110111000100000
000001000010011111
110101010001101011
111011010110101100
111111001101111011
111101110011011110
000001011001101000
000001100101000101
111110100101001110
111011100101000001
111100001101110100
000011000111001101
111010010111110111
111000100001010011
000001110111110111
000010100001000101
111101110111000011
000000100110100101
111110101100111100
000000101100001011
111101000101011011
000000011101110110
111110010101000110
111101100011101100
000000110100000100
000010001000001110
111111100000001101
111101100101110110
000011110010100010
111000011001100010
111101100101111010
111010100110000101
111110010011111110
111110001111110100
111111110001000000
111111100101000100
111101001010001011
000000111010100010
000000100100110111
000000011000010110
111111101010010110
111100011101101101
111010111111111110
000000100100111000
000001111010011000
000000011011100111
111110101001111010
111111110010111101
000000011101110110
000000010010100001
000001101010111011
111111011111101001
111110110011101010
111111010000111000
111011101110110000
000000011011011100
111101111011101111
000011001110111000
000010000110100111
111100110111010000
111111111101101100
111101010000001110
111111011110110010
000000100111101000
000001110000001001
000000000010111101
111111110111111101
000001111111100100
000000111100011011
000000110011000100
111101110111011100
111100111011001010
000000100101100011
111110000101101001
000001100010000001
000101100001100110
000000011010111101
111100001111011100
111011110000110010
111110100001000101
111110010001110101
111111011111110110
111100110000110101
111110000100111111
111111101101011100
111111000000100001
000000001100000100
111100101110101100
000001100001010110
111100110000000101
111000111110110110
000001111101001000
111100111000000000
000011101000011100
111101110001001101
000100011100111001
111101100001101101
111100110000101111
000011100110001111
000000000000111011
111110100100001011
000011000110000011
000001000101110010
111011110101010101
111101010010100011
111100010011011100
000000010110101101
111100010101101010
000001001001101011
111000111101101011
000010111001000110
111110100101011101
111101111111111111
111111000001001101
000010010011100001
111101111011111000
111111111011001011
000001010011010010
111110110101101110
111101011100011000
111110101011001111
000110110111011111
000010111001100111
111111001100110110
000000110100100101
000011000010011110
000000010101110101
111011011110001001
000001100101010110
111011100011111010
111101110111000111
111111000010110000
000001100011100100
111111001011000011
111110001011011010
000010010110011000
000000000101001100
111110101100010001
111100100010011111
111110010101001001
111100101100001110
000011001101100000
111100111110110100
111110101000100111
111100010010111101
000010000111111001
111110010000101001
111110011100001000
111100001000100111
000100010010111100
000000000000101011
111011101101101000
111100100000001110
000100010110011111
111110111011100110
111111011001101011
111010111100000111
111000101110001001
111100110101100010
111111010010010001
111111100101011010
111110110000111010
000001011101100010
111111101010011101
111111011110001101
111110111110001100
111111001001110011
000000100111010111
000001100110001101
000000010010000111
000001111010000100
000010001011100111
000100001110000111
000010010100100110
111110100001110001
111110011100110010
111111111111110010
111101111011101110
111001001000100111
000011000000001100
000010010011110001
000100000010001100
000001100110100001
111101001010110001
000010000101101000
111001110100111001
111100111100000011
000011010110001111
111100111000010100
000001101101101111
111111111000010111
000011100000111010
111110011000100011
111101110110011100
000001110011110110
000001101100110101
000000011011110101
111110110110101101
000001000111010001
111111101110001101
000010010111001001
000000010001111000
111110011011010100
111101110110111010
111110100010000110
111111001100011101
111110011101110011
111101100010011000
000001101110111110
000010011010010111
111010001001000110
000010011010001110
111111111101101001
000000011001110111
111101101111010001
000100010111000111
000011001001010011
000101110101011000
000001010000000000
000010001010111111
000000100000011011
111101010110101100
000001101110100000
111101010011010110
000011101011111111
111111110100011101
111110000000000110
111111101010110110
111011000000010010
111101111111111101
111110000111011110
000001011011010100
000010101101100001
111100010110010011
111110101001110110
111100110010010000
111101000101010011
111100110101011111
000000010010010111
000000111110001111
111110101010001010
111100101010010101
000001000100101110
111000101001011011
111101000110011000
000111101001011100
000001110011111110
111011111000001101
000000010110111110
111011110000111001
111111011000100101
111101111101000001
111100001010011110
111010010001000000
111100000011000000
000001101101000001
000000111111100110
000001010010001011
111101000000110101
111101100110110011
111100110111100001
000010010100001001
000001010100101000
111011111010100100
111111101010111010
000000001000010100
111011011001000101
111100101001000101
111101001010001010
111110001011111101
111101001110100110
000011111100000111
000010100000010110
000000001000010111
000000110101111010
111101101110111101
000000011000011101
000010010000110000
111011001100111001
000010011101010100
111111010001100111
111111101100001000
000000111001001000
111111101001001110
111111110010110111
111110111101011001
111101110010101100
111111101011010000
000010101011111001
000001101010010100
000011001110110111
111011101001001011
111011100100001001
111101000011110101
000001011110100111
000011010100010001
111110100111001101
111101111110100000
111110011101001000
000000001101000011
000000010101000111
111001110001101010
111101001001000011
000001001011101001
000001101011110110
111111101011011000
111110100011111111
111111000000001010
000001000001110010
000100101100000011
000001100001111011
000001011101101100
111111010111100101
111111010011111001
111100101010111001
000000001000110011
111111101011001000
000000100000011000
000010101110001101
000011001110111111
111110000010111000
000001000110010100
111100010110000111
000000111101011001
000001100000010011
111111111101100000
000001111010100100
111110011110000001
111111011101101001
000011010011001100
111100010010010000
111101011110001101
000010010000001001
111101001010000010
111011110101010101
000011111001011010
000000010011100001
000010010001000110
111101010101101100
111101100010001000
111100111001110000
111111010111010111
111100001100010011
111111010010111010
111111101111101010
111111001101001100
111110111100110010
111111110001010000
000011110001010111
111100110100000001
111111111111000010
000001000010100011
000000011011000110
111110011000100011
000010100101010011
000010110101010011
111111011010100111
000001101001010110
000100001101001000
111111011110001101
111101110101000111
111111110010000001
000000110010101101
000000111100100001
000010101010010010
000011110100001101
000001101111101101
000010000000101010
111111101000101001
111111000000110110
111011110100101111
000000000101010010
000000110001011000
000011110111100011
000000011010010010
111101001010011100
000010011110010010
111110110111110101
111001001001101010
000011011011110101
000001101010101100
111101100110111001
111011111100100110
000100101001110111
111101101010111110
111110100000100110
111101111111111001
111100000110111010
111011101010100001
000010011001101111
000000001000010010
000001111101101010
111110011111001001
111011001110100101
000001000101000011
000010011101011101
000001101000011100
111101110011001101
111111100101101000
111110010110110000
000001111111011111
111111001100000110
000000100010001100
000000010110011111
111100100011001001
111100000100010110
000010000011110100
111110111100101111
111010100010100110
000010111110001000
111101000010101101
111111000101111010
000011101101000010
000010111101110101
111111010111110000
111011101101011010
111100110110001110
111110011000100011
000011011101011011
111101010110011101
000011000010111001
111110100011000110
000011110111111000
000100111100011010
111110110000100010
000001100101111000
000000000111111011
000001101100111111
111111100011010100
000101010011110111
111110110001110001
111101111011010001
001010000110101000
000001010010011011
000110111110010011
000010101001100111
000101010000011111
111111000001111100
000010111101111011
111110001010110110
111101110111011101
000111101011001100
000001000100110101
000100101110101101
111101111111011001
000000001000000011
111111101110001111
000110010111110111
000001000110100011
000011011111001110
000000111111100011
000000000101111110
000001111110001000
111111010000010100
111110010011101111
000001011001100011
111101010000100101
000011010101100011
000001100111111100
000010000111101000
111110001001001000
000010011000100011
000000000000100101
111110001001101100
000000110110001111
000000010011101010
000010001011000100
000000111011111000
111101000111000011
000011001100001100
111110001001101010
000010001001000011
111110010011000100
111010001101000100
111110010110100010
111100101011001110
000001010011001010
000000111100011000
111010101111111101
111110110011001010
111100101000010110
000000101110111100
000000110100010010
000001000000111011
111111000010100010
000000110010110111
000000001111100000
111100010111110000
000001011010001010
111111111011100010
111100100100101110
000000010010000101
000010100000111000
000010101111100011
111100010111110011
000000101110100000
000011000001011011
000000010110010010
111011011111011100
000000101001011010
000011000010000000
111110011000000011
000000000010100101
000001010111010001
000001000111111011
000011011110111000
111001110110101101
000010001111111100
000011100001001110
000001001111101100
111010101011001010
000001011000101001
111111100011110010
000000100010001111
000001000010001111
111111001100000100
000000011111000001
111111101010010001
000001000100011010
000001101011101101
000011001101001000
111110000111100110
111011101101001000
111111100100011111
000000010101101010
111101001001101011
000001101000101000
000010010000110011
000011101010110101
000001000110100001
111100010101101000
111110100010011100
111111010101000100
111101001110000110
000000000111111101
111100000011000101
111110100100010101
111011010100010000
111110111011011001
111101100001000110
111101110011111011
000010110011011000
111100110110110001
000000001000001111
000000101000001101
000011000000000100
000000111100001011
111111001001110000
111110000001110100
111110110010011010
000001000111010010
111100100110010101
111111101110101001
111111110110110111
000001100010110100
111011101000110110
000100010110111110
111111010111101111
000001011111010101
000000011010110000
111101011010111101
000010101011101000
111111001111101111
000001011111100100
000010000000111110
000001011101000001
111101101101011011
111001100011111000
111100111001010000
000010110100001000
111110000000000101
111101000111100110
000010110010011011
000001011011010000
111100110110011011
000011111101111010
000011010001000110
000100010111101110
000010010100000000
111100011000001001
000000100110110000
111110111001111100
000000101101101110
000000010010101001
111100000011111010
111111110000100011
000001011001100011
111111010011111100
000001000011000100
111110111010001101
111111101011110011
111011001001010101
000001110100110110
111111001101110111
111101000000110111
111111010011001101
000010110111000100
000010011100010010
000001001000110111
111111011111000010
000000110101101100
111100010111011110
111110100111011000
111111001001010100
111111101011110100
000000010111001011
111101100110000100
000010000101001101
111110011001101100
000010011000101000
111101101011001001
111101001111011010
111010101001110101
000010111111101011
000010100000101000
111111100000110010
000011011010101011
111100010010101010
111111010110010011
111111010100001110
000001010100011010
000001000100111000
111110110111111010
111111111111011010
111100000010110110
000010011100110000
111100100001111111
111110000111101011
000000101000101011
000001111111111101
111010100000110110
000001000011100111
111011100110001011
000001100000010001
000010111111001000
000000100000001000
111011000011100011
111010101101001000
111110010011111001
111011100011001101
000010101101010110
111101101000010100
111010101111110111
111101011101001101
111011111111100101
111110111010010111
111101101111001010
111111111000100110
111101111001001011
000000100101110011
111110111000011100
111110011010110100
111101110001000001
111100100101010010
111111101111001001
000000010100101000
111111101011010101
111111110011000111
111110001110110010
000000110100110111
111010011011000000
111110110101100000
111111011011010001
111110100101111111
111111101000110000
000010001011101110
111111101101111000
111101110011111110
111111110000110010
111101100001100111
000011111011101100
000100111001100111
111111001101111000
111111010001110100
000010101101101110
111111101010101000
111111000111010011
000000111110000000
000000101010100100
111110100011100001
000001000100101001
000010010101111101
111011100101001011
111100101000101111
111111010100110100
111110010011000010
000010100110110000
000010010110011001
111111100010010000
000010010000100011
000010111100001100
111110001110000101
111111101101001010
000001110100000000
111101000100000101
111100011000101100
111101100101000001
000001011111010011
111110011001011111
000010111000101101
000100110011001010
111111110110100001
111001111110111010
111011010001010001
111111011100100100
111101010001110100
111110110110111000
000010110010010011
111110100011110001
111110100010001010
111110001000001011
111110101000000010
111110110000000111
000101000000000000
111011101110000010
000110010100110011
111101011010101111
000010100111001111
111000010101010111
111110110000010110
000100101101101111
111100101110100000
111011110011110011
111110000010111101
000001101000101001
111110110001011101
000010000001010000
000000010111011001
111000001101010000
000010100000110001
111110100011011010
000000001001001100
111111111010110100
111111011010010001
111111000111000001
110110110110011100
111011111100010011
111100110011011100
000000110011100011
111100110101001011
000000010000100000
000001001000010100
111101110011011110
111100110100110000
111111111010101000
000001010100100011
111111000010011010
111101001100001011
000001100111110000
111111101010101010
111110010100101110
000000001000110100
111100000011111000
000011010111001110
000011001011000101
000000000000001100
000010110011100101
111011001111010110
000010011101111000
111111101000000110
111101101110010100
000010110001010101
000000100000100010
111111010000010001
000010010100010010
000011111111010000
000001000000100111
000001110111010011
111010101101000001
000000101100100000
000001110011111001
111101010010101011
111110010101101010
000010010011001010
111111000010100101
111100101111110111
000001010000011111
111101100001101000
111111101001101101
111110101001111110
000000011001111111
111110100100101011
111111100100010110
111101101101000010
111100010001011000
000001001100111101
111101001001111111
000000101011010100
000011101000001101
000001000101111010
111101000110011111
000010001010011001
000010000111001011
111110111001010010
000001110011001110
111110001111001001
111110100110111010
111101001000111011
111100001011011010
111110110101000000
111011100011000101
111111001000100110
111111101011010011
111001100111111001
111011001001111010
000001010100001011
000000011101101101
000000111011010111
000001011011101101
111100010111011010
111111011001110001
000100100101101100
000001111010001011
111001101010000100
000010110010110000
000010000110100000
000001011000001001
000001101100101100
111101000010011000
000001001000010001
000011011110001100
000000101000000100
111011000011011111
111011101110010011
111000100011110111
111100101000101000
111011111001010000
000000101110111011
000001011110110011
111111101010110100
000001110000100011
111110101010110010
000000001110101100
111101011111000111
111101001010110001
000000001011000011
000110111100011010
111100001010100111
111010001111011000
000111000001010011
111111001001111110
111110000010001010
111110000110101001
000101000101001001
000000111111001001
111110011000100010
111101100110011100
000010110101110001
000001110101101010
111101101001001110
000000011011111011
000000110010010101
000011111010111001
000001110011011110
111110111101011110
000001101110011110
000001010001110100
111011111110011001
111010110100101111
111101110001001011
111110001101010011
111111001011010110
000000011011011111
111011000111111011
111011111010101001
111110101110100010
000010111010100111
111101000010111000
111111010101101001
111111000110000010
000000110110011110
000000010010001111
111111111011110111
111111010001101001
111011110010001111
111110001011001110
111111010011101011
111101010111011011
111111111001110101
111110001110101101
000010011000110101
111101100001101111
000011010011110010
000100010101111111
000011100010001101
000001111101110000
111101011010011101
000001010010100100
111111111110110101
000010000010010110
000000110010101100
000010010001111001
111110101110111010
000011000011100000
000000011111100101
000011000111000101
000001011010001001
111101111100100000
111101100000101010
000010011000110101
000001100001101110
111100100110000111
000000110111100101
111101001001000010
111111011011000100
111101110100111100
000001001000000000
111011000010100111
000000110110110110
000100100000110010
000011110100110100
111110010011011001
111111111111001011
111110001110011111
000001000000100110
111011000010011011
111100000101001000
111111111000100100
000000001100111001
111100011011010100
000100100101001111
000110011110000101
111100010010000010
000010110000101001
111111100101101011
000001111010100101
111110000000011110
111101110110011100
111110110001001001
000000011011001000
000010010100110011
111110011011111111
000011000100100011
111111000011010110
111110000111000111
111101101001110100
000000100000010110
000010010000100010
000000101011101001
111101101000001101
111101010111101110
111111001100000110
000001000001010010
111110110110110100
000011110000101111
000001110101111111
000010011111110000
000000000010000101
111111110101111000
111101110001011111
111110010101011011
111101100100101101
111100110001101100
000000001010000000
111011011100100110
111111011111011011
000000101101110101
000010101001001011
111011010101100001
111101000111011111
111101111100010110
000010110010011001
111000001110001000
000010000110011001
111101110111000111
111101110101011001
111100101111110101
000000001100101111
111010001000101001
111010111000011101
000001011001000010
000000010110101000
111101101101111100
111101101010000000
111110101011001010
111011100101111010
111011101111111110
000001001101110000
111101101010001110
111101110110010010
111001100010000000
000101001100010101
111111100100100000
000011000100111011
111110001000000111
111101110111011101
000000101101110011
111101100111010100
111011101101001011
111100100110001001
111101110000111000
111011000010111111
000001010000100100
111101110000111100
000011100110000011
111100100001111010
111110100110010000
111111101110011110
000011010000110111
000001110111100010
111100111010011101
111111110000011101
000000000011101011
111101111110010000
000010101111111100
111100100011000110
111111011101011100
111111010001001011
111111000111101011
111101010001001111
111100101111001000
111111001001100111
000010010100100101
111111111001001111
111100101001100100
000000100001111011
000001010011110100
000000101001110000
111110000001111010
000001011011100001
000000110001011000
111110110001100010
111110001110101011
111010110100111011
111111111000010010
000010001010010011
110111100111010110
000001000000000101
111101011001011011
111110110110010111
111101100110110010
000101010011000101
000001010101100110
111110010010100110
000000100110101111
111101110000101101
111110110111110011
000001001100000111
000001010110001100
111111011000110111
111111010011010000
111011111010011110
111110111110010110
111101000111111001
111011010111110110
000000101100111010
111111100000100101
111111000001000111
000010111110001011
111111110011001101
111110111010110000
111001111000001010
111110101100001001
111011010101100111
111011000100011000
111110000000010110
000010100100101100
111101111010101000
111111010000010101
000000111010011111
111111001101111101
000000011101010000
000000001000111100
000001111011010110
111100011010001101
111011101011100100
111101001100100001
000000111101011001
111101110010100110
111110000100010111
111010101100010100
000000010010100101
000000111011011010
111010111010011111
000001101100100001
111110001010110110
111100101000101100
111110100000101000
111100110111110111
000000101001111101
000010110101000110
000001110001010100
000011001010110000
111101110011100111
111101100010001111
111110011011100111
111101011101111101
111110000101110110
111100100100001001
111110110000010100
000011100111001110
000010010100100100
111110011111111110
000011010101010011
111110110110100100
111110111100110000
000001100100000110
111011110101110111
111110011111011001
111110000000001010
000000110110010110
111110000000111101
111111100001110110
111101000111001010
000000011011101001
000011100010001011
111100101011110110
000001110110100011
000011101100110100
111111001110110100
000000010010101101
111010100110011101
111100010010001010
111111001110111111
000001000111001101
000000011101011110
000010011100000101
000011001001101011
000000101101000010
111111010011001000
000001011110100001
000010111010110101
000001100101010011
111101101010100001
111011010001010101
111101111100000101
000000011010010111
000001101100101000
111010110010101011
000000000101001010
000010001011011100
000010110110110000
000000000011101101
111100101100001010
000001001101011100
000010101000010100
111011010101011111
111111001110010011
000100000010111101
111110100011010011
111111101110000011
000010110101111110
111010100001100101
000011010010001110
111010010100110001
000010101111101101
000001111000001000
111110100110010011
111110010101010011
111100111000101100
111111111011100111
111110101100110011
000100100100101010
111100100111101011
111001000000100000
111101011111101101
000010010001100110
111010000100100001
111110000011001000
000011001110111000
111100010110111111
000001100010010100
111111000011000000
111110110010111001
111011111100100100
000010100101001010
111101101111110000
111011100110011111
111011001101001101
111001011011101111
111110000110001110
111110011000011101
111010101001001011
000000011111111111
000000010101111111
000001011101001001
000010101110001010
111100011101011000
000011100111110110
111101010110111111
111011101011110001
111010010011111001
111101100110000101
111110000101000011
111010010101000001
111010110110001110
111110101010111101
111011010000011110
111010011011111000
000001110001100011
111110101100110111
000010011110000101
000000010100101111
111111010101010011
111110110001100100
111110001110010001
000001111011010100
111100000010111100
000001100001111000
111110011111110110
111101000000100001
000000011000111010
111110010110101100
111101001110101000
000001000110011101
111101001010001100
111101001010111010
111111101010110001
000000010001101011
111101010000100101
111110011010110011
111111101010011100
000000110100001101
111110010000111001
111101111010000100
000010111110101111
111101101110000010
000001001101101010
000011000001010101
000011010100001001
000001011111111101
000001000001101011
000000101111111001
111101110011010011
111111011111111111
000010110000110111
111110010101111001
000011001100010110
000001010011111100
000010111101100111
000000010001111111
000000100101010110
000010001001011100
000010111100011110
111111011100101101
000010000100111001
111101001101011101
000011101011111100
111100010100100011
000010001110011110
111111100000001111
000010000001011001
111111110011110011
000000001110110010
111011111011101110
111101010101110110
000100010011111011
111100010100100000
000001101110000010
000001001001110101
111101000000010110
000010111001010100
000001101110100011
111011010110100011
111100101000111000
000011000100110110
111101111101100111
000001000111010011
000001110111111010
111100110111011000
000000110000011001
111100001011111100
000001001010010101
000011001011000111
111110001110011110
000001101000100101
000001010111000010
111010101111001001
111010100011101000
000100100010010000
000001011000011001
000000100111100110
111110011101000000
111110001111110111
111101101001011001
111100001110101110
000000011101110000
111010010010100101
111111100101011110
000100100001001010
111110101010111111
000010000101110101
111110000100010110
000001011010100100
111111111010111110
000011111110010111
000000101011010101
000010001101110100
111110111110010100
111111000110011010
111101000011011101
111101100110011110
000000000011101110
000010111010011100
111101100101010010
111100001101011000
111111111101001010
111010111000010010
111111011001011001
111101000001000110
111111110011010101
111101010101010111
000001001011010101
000011010001110101
000000110111011100
000010010000001100
000011010100011010
111111100101010111
111111011111011010
111101000110001110
111011100100101100
111101011010011101
000010110000110100
000010100101010011
111111000001001101
111111001110010111
111100010111101000
000001000101100001
111111010011100110
000000111101111010
000000000100100010
000001001011111010
000010110000110010
111101010011011000
000001010111010111
111110101100110011
111100111001101001
111111011110110010
111101110110111010
111100101101011000
000000100001011011
000011000110101110
111101111011000111
000001100110011000
000001000111100100
000010011011010111
000001110100000111
000001101101011010
000001001001111000
000010011110001100
000000111010111101
000000001111010100
111100010111011111
000010110100101100
111111001101011011
000000010011000100
000000000011111100
000001011100111111
111110101011101001
000001001010001001
000001001011011111
111101110011001100
111111100001101111
000011000100011001
000001111000000000
111100111101100001
111010011100101010
000000111000011110
111111011010001100
000011101101010001
111110000000110110
111110101001010101
000010010100101101
111111011010001110
111101010100101111
000000000001000100
000000101101111111
111101100111110100
000010010001100100
111111010010010111
000010000001011000
111101000001000110
000000010010110000
111111101110101111
111110010110101100
000000011111010010
111110000011101111
000001001111111111
000010001001010111
111110101001011011
111111011110100011
000000001010111001
111101100110011001
111100110000100011
111110101010101101
111101001110101111
000000101010100101
000000101110111110
111101010011000011
111110011001110111
000011000110010001
111111001010010110
000001100001111011
000000010111000101
111111101111010000
111101010011011111
111101101110101001
000001100110110000
000001100011101000
000000010111010110
000001000110011011
111111100101100101
111111001000100011
000000111001011111
000001110001111100
111111001000101011
111100101111110011
111110101100110000
000001110111001110
111110111000110000
000001011101010111
111100001101101101
111001101110111101
111110001111000100
111110111101100111
000000101000011100
000001111110011100
111110011001011011
111111001001011101
000010101001000100
000010011000111110
111101110001000101
111101100010000111
111110101001011010
000000000010100001
111111101110100011
000010011001011100
000010000010000000
111111100001111000
111100001010100100
111111001011000011
111110010100101100
111110010011000011
000001100000001111
111101000000001011
000001001000011111
000001110111011000
000001100101101110
111100101000111001
111111001001011011
111110111100100101
000100001001101011
000101010010000011
111101010000100100
000101011110110101
000001001000010011
111110011000010010
000110110111111111
000101000111100000
111001000000010010
111111010001101000
000010101111111011
000110101110110010
000010100000110011
111010101001111000
111000101001100000
001111011001011101
111011100011001000
000011000001011010
000010001001100011
000110010010101001
111101011000101100
000010100101101010
000011010110010001
111011000110100101
001010110100101100
000000110101000001
000111001101011011
111011001001001100
000110010110111100
111110001100111001
000101011011111110
000000110000110101
000000001011000001
000000010001111001
111101000011111101
000010001001101100
000000101011101110
000100010011100001
000010001111011001
000000010101110011
000010000000100000
000000110110100111
111111010111011000
111111101100010011
000001010010000010
000001001011011100
111101011110100100
111111101100100000
000001000001000011
000001100000110100
111101100010100011
000001110000101110
111010101011111100
111110000001111011
000010001010000011
111100101000101100
000010010010000010
000011110010011001
000000001100001101
111100011101100001
000000010101011111
111010111001011011
000010100000010011
111110110000011001
111111011111010001
000000100001110111
111100001100111011
000000001110010110
000100000001000000
111110110101001001
000001001010100011
111110001110010000
111101101100100011
111110110010101111
111111101100000100
000100001110100100
111110011100111000
000000001010110010
000000000100111000
111101011010000110
000001100110101000
110110100110000011
000010011110010111
000000010101001000
111010010001010010
000000001001100010
111100011100111101
000001101001101001
111111110011110001
111111011111010010
000011101011100101
111100111111110000
111110110000100010
111101110010101000
111100000100010100
111110101111011010
111101011001010001
111101100010001000
000000100100101010
111100001010110110
000001001100000011
111101011011100110
111111000100110111
111110000100001111
000011010001011101
111111100000101011
111111100111010111
111110010001110000
111110100100111101
000001101110011101
000001010100101011
111100111111110101
000001110111001011
111101101010001101
000001100101100011
111110101110110011
000000000000001100
000010010111011000
111110110001100011
000000101111001110
111011001110000111
111110111011111110
111100001011110110
111101110011101000
000001011011101010
111100000001010110
111011101101101000
111111011101101001
111110010101101000
111100101011110010
000010101111111000
111101010100010001
000001111010011110
111101100100011100
000001000100101010
000011011101000111
000011111110000110
111101011000111010
111111000110110110
111111101110110100
111101110011111001
000001100100011110
000001001010101010
000000011100100110
000001001110100110
000001001110000111
111110101010110010
111111011111000001
111011010100100100
111100100110101010
111010000100001010
000010011111000011
000100001000000111
111000111101000101
111111011100100100
111101101110010011
000001100000010011
111010001111101100
111111000100111011
000011010010011000
111111001101111110
000011000011010101
000000001010001111
111101111111111100
000011000001011011
000010111101101110
000000111101011100
111110100010011110
000001001001010110
111111111000011000
111110101000111100
000001100111010100
111011000001110000
000001010110101011
000010001100001110
111111101000111110
111110111101110100
000000101101110001
111110010101000110
111110110010110011
111110011111000000
000001111001100110
111101000001001110
000001101011010100
111001101000010101
000011100011111010
111101101100110111
000001110001100100
000000110110001001
111110100101001000
000010010110000000
111111101000110001
000010110000010101
111110110110010011
111101110101111110
111100001100001011
000011000000001111
111100110110110110
000001001000001101
000010011110111000
000000001011111110
111100100101101010
111101101010010010
111111000001101000
000011110110000010
111111011110011010
111011110001011100
000010101001110010
000000110111001011
000001011101111111
000000000001010000
000000001111000100
000101110100101110
111011110000111101
000001010010000111
111011000111101001
111111000110111111
000001110011111001
000000011100011100
111110001110101100
111100010110101111
000000111110010101
111111111000101100
111100110100111001
111111111001010010
111101110100100101
000000010100001110
000011100011101011
000010101010001110
000010111010000000
111101010100110111
000001101111001000
000001100011110000
000010110000000000
111100000110010010
000000110010101010
111101110011011101
111110110111100100
111111100001010110
000010001000000010
111011110011000011
111111111111010010
000000110001010010
111011100100000110
111110110111111011
000000011101111110
000010010001010000
000000011100100110
111100010011100111
000100111100110011
000001011000100111
111101000010101010
000010010011010101
000011001000110001
000011001101110100
111110110000111001
000100001001001110
000000110111010011
111101110011000101
000001001111001000
000011000001110110
000000001001001110
111101110100001101
111100011111111101
000010001011011100
000001001001110010
111100101010000101
000001011101000000
111100000100100000
000010010110110011
000011010110000001
000000001001111000
111110110111100001
000010001110010001
111110001001011000
111110000000100111
000001000101011000
111010100111100010
111010011110110010
000010101010011010
111110101101000111
000000111100100000
111110100111111001
111111001000001011
111110010101111001
000000111101000111
111101000001010001
111101101000101011
000001111001111001
000001111100001000
111011111101011011
111100110110101010
111010110111110000
000100010110001110
111110011011100111
000000000110011011
000101101001111011
111100110101010010
000011000001110000
000010010101111111
111101100001001111
111000010011001101
111100110010100000
000100000000111000
000001011110100101
111010100000110001
000011010101100101
111110101001100111
000001001100110010
111110010010000000
111011100101011110
111000110000010001
000100001001101011
000011010100100010
111101111001100001
000010010100011011
000010011010010100
111110110000001101
110111101010011110
111011110100110110
111101111001001000
111110011010000101
111100011001001000
111010101001001100
111111101001100011
000011101111011010
111110111111110101
111110100001010100
111111111010100001
111100111010100110
111111111001110001
000000010110000001
111100000100011110
000011110111111000
111111010101001101
111110001100111101
000011110011000111
000000001111110011
000010000000101001
111111110000100000
111100001110000110
111011011101001110
000001001000000011
111011010110100011
000000011100010100
000000000101111010
111110101001011000
000010100100111100
000010000101111100
111110111000111011
000011010100000100
111110101110001000
111100111111000101
111111101111001000
111111111111001000
111010011011011011
000010011010101010
111111011011110101
111011110001111000
111111010100101100
000000001100011001
111111010011011100
000001101101010010
000001111000000010
000001011000001011
000001110011100101
111111101000101100
111101011010110000
000101001010111101
000001110011010011
000000010110110010
000100000001011100
111101011111111100
111110111100011110
111011010110001011
111010011110111000
000000011101011001
111010011000101101
000100010011011010
000010100010110111
000000001000100000
111100100110001011
111111111000111101
111110100111101101
000010100100000101
000011111101010100
000000010011000000
111100010001010100
111110000101010011
111011101000011001
111110010110010000
111100111011101001
000000001011100010
000000011000000001
000100001000011010
111111101010110001
111111101001101100
000000100100000100
111110011110101000
000000010111011011
000000010011000010
111101100000100011
000000001000111001
000001011000000110
000001011000111001
111110110010100100
111101001000010001
111110101110111000
111110001110010000
000001100000010011
111111001111101001
111101101110101100
000011100111101010
111111010101101100
111010100100001000
000000011011100111
111011100000010010
111010101001111110
000101010100111111
000101001010111101
111101110011101111
111100100000001111
000100000010101011
111111110011100010
111110011010101011
000001101111110011
000101011101111001
111111010111001111
000011010010001000
111010100001010100
111010000101010000
111110111110110101
110111111010010010
111101100011011010
001010000100000110
000101100000111110
111110010000101011
000001101101000110
000010100000000100
000011101001000011
111101011111011010
111010100010001011
000100001010110000
000000000010111000
000011100001010111
111100011011011101
111111001101100111
111100010010111101
000000011011011101
111110100000100001
111000111101010110
111100010100010000
000011011111000010
000000100001011001
111101111110110110
111101011011001010
111111001011000101
111101111100000010
111100011011010000
000010110000001000
111011011010111110
000000100101110100
000010010000110110
000000010000011010
000001110001010110
000011000011101110
000000101101111101
000010111111101010
111101100111001011
111101001011001010
111111011010001000
000001010010100101
111101101011101001
111111010101101001
111110110001101011
000011011110110011
000001111011110100
000001110100111100
000010101001101101
111111100001111000
000001101001000001
111111110110010001
000001111000011100
000000110110000010
111110010110000011
111011110101101001
000001011111110110
111100010001101100
111001110111001011
000000001111110111
111101011000010010
111110101011000001
000011010011010111
111111000100011000
000010000100010011
111101010100101000
111101111111111110
000110111010001011
111101100110100010
111111110001101110
111101110001001010
111111100001110001
111101110000100101
000000110111000011
000010001111000101
000011011110010000
111110110101010101
000000110001111111
111101010101100111
111100110111100000
111100011011010110
000000011101011001
000001110110100001
000010101100010100
111100011011101000
111111011010011000
000001100101011010
000100101110010100
111000100101011011
000010110011011111
111111100111011100
111110100011111011
111110100001010010
000000110101000011
111011011010011100
000001000000110001
000010101100010100
111101001010101001
000001101011011110
000001000100100011
111111000001101100
000000010110010111
111111100000000001
111101110101011100
111011001111001110
111010110101000011
111100001001001000
111110001001110110
111111011111000010
000000110101101011
111101111111111001
111111100110011001
111101110010010111
111110111100100010
111111110111001000
111011001000101100
000001101111110101
000010011011011101
000000001111100000
111111001010011010
000110001010100000
111110010011010110
000010101100010101
111111011101101111
000001110000110010
000001100100010110
000001101100111010
111101001111011111
111101110011010000
111101001100101110
111001101001111011
000011010010101010
111101101111011001
110100110001100000
111111000011111000
000001010001100010
000101100111000010
111011000110010001
111111110101100011
000100101101101011
111101010011000101
111101000010000000
111100101011010001
000000110101010001
111110111101101110
111100011110110101
111110111100000110
000001011111100110
111110111111101111
111111010101101010
111111011010011100
111110011111010100
000001111010111101
111111100011001100
111111101111100111
000010000011100000
000001110010101100
111101010011100101
111100110011111110
000011110010011001
000001010111110100
000001100111010101
111100111011010110
111110010111111101
111110011011111011
111100110011100111
111111101010011010
111101000011000000
111111010011001100
000000000110110111
111101001110001101
111101111000001111
000001111100001110
000010011011010101
000000101101001011
111101001110011100
111101111011111011
000011001010000111
000000100011101011
111100101011011110
000001011011001100
000001011111111101
111001011110100100
000010101000001010
000001100101111110
111101000111001001
111100100100110111
000000010011101101
000001101010110111
000001000000010000
000100101101110010
111110011011101101
111100000101010110
000000110100001111
111111110000110111
111111011101001111
111101011010001110
111100010101010000
111101111101101111
111111001011010111
000011101010110000
000010011101111001
111111100010110010
000001000010001000
000000000101100110
111100000100001001
111000110001010101
111010000111010001
000000000101100110
000001110101101100
000011001101101000
000011001001001110
111111001100010101
000000001011100110
111111100011000001
111110101001010100
111110111101100011
000001101000001010
111110010000100011
111111001110011001
000101001000101011
111110010101111100
111111110100010111
111110001011111100
111001001000001110
111110010110100011
111010011111000110
000100001011100101
000000111001001111
111110111110101111
111110110101100100
111100000110101100
000101001010110001
000100100100110101
111100010000111000
111110011011100101
111101110111111110
000001110110110101
111110100010000011
000000001101000000
111101010000101100
111111000101001100
000000010011000001
111101100001000110
000000101011010110
111011000001110000
111111100011001001
000010110001010110
111101111110001100
000000101010100111
111110000101100111
000000111110100100
111101101011110110
111110100011011010
111001101000100100
000001101011011010
000001010110001111
000001111101100010
000011001101011000
111110110101100111
111101011011010001
000011100011000101
000000000000011011
111101110100111110
111110110100111110
111110100100110101
110110100101011100
111111110110100011
111110001100001101
000001000101101111
000011110100000101
000010001111001100
111100000101100111
111110100010010111
000011001001010001
000001101001011001
111110111100101100
111001110110000111
111100110000100110
111100110000010100
111110010111001000
111100101100011011
111100011010101110
111110000100101001
111111110111011100
111100110010000000
111010000110110100
111101001001100001
000110101011101110
111000001100111111
111001100101100010
000011000110101100
111010110111101011
111100110111010100
000001111101010011
111011011111111010
111111110101001110
110111101100101111
111001000101100010
111111011010101011
111101100101100010
000010010000110110
111101100100001101
001000000010110010
000000010110110011
111111111000100000
111011010010001010
111100011100010101
000001001101101010
111110010000101010
111001100100101100
111011001000010001
000011110111111010
111101110000010111
000001010001011000
111100111101010010
000001000011011000
111100001011001100
000001010000111011
111010001011011101
111011100011010000
111101100000100111
111010110001100001
111111111001010010
000000111110101011
111100100011001111
000100001010000100
111100001101111111
000110001101010101
000010010100001010
111011101000000001
000100100010011100
111100011110100001
111100111000101001
111011001000001111
000010000000110010
000010010110010010
110111010000100110
111011000011010110
111111001011101000
111110001101010010
111010101111111101
000010111111110111
111111111010110000
000001101010111000
111101111111001000
111111001001010110
000001001001011101
111111101101001010
000101100100111000
111101000000110100
111100011010111010
111110001011010111
000001011100100111
000000011110000110
000001011100100001
111100110011100111
000001011111110011
111100010010010110
111111010000010010
111110101000101111
111111000001110100
000001000110100100
000000001010100000
000000000010001110
000000110111000111
000011000101010000
111110110000111010
000011010110100110
000000010110111011
000000110101010101
111111110010001100
000000110001100010
111110101000010011
000001011000100011
000000111011001000
111011111111110111
000001011000101001
000001000001111000
000000000000110011
111110001010010100
111110001101011111
111111111011110101
000000110001000001
111011010110101111
000001000100001011
000100100011010110
000010000101110000
000000000110010010
000000001001010110
000000000001101100
111101101001110110
000001010000111100
111110010011000011
111110010001010010
000000001110000100
111110000001111101
111100011100000011
000000010100100111
111111001111011110
111110011001000010
000100110110001010
000010011010111001
111100101100101100
111111010010011010
000010110110111011
111011000010101111
000001101000000110
111110010100100111
000001011000100010
000001110001110111
111111011000111101
111000011011101111
000010010101111010
000001100100000011
000000010010011000
000001001101100101
000000010000000001
000010111000000111
000000100101000100
000001100001001111
111111110101111011
111110011001100000
111110001000010110
000001010111101000
000010000110100000
111111010000101100
111111001001000100
111111100001100100
111110011011011001
000000101101010001
111100011000111101
000010001110111110
000000100000010111
000010111000000111
000001101011110001
000011110000111111
111111010110000101
000100010000111010
111110010110111101
000010110010011001
111110000011101110
000001110010111101
000001111001100110
000000100110000110
000000100100010100
111111010111010100
111111110111100101
111001010001110001
000010011010000100
111010000100110010
000000101100011011
111101111011110011
111100111111001110
111000000110111001
111101110110101010
000101011100001111
000010010011000011
000001101111010010
000010010101101010
000001000100101111
111100001111100110
111110011011001111
111100100010000101
111111010111011001
000011100010001101
111101101101010111
000010110010001001
111111111000011101
000010001011000000
111111010001000100
111110110001000101
000000001011100110
000010000010111000
000010000000011010
111110101000011110
111111100101111110
111110101110010010
111111101100110011
111111001110000101
111100110110111110
111110110011010110
111011101111110000
000100010011011101
111110110010111101
000010000001011001
111100010001110011
000001101001010101
111111110001001111
000100100000110011
000010000011010100
111101110000100100
000010001010110101
111101001010101000
000011110010001011
111011101000110111
111010110101001011
000010001001000111
000010000111111001
111101010000110010
000010110010000010
111110001010010000
111101010100110010
111101010100010111
111111111010101011
000010100001011100
000101000011010000
111101001000111100
000000000100110111
111011100111111110
000010101010000001
111110011011101011
000000110111100111
000000100000001010
000011010000110000
111111100001101011
000010001111000100
000011010001110100
111110111011100001
111011011011000010
111110010110111000
111110110001000010
111011011001011100
000010110101011001
111100000001101001
111110110110110010
000010000110010111
000011111001100100
111110111111111110
111111000111110010
000100001100001101
111110101101001101
111100100101101001
111011110001111011
000011110010100101
000001111010110001
000000000100111111
000000010011100011
111011101010110010
000000000001010001
111110001011100100
111110000111010010
111101110111101101
000011011000100110
111110100001010100
000010010111010101
111011001111001111
000001111111000001
000000110101011011
000001011000001010
111111001111111100
111101000110111101
111111100001111101
111111110110110110
111100001110100100
111111011101010110
000000010001111000
000010100100010100
000001111001110110
000010000001001111
111111100001011111
000010111101111100
111110110010011101
000000010101110001
111011111000011010
111100010011100101
111111110111101000
000000000010111001
000001001101001110
000001110110100111
000000010000000111
000000111011110000
111110101010001011
000010111110101111
111110101110101101
111110001100111100
111011011000101110
111100001001010011
000000010110010011
111110011000010000
000001111010110001
000011110100101011
111110110111000100
111101011100110010
000100010100001000
111010001110110100
111011110111101000
111111110100011101
000010000010110010
111110010011010011
111110001000000111
000001011010101010
111101101001101111
111111101101101110
000000001011001111
000000111110000100
111000000000001111
000011001111101110
000010001110101100
000000110101001010
000011010110000010
000000101110101111
111111011101011011
111111101111111011
111110011010111101
111001000110111101
000000101110010110
000001111000001010
000101100010011111
000101101010111011
111100110100001111
000101101001100000
111100101000010100
111010010011000010
111111010111011001
000000110011001000
111111111110000100
000000000000100110
000010010010101101
000100010010001100
111101111110010001
000011111101111101
111101000110000110
000101010111100110
000001010001101110
000001101110010110
000010000110001010
000000100001100001
000010011010101000
000011100111101111
111110010011100100
111100010001111000
000011110000110001
000001010101101110
000010101100100010
111110010111110100
000101100111110100
111110011011010000
000011010000000001
000100001001100101
111100101111100000
000010010100000000
111111111110011000
111100111001010101
111111110011101100
000001111111000000
111111100000101001
000000010011100000
000000111111011110
111101011001111001
111110000110011100
111111000111100110
000000111011011111
111001111010011101
111111001000110100
111101001011101111
000001100000011111
111111101000010101
000001110110000111
111011110111110111
000010010001110111
000101111001010111
111110011000011010
000100010001000010
000001001100011000
111110000101000000
000011010110011001
111111000101010101
111111001101110100
111111000111101100
000001000101111111
000000000000000000
000001101100110011
000000011101101101
111111111010101111
111110101111111111
111110010010111000
000011010111101011
111101101001010001
000001100000010001
111110100001100100
111111101101010100
000110010001101000
111011110100011001
111111000111101010
000000110111101001
000010010100010101
111010111000101110
000010111010110000
111100011111111101
111110010110001000
000100001111000101
000000011111011010
000000011000101010
000001111001000101
111111100101010111
000000111100101010
000100101100011100
000011110011011110
111110010101110011
111111110001100001
000010001011001101
111111001010110111
000001101111100001
111101000001000011
000010000100110101
111101111011001100
111001011001011100
111111011010100011
000011000000101110
111110110000101010
111100111001000111
111011101011011100
111101010100101001
111011010000001100
000000111011000001
000000101111000110
111100100100100010
000000011001101111
111100110110000101
000001101101010001
111111000011101001
111110001101011111
111100101011001011
111110001000111000
111110111001111111
111110010010101101
000000000100101110
111111100011011011
000010110110011101
000001111110000110
111100011110100101
000000011111000010
000000110011011111
000000100111101101
000000011000110000
000001100111111100
000011110011001101
111100111001000100
111010110110001100
111110111101010101
000000010100100010
000011110101111111
111110010011010010
111110001010101110
111110001111001101
111101011100101010
111101110001011011
000001000001101101
111110011101110011
111111111100010111
111111010001101111
000011101001001011
000000110111001000
111110000100101001
000001010111101101
000001100101110111
000010101001011101
000010111000011001
000010001001011111
000011010100110101
000011000010001111
000010111001001010
111110100100101111
000011100110100010
111110000100010011
000001010110000110
111100110110111011
111001110111111000
000100101100110110
000011110011000100
110111111100010101
000001100111011000
000010111001010110
000010100100110110
111100001011000101
000001111010000001
111101000110001101
111111110110001111
000001100000100101
000100001111101110
111011010010101101
000100000001011001
111100110110000000
000010011100010001
111111001001110001
000001011110011101
111110101111111011
000000111001001110
000001101010010111
111011100011000101
111111101011011110
000010111011111110
000000000011001000
000001000101101001
000001000010111101
110111101001011101
111110111110100010
111110110011111111
000001111001011000
000000100000110010
111011100110110000
000010111100011101
000000011010100111
111100100011010100
111011111101110000
111111110001001110
111011000001001010
111101110100001110
111101000101101000
000011000100100101
111111000100000111
111001011010011011
111110111010110000
111010111010101010
111111000111001111
000001000111000111
111100011000101110
111011111101010010
110101010010010101
111011110010010110
111010011100111110
111100101011111001
111100111111001110
111101000011101010
111100101111110001
111100011011110011
111100011011001000
000011110000110011
111100110100100010
110111101111000100
111011001101011001
111110111100001101
111111101000000000
111010101110001100
000000101010000111
111100000010110111
111100010010110111
000110000001111111
000001000110100000
111111100000010101
000011001110011100
000000111111101011
000000111011010100
111100110011000100
000011011111101001
111100100100100011
000001110011011111
000001000011101111
000011110111000010
111111001101001101
000000111110100100
000010101100010111
000010011110010011
000000101101001100
000011010011000101
111111001100100110
000000100011110111
111011110110000000
111100100001101010
111010101111001010
000000010010101111
000010111000001000
111100100000001110
111101000101010001
000000001100111010
000011011000001100
000001000101010111
000010111100001110
000001101010010011
111111100111100100
111110101111110000
111110000010101100
111110010010101000
111111000110011111
111110110100000010
000001110001010111
000010011110011101
111011100111111100
111101101100011011
111100101100101001
000000001100100100
111110001111111000
111111110011010011
000001011011010001
111100011010111000
111100011011010011
000000001000111101
111110101111001110
111110101011101100
000001100111001111
111011000000011001
000100101110110111
000001010101100001
111010100110000100
000001001001010110
111110101111110010
111011011110001010
111100101010110001
000001010100000010
111110011010101011
111101011000001100
000011011011111011
111110101111111010
111011100111010101
111100001111110110
000110101100110000
000010001011101001
000000000101001000
000010001011011101
111110010111101001
111111000100110010
110100011001100101
000000010111000001
111101000000001001
111110011100100100
111110001000010011
000000111100110011
111110010101111010
111011100110101001
111110111000011011
111010101011100000
111100100010111011
111100011101000000
111010000100011100
111101111011100001
111110011101101110
111100000011110010
000010011001110110
111001110100000010
111101110110010111
000001001111101001
111111100110011001
111110110111010001
000011011011001101
000010000111011000
111110100000100010
111010101111111000
000010000101001101
000011101011000011
111011101000101010
000001010000101101
111010111010001000
000000011100110100
111111100000010111
111110110110000010
111110011101110100
111110011000010111
000010100001001010
000100000111000100
111111010111001101
111011100011010000
000000100010001110
000001111001100101
111110110011001010
111100101110011010
000010100010011101
111011010000011110
111111001000111110
111010010001111110
111101001010100010
111111100110001001
000000001111111000
111100001100110110
000001100001011011
000000100011111101
111111100111110111
000000010011001000
111101010000011001
111110110001001000
111110101100011100
000010101101001101
111100011011000000
111110001110010101
111110111011100100
111011001001000110
111001001011010000
111100100111011101
111110010110101110
111101001011001100
111010010101011000
111011100101010100
111101100000001011
111101011101110111
111100000011011100
000000101101100000
000011100100100101
111111011000101010
000001110010000000
111101101110111100
111010101101111011
000000001000001101
000001111001111011
000001000110111111
000011001100100101
000010110100010011
000000111110000011
111111111110100111
111110001111100100
111111011011000011
111111010111111100
111010100111001011
000010111010101111
000100100001010000
000001000001110110
000000110010101001
000000011010010111
111110101100101010
000100000001000100
111111100110111010
111101010010111100
111101011001100001
000001001001011010
000010011101000001
111000101001101000
111011011111000001
000110101110111101
110111001010010010
111010000001011100
111111001011011110
111111110111111110
111010101011110000
000000011110011010
000001000101001101
000100101110010110
111111100000011011
111010101111010111
000001001111001011
111100010000110010
000010111000111110
111011111100111000
111110011111001011
000001010001001110
000101110001010010
000010111101110101
111101001011001101
111011001111101010
000001111101001111
111010111001010110
111100000010001110
110100100111110111
111011011110101000
111111111010001001
000011011010011110
000110000100100010
111111010110110011
111110010111111010
000010100001011101
000001010010110000
000100101011010110
000010001011001101
111100001010010001
111101101001110101
111101110110101111
000000000111010011
111100111101101100
111010100110010100
000010011010101000
000011001001111010
111111100000100000
000010110100001111
111111110101010010
000010100100011010
111110010100001001
111101101111001010
111100001001000010
111111110011100101
000011001100011101
000001110000011110
111010111001100000
000010101101110011
111110010011011100
000001001001010001
000011101110011001
111100110010011100
111101111111101010
000100101011101011
000000101111100100
000100001100110111
111100110111001010
000010010010010111
111110100110101011
111001110010100001
111100111010110110
111101111001010100
000001011011011010
000011000010100110
000010111100111100
000010011001000110
000011000110111101
111011111100011000
000000100110011001
111010110001100000
111110000011001011
000011101101000011
000001011011010100
111010100000110110
000001010111011111
000110000000010110
111111000001100001
000010000100100100
111111000111011100
111011000010010011
111101110111100111
000001000101101001
000001100011110110
111110001011001011
000001011110000000
000100111101101001
000100001000101010
111110111111000111
111100111010110011
111111101111000110
111110110110011101
000000010101111110
000001001101000001
111101001101010011
000001001110110111
000001010000000111
000000010101100101
000010111010100100
111111111001011100
111111101101010011
000000011010010000
000100011001000100
111111100001010001
000010001100000110
111011111111101110
111110100010110011
111110111110000110
000011111100001000
000101000001010010
000000001010001010
111111100100011011
111111111000001110
111111101101111000
000000110000101011
111110111100101001
111101010100111110
110110110001101010
110111111011010000
111010111000010000
111101000011110000
000010110011100101
000101010001111011
111010001100011110
111101110110001111
000000111100111100
111100101001101000
111000101010100011
111010100110011001
111111000010001011
000100010111101111
000010100000101100
111111110110100000
111111001010000000
111100010110011110
111110001110000011
000001111111101010
000000001000011010
111111011111110000
111111111000001111
000101100001100011
111100111111111011
111101110000010001
000010100001010000
111001111110000111
111001101110001011
111101110000100001
000001111110010111
111110111000101011
000001100011001100
000010001110100100
000011001000010111
111110111001010010
111110001100010111
000011101001000001
000000110011100100
111111100001101000
111111111101101100
000000111010001000
000100110010001111
111111010011111100
111110101101111101
111001010110110001
111110010001111011
000011000100111101
111110101001010100
000001100111000010
000010001100111010
000100000101000111
000000100011011011
111110101101110100
000000001111010111
111110110111100000
000000111000010010
111111100100100011
111111110000001010
111111111001011010
111100010001011000
111111100001001100
000010000100000001
111100000110100111
111000000010101111
111010111001100001
111100101111011001
111101011001001100
000000110011100111
000001110010010011
111100011101100001
111010111111111010
111111111011110100
000000100010111011
000001011111111111
111010010101010101
000001001000111111
000100010001010110
000011101100101110
111101100111010000
000000000101101100
111010110110100101
111110110010011100
111101110010010010
111111010011000111
000000011111100100
000010010010101011
000001101110100111
111111000110100001
111011100001111010
111111010110011100
111101011001000000
000101000010110000
111110101111110111
000011011111110011
000010110100100010
000010001110110100
111110011001100010
000010000010100010
000010101111000110
111101111101011011
000001111110110111
000001000011001001
111100010100010100
111111011111000110
000010111011110111
000010101111000001
111110100111100000
111100010110001000
111111110000010010
000011100100111010
111101101110001110
000001001100100001
000101100011001011
000011011100000000
000010110010111111
111101110010011101
000100001111111100
111110001101110001
111110000110101111
000011100101100100
000010001001011110
111100100001101010
000011000001001101
111010001001000011
000001100011101000
000000010010010111
000011001010101000
000011001111110001
000000100100110100
111110110101011110
111110111100100101
000001001001001000
000001100000000111
111111111010111000
111101011111111100
111100100000000110
000011100111101010
000000111100110111
000011000010110011
111100001000010111
111100101111110101
111101001110011111
000011011111100110
111001010110101011
111111100011010010
000101001100001010
000010111101111001
111101101110111101
000000101001111000
111110010010011100
000000110110101110
111100010111101101
000000100011101011
111100001101010000
000011110011110101
111101101101100110
111111000111000000
000000001110000111
111110100000010111
000100101010111110
000001000111111100
111011000001001011
111110111001001111
000010010011111000
110111011010011010
111110001001110110
111100011111110110
111110100110100001
111100011011010010
000000111101110010
111100000100100010
000110001001011110
111111100111001011
111100010110000101
000000001010101111
000001111000100001
111011001100111001
111110110101001110
000000110010011100
111110001100011011
000000111100001100
111011110101010010
000000110100101001
111111101111010000
000011011001110011
111111010001010010
111111000101101011
111111111111011111
111110010001010110
000110001111110101
000000010001011011
111110001100010111
111110110000010011
000011011011111011
111111001111110100
000001010110011100
000011110000011111
111101111101100111
111101100000100101
111110001111010010
000100011000110110
111111111010001000
111110011110011010
111100000110001110
000001001000010001
111101111101000011
111110001000100111
111111011110101100
000000111111011110
111111100111010111
000001011101001101
000000010001111000
000010001001101100
000001011110101001
000010100101010101
111100101000101011
111011011110000100
111101011011110011
111111011110100110
111111101001010010
111011001101111101
111111001110110010
111100101000111111
000001111001011001
111101011011101100
111101011010000000
000001111110010110
111100101101000010
111110101101111010
000010010110010010
000001111010010100
111011100001111110
000101010011111111
111111101111001110
000010011111000111
111110011111101101
111011001101101101
000010110100110100
000011101100010010
111010101111011110
000000000011110000
000001011111001000
000000101101100011
111110000011000001
111111011001001111
111111110101011101
111011111011011101
000010100100001001
111110011010001110
111100111101000100
000010001011101011
111010101011111010
111111010010111111
111011100111101011
111101101001000101
000001100011101001
000100100000001001
000001110010110101
111111101000001110
111101100111001011
111100101100110000
000100101111010001
000001111010011111
111111010110100101
000010011000010111
000011000111011101
000001101100001101
000011010000000101
111100111000010011
111111110010001011
000001100000000001
111001110010010000
000000111001110100
000010010100001110
000001011010100100
000000111011011111
000010010100100111
111110101000111010
000011110000110101
000000001011011101
000000100000101000
111101100011010001
000011101110001001
000001001001000111
111110000000010000
000010101101110101
000011000000011010
111011011001110100
000000000010001100
000000011100010000
000010011101111101
111110000110001000
000101010010110011
111110110111001101
111101011000110011
111111110111010000
111011011010101110
111110101100011110
111111111010001100
000011011011110010
000100000100011001
111100001100100010
111110001100111111
111100100111101000
111001001101010010
111001001111000110
000011100110010010
000010000001001111
111100101000010001
111101111001001101
000001010101011111
111100101001100011
111010111001001100
000010100110010000
111100001101100011
000000011110110110
000100111000110011
000011011100111000
111111001101101110
111101000110111100
000000001001101001
111101101010001010
000000100010011011
111110110110001011
000010010111111010
000010010111100010
111101001101010110
111101001111110111
000000111110111100
111110011100000000
000010000011100101
111111111101010100
111011101111111101
000001011001010001
111000100010010111
111111011101111011
000010010001011001
111101101100100110
000010010100111111
111110011010111000
000001001000010100
000001111001001010
000010100010110011
000110001000001111
000000010101111010
111001100000011000
000010000101011011
111101110101011101
000101001101011100
111101111011010100
000011100000010111
111101100000001101
111011010001100000
111011010010011101
111110101101001110
111111000010011111
111110110101110001
111110001001001000
000001001101110101
000010011110001111
111110101100110010
111101001100110100
111011110011110011
111010100010000001
000010111110100100
111111001001000000
111111100000101010
111111000011101110
111111100001000000
111101110110011111
000010111101011111
000000111010100100
111110101110001001
000001000011001101
000000011000011000
111111000001110110
111011111001010110
000001000010111000
111101100011110110
000010110010000110
111110001110001110
111110010111100000
111110011110001000
111001100111101000
000010100100000101
111110000011010011
111110110010000111
111100110010111110
000000010011011100
111100110111010101
000010000010111001
111101110101110110
111011100111101001
111111100111110110
111110011010000011
000001110110011001
000100101011111010
111111011000011100
000000001111101010
111111001111010110
000001100010100101
111001111100010111
111101110011110010
111111000001101001
000001010011111000
111011110100010101
111100110111101111
000001010110000100
111110111100001111
111111011001011011
111111010000000111
111110001110101111
000010110100001010
111110110011111011
111110000001100101
111111000010101010
111110111010001001
111110111010100000
000011101011110001
000011100101001001
000000110100111011
000010010000111100
111111001000001100
111011000001101110
111110000100001110
000011100011001001
000011111010110011
000001010001010110
111101000010001001
111111001101011100
000011010101001111
111011100101100010
000010011100110010
000000101000101011
000010000110101000
000001001101010011
000010101000111100
000001100011001010
111101110011000101
000000010100001000
000010010010101010
111100100010101011
000011010100000011
111000110011001011
000011110101111110
000010000011011000
111101010001101101
111100001110000001
111111010101110101
111010010100100010
111100110000001000
111100110011101100
000000111010000001
000001001010000111
111100001010010011
111100001111000110
000011001100011000
000001111010100110
111010011110011000
111101011010111101
000001000000010011
111101000111010101
000000010110101000
111110010100101010
000000110110101100
111101010001101101
000000100000010010
000000101100101001
000000000011100110
111100100001000000
000010011111001100
000001001001010100
000001001101000000
000010101001001101
111100101111011010
000100010111100111
111111100100010000
111101111010010111
111100111011000101
000001111000101000
111011010101010100
111111001101001011
000001100011100101
111111010011110111
000101101001111010
000000000100111001
000000101111001010
111110111010101011
000001011011111111
111011000011000010
111110100100111111
000000110101011001
000001010001000111
000110110100100110
000001110001001110
000010010000001001
000010010111010000
000010010010101100
000000010100000100
111101010101100000
000001111000010100
111101000100010101
001000001100000011
000100001000101000
111101100011101010
000101001011100110
000001110011101001
000010010110010010
111110110000100111
000110000111110000
000000111111110100
111110111010100111
111100010000010101
000000111011011110
000010100010110111
000010011100100011
000101101000111101
000010110001001010
111100010001111011
111110000100111000
000011011110011111
000001001001001110
111110000000011101
000010001010011010
111010001000110001
000010110010101010
111111111101001101
000001000011110010
000000111011010010
000010111000010011
111100010011000000
111100111001010001
000100000110101000
000000011110101100
000000010010101001
000000010010011011
111111111001010001
111010110001011011
000000100010010110
111000001010011010
000001000001100010
111110101000110011
111111001100101010
111101111111110100
111111001010010111
000001011011011001
111101010011110010
000010000011000101
000001111001110111
000000010110001011
000011010110011100
000010011010111010
111111011101010011
000000100001110101
111110101110010110
111111000010000011
000001001010001011
000010010001101110
000000000100001011
111100010001110010
000001010100100101
000001010011000000
111101000010110011
000010001011111111
111100010000101001
000010000011010101
111111101011100110
111100000010010110
111110000000010000
000001110101010000
111111011111111101
111011001101101100
111111001110101000
111111001101001010
000010010100011111
000001010100101011
000011111010100000
000001110011111101
000000101110011100
000001011010010110
000100001010000001
000010011000001001
000001100101110110
111110011000010000
111110010011011011
000011010111101110
111110000101011000
000000010011110010
111101011110111100
111111001101100011
111101011101010011
000001011101100001
000001001111100010
000011000000110000
111101111110011100
000001010110111101
111110000101110001
000001101001100011
111101101101100011
000100001110010111
111101111101100110
111110011001100010
111111001100111011
111010100100101001
000011001110111000
111111011010100111
111101011100000010
111110100011111010
111100101100111011
000001011110111001
000011110010011010
111110111111100001
000000000001001001
000010000111010101
111111100010001011
111100001010010101
111011111010000011
000010111001001101
000000110110010011
111101101011101011
111101011010000110
000010010000000001
111101101001011011
111100111101011001
111100100111100101
000001100001110111
111100100111101011
111111110000010011
111101010000001101
111100010011001001
000100111010101010
000100001011101100
111111011110100101
111011011000111011
000000001000101101
111001000001100010
000000001001111110
000001001100110110
000010001000110101
000100011010000111
111110110010000100
111100101110011110
000010110101001110
000011000001011010
000011110010001101
111111001101001111
000001001011111111
000001001001100010
000000110110111010
111111001001110010
111110011011001010
111110101001111111
111001101010010110
000000100101100111
000011011110010001
111110011010011111
000001010010011011
000001010000110000
111101110100000100
000001111000100101
111111010000110111
111101000100011001
111110011001010111
000001000110110101
000011000001000111
111000110000100110
000000001010111111
111001110110110111
111110011101001001
000000001001111100
000010110001110101
111101001001001010
000001101000011111
000001100000100100
111101011010111000
111101101100101101
000010101100010101
111011110001100111
000001111110001110
000000011100110011
111100110001001111
000000001010011001
000010100011101010
000000010100100110
111111110111111010
111111010001011011
111111001101010010
000010000001001001
111100001100001010
111110111100001000
000011010100100010
111110010101101011
000010000100000110
111010001000001001
000010100101011001
111101101110100111
000001011110011110
111100110110101111
111010111001011111
000001110011001111
000011101110001100
111110111011100010
111101001001010011
111000010011111011
000010011110000000
111011111110000010
111110010110010110
000000111010111000
111111101111110010
000001101000100010
000010100011110001
111101111110011000
000011110100000111
000011001110010001
111101111001100000
000000100101101100
111100101000011110
111101110100100100
111000010100111000
111101010101101110
111111100011111000
111101111000111111
000011111000100001
111010001010110011
111111111011100001
000010001011000011
111110111111100010
000000010011000101
111100111110111100
111101010101101010
111100110111010010
000101001110010000
111111110101111000
000011001100011111
000100000010101011
111010111101010011
111110100000011101
000001110100101100
000001011101001011
111100111111110010
111100011111101001
000001000101110001
111100010101111110
111111101100010110
111101011110000111
000001011111100010
111101111100111010
111101001111111101
000010110101110111
111101101011011101
111111000111010111
000010010110111100
000010100001000011
111111101100001101
000000101100110110
111101011110100010
111101011101001011
111011110100111000
111111100101010010
000011111001110010
000001010010100011
000011111101000010
111010110000100111
000001010111101000
111111001001001110
000010001101011010
111110100111011010
000101000001100101
000011001011110101
111000110001010000
000000001101111110
111111000111000100
111111100000011000
000000111010011011
111101111001110001
111010100101101100
000001110010011110
000001011010001111
111001011101100001
111000011011100110
111101000010011101
111100101101010110
111111110010110010
000000110100111111
000000010110000011
111100111100100100
000011010101100110
111111110011000110
111100011001001110
111000011001010111
000010110000111001
000010111101011101
111101001110000000
000101001111100100
000010110101001000
000011100000001010
110010001010111100
111101011010001010
000001000101111001
111100111110101000
000000111100101100
000000101001110111
111010101101000111
111100110111100101
000001101101001101
111010101110111000
111111000001011011
111100100111001011
111110011110100101
000001000001110111
111110000001101101
111111111111101100
000010010001101111
111000010111111010
111101001001001101
000000100001101110
000000000001001110
111101101100111001
000001100011111100
111101101000001001
000000001111010101
111101111111100000
111110011100111110
111111100111001000
111100000001100011
000001111101100100
111111001011110101
000000100011111010
000011101101011000
111011101011111100
111110110110001100
000001101110000110
000010100101101111
111110011011101001
111101000110101101
000010000010001001
000001101101101100
111101101101111100
111110100111111000
000000101110010100
000001010111110001
111100011101011100
111110100001001110
111110110101100101
000010000011100101
000001111100000010
000011001011010001
000000111101100111
000010001000000010
000011101100001001
000011101011101110
111111110101000100
111111111010010100
111101100100110011
111110100011010100
111111010000001110
000000010111101110
111110011011111101
000010111000011001
000001010010110010
111111000011000101
111101011100111101
111100101110101111
111111010101001011
000001100011001111
000000100100010000
111101001110000110
000010100100001010
111110100001110010
000000001001111011
000001101010011111
111111010101101011
000011011010010111
111011001010100010
111001011011010000
000000101011001100
000001010110000010
111100111111011001
111101100110101100
111111010101100010
000010100011001110
111100110011100110
111101110110011111
111110110111101001
000101010110000100
111100001111010110
111100101111110010
000100000011101001
000000011011000111
111111110110011011
000000011001110000
111110110111111110
111101000101010111
000000100001001111
111110101011111011
111011111000001110
000101101110001111
000101100100100110
111011001101010001
000001001001011111
000011100010100111
111111000011110001
111001011011001010
111100011100111001
000001101001110001
000000001010000001
000010111101110110
111101111101110100
111101100100111000
111110000100110100
110110011111111001
111110011110111011
000010111010010011
000010000011101000
111101010001010010
000000100110110001
000111000100111110
000011011010111110
000011001100100111
111100010100001110
000010011101000001
000001011111010110
111111001000111000
111111010010111101
111001101001111111
111110011010011011
111111010110110010
111100111011110110
000010010111110011
111110101010001000
111101100100000010
111111010110111000
000001010010001000
000010111101001101
000011111011110001
000001001001100101
111100111110010010
111110000100100111
111111000010010011
111110101101110001
111101011100000111
000000010000001110
000001100010010000
000010101011000000
111110101001111010
000000010111101000
000001100000111111
111101000000001001
000010000111110010
111110100101000010
111111011100010000
000000100100100100
000001111011100100
111101010010101011
000010001111111010
111100101001010101
000011110101101001
000000000100101110
111110110110001101
111111010111001100
000001011110101111
000000100011000101
111110101111101011
111001110111001101
000000001010010001
111011101000010001
110111110110001001
111100000111110110
111101001101100010
000001000100101111
111100111100101010
000100110101011100
111101011111101011
000001111010110100
111110111110111000
111111110110010111
111111000010000000
111100000001111010
111100101000010011
111100111111010111
111011110000000001
111111001110000111
000110110001000011
111101001100001011
000010101001010010
000001111001101100
111011101110000011
110111101111101110
111011100010110111
000010101000111100
111111011001111111
111100100110111010
111111111110110010
000011100101001110
111111111111011100
000001100000000010
000000011010010101
000011001011000101
111110011010001011
111110100011000101
000001101011000010
111111110101011010
111101001000010110
111100011010011101
000010010110100110
000000101101001100
111101100100100010
000000100010001110
000011001001100100
111110011111111001
111111000001010000
111110000111100010
111011011101101000
111110101001110111
000100001010110000
000010001111010101
111110111000111100
111110000101100001
111101111001100001
000000000111000110
111100010110100001
000001001111111000
111101001010011100
111101011110011001
111011010110001110
000000101101101100
111100011110001000
000000000110100110
000010111101001111
111100100000110101
111110010001101111
000000101010101011
111100001010010101
111100001000100001
111111011100011011
111110110000110001
000001111000101100
000101000100011110
111010110101100000
000100111001100101
111100001110010001
111111111100100010
111101100010101001
111110100001010100
111111000101010101
111101000101000110
000010100001010011
111110001100110000
000000101010110000
111110010011100000
111010010111100110
111100110101010101
000010011111111011
000001010001010011
000000111101101000
111111011101001000
111100100100001110
111110010100101010
000011101101010100
111110100010001011
111110100000011000
000010000110001100
111011100111111110
111100110111111110
111100110011011001
000001000000011001
111111100111100001
000011011010101001
111110111101111010
000011101011110001
111110000101011110
000001111000101100
000010001010100011
111110100111010101
000000001100011100
111100010100010111
000000001001110101
000001110011110011
111101111101010001
000010111110010100
111111011000111000
111111100001000101
111111111000001100
111011011110100011
000000111110101110
000000101011010010
111110010011101000
111000110000001111
111011110110111101
000000111011110000
000001110011111110
000010101010010111
000001100101111000
000010011100111100
111010011111001001
111110001011101100
000001000001011101
000010000111110000
000000111100011111
111110111001001100
000010000111000100
000010111101101010
111011101110101101
000011111111010100
000000000111000110
111111010110001100
111011111000011100
111111001000010011
000011101001100110
000000100101001100
000011010010110011
000001011101010010
111100111011011110
000010000000111010
111011101100000000
000010010101101110
111100010111000101
000001011100110111
111110000100011000
000001100110001001
111110011111000100
111111010011010010
111111101101110000
111111100101010000
000000011010000001
000010011100111100
111101001010011111
111101101010110011
000011100011101011
000101010100101010
000000011010010111
111100001111010100
111011001100000110
000000101011111011
111010110000110010
111100100010111110
111110110101011100
000000111001100001
111111011101001001
000001100001111101
000011101110111010
000010010011011110
111110000001111011
111111010100111010
000010100001110001
111000100101001011
000000011101001111
111110000110000000
111101110101010101
000011001010001100
000000101011000000
000000101100111001
000001100101010001
111101110111011111
111111010110100101
111101100011000111
000001111111000000
000010110101101011
000000010011111001
000001011011100011
000100100011100111
000011000001001100
111101000010000110
111111111001110011
111011010100010010
111111001111010101
000000111100010110
111100111000000100
000001110111101100
000011111001100001
000000101100000001
111110010111101001
000001111001111011
000000011001001011
000000100100111101
000100011000000000
000001110011010101
111110111101100110
000000011110100001
111011100101100101
111110011110100001
111011101100101001
000001111011100010
000010100000100110
111111101111001010
111111000011101111
000001101101101110
111110111000110100
111011111100011011
111101011110001110
111111100110011000
000001111001100110
111111011001001100
111000111001110100
111110101010010000
000000111100000001
000000010001111001
111010101011011111
111101101101111011
000101101111110000
111001001000101000
111000000100111001
000110000101000101
111111000000000101
000000001010011101
110111000101000010
111110011101011000
000011110001110001
111110101110110001
000011001000110010
111010111100100010
000100011100110010
000001010000100011
000000001111110100
111001111001101101
111110010101100011
111101011001111111
000001011110011011
111100011110001010
000010101000001110
111111010001011011
111110110011010111
111110000110100100
111110110011000101
000100110100000000
111001100110000110
000010010001111001
111110011110101100
111011111100010110
000000101010011010
111101111000100110
111101000001001000
111101100100110110
111100101000011000
000000111001010010
000001011000000101
000001111011100010
111110010101101010
000011011111011010
000000011110001000
111100110110100001
000000111111110011
111100100101010100
000000001000010010
111111000111111110
111110000110110100
000001001010100110
111110000111100101
111111001010100111
111101001000000101
000000111110011001
000001011011011100
000100001111110000
111100101100111101
111110000101011101
111110101101001101
000011101101100100
000101000000010111
000001001101010001
111110111100110011
111110000111111101
000001100100010010
111111101001001101
111111100110010110
111100000101100000
000011111100101001
111101001001010110
111110100101110000
111101111000110111
111101011110110111
111111100101111101
111111111000011001
000000100010101110
111010011101101000
000000101111010001
111011100010110010
000101010000110010
000000100001101101
000001111110000000
000011110100111110
000011010011101001
111110011101111101
111111101110000000
000010101101011100
111010101010001000
000001011001110011
000001110000011011
111110101110000010
000000000001010000
000000100001100110
111101010110011101
000000011110001011
111011010101011100
000001110110101011
000010101000010010
000000010100011110
000100110010000100
111011100010011111
000000000010100101
111101100110111000
000010111110101101
000011001101011100
000010110100101000
111110101000010000
000001000000101101
111011010010100110
000100000101110010
111111001111100101
111111100001000110
000010100010100010
000010000111001110
111010010000011011
000000100101010010
000001101111011101
111111111011010110
111110000100000100
111111110100010011
111101101111001001
000001001111011101
111101101011110110
111100011110110110
111111000100000001
000010010101111110
000001111100111111
000000101011000001
111100111110011111
111011000101111111
111111100101000111
111110110100011100
111111101101100001
111110100101100111
111110011111010011
111101101100001011
111101100011111011
000001100010110011
111101001100111010
111110011010111100
000001010111101011
111011110001100000
111101111101011010
000111001100110010
000001110100110100
000001010011101110
000001001111011001
111011010011011100
111111010001010001
000011010011110100
111111010110101010
000011101101101100
111110110101101111
111110110110111111
111100100010010110
000101110110001101
000011011000011100
000000010100101111
000000101001111011
111100001010101110
000111010000010010
110110111110100100
111100110110000110
000100011100011010
000010111011010011
111011111110000111
111111011001000111
000000101100010110
000100010011101111
000011101000111111
000111011111000100
000100001010010111
110111010011011010
000100100111110000
111100101110010011
111111000001000011
000001000110011001
000010110101011011
111101010101001001
111110000101100111
000001010110011100
111100011111110010
111101011010000011
111111100000001010
111111001110111011
111101110101011100
000000001111000000
000001000001010000
000010010110001011
111011111001011111
111100110100101010
111110010101100100
111101101101110010
000000001110100000
111110111011000110
000100000100100110
111111010101000000
000010010100100001
111101110111100001
111110011111111100
000001001110010110
000001010111010000
000000101001101001
000001000100010001
111011101110001110
111111110101100001
111111111100000101
000001011100111100
000000111110011000
000100011100100101
111000110100110100
000110001110100100
000010000110000001
111110111111011101
111100000111100101
000000111111110110
111111010100000011
000010010100011111
000010001101001011
110110101111110010
111100110110011011
111101010101001111
111111000001110001
000000111010011100
111010011000100011
111100110111000111
000011101101100110
000001010111101000
111111010000010010
111100001011011010
111101100100001111
111111001110010110
111100111010010011
000001010001000100
000000001110000010
111100010010111110
000010110011011100
000001100110001111
000001111001101011
000000110010111111
111110111110001101
000010001010011001
000000001010000001
000001001101001011
111111110101001110
000011100010000101
111110101000111011
000001101000011000
000010111111100100
111110110011101000
111011111100110010
111111010010111011
000100000101100010
000001100111101011
000001101100011100
111100001010100100
000100110010000001
111110101011101011
111110001010101101
111111001101110001
111110011101111000
000011001010000010
111110010101110100
111110000011101010
111101011010101001
111101010000010100
000000000111000011
000010001110011100
111110101100110010
000001001011010010
111110010001101100
111101011111011110
000000100001111101
111111010010111010
111011100001101111
000000110111101110
111010110010000110
111111110110000010
000001001111111110
111110010100000100
000001001100001011
111111000111011100
000000010110000110
000010101100101100
000001111110001011
111010100010100101
111010011000111000
000011100011101001
000010011111101010
111110111111010000
000010111100111010
000100001101101110
111111001011101001
111010000110000110
111011110011110010
000010101010111000
000001010011101001
000001001101000110
000010110100011000
111011111100100100
000010100000101111
111101100000001111
000011110011011001
000010011100011011
000000010001100111
000000010001100100
000111111101100011
111011010100101101
000001101000100010
111111001000001000
111110111001000001
000001110000001111
111110100101001011
111001100111010000
111111110011100001
000110000111110110
111101110001000111
111110111000110101
111001000000000100
111101101101011110
000111100000000101
111100001000011100
000110011111101000
000010100010001010
000010000101100001
111101101001001100
000001000001100011
111111111011010111
111100100011100011
000101100100111010
000000011001011101
000001100010100111
000011111001110010
000000001010110100
000011100000001101
000010010100100110
000000001101010010
000000111100100000
111110000100111010
111011100000111010
000000111100110000
000010110111010110
000000100110100010
111111101010110101
000001011111011101
111111111110001010
111110111111100001
000100110000010011
000000101110101001
111110101110001001
111110001011001101
111100110110011111
111110100010101011
000010111011011101
000010101010101111
111111110001111111
000011110000110101
111001101110001000
111011011111111100
000010000010010010
000011001000101010
000001111001000010
000000001110110010
000011001111101010
111100100100110011
000001010010011110
111010110110111001
000000110100000100
111111010001011100
000010101111010110
111110101111011100
111101001001100111
111111100000111001
000010000011110000
000001110011001000
000010010011111111
000000111001110000
111100011110111101
111110101110110101
000011101111011000
000101001010101001
111110110011110111
111111101000110010
111101010000011100
111111110000101011
000011000111100110
111001010101011011
111111100010010001
000000001011111101
111100000111100001
111110110101000100
000000101101100100
000000000011100011
111110101100000011
111110100001100111
000010111001111011
000000001000011101
000000001011001111
111101000011100100
111110010100010110
000000010100001111
000001100111010010
111101110101111010
111111001100110111
111101001010010110
000010110010010011
000000110110001010
111110101010001011
111110011000000011
000001101011111000
111101101111011111
111101101001111101
000100010101011100
111110110110000011
111101100110010111
000000011001001100
111110110110011111
111011111100010001
111110110000000111
111111000111111110
111110010000101010
000000110001101111
000001010010000100
111111101110101010
111101010110010111
111111101111001001
111101100011001001
111110111010011001
111011101100100000
000010001010000111
111011001011001010
111111100100101001
000010011010111001
000001011001110101
111001001010011011
000000111001010011
111111101011001000
000011101110000010
000000011011111110
111110011110111111
111111011101000111
111111000011001110
000000001000000110
000000100111001000
000011001111001111
111100101010001100
000000111100100101
111111010100011000
000100110110111101
111110001100110011
000001101010010111
111111100011000100
111111010010111010
111000000101010110
111110000010011110
111100110010110011
111110110110001000
001000000111010010
000001110000110101
000010110000010000
111010100001010001
111110110110001000
111010001001000100
000010110101010010
111110111001101111
111111011111000010
111110101000101010
111010011010100011
111100010111000011
000011000100001001
000010100001000111
000001100110100100
000011100000111110
111110110000100010
111101111101101010
111110110010100010
000001101111001010
111001100011000001
000000000001001001
111100001111100000
000011000110011011
000000010001000101
111101010011110110
000011010110100111
111111001000101101
111101010001001111
111111001101101101
111110000100010101
000000001010111100
111010010010101011
111111110000110110
111111101011111001
111100010100011110
000010110100110011
111011111110110001
000000110001011110
000001000011110111
111101010011100101
111101001001000001
111101011011100111
000010001011010101
000000101101111111
000000101101111010
000000010111100000
111100110100010011
000001011011011101
111110000001110110
111101100010110010
000010110000111100
000011000101001101
111111101000011011
111111011001011110
000001010010110011
111111001011111101
111101100001010111
111100111000100011
111110111100111001
111110100001110000
000000011100110110
000100000100011111
111101110110111111
000010001001101010
000100001001111011
111110010100101010
000001000101101110
111111110101010000
000000110100000001
000111100001001000
111100010110011110
000001000011100110
111101110110100001
000000110110001100
000010000111100011
000010000110111001
000011100110101111
000001011111011100
000100111000011110
000001011111001010
111110110001000000
000100110101000010
000011111001010010
111110111000110010
111101111000100101
111110000101110101
000010111000101111
111010110001010110
111101001101100000
000010001000100100
000010010000111001
111110010011011101
111010110100111011
000000101101101001
000010100000000111
111111101110011000
111111110101100000
000010010010100110
000000100100011111
000010011000101010
000000011011000101
000000101111001001
000001000000011111
000111000000111000
111110011011101001
111011011111100000
000010001100011000
111100011010010001
111101010101100001
000001100001010000
111110111111001011
111101010110101101
000000011100101100
000000011101101010
000011001001011101
000000010111001110
000010101011000100
000011001011001100
111111001111011100
111011000101001111
000010101001111011
000000000001100000
111110110100111100
000001101000001111
000000000111110101
000001011101011010
111011101011101100
000010101001101110
000011110110111000
111100010000011100
111101001011011100
111011111010000100
000000101000111000
000010111000111000
000010011000010001
111110110001000010
000010111111110010
000001100111000111
111010000111011000
111100010111101001
000100010111111010
000000010000011111
111111001001111100
000010110000011111
111111001100110100
111100011100111001
000000111100111000
111001110111010000
111111101000011011
000010010100001101
111001011111101010
001010100010010011
111111000101010011
111110100001110110
111101000100111011
111110010101111010
111101111111010101
111101111100110001
110111001001000010
000110001111101101
111110001000111101
111101110010000111
000011011100111011
000100011001111100
000010110010101101
111000011111111001
111010101111011111
000010101010010001
111011110111110010
111101010011001111
111111111110000010
111011100101101100
000000010010011100
000001101011100010
111101111011011011
000001101010000111
111011101101101101
111111111101000111
111101110110100111
000010101111100011
000000000011010111
000100001101100010
111110010000001101
000000111111010001
000010101110101010
111101110110100000
111011001001110101
111101000001101010
111011000100010001
111110001111110111
111010110100101111
000010111010011101
000011001011010011
111010101001100011
000010101111101001
111101011110010010
000000111011010101
111111001001111100
111010100100110100
111111000111111010
000011100111001111
111100111101101010
111011101000011101
111101111010001011
000011100000100100
000001001000001010
000001101001010111
111011111000011100
000010001010010000
000010111000111011
111110111000000100
000001010110011111
111101001100000111
111011100101101011
111110111001100011
000000111110000000
000010000001010111
111110101011100111
000000011010100000
111100010010001011
111100101000010001
000000110101001100
000000001011001010
000101111001010011
000001110001011000
000011100101100101
000001100101001101
111110010111100010
000010100001010011
111101101111111111
000001110110011110
000001110010011101
111110101100010110
000011111101100111
000000001100101001
111110101101011111
000000100001101111
111100000000100101
111101110101010111
000000001110000010
000000011110001011
000001101010111101
111011100101101101
111111110101101001
111110110011100111
000100111111101011
000000111111000101
000000010011100101
000001010101000010
111110101000010000
111100100110100000
111101010101111001
111100011000110111
000011101011001111
111100111001100011
111010001011010000
000100110011101100
000010100100110000
111111000010001010
000010100111001100
000010011110011110
111101000010010111
000000110111001100
111110001010111101
000000101011111101
000010001010111001
000100010110111001
000000001000100100
111101111100011101
000100111111101011
111100011100101011
111110110011100100
111111001101010001
000001101010011000
000001011100000011
000101101101111010
111011111101100100
111001111011100001
111011000111100111
111100011001001011
000010100111000110
000011101011000100
000001110011110010
110111110011000110
000010101111011000
000011101101101110
001001101001110001
111111000111111110
110111011000010100
000111100111101110
000001001011100111
000010011011000001
111100101110010010
111101001100110000
111010011100101101
000011111010010010
111110011101000100
111100100001000111
000001100001101000
000001110001101011
000011100111011010
111101111101000101
111111101010110000
000010001001011010
111111110011010111
111101111001110010
000000100110010010
111110000010100101
000010000111101100
111110111001011000
000001000000101111
111101000010010010
000100000110100110
000011001010010011
111011111101011101
111100100100100010
000000000000011101
111111011011100101
111101001111111011
111011101110000010
000000000110000010
000001001111000111
000011001011111001
111110110100000100
000001101110001011
000011111000001000
000000000111011101
000010001110001110
111111011100010011
000000011101101100
111111111110000101
000100000101100010
111000001101100000
000000101001010100
111011101101100001
110110101011000110
111100000101011001
111110101101110101
000101000001010100
000001100100100001
111110101010001001
000000010101001001
111101100001000110
111011111101000011
000101011010010011
000001111101011101
000011001100000001
110111101110010100
111100110000101010
111101100010011101
111111110100100110
000100000100110101
111111011010101010
000010001101101100
000100000001001111
111111110100111001
111101011001101001
000001011000111101
000011001100100000
111101111000111101
111111100101111111
111100101010101110
111101001000111110
111111011011010011
111110010101110101
111010001110011011
000010110000001110
000011001101000111
000010000111000011
000010001110111000
000010011111011011
111010100100000000
111111000001110110
111110101000001110
111100001000011010
111111110110110111
111111000001011111
000000000101010011
000000010101100100
000010001101010011
000001000011010010
111011100010110101
111101001011101001
000110000101000100
111111010101110100
111110111111011101
000010100100001010
000000111101010001
111111100011010100
000000011001110010
111111010010001100
000011101011110111
111101010101110100
000010110001001110
000011001011010100
000100111000011111
000100011110111110
000001010110111010
000001110100001100
000011011001010000
000011001111010101
111111010101110000
111111111110000100
000011111010111001
111000000110000000
000000100010101000
000100010111000111
111100010111100101
000000000111100100
111011010111100000
111011101000000011
111111101111110111
000011000111000011
000001000011000110
111101011011110101
000000101100001001
111110001101000011
000011000101101001
111111011010101101
111111100001101101
111010110110011001
000001100111110011
000010110010100000
000100110101000100
111101010100011010
111110110110001100
000001001001110100
000000010001010000
111100111111111000
000001011001001100
000000110111100111
000010010101111010
111110001011111001
111110110000110100
000001001101000101
000000001111010110
000011000100100001
111100010100111100
000010111111000101
000000000001100000
000001100000111010
111101100100001110
111111001010000010
111101011100101011
111111010010110010
111111010011100111
111110100110010000
000000100000000000
000001111011001001
000000100001110001
000000100011010011
000000001011111011
111100110101010000
000000010001001010
000010010100110010
111111101110001100
000001011111111101
111111010011111110
000001010101101011
111110110011010011
000010110010110110
000100000010110111
000100110001100000
111011010100110010
000001000000001001
000011101100001000
000101010101001000
000100010110010000
000001010010111000
111110000011110111
000111111101011110
111101011011110110
000000100000000000
000011010001010010
111101110011001011
111001101000111011
000000011000101100
111111011001110100
000111010011100001
000000101010000010
111110101100011111
000001110101111011
111101001011111101
111101001000011010
111111000111010100
111101000001011001
000011111001100000
000100111110010110
000110001100010100
000001010100111111
000100110011010010
111111010110000111
000001000100001010
111111000101001110
000010000111101001
000000101100110100
000000011101100011
000101010100010000
000100010101100001
111110011001000001
111111110101000110
111010110100101111
000000001001011011
110111011100101111
111111111010011110
000110001011000111
000100000001000111
111011011010100111
111101010001111010
000000111010000010
000110101001000011
111100011010010011
000011100110001001
000001101001100110
111010011010000100
111111010101100011
110101000111111001
111011101101100000
000010110001111011
111111011100010110
111100100000101000
111111101001001110
111110010010101001
111111101101001100
111101110110011101
000000110001011100
000001110010011010
111101101101011111
111011111011100011
111110110110001011
000100011001000110
111111111111001000
111111000111010011
111111101001001110
000000010000100011
111100000100110000
111100111001011010
111110100000001001
000000101101011001
000001110001101101
000010100100010001
000011000011110110
000000110011110111
000000100001001010
111110001001011010
000000100010000111
111110010011101001
000001010001001110
000000000011110100
111111011110011100
111111011001110111
000010111010011111
111111110100000001
111011110110111100
111010001110000001
111011010011110100
111011001011100100
111001110110011001
111001000000111011
111011101100000000
111110110000110011
000010100010110010
111000101011011000
111011011001100111
111110110000111101
000101111011011111
111100101001011001
111101101000001100
000100001011100000
111000001111111111
110110011111010110
000110011011011001
111101100110001011
111111010101111000
110101010111110011
111111110000111011
000000010110100000
111100000010010010
000100101111101100
111011010001011000
000110000100110001
000010110100100101
111101001000111111
111011101101111011
111011100101100110
000001000010111110
111111111111100111
000000011111010110
111111100111100100
111101111101100001
111110010101110010
000001100000000010
000000101000000011
000000110101110001
111010110100000011
111101101011111010
111010000111001001
111110011000100111
111111000011111001
111100011101110010
111101000111110101
111110100110011011
111111111111100110
111110000111010100
111011111010100101
111110100011010100
000010100000100101
000000001001011011
000010001010110000
111111011011000001
111011010100100101
111100110001101011
111111000001111000
000011011000110101
111110001100010011
111101111110101111
000000001001110000
111100000101001011
111010111000111110
000010010000001101
111111000001101000
000001111000010011
000001010101001011
000011000100011010
000001100101001111
111100110110000010
111111111111000100
111100100000011111
111100001001110010
111111001100100100
000010001010001111
111101000100000101
111110111001111001
111100010010101101
111111101011100010
111100111010101111
111101101110000011
000010011011000011
000000100000011010
001000000001110110
000001110001110000
000001110010100000
111010111001100100
111101110111001001
111010011101101101
000001101101010100
000001100011111010
000000100100001110
000110000001011111
000011010101110011
111011000100000001
000001101010101001
000010101110101010
111011100001111010
000011101001011100
000010111011001010
000010000101000011
111011111110010101
000001000110010010
111101010100101111
111101110111001111
111101001101101110
111111101111101010
000011100001100110
000011001111110101
000100100001011010
111110110101011101
111111100011011011
111111100010001001
000010110111010110
000001001000001010
000000110010010010
000000010100001011
111110001100110110
111100011101010101
000010001001110110
000011000000010000
111011110011110010
000011110111010010
000000101000011000
111001000000100001
000010111110111010
000011111010110111
111111011100100100
111011101000110110
111111100101101110
111100110011000011
111110010100011101
111110010110010000
111011100010010101
000010010110100001
111110001101110011
111011111101101111
000000101111101010
111110000111111000
111110001101001000
000010111110101001
111111101111001100
111010010111011100
000000001001010000
111111111001101101
111101011100110101
111111000110101011
000111011101000011
000001111011001011
111010001001101110
000000100010010000
000000000100111101
111111011110010001
000010100101100010
000000111011001011
000000000110101001
111111010010110010
111111011010111111
111111010011111100
000100111100000111
111111101011111010
000011110001010100
000001110000001011
000010010101111110
000010100000000110
001000100001111111
000110010100101101
111111011011101111
111101010001100110
110100011000001110
000011011011000111
110110011110001101
111011101011100001
111111101110100001
000010001000110000
110101010011000010
111100011100001000
000111010100010111
000101110000000001
000010110111011011
000110101010001110
000011101100010100
110110100000000010
000101101011111001
110110011011010111
111110111110001001
000101101100000010
000100100101111100
000010100111011110
000000100111000001
111111111011010101
000011000010110000
000010111010001101
000101010110001000
000010101110100110
111101010110001111
000001100100010101
000000000011111000
000000100100001010
000010100111101010
000001111100010001
111011100110010111
000001110101001110
111110100000111010
000001101111111011
000000001001001100
111110001010111100
111011011001101011
000000111010001111
000101010110101011
000010000000010110
111110010011000100
000001100101010000
111101010010100011
111010000111111011
111111101010100100
000000100111011111
111110110001101101
000011100100011100
111110111110000011
111001001010111010
000011101000010101
000000110010011101
111111000000100010
000001000000011000
000010101000110100
111110100010111110
000100110000101110
111101000001011110
111001100101111111
111010110111000010
111110110001110101
111100100111011100
000101111011101010
111010001001000011
000001111010101010
000011000110001111
000001010001000001
111111000110110110
111100100100001010
000001000010100100
111100100111111010
111110000010110000
111110001000100111
000100100010101000
111111001000000111
000001101111001001
111101000011010001
000100000101111110
111101001001101111
111100001110000011
000000010000000001
000000001101010001
111100100000101100
111101111010101010
000001010100001011
111101001100010011
111110111100001001
111110100101100101
000001001000110011
111101100110010101
000000100010000000
000010100100110101
111101011011011010
000001110001100110
111100111111010010
000011100011000100
111101100011111110
000001110000010101
111101001110101011
111100000011101110
111101100000011101
000001010101111110
111110100110010011
000001110110100110
000000000101000000
000010011001001010
000000010110101110
111110001100010111
000010010000010001
000000011111111101
111110101101111001
000000001110100011
111101001110001110
