111111000011011000
111101101100111110
111111100101111011
000011001101011011
111111000001111001
000000100000110011
111101010110001101
111110010001111001
111101110101110011
000101010010110111
000010000011011111
111110000001010011
111101000101000111
000000000101000111
111010011111110101
111111011001001010
111111000100100101
000001100111101010
111111100010011111
000001101110101100
000010111001100011
111100011100010100
111111100111110000
000001100101100010
000001101010110011
000001110100100110
111101011010100101
000000000110110111
111101010010101101
000010101010100011
000001010111100000
111111101101001111
000001000011110111
111101010001101001
000000111000111101
000011000110000011
111101011111010110
111100111110101111
000001000100011000
000001100010001110
000000110001011010
000010110010101011
111110000101010100
111011100101111111
111101111010011101
111011111110100101
111010101101111000
000001011110110100
111111111100001110
000000010111101011
000001001101111101
111101110011100001
000010011001101010
111100011100000110
000011000100010001
111011001010101010
111111111000010111
000000100101100010
000001000100010000
000000011101111110
111101111011001011
000010101101111100
111101001011110110
111111111011010111
111111010101111001
000000110100101001
111100101000010001
111111010110110111
111011101110101000
111101101011001000
111010010010001110
111011011100001011
111101101110010111
000010110110101000
111110000000110100
111100011111010101
111101011011100000
000010110010111110
000010001011010001
111110100010010010
111110101111001101
000001000111011110
000010010000000101
000100010001110000
000000010011110110
111110111010110101
000010101101001111
000011011001101000
111011100100011010
000010011011001111
111110111100101111
000000001011010101
111101100100011001
111111100001011110
111111100010010101
111110011001101000
111110011010101111
000010101110101110
000100001101111011
111101001111001110
111101001110011001
000001101010100110
000011011100110011
111100101010010000
111110111101101000
111101001010100010
000010001110110110
111111110100001111
000001001001111010
000001110100100010
000110111001110101
000011011011100011
111101010010110110
111101010011011100
000001001101000011
000010011000111000
111111011011100010
000000100011010100
000011001010101100
111011110001001011
000000100011110000
111110001100101010
000000010110001111
000010001010011111
111101111010101000
000001001011001110
000001011001111011
000001000101110111
000000111101000010
111101101011100001
000001011010101010
111111010010011110
000000010110111000
111100111000000101
111101110011110101
000001000100010001
111101010110000110
000001100010011101
000001111001011100
111010010110100111
111101001100011101
111010111110111010
111100101111011111
000001000011111100
000001100011100000
000000110111111000
111110101010101101
111011111001111001
111110101010111101
111110101111110111
000010110100001000
000010110010110111
111110010010001011
111101111110000000
000010010110101001
111110001101001100
000000101110111010
000010100001011010
000000101010111100
000000101010100110
000001101111000101
000000110011111111
000011011110110010
111110111010110011
111011011100101100
111110101001000110
000101110010001000
000001011010111111
111111010101010100
111110011011100101
000001111111011111
111011111100011000
111110001010100111
000010100111101000
110111111101111110
111111011001000010
000010011100001011
111011111110000111
111100110001001110
000000010110111010
111101111101111001
000100101100101001
000010001101010101
111100001110110000
000001010111011111
111100101001000111
111110000111011110
111111010111011110
000010111111110111
000000100000100111
000001110011011000
111100111010000101
000010110101110101
111111100000001100
111110011100010110
000000111010011111
111011101100110000
111110110011110110
000010101101111001
111111001011101110
111110010011001010
000010100011000101
000000011111100001
111110011010110001
111111101110101000
000010010101011101
111111001110010011
000000011110000111
000000010001110100
111110101100011111
000011000001110100
111111110100100111
111110100111101011
000010101011100001
000010011111110101
000000000011111000
111100000000111101
000001010111010000
111110101010101111
111110111101000111
111100010100000110
000000101001010010
111111101110101011
000011010010010111
000000010010100011
000001001011010010
000011011100111001
111111100001101010
000000111000010011
111111001011001011
111000111000010001
000011001001101110
111101000011000011
111111011100101000
000010101010111011
000011101100010111
111110011000011001
000010110101110110
000000000000111110
111001010001011010
000000100011100100
111011111101110000
000001101111100100
000010011011001010
000000010001111011
000011101101110110
001010000111010110
000100010010111100
000001010100000000
111101010010010001
111101011011000111
000011010011100000
111111101010010110
000001111001001011
000010100100101101
111010111001101101
000000010000000110
111010001110100000
000010111000101001
111110011000101100
111110010100010101
000010010100011011
000100011000000001
111111001100110000
111101111001100101
111011010110111110
000001001101001100
111110011101111110
000001001111110001
000000000000100001
111111011010110010
000001101111010111
111110110001010101
111101011011011001
000110010100001110
111001011111100001
111011010100100000
000000101000011000
111000010101101110
111111001010100010
000010101000011110
000010011110101101
111110001111001101
000001110100011011
111110110101000110
000100101010101010
111111101000001010
000100100101000011
111100101110000001
111111011010011010
000000001100101101
111110110100110010
000000011000011001
111111110101001100
111011110000001101
000010000100010010
111110001001000010
111111101010110000
111100110011010000
000101000111000000
000001001010101011
111101111001000100
000001101111000011
111001001011011110
000000010010011101
111101110011000011
000010010101010100
000000000100110111
000000101110000100
000100110000111000
000010010100111011
000001111001000101
111101111101100011
000010100010110000
111110011010001010
000000110111001110
111100000101111110
111101101011111101
111110100001000011
111110100000011011
111110111110001110
000010010100101100
111101110100110010
111110110111011100
111101001101001110
111101111000011101
000011010001000001
111100111111111101
000000100110111000
111111000110010010
000000101000001100
000001011100010011
111100111010011001
000001101101100111
111011101011100100
000100101111011101
111111110100001011
111111100000011010
111110000010100110
111010101010001001
111101001010000010
000010010010100111
111101101011110110
111100011010100011
111101000001111100
000011000011000010
111101110011010011
111110111111110100
000001111111100010
000010001100001110
111101011110111001
111111010101001001
000100010111101101
111111111111010111
111101000111000011
000000001100110011
000010110100110010
000000101010000111
000010011001101101
111101101110100111
111101110010100001
000001100110101100
111100100111010100
000000000001000101
000000001111110010
111111101101010010
110111101110000100
000000001001110110
111111111010010111
000000100110111100
111110101101011000
111110001110111111
000010011010000110
111101111011000010
000100001001011000
000010010110000010
111111000110001010
000011100111110010
000001101110001111
000001000110011110
111111010001011001
111110110000111000
000001000100111101
000010001010110011
000000001110010001
111111110101001110
000001000101100001
111101101001111111
111101111011110111
000000001111011101
000100100110000111
111111100100110101
000011000000011110
000011001000011000
111101000011010010
000000001111001100
000001001101101000
111110100010011110
000011001111000110
111101010101000111
111111111011001100
111111100101011110
000011000001111010
000001010000111010
000000110001001011
000011100101010111
111011111010101001
111101110110100010
000000011010111110
000011010111111010
111101100101011001
111110101011101011
000000100101110100
000000101110100111
111100101001000001
000001101010111000
000011100011100100
111110001010100110
111111111000001111
111100110000111011
111110111101110101
000010110110000001
000010000101101110
111111001110101001
111101100011100010
000100111010100101
111111100001011000
111101000000001110
111111100010111010
000000001100010100
110010110000101111
000010110111101110
111101001010111110
111100011001011010
111110101001000110
000011100011111100
000010000110001100
111100111011111111
000011001101001110
111111111110111111
111111111110101101
111111101000011110
000001111011001100
000010111001000010
111011000100111101
000001111110111010
000011001100001101
000011111100000100
111101001001001111
000010001000011011
111101100011001100
000000001110110100
111110100100110111
000000100011110010
000001110101111101
000010000110001000
000010010100010100
000010110001000010
000011001111011001
111001011101110111
000000110011101111
111111101001100101
111110001111000001
000010010000111101
000010000010110000
111110100000011111
000000101010110001
111110011110100101
000001111011100100
111101011100000111
000010010000011100
111100001001101101
111110001101110100
111011111000000001
111111100000101111
111110100100000101
111101100111110101
000001000000011011
000001110000110010
000000011010000001
111110111001010010
111101101010111010
111110011101111100
000001011011100001
111110010010001010
000000100100100010
111101001001100101
000000100110000000
111101111011101100
111110101000100111
111111101001000000
111011101010010000
111011100101011011
111110100010100010
111111111001111001
111011111010111011
111111101111111100
111110000100100010
111101011101000101
111110010101111101
111100100110011110
111100011100101011
000100001101000010
111101001001101101
111100000011010110
111110100110010100
111100011011100111
111110111110001001
000000101100000111
111111001110011010
000011110101010110
000110011010010000
111110010101110111
000001111101011110
111100010010110011
111111011110001111
111101111101001110
111111110110101101
000000110101101110
111101001111111100
111101111011010000
000011010110111001
111101111011100001
111011111100111000
000001100100111111
111101011011111111
111010011100010011
111100001101001101
111110011010110110
111110101001100011
111101010000110101
000100011111110111
000001101001110010
111010011011001110
000011011101010011
111110111011011100
111110101110010110
000000100011000001
000000110100011110
111110000001101110
111011000111011111
000010111101100001
000000100110000010
111110111100101110
000010011010111001
111111011001111001
000010000100001100
111100100111101101
000001001010110010
111110001101100001
111100100001000011
000000111100100000
111110011001111000
111101111010111001
000000001001100100
000010001001000101
000001010000000000
111100010001100010
111101000101000000
111100111011101000
111100111011011000
000000110000111010
111110001011000010
000000101011101110
000000101101100101
111101100001101011
000000110010001101
000010010010011011
111110010111011100
000000011010001000
000001101011010100
000010110101000011
111101001010001111
000000001111000111
111110001100110011
000000010011010000
000001101110001000
111110110011001010
111101010000100100
000010000011111101
000010111000010010
111110110101110011
000010000011110100
111111011011100000
000010000101000001
000010111011010110
000000111000011101
111110000111000000
111111111110101100
000000110111100110
111100101000010010
000010000101100100
111111110111101101
111100110010110010
000000101111010010
111101011110000011
000100111011011010
111100001100100110
111101110010110110
111100101011000001
000001000001101100
111110000111100100
000010101101101001
111111011001000111
111101001010001000
000011100100000110
000100101011011010
000010011100000110
111111110111001001
000000010110000101
111110111101110000
000001110001001001
111110001011001011
000001110011101101
000100000001001000
000010010000011101
111101100101000101
111111001100110011
000010100000101111
111101111101011101
000000111011101010
111111110010011000
000011111110001100
000001110110100010
111101010000001001
000000010010110001
111111110111000001
111000010101000100
000001101111110001
111111100101001101
000101001001000001
111010001111000010
000101000101110001
111101101001000101
000010100001101111
111110100000010111
000100111000011000
111101111101011000
000001111110000010
111111011110001011
111101001001011101
111110101101000110
111100000111011010
000011010100101111
000000101111110011
000010001000111011
000011110000111111
000011000000011110
000001000001001100
000011001010010010
111110011000100111
111000111010000101
000000100001111111
111100011100001010
000001111010110101
111100111010111001
000010001100100011
111100001011000100
000001001100010011
111010110000101111
111111000111011111
000000000111000110
000011111110001111
111110011001110100
111101001011011110
111101000000100100
000011000010110111
111100010101001111
111111111010000101
111110110011101000
000000011111111000
000001101111101111
111010001010000101
111111000101000111
111101011010101100
111100110111100100
111110111000100000
000010101100000010
110101001110010100
110101010000110010
111110011111100001
000001011001000001
111100111110100110
000000100011101101
000010100001100110
000001011001010110
000000110001010110
111101001000011101
111111000110101001
000000110000100111
000001100010111101
111111010010011111
111010100100110011
000100001010111110
000001110101000111
000001010110111101
111100000001001111
111100011001100010
000000101001001111
111010111101001010
111111100001100001
111011101001110010
111111001000111100
111101101010101010
000011100001111111
111111011010000110
000001000000001010
000101100010001111
111101110101000011
000000111010010011
000010101110010011
111100010110011000
111101000110011000
000100011100111110
111110101011000111
111111011101101110
111110000010100110
111111110101101001
000101010010001000
111110110000010001
000001111100010101
000001010000101011
000111001010000101
000001101111110000
111111111100000011
000110010010011110
111110000000000111
000000011001100001
000011011110001011
111100101001110000
000011010010101111
000010011101001110
111110000011100000
111111011110100001
000000111101001100
111110001111111011
000001010010100110
111100010100010100
111101110000100010
000011101101011101
000001001100101000
111111001100100110
111000011000100001
111011110001001111
111101011010001110
000010001100110101
111110111101011000
111111110110111111
111111110000101001
000001111010111110
111100001100110001
111111011110101111
111110110100101111
111110001100000011
111100101000010010
111111110011001110
111101011111111101
000000010110001010
111111100110011101
000011001100000100
111011101111000011
000001101110011111
111010100100111110
000001101111001000
111000010000011100
000011100110100001
000011000101000001
111111100010011011
000001010011100110
111101100110101011
111111110001110010
000010010001011010
000011010011111100
111101111011011010
000001011001111110
111100000100011100
111111011100110100
000100101100111100
000000111000001000
111010010100000010
111111001001001111
111101010011010110
111100111111100000
111110100001111001
000000101001111010
111101000101000111
111011110010111111
111010111011101000
000011111011001001
111110110101000001
000010000011000000
111110001100001010
000000101100101110
000000010010110100
000010100010010101
111111101010101110
111111010110101110
000011011111100010
111110110100011101
000001111101011110
111010111100110010
111011011001001101
000001011000010011
000010000101001111
000000100111011000
000010000001010011
000001000000010010
111111010011001101
000100000001011111
111101100001000110
000100111011110000
111110011000111001
000010100111011010
111111011100011010
111111100101101000
111111001110101111
000001001100001000
111100100110110001
000000010000111011
110110000110000111
111101001011110010
000100010101110101
000000110101010100
111010011111100110
000011110010100001
111111001100011111
000001101100100010
000011101101110001
111111000110100000
111110011110110100
111110011110001000
000001011000001010
000010010100111001
111010111000111111
111111101010011111
000011110100111111
111111011110010100
111100101110100110
111110000101000011
111000010000100010
111110101010111010
000001010010000010
111110010000110001
000000010101000110
000001100110110101
111110010000000100
111101111100101001
111111101010010010
000001000101001001
000010000010011101
111110101010001101
000000011110111101
000101010110110000
111101011110000101
111111111011001011
000010011110010010
000001101110000100
000001111100000101
111101011111010001
111101101110101101
111010000011010000
000000001111100101
000111000110000011
000000010111110010
000000110100010001
000010100001001000
000000101011000011
111111101001110110
111101001010001011
111101111111100011
111011010011100011
000000000101110101
000000001011001111
000010111101101111
000011011110000011
000001011001110011
000000111011100010
111111111001011011
000100001101111011
111011101000101010
000000101100001000
000000000100001010
000000000110010110
111100101100001110
000010111010000111
000001100010111000
000001111011111011
111111010100000111
000000001101110000
111110010001101010
000010111100111100
000010101011001000
111101010100010100
111111100011100110
000110110110010010
000101000111100010
111100000100000001
000000111101110110
110111000100011001
000001000110111010
111111011111111111
111111011001111100
000010010000011111
000010000010111001
111101010101001010
111100010110010000
000010100000001011
111111010100001010
000001100000010110
111101110011101110
000000110100001000
111101111011101000
000000010100011111
000001001110111111
111010111001100110
111111001010100101
111101100010111100
111111101010000111
000010011000000111
111101110000000111
000000101111011010
111100111011101011
111111111110010110
111101001101000111
000001010010001101
111110011100100100
000001110011011110
000010001011000101
111110010010001110
000001111100011000
111110011000011101
111110100001001010
000010101010000010
000000011111100001
000000111100101010
000000111111100110
111011101001110000
000000010010011100
111111111011001100
111100100010011010
111111100010100001
000001101011111010
111101010010100101
111101001100101100
000001101010111111
000000000010000110
000010000010011111
000000100100101011
000001000001011110
000001101100110111
000001001110011101
000100000111010001
000001000001001000
111111000100110010
000000010110001100
000001010101011100
111111001000001111
111110110001001100
111110101001100110
111101101101011111
111010111111011100
000001011111111110
111111001000111000
111110110100000111
000010010101001011
111110010010100111
000000101110111011
111111011001110111
000000100001011100
111100000100100101
000001011110000001
000000100011001010
111100010011000110
111101001101111101
000011010010111101
111111010001101001
111100010011011010
111101100001101111
000110010011110111
110101100000101100
111100110100101110
000011100111100011
000100001010100110
110111011011101111
000001011011101001
111011110100111100
000011010101001101
111111110011100110
000000110111001000
000001100101111111
111110001000011110
000101001000111010
000011001111100101
111010000100111011
000010111000111110
000100100000100111
111101100000101110
111110011101101100
111110011100101010
111100010000100001
000110011101101011
111001111001101010
000011100111011110
111101100000100000
000010100000001101
111111111100110110
111101100011001110
000101100111001001
000001111000010100
111101011010100001
000001010110111011
111110110011001110
000001001001100010
000000001001001001
111011001111000101
111100011101111101
111011001010100110
000111011111110110
111000110111110100
000010011101010001
000100000010101110
000010110100100111
000000000011110100
111111011100101000
111110010011011101
000000110011001101
111101000100001000
000001110100011001
111101100000101011
000001101001100011
000001001110001110
111110000000010000
111111000100001001
111111100111100011
000000101001000110
000000011100111010
111111001111000001
111111011111010001
111111010110010001
000000100011100100
111111000101100011
000001110001111111
111111111101101010
111110111001010100
111110110100000100
000001000011000000
000010111011111000
111110110100001001
000010000001000000
111101010100100101
000000001011011000
111101001010110000
111011110110101101
111101010101101000
111110111101011000
000000110101001010
000001010010000110
111111011000111110
111111011011111000
111101110100111111
111110001001000111
111110001011001111
111101110100101101
111101001100111111
000001001001000111
000010001100011000
000010100001011010
111110101010000111
111110110011100001
000000001100010100
000000011110001110
000000011000011101
111111101100000010
111011001000000110
111100111111110100
111111010101111111
111100101001100100
111110111110110110
000000110011100011
000001111000110000
111111011110100010
000001000001011111
111100010101000111
111101011001101111
000000111001100000
000001111010111110
111011101010110110
000000000101111110
111111011100010000
111111110011110110
111110111010110011
000100000001111000
111111001001011111
111101101101100001
111001001100100101
111011010000111111
111101100101000011
111110101000001000
000010110100001011
111110001101110111
111110000001110111
111111111011011111
111100010000111110
000010100010001000
111110110001010011
000010000001001010
000011110110101100
000001110011110001
000010111011101100
000001110010001100
111101110110011001
111110110110111000
111100000101011100
000110011100100100
111001111111011011
111110111111100001
111100000100111100
000000001101010100
000001001010100010
111101000000000000
111011101100000010
000101011111010110
000000010111111100
000011100100100011
111110000011000101
111111110000111101
111101100100010100
111101110001001011
111110110010011110
111110100010111010
000101010101010001
111101000010101000
000001111110110011
000010111010001101
000001001010100101
000100001010011000
111110010100000110
111011100001100111
000110011101101111
000010101110010010
000001100101111100
111111101100010101
111110111001000101
000001000010000110
111010100110001001
000100111001110010
111110111001101100
000101001100100101
111011001000100101
111100101110011110
000100110000000101
111101101000010001
111101101000010101
000001010011100101
000010000111111101
111101111111011000
111111011000010010
000000000110111111
111110101000101010
000000101101011011
000001000001001001
000000111111100010
000011000110000010
111101010001110110
000001100101010111
111111010111010111
000010010111011011
000010011101101101
000000101101011110
111101010011010101
111110111111011111
111100000010000101
000001100011101110
111111010001101100
000001011110000011
111010100001111011
000001010111011100
000010001110001000
000011000010111101
111111100011100001
111011110000001001
000001110010110110
111100101001100010
000001110100111010
000001111000101001
111101100000100101
000000101000001010
000001000000110111
111101110010101111
000010111001011101
000000110010111011
111100011110000111
000001101110100011
111110010010001010
000000101000001110
111011101000010011
111110101100001010
111110001101110101
111001101110101001
111110110000101100
000001111001001010
111010101111000001
111111010001010110
000011011100011000
000001001100011101
111111010010100101
111101101010010101
111110000110010010
111100011111000001
000001101000011000
111101111011000010
000000000010110101
000001101101011011
111110110000101000
111110010010001101
000000111000011100
000001100111101001
000000100111100000
000000000010101110
000010111111001011
111100001011011000
111101110110111011
111101111010011010
111110110011000000
000010111011001111
000001101001101101
111111010000010110
111100111101010101
111101010010010100
111110111011011011
111010011110001110
111101001100011000
111101011000010100
000000101101001011
000101001010000111
111111010100010111
111111001000101001
111101000110001001
111111111000000100
000001111001000111
111100000001010001
000010010110010100
111110001010101101
000100010100101011
111010110111001111
111110001101001100
111101101011001011
000000011001001000
000000001000010000
000010011100011001
111111000110101111
111110011011111101
000000000111010001
111111000000111011
111110101101000010
000000010100111101
111111101011000111
111101100011011011
111100000000100001
000010010011111101
111111000110111100
000000000100100100
000001111110011110
111100110011110110
000010110001111000
111111100111010011
111101000111010101
111101001010110010
111111110011101010
111110111100100000
000010000010010110
000001001110111000
000001111110100001
111110111010010101
000001110000011011
111111100001111010
111111110010110100
000000001110000010
111111110100100110
111101110010010101
000001100010111100
111010111011011011
000001100110101110
111110010100100010
111100100100011110
111110110010010101
000101000001010001
000100011011100110
000001111110010111
111000110100100100
111110010100110011
000010101001000110
111110000000110110
111111001101011011
000100111000010100
000000100100111110
111100000110000000
111111001010000000
111110000100010010
111001001010100111
111111101001101111
000110101001001110
110110011001111010
000000010001101011
000101100010001000
000010111101101011
111001000000100111
111100101000110011
000011001010000010
111110111101110100
111110001011011100
111111101001010100
111111110101010001
000000101000111011
111101100001100000
111100010111001110
111110110001011001
111101010101010010
000000101111011101
000000001001011101
000001111000010101
000000101000000111
111111010100000101
000100011011010110
111110010111100111
000000001110010110
000010000011110000
111010011101100101
111110100110000010
000001001111000011
000000101110100010
000011001000100011
111100111011111011
000100100010111101
111100101111110010
111110011100101100
000001100101101110
000001011011010001
000010111110001000
111101011111001000
111101110010011101
000001111111011001
111100011000010100
111111101110000001
000000000101100010
111110110000111011
000010100100011110
111011001010110001
111111101111001101
000000101010101110
111111111010100110
111110110111111000
000011000001011010
111011110100100011
111101110011000110
111111110001101010
111101001110001000
111110101111110100
111100000010000110
111111010010011001
111101001001110110
111100100101101110
111010000100001100
111101010011110101
111111101100000101
000000110010111011
000000110000010010
000010101001101101
111100111111011101
000001010010001110
111100101101100001
111101101001000111
000011011000101101
000000111110000000
111111101110110100
111111010100111000
000001111100001010
111111011100010001
111100110101110011
111111101110111100
000000000100011111
111011101010110000
111111100110101101
000000010000111110
111110001011000011
111110101101101011
000000001100010101
111101011110111011
111100110101000010
111101101011101001
111110101000000101
111111100100001011
111100111110110001
000001001010010011
111101110000001100
000001000000011101
000010110010100001
111111011111000101
111010110101100100
000010000010101111
111101001010100111
111111100000111100
000010100011111110
111100101011110001
111110111101111110
000010010110001010
000001001010100101
000001101011100011
000001001110110101
000011000100011100
111111010110101111
111110111110101101
111111011001101110
000001110000001000
000000010101101101
000001010111001011
000000101100111100
111110101001100100
000000001011010110
000011001011000001
111110110011001111
000000000111010001
000001101010110011
000011011100000111
111110110010111000
000011000000001101
111111010110110001
000000111110011001
000000111011011011
000000001011011100
111111101111011100
111110011011111111
111110111000011110
000000101101111100
000010001101001111
000000111011000111
000010100100000000
111110100010110111
000001010011010001
111100100001011111
000000110110000101
111100100011100001
111011110010100110
000000000101001101
000001100011111010
111101101010100011
111110100111010101
000001101000010010
111110010100100000
000001011011001000
111111110101110010
111001010010100100
111011011110101001
111110001000101111
110111111001110010
000001011010111100
000001010110000101
111101000110001100
111100001111111100
000000110101111001
000000110110110100
111101101111011010
000011110001001101
000010011000001111
000000000011010101
000001011001111000
111111110000000101
111101000011001101
111111001010011100
111101110000110001
111111001011010110
000000000001010111
111100111101011101
111111110010110100
000000100110110100
000000101111000011
000000000111100101
111111111000011101
000010001001111011
111110100001101101
111111010011011100
000001110101100001
000000111010111101
111110101110001110
111011111110110011
111111111000011110
111101110110101001
000000010100110001
111110101000101011
111100000010101110
111101001000000000
111110101111110100
111100111101001111
000001000110000000
000100010110111001
111011010111111010
000010000011001011
000001011100010001
000011010001010010
111011101010000111
000000110001101000
000010000111101111
000010000010011100
111110010010101111
111101110101001101
000010000011100100
111100011110111100
000011001011100011
000010011001001001
111110011001001001
111110000011001100
111110001111101001
000001101110011000
000000111111101101
000010011010010111
000000001000011010
111100110000000101
000010001010001011
000000001111000101
000010100001111110
111101001011101101
111110010111001100
111110001100100101
111101000011010010
111110001001011100
111111000000100101
111111110110000101
111111101010111001
000000011101010111
111101110010100001
111111011100101100
000000100010011001
111101110111101101
111100110000100000
000000011100000111
000001001111101010
111100011100001001
000001101110000111
111110010110100101
111110011010100001
111111100101100111
000000110010100100
111101101000100101
000000101110001110
000000110010001000
000100110111110111
000001001000000010
111111000001111101
111100011101110101
000010000001011111
111110100010010011
111100110000101111
111100011010101001
111100001110011001
000011111001111110
000010011001000000
111110100110010001
111101011000000001
000011101000110110
000011001101011101
111101101100110001
000010011111001101
000001100000100100
111111111000110010
111010011011010010
111111110101011011
000011101010111010
000001001101001100
111111111000011110
000000001110100101
000001001010110000
111101110011111001
111111101101111101
111100101010011100
111111100100100011
111110010000000000
000000001110111011
111101010111001011
000000010011001011
111111100001100101
111101011011010000
000001101110001111
000000000011100011
111111001010111100
111100111011101000
111110011001010111
000001111011001010
111111000101101000
111101001001111111
111110011110110010
111111010011111011
000010000101000111
111110100110011110
000000000001011010
000001110000011111
111111011101101011
000001000110011001
000001011110111011
000011000011000100
000010110100101011
111110101110100000
000010010111010001
000000011111111011
000000000100001111
111110001111100110
000000011000111001
111111011001010111
000001010001011010
111100110111000001
111101011101010010
111100110100101111
111111011111110011
000000100010110001
111111111010100101
111110100011010110
000000101000101101
000000000101101000
111110000000010100
000000011010111001
000000101101001010
111111110111011101
111111100001101100
111110001010100001
111101110001011000
000000110011010001
000000011001110100
111101111101100101
111100111101110010
111101111110101011
000010000001011001
111111001110010000
000000010001001101
111100111100000001
000010110010101001
000000000001000001
000001111001100111
111110101100111011
000010011001101011
000011001011011010
000011110001111110
111110011101110110
111011011101010011
000001000011100011
111111111101011100
111101001100110111
111100101101010000
000011111100000110
000000010101011000
000001111011110010
111111010111000001
111110010000110001
111000111010001001
111110010001010001
000001010000010010
000000111000110011
111010111110000100
000010011111110001
111110100111011111
111110000000101111
111111101000010000
000011011011010101
000001001110010011
111100100011111100
000000010111000101
111101000001011101
111110001100111001
111110000001011010
000001010111111000
111011100011111010
111101000110000110
000001001011010101
000000100100111001
000010010110010000
000001010101010100
111111000000010111
000001010101000011
111110010101111101
000000111000100011
000011001100001101
111100101010010100
111100110010010101
000001101011010101
000010000101110111
111100110100110001
111100110110011111
111111100011010010
111110011001010000
111101101100001111
000011001100001101
111100110110100011
111111100000001110
111100010111011000
111011001001000101
111110111001010010
000000001101110001
000011011001010111
000001111110011001
000011111101111001
000011000000011110
111100011101100111
111110001111101111
111101101110001011
111000111011010111
111001000010011111
111101011100000110
111110110001110010
111110011110010001
111010101000001110
000000111101000100
000010011001000101
111110101111000101
111101100000100010
111100111100100111
000011011101010000
000000110010010011
000010010101011000
000001010111001000
111110111011001011
000000110111011111
000101100001000111
111111011111010011
000000110101101011
111111100111111110
000001101111111010
111100101101001111
111100011010110110
000100011001110100
111100110000101010
111101001111011011
000000101111001001
000100101110000011
000000010001101110
111101101010010000
000000110010110111
111111001100110101
111011110101100101
000000000010011100
000010001010000110
111110100100011100
000010010100100000
000001000010001100
000010111000000100
000011010110111000
000000110010101010
000000000010101010
111101101110110010
000001011000101000
000010100101011001
000001011111100100
001000110000100000
111111101010001011
000000110011101111
000001010000000100
111111001101011111
000011010000111011
000010100011001101
111001000010001111
000011110110110010
000100101101111111
000001000101110101
111110011011111100
000001111100011110
000001001011110101
111111101000101000
111111000111100100
000000101100101001
111110000011111111
111010001011110101
000001011100011110
000000100101011101
111111111110001011
111110001110001011
111111010101011011
000011101111101100
000000001000001010
000000011101010010
111100100100000101
000010010001000001
000010111011110011
000000010101110101
000001100101101101
111111001000101111
000011000010011010
000010011100101110
111111110010010000
000000010111110011
000000111100111010
000001100001011100
111000000000001000
111111110110011100
111101100100101100
000000011110110011
000001101101101101
111101110100111010
000011001111110110
000001010100000100
111101100100011011
000001100000101010
000010010110001111
111111101111011010
111101100001101100
000011100011000110
111100001010001010
111011100010011001
111100000011111011
000001101110110010
111101100011110000
111111111010111011
111101100000100001
111100000000001010
111100111110101011
111011110001110110
000010100101000101
111110100001001011
000011100101010001
000100000000100101
000100000001000100
111111000010110111
000100011110010001
000000011000000011
111100100010001110
000000110000000010
000001011000110101
111100101101100110
111010100010001110
111100010001101010
000010101010110001
111101100000110100
000000001000100001
000010100110111111
000100101011100001
000011100011011101
000000011100010101
111110001001110010
000010101001001100
111101101011100011
111100010101011111
111101011000001110
000100011100000100
000001011001000110
111101000010100111
000000111011100001
111110011101011001
110100110110001000
111100011111000000
111111110111100011
000100001111011100
111000101110011101
111110001000111001
111111110111100001
111101101111110000
000001100100101000
111110011001111111
000000101000010101
111111010000011101
111110000110001111
000100100011010110
111101011101000000
000001000110101001
111100101111101110
111110100000011110
111101011101111100
000001110010010110
111100100010110110
111101000101010100
000000000101001001
111111000111001111
111110110111011100
111100000111000111
111001111100001010
111001110000010010
000000000110010110
111110001010110100
000000101111110001
000000011010010111
000000000111101111
000011011110111110
111001101001100010
000001100001001010
111111100100001100
000001000010101011
111111011010000001
111100000001101010
111111100101000000
111011011110101100
000001100110000101
000001001110100100
111101000110101101
111110001011000100
000011100011101100
111110101010110110
111101011000011011
111110000111100010
111110001011010001
111111111111010000
000000110110100100
111101000111101110
111110011010100001
111111100110010100
111110011000001100
111110111011101010
000001101000000111
000101000100010110
000000110011010111
111100101001110000
111100100010100110
000001100100011101
111011100100011101
111101010011100000
111110011101111000
111110111000111010
111011110111101001
111111100110111100
111011110110011010
000010111110111101
111110101010010100
111010001111100000
000000110010101100
000100110001101010
000110000101000011
111100000011001011
000011011100111100
110010001101111110
000001111011111010
000010000111010011
111100100000000000
000000111111111011
111111100111001110
000000000000010100
000010100111011010
111110010011001010
000100011110010000
111100100111010111
111111011111110111
000000001000001100
000001000111001110
111101010011011001
111110101011101100
111001000111001010
111101111000110001
000001100000001110
000000000111100111
000011000101000001
111100000110111111
000001110110101101
111100111110000110
000000001011101111
111101100000111011
111110001001100010
111110100000101001
111111001001000101
000100101101000110
111110011000000010
000001000101000100
111110000000001010
000001011011110101
111111000000111100
000000010000011110
111110110000111001
111101000001011011
000000101000110001
111111100000001001
111110100101011100
111000001110010010
000010001110100010
111111010011101010
111110111100100000
111110010101100110
000010100001110000
000001011100001010
111110000101011110
111100101101111000
000001010010000001
111110110010000001
111110110111110101
000001111011001001
000001100111110101
000000100000011110
000011001010011101
000001010111100010
111011101110000100
111110110111101001
000000110000000010
000010011000110010
111000101010001101
000011001100000010
000001111101101000
111110110111001010
111101011000111011
111100000000100110
000000100000111111
000100100001001110
000011111011110010
111011001101011000
000010010000000111
000000000000100111
111101111111010111
000100111101110101
000000110111101111
000001010011100010
111101011110001100
111100011001111011
000001000001010010
110110000000011011
000001001001101101
000000100101101010
000001000000111111
111010100110010011
000101100011010010
000000001101101010
000111000100011000
111111010011001101
000010111111101101
000100010101001110
111100010011110001
000010010110100011
000011001010000110
111000110010000111
000100011000001100
111110010101011101
111111010011111100
111101011101010001
000011011111010011
000000011001101001
001001100101101011
111001101100111110
111111100001011100
111111011101111100
111110001000100011
111110011010111011
111110101001001010
000110100100100110
111111100100011011
111011100111100001
111110010100110100
000010000100101010
111111011011000010
000101111010111010
111101100001111110
111111010101100011
111111110001011011
000011111010111100
111101000101110101
000000000101101011
000100011010011111
111101010100001000
111110100010101110
000011011100100100
000010000110111010
000010100000000111
000010110011100101
111111001000010101
000001010111011010
000000111011100110
111100111100011011
000000010010001101
000001001110010111
111110111100001011
000010001001111010
111111011010001100
000001011101011000
000011011100100110
000001100001001101
111100101101111110
000001011000001101
000000001111111010
000010001010101111
000010100000111100
000010101001010100
000010111011100001
000000100000111110
000000101100100001
000100010100010001
000001101101000011
111110011000010110
000000011011010110
111100100111000101
000010111100101100
111111010011111001
111111110001010010
000001110100001110
000000110001110000
111000110111001001
000011100011110000
000001000011011110
111111100110100001
111100101101101101
111101101111011010
111111101100110101
111111001011010011
111101110110111011
111110000001111100
111011101010011111
000011001101010000
000001011011101101
111111010010010111
000001010011101001
000001100100010000
000000100100111001
000100110100101011
111100101011010101
000011001110000111
000010101010111101
000011001110100100
111010101000010001
000001010100010001
111101110101001111
111100011111010111
000001101000100100
111101000101101110
111011000110000101
111111100000001000
000110111101011001
111111110111110100
000011010010101101
000011111011010010
111101011111111110
111100111110011001
111101000000010101
111011001001000010
000010110101010110
111110010100001100
111111000100000110
111011110011001100
111100111010010100
000011101101010101
110111110111011101
111101111000110000
000000110011101011
111011110010111110
000000101000110011
000101000010100010
000001111011101000
111100110111000111
000100000111000011
000011110100111000
111010110110100001
000110111101011100
111011110101000110
000101011001010111
111100000000000001
111101100110000101
000010010011000110
000000111011100010
000010110100010100
000100101111001001
000011100010001110
000011110000100111
111111010010011001
111110111000111001
000001000101110000
000000011010011000
111111110001000101
000000000001111100
000101111000000000
111111110011100110
111111011111111111
000001010110011110
000000000111101010
000001100011010101
111111100100110101
111111100010010111
000000111011101100
000010110010110011
000001010011011111
111101111101011110
000011010101010100
000000000000010101
111001001010001110
000000101001011110
111101101100111111
000100101111000011
111011101000000111
000000011101100111
111111110100101110
111100001011001101
111100010100110101
111101111100010111
000100000000011000
000011100101101111
111101010101101101
111111001111101011
000010111010101011
000000101110000000
000011001110011001
000011001101111100
000101001111001011
000001100011100101
000000000101100011
111101111010100000
111101111101100000
000000110111110010
000010100110100011
111111000110011001
111110101011100000
111011100010110000
000000001100101010
000010010100110011
000011101010101101
111001011000010010
111110111000000100
000010101110110001
000010011010000111
000100010110001000
111101001110110111
111101101010111010
111100000111101101
000101001111101010
000001010110100101
111101100000010001
000010011011001001
111110011011010010
111101100100000110
111101001001000001
000001111101111001
000000001010000011
111110111101001010
000001000011001010
111111000111011111
111111011000001100
000010101110100101
000001011001010001
000000111010000000
111110010111101011
111110110010010100
111101111010111010
000011110011110000
000011011100111011
111011000111000110
000010100000110110
111101110001000010
111101000100100111
111001001101010111
000000110110001001
111110111001101100
000001110001001011
111101111000000010
111100011000011000
111111100100100111
111010101110101010
111111011000000101
111101100011011100
111100011101001110
000101100000011000
111110011000000111
111101000111100001
000000010000001010
000010100110010101
000100110100101000
000000000100000000
000101010101111011
111111111101100110
111111010111100110
111111001111000101
111100000100010111
111111000010110101
111111101101011011
111100010101010001
000001100101101010
111100010101111110
111101011110010101
111100001101000100
000011111100101110
111111011011111110
111010101110101110
000000010110000101
111110010001011101
000100100011100110
111111111000011101
111110010011011011
000000101000100001
000010001001101111
000000010111100101
111100001101101001
111101101000000010
111110010011100000
000000110000110111
111110110110010010
000000110101101001
111110011000010111
111111001000101010
000001001000110101
111101111110011111
000100101000110000
000000100000000001
111110110011100111
000100110010000101
000001011111101011
000000010011111110
000001001000011001
111100001001110101
111011010011110011
000011110111010000
000101000001010011
111001100110101100
000000100111111010
000100100101000101
111100001000010010
000001110010000111
111100111000010000
000100001110100110
000101100001000100
000000000101010001
000001011001101111
111100101111010110
110001101000011001
000110001000101110
111110101001111110
111100101100111101
111110011111000110
001000100111000100
000101100101000011
000010010101101010
110100111111111001
111010011111001110
000011110010010000
111100011001101010
111111101110101111
000010110110110000
000101001001110001
111111100001000010
111100101000111110
111111101110100111
110111101110011101
000001110100011011
000101001011110100
111010111110000110
000010101101100011
111110111001110100
001000100000010101
111010100000001011
111101000000111101
000100111111111101
000010001111110101
111001011000110101
111000000110110100
111100111100000111
111100101011010110
111101011010000101
000000000101100100
111100100110100000
111110110000000101
000100100100000011
000000000111100001
000010001011111010
111111100101000100
000010001010010000
000010100001001001
111111010001000111
000000110011000000
000010011010100011
111111111101100110
111110111011001111
000000000100010000
000011110110101010
111110111100000110
111111110010110110
000100111011010100
110111101100000111
111111101111111110
000100100000110110
000000010100001101
111111111011010001
111110000111010000
000011001111110010
000001101101000100
111011000001111011
000010010101110000
000011110010100010
111111100101001011
111101100000111000
111011101111100100
111111011100100100
111110110000110100
000001100001110010
000010001011010110
111111011100011011
111100001010111101
111110000110001000
000000010101110001
111110100000110100
111111010010001000
111110011100100001
000001111110100101
000001011001111000
000001100100100001
111100101100101001
000010100111010011
000001000100011101
000011100010111100
111111110111011110
000100001000110011
111011011101101111
111110101011101010
111001100110000000
111011001010110010
000000001111111001
111100110101011101
111110001010001011
111011011110010010
111111010101000110
111111001110100110
111100100101110101
111101110110110001
000010000000110010
000001100001001010
000011000001100011
000001100101011101
000010000010001101
111101111001010100
111101110111010100
000000101010111100
111100100100100111
000010010100001000
111100100100001110
000001000001010011
111011011010001100
111110100110101010
000010111010111110
111110000100101101
111101010101100101
000011011010111100
111011110100010100
111111010010111101
000001001111110111
000100111001100111
000000110000101000
111101011011100111
111110111000010101
000000111010100111
111110001101111101
111111000000110001
000010010010000011
111101100010100100
000000110000011001
000010000111110101
111111010110101011
111101101011011011
000001010110001011
111111011001010011
111110000011111000
000001101001001111
000001011101100111
000000101010111111
000010101001110101
000010010101111110
111110101101000100
000001011111000110
111101100111011000
111101101001101111
111101110100001111
111101010001100111
000011000010000001
111111110000000010
000011000110000111
000001101001101011
000010010000010011
000010001011100010
000000011011000010
000010011111010011
111110111111011000
000010011011010011
000010010010100000
111110000101110010
111111011110101101
111101001000100011
111000010111001101
000001111001110000
000001001110110010
000000100101110111
111110111110101011
000010000110111011
111101110000100100
000101110111101001
000011101000010101
111001101111000000
000001100100000110
111111011110100100
111111001001000010
111110111100110000
000001100100101110
000001110001100001
000000000001001010
000001001111010011
111101110000111011
000001110101101110
111110110100001010
000000001001110011
000001010011010001
000011000110011111
111101110000101001
000010011011111010
111111010000011011
000010001100000001
111100100000010100
000011011010010000
111100110011011000
000001000100101100
111011001100111001
111111000111011100
111110100101111001
111110011000110011
000001111100010101
000010110110110011
111101010101001000
111101111000001100
000000011011101001
111100000010000010
111110000001100110
000011000000101001
000011100101111100
000000011101111111
111101010010101010
000000110001110000
000001011000001001
111110110101001011
111101000001000110
000011111011011101
000001001010100100
111110101010010010
000000101101111000
111100011010100101
000100001010001011
111111000000100111
111100111101010111
111111011100110000
111100111001001110
000010011110010101
111111110110110110
000011000101110110
000000001010011110
111101010101001110
000000001011110111
111100000010000001
111110100100011011
000001101111000011
000011011100011010
000011000010111101
000100011010000101
111110010110101011
000000010110001001
000100000111101111
111100101000001100
111101111110000101
000001011101010111
000001110101010011
000000110110111111
111110001110000101
111101001100010001
000001000111000110
111111000001110011
111101010110110101
000001100011110110
000001000111101110
111110110011101000
000001111100101011
111101010010001111
111101000110111100
111110101011110011
000010100111011001
000001111001001111
000001000001000110
111111101111111100
000010011100110010
111101000101101101
111111000111100101
111111101100011100
111101011011001010
000001101110001111
000011111111101010
000000011110110010
000000101011101101
111111011010001010
000011010011111011
111010000111100000
111011010000101001
111101110010101111
111111011111011110
000100000111011100
000001111100101110
000000111100001100
000011001100111001
111111111011010000
111100111000101100
000001000000100011
000000110100001101
000011010000000100
000001110101111110
111100000000000000
111110010111111100
000000101111010001
000010110111110011
111111010000011000
000000111001000100
000001011111100010
000000001110000111
111101011110000110
000001000101110011
000001010101011111
000001111010011000
000010101010011010
000000011001010010
000010010101110111
111101100111011101
111101011010010000
000000011110101100
000000100000001110
000001011100000101
000010101101110101
111101111111010110
111101110001011010
111110000111001101
111100111101001110
111110000111001111
111101010011011110
000000111011000110
111111010100000000
000011010000001000
111101100101101011
000000100011000000
111110011001100011
111110111101101001
111101111010010101
000001010101000010
000001010011011010
111100010010111010
111101101010111001
000000101100111001
111110010011110101
111100101100110101
000000111111011101
000010011000100111
000000010000111000
111111011111001000
111111110101011000
000000011100100111
111111001010001001
111111000001011100
000011000000011110
111110101110111000
000000100111110111
000000010101000111
111101000001000101
111101110101101101
111111000001011000
111110011000001001
111011101001111001
000001101110000110
111101110000000011
000000011101110011
000011001101000001
111101100000011011
111101000000110001
000001010101111000
000001001110111100
000011000100011110
111111000011111001
111101001110100010
000011101001110010
000100000100010000
111101000011010100
111111010100011011
000000101001011111
000000100000010011
000100111110011011
111011000001010011
000000011110111010
111100110111010010
111100010111110110
111111110101010100
000101100100011101
000001001110101101
111110101011100100
111111000111010111
000001110011111111
111100111011001110
111111111110100110
000001101000101110
111101001000101110
111111011110011111
111110101111010110
000100001110101100
000000010101010100
000011100011011101
000100001011001101
111111010110000010
111011111000001101
111110100011010100
111100011000010100
000100000111110001
111111100010011110
111111011011011110
000001011111101111
111111010100110110
000000010010010110
111111100001001101
111110101001000110
000010001011101001
000010110001011011
000000010000000001
111110101111100011
000011100100100111
111110011001111000
111110000000001111
111100101001101000
111110000101011100
000001000001011110
000000111101111100
000001011111110010
000011111011001010
111101000010111110
111101001100101011
000000100010111001
000001100000111111
000000000011001010
111110010101010001
111011000111100100
111110100011110010
111111000100000101
000010011001100100
000010101100101011
000011010100100011
000010101010000100
111101001100011011
111100000100100000
111100110110111111
111010011010000001
111101100011011100
111101001101110011
000000010111111101
000000011001111100
111010110110111100
000000101010011000
111110011000100010
111000101101101100
111110100000001011
111101010000001011
111111001001000101
111010111100111101
000101001110011001
000000000110011011
111100010010010011
000000011111100100
000011100101010010
111110101101111101
111100100110111101
000011011000110000
000000101001000100
111000011001100001
000010001100110101
000010111101001100
111101101011110011
111101011100010110
000001000100011111
111110101001111100
111101000101101100
111110110011011101
111110011010011101
111011100100000101
111010011011011100
111110010111111111
000000111000011100
111100110001011111
000011010111101000
000000010100101110
000000101111111011
000010011010001011
111101001001010010
111100110001101110
000001100000011010
111110101100011010
000000111101101011
000001100001010000
000100011011010111
000010001011110010
000101001010111101
000011000001000111
111110101110101010
000101100000010000
111010010001100111
111101100010111011
000001100001100100
000100101100110101
111100111100000010
000011011110010010
000010000101100011
111101111100111101
111110101111000010
111011011011101010
000001011110011010
111010100110111001
111011110001111101
000011000100101110
000010111000100011
000010110010010111
111101110111110101
111011111001110000
111111001010000010
111110110111011000
000010000010110100
111111000111010110
111101011000110001
111110110111001100
000001111100100101
111101011101001110
000011010110101111
000010011011011100
111101101100011111
111011010000000000
000100100001100010
111110110001101001
000011101110000110
111010011010110101
000010011001111011
000000100110100101
000010000111011110
111110011011001000
111111101111000011
111111011101100011
000001000101100101
111100010101100010
111101011100111010
111110001010101110
111111100100101100
111101100110011101
000000111100010000
111111100111000000
111010010111110011
111101100000101110
111111110100101010
111111001010101110
111110001110101011
111110101000111110
000000000000001000
111101000100110001
000000010000010000
000000101111110110
111110000111000111
111100110101101110
111111101010111100
111111011110111100
111111000111001100
111111111101010100
111010101111111000
000000110110101011
000010010011010011
000000110110001010
111100111111100101
111100100011011001
111111010100100101
000110100111001011
000001001100010110
111110001000110001
000001011011110011
000010110000111110
000000100100110100
111110000011001000
111110010010111100
000100000011010001
111100101111111111
111101011101000001
111110110100101000
111111110011011110
000000000101111101
111100010111001001
111100001100000001
000010110011101110
111010111000011101
111110100111110011
111111111001010011
000010111100011110
111001001000001100
000010111000010010
000001110100011010
000100001010001100
000100010010011110
111110111001011101
000001010010001101
111100001001100100
000010011110000011
000000000100010000
111011100011011011
000001110011111011
111110110011110000
111111110000101001
111111001010011111
000000110010000110
111101001010000011
000000011110110000
000011000110010110
111001011010111010
000001110110111001
111110111011010100
111101001011001010
110110011101111110
111101001110011011
111101111101000001
000000101110000011
111001010111111011
000001111110010110
111100100011110111
111110011000101010
000000011011111011
000101110000101111
000100111000100011
111001101101110110
000011110010111010
111111011011011110
111110011110100110
000010111101110010
000101001101110001
111110111001001100
111010101010000101
111111111100101000
000011010000101111
111101011010011011
111111001000001101
111111001000010100
000000110101101000
111110010010101001
000000100000001111
111111011001111010
000001000110100100
000000100011101000
000000001101111001
000011010111101000
111111000001001110
111101011000001100
000001110111101100
111011000010100000
000010110000100110
111100101111010110
111110100001100101
000000111010010101
000001111011101110
111100000100000011
000110000101101110
111001111000010000
000010010100011001
000000001001100011
111011110010010010
000001000010000001
000101100001001111
000011110011101100
111101101010011011
000100110010010001
110111100111101001
000011011111101011
111111001010000000
000000001110100100
111110111101111001
111110001010001111
000011111000101111
000010100101111110
000000001110001100
111111101001001111
000001011111101100
000101001010010001
000001011000111110
111111110000100001
000001101101101010
000001111011011001
111100101011100100
111111111100111011
000011001011110111
000011110011101000
000100001101000010
111100010011010111
111111101111001100
000000100010010010
111111000111001110
000000000100010110
111111101111111111
111110100100110110
111100111101011101
111111100010111000
111011110101000010
000011001000001101
111100010000111011
000011001000111011
111110101101110000
111110111101011011
000000101001101110
000001110100011100
000001111000011100
000000001001011101
000010111101010100
111110000111110011
000010011010101110
000000100110000110
111110001001110110
000001010000010100
111101001001100101
111110011001011100
000001100000010111
000010010000100101
111101001110110010
111110011110000010
111110000100110110
000001111111111101
111110001010100011
000000000001100110
000010100000000001
111110011111100100
111011101111110000
111100100100001010
111111101011010010
000000101000001001
111011100010110010
000010111101011011
000011111011111000
000001011111100010
111110100010100101
000000101000010111
000000110011100111
000101001110100010
000010110111111011
111011010101100100
000101100011010010
111110011110111101
000010011111101011
000110100101000110
000010100111111000
000110010110101001
111100011100111101
111100110110011101
000110001101101001
110101011110001111
000001100101101000
000000110011101111
111111100110000110
110111110001010011
000010101011110101
000100110001001011
000101010111110100
000100001001000110
000000001101000111
000000100110011010
111011000011101100
000101110001010011
000011110011111101
111100001100110100
000101010001100110
111101110011001101
111110011010001111
000010100110001101
111101111000100110
000010111111100100
000111010011110001
111001001111110111
111110001110101111
111011100110011111
111101101010000011
000001010001111100
000001101100010001
000000110001101011
000001000001100110
111100011100000000
111010101110010001
000001010000101111
111101001100100110
000001011110100100
111110101100110011
000101011000111010
111010111001000111
111111111110111101
111101100001110101
111011001001111101
000100011011110011
111101010101110100
111100001001100011
111101100000101010
000001010111100110
111110111111111100
111010011100001001
000010001100010111
000000110110111001
111111101000100001
000010000010000000
111101111110100101
111111001110000100
000001010100011011
000000011100001010
111110011011110101
111100101001000111
111110101011110000
111110011111011000
000000001001110110
111110110111010011
111110001000011010
111100011010010001
000000011011001101
000011010100010111
000000011010011111
000010000110101001
000001000111111111
111111110010110111
000010111010010000
111110111100001000
111100101011101111
111111010001111100
000010100101001011
000010101100111100
000010101110101111
000000001011100010
111101011000110101
000001010100011000
000100001010110010
000000110010011010
111101001110110000
000001011000110010
000010110001001011
000000000111100100
000000110001101101
111101100011111111
111011001100011111
111101110001001100
111100111000011001
111010100100011110
000001000001001110
111100001111010111
111010110001001001
000010100110011011
000001100100100010
000010010011100101
111010011011111000
111011110110010100
111101000000111101
111111101101000000
000001011101001001
000010001101110100
111101110000101101
000001010111001010
000010000111110010
111101110101010100
111110010110111011
111110001100001000
111111001110100100
000001001000001001
111011010110110110
111101100110011011
000000010010101010
111000110111000000
111101100011110010
111101100011000110
111100110000110101
111111001110111000
111011011111100010
111101110110110111
111111010100011010
111111110000111011
111111100010111010
111100100101010111
111111101111101001
111100100101111110
000010100000101101
111101101100001101
000000111000010100
000010110000100001
111111100000001100
111111000011001100
000001100101101010
111011000000010100
000000100100001110
111101010001110001
000001001101010110
000010001001000000
111110001001011000
111010100100000101
000000011110011000
111110010110111111
111111111101011010
111110001011001010
111101110111011011
000000011100000000
000010001001001010
111101011000001101
111110000000101111
000010011000010100
000011011111011001
111101111110000100
000011001011100111
000011011001001011
111111001111111101
111101001010101010
000010100011100001
111111010101111111
000000000111001011
111100110011101011
000010011001110000
111111111110011100
111101000010101001
111111011010001101
111111110001001010
111101011010100111
111101000010110110
000011011101010010
111101000001110000
000000100010010100
111101000000010010
000010101001010100
000000100100101000
000011011101111011
111101111100100101
111110110101101101
111110111011110111
000001001111110110
000010011000101011
000001100000010010
000010011101001011
111111000110000110
111111101100110011
000000110010101111
111010100000000001
111110110110100101
000001110100000010
111101111100110111
111111111001010010
111100010011110000
111010010011010111
000000100011010010
000010000011101010
000010110010111100
000000011001101001
111101101110001100
111101011101000110
000000100010111010
111111100011110011
111011010010110010
111101001111011100
000000101011101110
000010110110010111
000010010011011110
000000001110000101
000010010001111000
000000011001011001
111101000010110100
000010001001110010
000010010100001111
000011100010111110
111110100000001100
000010111010001100
111100001100000100
111000011111111010
000000111010011111
000011110110111101
111001111001100100
000010100111110101
111101110000101010
111110000100000011
111101111010011011
111100000011101100
000001110101011011
111101101011111100
111110111011110010
111110100101100111
111110111100100110
111100101000101000
000010011010001011
111100101100100001
000000100000110111
000101011101100011
000011010000110111
111111110010101000
000000110001100011
000000001101000101
111110001000101000
000011110011100100
111101010000100001
000000000111001010
111111101110011011
000011010110110101
000000000000110100
000010100111011100
000000011010101000
000001000000001000
111110101101100101
000011001000010010
111001010000100101
111101001111000000
000001100100001000
111111011011010010
000010011110010011
111011101111001110
000001011110100011
000001110100101111
000010001001110000
111111010111110111
000011110111010010
000000111011000010
111100111000111011
000001011101010010
000010000001000010
000011001100111011
111101001100000000
000011000000111110
111111111011010110
000001000110111101
000010010100010101
000000010110000100
111100000110000001
111111100000010111
111000110110111001
000001110110001101
000000011000010001
111011111100001111
111110010101000110
111111101011100110
000001010101001001
000010011100110110
111010110111101001
111111100111011100
111110101101000011
111101011100010000
111111111000011111
000001011111001000
111101111111111100
111101011101001011
111111101000011100
000110110101101100
111110101010111100
111101011001110001
111100110100001110
000001010001111010
000001100000110001
111100111111010101
111101100000010110
111011011001001100
000001111101111001
111001101111101101
000011110010100011
111111001001011100
000001111110110010
111111010011011100
111101010111000001
111100010110010111
111010111110010001
000111001110010000
000100000111110111
000011001110110110
111101111111100000
111100111010111111
111101001000110100
111101111110000010
111111101111100101
000001110000111100
000001010110000101
000000000100010101
110101110110000101
111111101100000111
000001011100111101
000011011111110001
000101011011111010
111110011010001011
111011010010000101
000000001000001100
111010000100111100
111111101111010111
000000001000110010
000011001001111011
000001001110110001
111111011000001111
000001100111101011
111100011001010010
111111110001110100
111100101001100100
111010111011110100
000000001110001001
000010001110111001
111110101111001011
111100001011110110
111101011110101001
111101011110010111
111110110011101011
000100100011001100
111001001011100000
111100110101100101
000010100011000001
000000000100111101
000110000011101010
111110100011010100
000011011101011000
000010000011011000
000010101100100100
000000001110001111
111101111010000000
111111100001111111
111011111010001011
111111011000111010
111110110011001110
000000001111100011
111011111101101010
111101110001001101
000100110100010001
111111010111101110
000000010010110011
111111101010111011
000000100000110110
000011111101011110
111100111111000001
000010110100001000
000000001011100111
111110011111100001
111110001111011011
111111101110011001
000010110001101001
111011010000011111
000010011011011001
000000001111100010
111111011000011001
000001101101101011
111100001111010110
111111010101100100
111011001111001111
000000111110000101
111111010110100000
111110010011111101
000011010101011001
111101110111010111
000010110101011111
000011001100000101
000000110110101101
111110011101011100
111111111111011111
000100011110101011
111110111111010100
111101111000111111
000001100110000111
111101000110110101
111011011011101110
000000110011010100
000000011000011000
111011000000101011
000011000100011010
111100111110110011
111111011100111011
111110100011011100
111101010010000011
110111110011101101
000100000000000110
000001100000111111
000001010010110011
111011101100010111
000000110011011100
000000100000110011
111101111101111101
111111001000111000
000000001111011010
111100100101010010
111110010101100010
000001001010001000
111110111001100111
000000110010010110
111111010000000011
000110101000011110
111111101001100011
000010010110101110
111101011101101101
000000001110010010
000000110101110100
111101100101001101
000000101001010001
111110111011001101
111101000110110110
000011110010101000
111110110100110000
000010010001110111
111111111001010001
111111110001111110
111110101101111111
000000110100010100
000001001110000000
111100110111111110
000000100011001110
000011000100001100
111100011111001010
000001011000011100
000100110010011000
111101011111111001
111111111111011001
000000100100011110
000000101010101010
000001010000110011
000000101001011111
111110000011111101
000010111010100000
111101000110100100
000010001100100000
111110000101100001
000001000111100000
111110100010110010
000001011010000101
111011010101011100
111100111101001110
000100001010110011
000000100100010001
111101010101011000
000010111110000010
111110100000000010
111100101011101111
111100010010100010
000001100100010011
111100000110101011
000000001101010010
000000101101000001
000000110000101110
111101100010110101
000010010001110110
000000001010000111
111000001001100111
000000001100101101
111101001001100111
000010110110111111
000001101101110100
111100011001111110
000000101101000111
000000011110001100
111111101011111010
111111011011001011
000001110010111010
000001100001001001
000011001111000110
111110001001001111
111111101110101000
000010101101101110
000001100100011111
000001000100011010
000010100111111001
111110010011111000
000001101101011100
111110010000111110
111001111001000001
111100111010111001
000000111000111001
111100001110110100
111101101001001011
111100110101101000
111011011010010000
111111011001100110
111110111110010111
111111101111001101
111101010000011001
000010100100110110
111100001001001111
111110101001010101
111101001110110001
000001001111000010
111111011000010111
111111001111110100
000010010101101101
000010001101101100
111100101111000001
111101001001100110
111110110111100110
111011100010100101
111101111110110110
000000110000001101
111101000111010000
000001000100100001
111101110011000100
111111011111011000
000000001011110010
000000001100100000
111110101011000011
111111000000101001
111100110100110001
000000000010111000
000001000011010011
111110111000101100
111100110110010001
111011111111001100
111111000011001001
000000001001100111
000010000110000111
000001110110000111
111100101100011100
111100101100111011
000001110111100100
000010001010110000
111110000011101110
000011100011000100
111110111001010011
111101111011010011
000010011111001001
111101101011110011
000000010001111100
111010000101101001
000000100011110101
000000100001111001
000010100011001010
111111001000000001
000011001010010101
111111000001111110
000010110100000011
111101010110100100
111111110010011110
111100001111001011
111111001110000101
111011000000111000
000000011111111101
111101111010001000
111110101000001010
111111011101111000
111110110100101110
000010110011000010
111101011111000010
000011010111011101
000001110001001101
111110000010110111
000001010000000000
111110100010000000
000011001110011100
111111111001000100
111101010010001100
000010000001011011
000001001010001000
000001000101100001
111101001010000011
111110001100110010
000011000000100001
000001111000101111
000010010011101011
111110110010011101
000010100100110110
111111100101000111
000001010111010011
000001010100000000
111111110011000111
111110100100100001
111111000000110001
111111011110101100
000001010011011010
111110000011101101
111100111110110101
111101100010111001
000011000011000000
000000101110110011
000001100110111011
111111000011011101
000001011010011010
111101010110100000
111101011010101100
111101111001101011
111101000001101000
000001100011101001
000010101110011101
111110110110001100
111101000111001011
000001100111101011
000000111111011000
111110010001001110
000100101010001000
000000101001010110
000000001011011110
000011101010100011
111111011010010001
111111110000001111
000000011100111010
111101110111000010
111101010010100011
111111110111000000
111110101001101101
111011100010001111
111100011000100110
111100010001101010
111100001010100111
000000101101011110
111011000000000100
000011010010110111
111010000111110100
111100001100101110
000000101001110100
000010111101110001
111110111111000010
111110010101101010
000010001111101010
111101001100111010
000001100110101101
000000111101101100
111100100001111100
111100101100111111
000010011011100101
000010100001000100
111111110111111010
111101110010100010
000010001101010111
111110011101011110
000010111110001001
111100011111110011
000000101001100111
000001010101010011
000001011100011000
111110101110101111
111100110111001100
111111100101010010
000000101111010010
000001110101001101
111011010111000100
111011101000101001
111110001000100010
111111000001000011
111110110110011101
111110110010101111
000010111001101011
111101100110000110
111100110101011010
111100010001001001
000011000111010000
000010110110101101
111110010101001000
111100000001011010
111110001001000001
000000100000001101
111111011000110110
111111000011100000
111110100000011000
111101001001110101
000010111011011001
000000100010100001
111110100010101111
111100110010011010
000001011111011110
111101110001011111
111011001111010101
111110011000001010
111110101100001000
000001111011011001
000010011100001110
111110111001101000
111010111010001000
111111100010100010
111111101010111011
111110111110110011
111101011111001110
000001001010010011
111111111011100011
000000001001101001
111111110100011101
111101110010010110
000000000010000010
000010001000010000
111100111111100011
000000100110100100
000011100011001110
111111000001000100
000011001010000000
000010111110111101
110110111111010110
111110001110001000
111111111100010110
111001001110101101
111010100000001010
000011100110111110
111111001100010111
000010000000110101
111010111011100010
000010010111111011
000001101110111000
111110111000011000
111011000011010101
111100110101101100
000010001111010001
111011100011001100
000010110010111011
111100101110011000
000000001010110010
111111111110111110
000001001000110001
111111010001111111
111010110110000100
000010000010000111
111010111010100000
111101011010111011
110111101111110001
111101010010000101
000000001000100110
000010001111100101
111110010110110001
000010001010101010
000010011111001100
000010001100101000
111111110001110110
000010011101010101
000010000000111101
111011110001010101
000000000100010101
111101000010111101
111101110100100010
111101011011111111
111111001100110000
111110001100101100
111011100011101010
111100101010101011
000011000111111111
000000001101010111
111010100110111111
000010011000010000
000010100010101010
111100101000001110
111110011000101000
000001000101000010
000100101011011001
111111101111100110
000100011101010011
111101001110001110
000011110001110110
111100101110001111
000000001001101000
000000100000000011
111111011110001111
111100001001110000
000010101111001101
111100001110011110
000010011101111101
111010010111001010
111010011010000111
111110110001010111
111011100010110110
000000101011111000
111111000001001101
111111110011101110
111110111010011000
111111110111000000
000001111010001010
111110101110011110
111111001111000011
111110000101001110
111110010011000101
111111110011101000
000001111111101010
111111100001110111
111110110101001100
111110101100111110
000000000011111110
111101001111011001
111101001000101111
111110000111100111
111101000010111001
000000101110101110
000011010000010011
111101010011010111
000000011011010011
000001101100111011
111111111010100101
000000001001011101
000000011110000111
000001101111111010
000000011001110010
111101001000010111
000100100101100111
111101011110110010
111100111101001111
000001100111111000
111111010100111001
000000111101001010
000010110111110101
111110100100001111
111100111101010010
111101110011011100
111000010011000011
000001001010011011
111111011101001111
111111110010100111
111101011100010110
000011000010011010
111100101110011100
000010001011010110
111100101000100110
111111111001100100
000001011011011011
000010001001001000
111111110001000101
111110111100110110
111011100111111110
111111000111111011
111111000110001100
000010000010101101
111101101010101011
111110010111101011
000001000101001110
111110100001011001
000001101010111111
000010010100010111
111110111100010011
000010010001011111
111011110010010010
000000011001101100
000010101011001010
000001010000000101
111110001010000101
000000011001011000
111010110101010100
000010010111100101
000010100111000000
000000000110010111
111001001110111000
000011100110010010
111101110100100011
111110101101110001
000001010001001000
111111001110101001
000001100100111111
000001000011100110
111110100110111101
111010100111010101
111110111011110101
000010100000111001
111111011001010100
000000101001000001
000000111111000111
111101010101000011
111101100011000011
111011111111001000
000010000011000101
111111010000010000
000010101001010001
000001101001010000
111101100011110111
111110011110100111
111101000101100011
111101111111110110
000001011010011011
111110010011101111
111111101000001001
000001001111100000
111101110000100000
000100110111011101
000010010111110101
000000111000000001
111101000011110010
111101001100111101
000010000011010001
111100110001010110
000010010010001101
000011010111010101
111111000011110111
000000001001111001
000011000011010100
111111110001000011
000010110001001010
111100100101100010
000001011011001010
111010101001110001
000000000101011011
000000111011011101
111110111010000110
000010101110111101
111110110011001010
111110011101011000
000001001010110111
000010000011000101
000000100000100001
000000000111000100
111011100100111011
000010110101001000
111100011101101010
111110011011101111
111110101100110010
111111110001010001
111100011001000101
111111101000111010
000001011001010100
000001100100101000
111111111000111100
111111010010011000
000001100110010011
000000111011000000
000000101011000110
000001000101110100
111101010101010110
111010111000001100
111101000111000000
000010011010110101
111110010111011001
111100010011000111
000001110000011111
000011101000100011
111111110101101011
000001011000110010
000001001111100101
000001001000011001
000000110110110101
111110110001011010
111110111000100001
111110010000011010
000010110100001100
111011101101000100
111100100001010010
111110000001110110
111011000101111101
000000011000011111
111111010111100010
111111011000110111
111111011110011000
000010001010110110
111100001001010111
000000011110111011
111111110110110100
000001000110000111
111110111100000100
111111010001010011
000000000110010100
111100111011110000
000010010000111010
000010010001011011
111111000000100001
111110111100000010
111110001110011100
111100000001111111
111111101101011001
000000001101001000
111101010111001101
111101101001001000
111011111011001101
000001100100111101
000001010100011000
111111000011010100
111100000000101100
000000101110101010
000011101100101000
000000001010100000
111111010100011101
111101101111011110
111111110010000001
000010000100011001
000000110000000100
111100101010111011
111100011111011110
111100000010101111
111110011100011100
000000101011001000
111111011111111010
111011101101111010
111101001001001101
000001111001010101
111111111010010000
111101101011001100
111110000111001110
000000110010100110
111101110111101010
000001110101010000
111000111001100001
000001001001000011
111100111010111001
111111111100110001
111011001011010011
111111100100011010
000000010101010011
111110010001100101
111111010110100101
000001010100000000
111110001100001111
111110101000011101
000011010011000001
000001000110100011
000010001111100001
111110100011111010
111101010001101110
111111100000001100
111101000100111010
111110010000100010
000000110000011000
111110100111000110
111111100101000011
001000001100000111
111001000111000001
000110001011100110
000011100101000011
000001100010011111
000001111100110011
000000110111111110
111110001010011011
000010100100000101
000100101100000001
000011111000101111
111110101010111100
111110110100000111
000000010001111001
111011011111100001
000001101001110000
111101010101100111
000001110011000010
000001111001111101
000000011000100101
111101011110001001
111100001101000111
000100111000000100
111011001011011010
000000010110001001
000000100101110100
111100100100001110
000111111110101010
000101100011001011
000000101110101100
000000011000110111
000000110011111111
111101111110101110
111101000111111100
111010000000111111
000001011001110000
111110101101010010
000010111100111100
000001011001100011
000000010000001111
111101001010100001
111111000000011010
000100000001001111
111101100011101000
111111110110111011
000010100011001101
000001101101101010
111011101000001010
111101111100011111
111111001100011010
000000101001011100
000000011100110101
000000111011001011
111111111010010010
111111010100110001
111111001110001100
111101010100110010
111111101100000011
000010010011010101
111100000000110111
111110101011111000
111100101010001111
000010011101010010
000001101011111110
000010001101110011
111100010110100011
000000100111010100
111110111010001001
111101110101111110
111111011000111111
000000010010010110
111110111100011110
000010000001001101
111100010111101010
111101010000001001
111001101001011011
111110011101111000
000010110011111010
000011011011001111
111110100011110110
000000000110010010
111110000001011011
111111000111001001
000100010110011101
000011001010011111
111011111111100111
111101011110101011
111110000001110111
111111110110100101
000000101100001100
000010011100011000
000010010011100000
000000001001110001
000000101010101111
111110101110000100
111110011111101100
111111100110011111
111110111001111001
111111000011101010
111110111001000010
111111110010010100
111111111111010000
111101101000000100
111010100110011001
111111100000000110
000001001111011101
111101010111000101
111100110001000000
111111111100110101
000001100010111111
000001000010110111
111101111001010000
000001010101011110
000010011011001000
000010001100000111
000001010000000100
111110010101111000
111110000010001100
000011001101010101
000000111010110111
111110000001001011
000000011000101100
111110001101101100
000011000011101101
111010010011111010
000001011101100001
000010111000001010
111101110101001111
111101101111110010
000011101110011001
000001000110001001
111101010011100110
111101100010001010
000001110010111110
000000100111111110
111111100010101001
000000001010100000
111100111011010110
111111111011111100
000010011101111101
111101010000110011
000000010001010000
111101111001100011
000110010010101000
000000100000000101
111100101100000001
000001001010110101
111111111001110011
111111000011100011
111111001011001101
000010100011110010
111111011011010110
111011101110001000
111110110101010101
000000000011000110
000001011101001111
000011110111001011
000000000111111010
000010110111011011
000010000100100000
111111111000001101
111111100000010111
111111001110011000
000011000010000110
111101111101111101
000001111111111101
000010011011001110
000001001011100110
000001000011111011
000011000111001110
000010101100101010
000001111000111111
000001100011010011
000000010111011100
000001001101110011
000001010111100000
000001110010010001
111100100111110111
111110010000011011
111011111101011111
111101100100100100
000010110010100010
000011110010010010
111001101010001101
000001010100100000
111111010110111000
000000000000110011
111111110000011111
000001010001010010
111110011000111001
111101110000000110
000101000111010110
000100110100101000
000000110001110010
111101110010100110
111011101001000100
000010011101000011
111101000000110100
111101101001101001
000001001100100101
000000111010101111
000000011110010011
111011010111011001
111110000110100011
111101101110111000
111111101110101110
111011101001100011
111100111111111110
111101111101101011
111101110000011000
111111011101001100
000010111000001010
111101010100111100
111011100010100101
000000000010100101
111110111101000111
111110100101011111
111101110001010001
111111111101111001
000001010101010000
000010111000010100
000100001101000001
111101100010101100
111100111101100110
000010101110001110
111101110111101010
000010001000011010
000100100011100010
111100111000011001
000010011100101101
111110110100001100
000011000101100010
111111010001100111
111111001111110111
000001010001011101
111100001111000110
000000010001111001
111111111000101010
000000010010101011
000001100011101101
111111101000001011
111101100010101011
000010110100011000
111101111101100100
111110011110011110
111111110101010110
111111010011010101
111011001110111000
000001001001010011
000100000100011101
000001001000100010
111111000001110000
000000101000000111
000010001101010011
000001110011010100
111111001100101000
111101100010110101
000001000011010011
000000011000110011
111101111011011110
111111110000100010
111111110100001100
000001100111001010
111111101101001001
000000010101000010
111101011011111111
111110011000110110
111111000110011111
111110101101110001
111100001101001011
000000100111111101
000011101100010010
000010011100000100
000010100000010001
111111011000110001
111101111111011100
111111111101110000
111110101110001011
111111100001011011
000010100110111011
000001011110000000
000010101011101000
000000000010010001
000000111000101111
000000010001000001
111111010010010000
111110101010010011
111100111011111010
000001010000111111
111100011001010001
000010010001111001
111101010100101001
111011111101001110
000001010011110010
000001111010110010
000000110001101101
111001010110010111
000011110001101011
111100100001010110
000010101010111110
111101111100111100
111001101100001010
111110000111011110
111100100100100000
000000001010001010
000001101010001000
111101000110010000
000000110111110111
111010010001011000
111110100011101101
000000001111001010
000101010001001100
000000001011000111
111111011110110111
111100100111110100
111101001110110000
111110111101110001
111111101101100111
000100011000100110
111011000111001010
000001001001111011
111101010010110010
111111000001001100
111110101011100100
111011001100010000
111110101000001010
000001000100101101
111101001110101111
111111111011100101
111111101101010100
111011110001000110
111110111011101100
111101010001110111
111110110101011010
000011010100100101
111011110100001001
000000001010100010
000000100001011011
000000111011010001
000100110011110000
111111000100000010
111110001101011100
000000010001101101
000110001110001101
111100110101011111
000010000111110101
111101000101010000
111100011000000110
111111001000111010
000000010010000010
111100110100011011
111011010011111000
000000000100110111
000010010000010101
000001001100100000
111011101111101000
111111010010101010
111101001011101010
000010000011101000
000001101111001010
000010001110000101
000000000101111101
000001101001110000
111110000101011010
000001111000111011
111111110110101101
000000001011110000
000000001110111111
000010101111000010
111110000111010011
111101110010111001
000010011000101100
000000111100011101
000000010010100111
000000100100111100
111110100000101100
111101100001111001
111101001100010101
000000011100100111
111111011111110101
111111100000010001
000010001110000010
111110010010100010
000001010010111111
111111101110110010
111110000001111100
111111100101001011
111110010101100101
111111010101100110
111101101111000110
000011111011111001
000001100100111100
000001001100000001
000000011010010011
111100011011011111
111100111011000101
111110010010101110
000010001001001001
111101011111010001
111101110000010101
111111000100000101
111101111000000010
111011011111111100
111111011000011011
000001100001100010
111011110101110101
111011000111111110
000001001011110000
000010001001111011
000001010000111100
000100000000010100
111011101111111000
000011011011011101
000001101010101110
111111101100100100
111110100010110111
111100110010011101
000000010010100111
111100011001110101
111110000010111111
000000010000101010
000010001000011101
111110001010111001
000001000010000110
111101110101111011
000000010111011100
111111000100111010
000010100100111101
111110001110010011
111110101111011000
000000110101011010
000000011000000101
000000010000111000
111110110101101011
000001101100001011
000000100001000101
000001110001101100
000011011011101111
111110100000110100
000000100101101110
111101111010111010
000001110111101001
000011010011111000
000000111011100100
111101110000111110
111101000010110101
111110000001000110
000010000001010101
111101011000000010
111111100101100110
111100110001011111
000001000111110100
111101101001110001
000001011101100000
111110100010110001
111101111000110100
000001001111001111
000010110110010101
000000010011001100
111000111011001111
000000011011110101
000010111011000101
111110001100000111
111101010101101101
000010011001001000
111110001101101101
111100111010101011
000011000011011010
000011100010101000
111011011100000111
000001000101110110
111101000100011011
000000010010011000
000011000110000111
111110100111001101
111110110111001010
111110100100011110
111101000100111111
111110101001000100
000100001000111111
111100101001111101
000010000010011011
111100101100000111
111110000011001110
000010101100101000
111101110111101011
000001001111111101
111110010000000100
111101001101001100
111101011100100011
111100111101110101
111011000001101101
111111101011011110
111101101111000011
000010001100111111
000000011001010000
000000100100111010
111110100001101000
111110100110001100
000010111000011110
000011001100111011
000001011110110110
111110001111100000
111111001001111000
000000010111110000
000000111111101101
111110010000000000
111110010100011000
000011000111100110
000001010000000000
000011000010010001
111101000110111100
111101000010100101
111110101010010100
111111100010110010
111101100110101001
000000100101100001
111110010000111000
000010010110101011
111101010101001101
000011111010011111
000010100111111011
111111100010110001
000001010000100100
111111011101101110
111110110011101000
111111111111110011
111110000110101011
000000011011100100
111110110110000011
000000111010101111
000000000100010111
000000101110001001
000001000100010010
000001010111100000
111101000110111010
111101000101111001
000001010010010111
000010100000001011
000000001110100101
111110010111000001
111111100110110111
111110001100001110
111111011100001010
111110111000010111
000001001011101111
111100110000010010
000000100111100100
000000101110010111
111110110001010011
000001011001001111
000001011100101101
000000101000000001
000010111011000100
000011100100111100
111110011111101111
111100010111100001
111110111000110011
111110111110110100
111111010001011111
000001001010011100
111101110101011111
000000011000011011
000010011011001100
000011011000001111
000000000100001010
111110010011100110
111110010100111010
000000111010100110
000000110011000001
111100011000111010
111110100010000110
111111000111000011
000010000101100111
000001100001001110
000011010010001000
111110110101111110
000000010010101101
111101101100011111
111111000000110001
111110010101010001
000001110000010100
111100111001010110
000010111101001110
000001001010111110
000000101001101111
111101010000001111
111111001011100001
000000110110100111
111100010101010001
111100110111011001
111110000111001100
000010010010010111
111111110011110100
000001000000100101
111111101100001010
000010001000110111
111110111000101111
111101110110011100
000000100101111100
000001100001000011
111110110011101011
111101010110111100
111110011000011011
000010110101011111
000000000111111000
000001010001101001
000000001010000100
000001101000111011
000000001000010110
111110010101110111
111111001101110101
000001110011011011
000000111000100100
111101010000010001
000000000000100101
000001111001010110
000000101010111000
111110100101000010
000001101110100110
111101100000100010
111110110011001011
111110000000100010
111100111010111010
000000111111000111
111010001111101100
111100100101110110
111111000101011011
111101111000110110
111111000011111101
111110100100010111
000000010100000110
000001000111101111
111101111110011011
111111100011011001
111100000100100110
111111010101101011
111110111000000111
000010111110000101
111100110110000000
111111110110101011
111111001010100001
111101110110001000
111110001000100100
000001011011000010
000001101101000100
111111110100101100
111101110011010111
000010001011111100
111010100110000010
111111001010101011
111101000010001110
111110111000101011
000000101010000001
000001000001011100
000010000010010001
111111110101111000
111111101110000101
111101000100001110
000010101010011100
000000100111100110
000001101011001111
111111101110101001
000011100010110000
000010000101011100
000000101001011011
111111110100010001
111111001010001111
000001011110010000
111011110111100111
111011000111110011
111101101100000100
000001101010010111
111101100101100000
111100000011000100
000100001010101100
111111001010100110
000000000010111100
000010111010101001
000010001101011011
111110001111001011
111101100000011101
000001101011101000
111101100100111100
000001010000011101
000010101001101100
000010000111101011
000010001011001101
000010001001101000
000000001000100111
000011000001001101
111111001001100101
000011000101010010
111111101011011110
000001000101100101
111111000001010000
000010110110101100
111111010100111001
000001000011110111
000000010010010011
000001110111001000
000001000010110100
111110111000100111
000000100001110001
111111001101110101
000011100111111110
111111011111110101
111010101101101011
000000100001010110
000001111010000001
111010101101011111
111010000001101011
000001100110000011
000010101110101101
000000011001101010
111110101110101000
111111011011111011
111110010100010011
111101010011000001
111111000100101011
111101100101010000
111100110110001011
111101011100110101
111110101010111110
111101100000100001
000000000000011000
000101000000110111
000001101100110101
000001011000110101
110110101001101011
111111100100110011
111101010110111100
000000100110111010
111101001010001100
000010000011101001
000000011111111111
000010010110001100
111111100111110000
000000010010111010
000101001001000011
000000101011100100
111111000010011001
000000001010100101
111100001011100110
111100101111100000
000000110111001111
111101011111111011
111110101101010000
111111010011010010
111110011101011111
000011100000001001
111110100011101101
111111000111000101
111110001100110101
111101111001111100
000001010001000001
000011000000011010
111111000111111000
111101111011011101
111110101000010111
000011011111100000
111111001001111010
000000110001111000
000100010000011100
111110000111011100
000000000111110101
111110010111101010
111101010111000011
000010110001010001
111101001010011000
111111000010011011
111110010001011100
000000010110000010
111101111111011001
111101010000101010
111011110111111011
000011101100010011
111011101001110010
000000011101010100
000001110101101001
111110000111000110
000000010111101010
000000011110111111
111101011011001011
000001000000101110
000001010110111001
000000110100010011
111100110011000100
000000001110100010
000011111101010001
000001111111011011
111101011111110000
111101110111100011
111111011000000111
111101010110001000
000010101000111000
111100111001001011
111101110111101100
111110010111101011
000101000100111100
111101000010111101
000001101110110110
111011100111011011
111100100100100111
000000011110010001
111100111101001010
000001101110001111
000001000001001010
111101100100011000
000010001101010111
111100101111111000
111100100000110000
000000000100000001
000000000110100001
111110001000100010
000001101111100110
000001110011010110
111101001110110100
111100101100011000
111110010100010110
000011000110000011
000000001010000001
111111011101000000
000001110001110110
000010111000001110
111111100110111100
111110011011001100
111101010111001001
000000011000010001
111110111100010110
000000101101101010
000011011100111010
111111101001010110
111110001011010100
000001101110011011
000010011100101011
000010010100011010
111100101110011000
000010010111001111
111111101111011110
000000000000000001
000000011110110011
000000110011000110
111100111010100110
111101101111010100
000000101100010101
000010001111010011
000000001000111101
111110001010101110
000001110010101101
111100001101100001
111101100101000001
111101100000110011
000000101010111110
000010111111100101
111010101100100010
000000010000110110
000001001101111000
000000000001010111
111111101011110110
111111000101010001
111100110000100010
111101111110110101
000001110010001001
111110101111000100
111110010010000000
111110000011001100
000000100100101100
000000000110100010
000000001000010110
000000001001001100
111010001001001011
111100101001111011
000010111010101011
111111010001100111
000010100101100110
000001010110000010
111011101000100110
000000011010000010
000000111000101010
000000001111011011
111110000111010101
111011010010110000
000000101101010110
111110000001001010
111101010010100111
111111010101111010
000010110001011100
000001111011000100
111011001100000111
000001101000010111
000010101100010110
111111010101001110
111100100110100001
000010000100111010
000000111111000111
111100011000010110
111101000101010011
111111011111001001
000000011001010101
111100100101001111
111110000011110001
111100110000100000
000001111000101001
111110010010001011
111101000111111110
000000111010111011
111110001010111001
111101100110001111
111111111100101110
111110100011000100
000000101010100111
111100111111110111
111101011011010111
000010101111101001
111110101001101011
111110110110100001
111110111110100010
111110100100010011
111111001100001100
111100011111100100
111101001100001100
000010011011011000
111100111010100011
111111100101000010
000000101010110111
000100001100101000
000000001011100001
000000010101011011
111110100000101000
111000010011100000
000000110010101001
111110100111100110
111110001101001011
111111010000011011
111100010100011010
000010010010100101
111100100000001011
000000010100010111
000001111010100101
111100101111001101
000010110000010111
000000010001010001
111111100110011101
000001010000110100
000001111010111110
111110010010011000
000001011011110110
111101001001001010
000001001110101110
111110011010101101
111110011110011110
000010010001110101
000000011110100000
111100111110110110
111111000001101001
000001101000100010
111110010000011010
111110101001111111
111111100001101011
111100011100011010
000001011100100001
111000011100110011
000011110001010011
111111000110010000
000010001011000100
111111001000101110
111111001111101000
111101100100001010
000011101111010100
111110010011110001
111100001011001000
111111101100010100
111111101101101010
111111010000111111
111100110000000011
111101000000010101
111111111001011101
111101011011000010
000011100000101111
000001000000010000
111011101000010100
111100010100011001
111111010101010011
111100110100000111
111101110111001110
000011010011111100
000000100001011001
111111011010001111
111111001110010001
000000110111000000
000011001110101101
111011000000111101
111110111111010000
111110110111011001
000011000111110100
000010001001110111
111101101000110110
000010001010101100
000001001001111101
000100101100111100
111000100011111111
000010010101000010
111111100101101000
111100111100010110
111101100110111010
000011111010010010
000010011100110001
111101111111100111
000001000110111000
000000010011001111
000001000100110101
111100111110100000
000001010111101011
111011111011011110
000000101001101000
000000000101011011
111110100000101100
000010110011010001
000011001101101001
000011010001110000
111111110010001010
111010111110100111
111110001110011001
000111010011100011
111001010011110011
000001011100101111
111100011000011111
111100001100010010
000001000101101100
111111010001111110
111110111110111100
000101111010001111
000000010001000010
111111100111110110
111110100011010011
111111110111100100
111110000110111101
111111010000010000
000011111100101101
111100100111101111
000011001100101000
111101010100100011
000011111010110101
111101100001001100
111110001010110110
000001000100101011
111110110100100001
111011100111001101
000011100110001110
111000010010010001
111111101011001110
000011101000110101
000011110100111011
111111100110101111
000000010110000000
111100100000110110
111101011110110101
000001100101110011
111110110000010111
000001101001010010
111100111010001000
111101000000010001
111100101100111011
111110001001111101
000010011100011111
000010001101001101
000001010110010111
111100000011111011
000001111111110111
111111111111100000
000001010101100010
111111101011110001
111111000000011010
000010100101100000
111111000011111010
000100011001001101
111111010101000111
000000100000011011
111101100101000100
111110100100000011
000000011101111010
000010101111111111
111110110010110000
000000100000111011
111110110010010110
000000111111000011
000100100000100110
000010011001011110
000000000000110101
111110001101110101
000100100100110010
000001100001100011
000000011010110011
000000111001111011
111111011110110111
000000110000000101
111100001101010011
111111010101000011
111010111001111011
111101110000011111
111111010010110101
000100011111011110
000010001011001010
111100110001011000
111110100010011011
000010111001110100
111111101011100101
111111011111010111
111110011100001110
000000010001000111
111110101000001011
111101110001010100
000010011001010110
111101101011001010
000000111011010011
111111111110011111
111101101100111011
111101101000111101
111111111010001101
000000001100000110
000000101000001100
111111011101000010
000001001111110100
000000110001010100
000001001111000110
111101001100111100
000001011100101000
111100110110111111
000100000001110001
000001110100010101
111101010100110010
111100011110100100
111101010111010000
111000110010001101
111110001000101001
111101111010111000
111110101111010111
000001101011101110
000001100001111001
111111010000011010
111101011010111100
000001000011101100
111100011110110011
111001100001111111
000001001000010010
111100101011111101
000010101001110001
111100000001010111
000010001101011000
111110101001010111
000001111101111000
000000011001100111
000011011010111001
000001101001010001
000001010000000011
111100111111001001
000001101110010110
000000110101111010
000000001110111010
000010101001011010
111111100000000010
000000001101111111
000010100011101001
111110111000110100
000001111011111001
111111010000100010
000100010011111100
000011000011000010
000000101101101000
000010101110000000
000000101000111110
111111000100110011
111110001000101001
000000011001110001
111101111001101011
111111000100101001
000001001100101100
000000010010000111
000100100110010110
111111010010011101
000001110110000100
000000110001101100
000000101010100101
000000110111011001
000000111011000000
111111100101101010
000010110101101010
111110001101110110
000000100110000101
111100001111100100
000010100101101011
111110000110010100
111110000101100010
000011001000110101
000001111111111010
111101110110011110
000010010110111000
111101110101010010
111110100000101000
111100000011100101
111110110010111110
111110110100000110
000001011101110100
111100101101100101
000010110101101000
000000100010100000
111010100011011110
111100100001100001
111111101111000001
000001101101101100
111110110101100000
000000001000100001
111101101001100001
111010010001101011
111111110110101000
000010110111011110
111110100001111110
111101110100110100
000001001001101110
000010100100000011
000001011011010010
111011011001100100
000001101100111011
111111101101010010
111111111001111010
000011101000111111
111101010000011001
000001010110101110
000000111101110001
000101000011011111
111110100100010010
000000110001101000
111110011101001000
111111010001011111
000011010111011011
000001011001101110
111101011001011010
111101100000101101
000100100100010101
111101010001001000
111111101010101000
111001100001011101
000001111001101110
000000011001011011
111101001011100010
111101101110011000
000000001010101011
111100110010000010
111101011000001000
111100100111011100
000010111000001001
111100110011010010
111101001011000110
111101000111110111
000000111000011100
111110100011010000
000000011010110111
000010011001111001
111101101011100011
000001011100101101
000001101000111010
111110011111000101
111111111100100010
111111001011111010
000001101000111100
000011010011100101
111111010010100000
111100010110001001
111100111110111011
000011111100010110
111101000110111000
000001110000011011
000011010100100000
111111110011011101
000010100110010001
111110110011100111
111110100011001001
000000101101000011
000000111001001001
000000111010111110
111100010011010011
111110110000111111
000000010010100111
111111100001101000
000011000101011001
000001011011011010
000011110000110000
111111100110110100
111101001101011110
111110110001001010
111111011000001001
111100100111011010
111111111000000100
000010101000010111
000001111111100101
111101010110100111
111101000100011010
111010110011110000
111110010010100011
111110101110100111
000010100110100100
111000100001011000
000101110110111111
000000100110111001
111110010010111110
000011111000000000
111111111100110011
000010010100100111
000101010111010001
000011101001000110
000000111100101001
000000001000110011
111010011101111100
000010010011011001
111010011011010110
111110001001001101
111101110100110010
000011110110110011
000101000100110100
111111101010000000
111110001011011110
111101010111111110
000110000101011011
111110010010000111
111011000100110111
000000011101100110
111101111000000011
111100001111111110
111011110000001001
000000011100001010
111100111011111110
111010101111110101
000000010100101000
111111000100011101
111100110000101011
111101000100010111
000001011011110101
110111111001110101
000001010100011101
000000100101011011
111111100101011001
111110101011000110
111100011000100100
111101000111111000
111101110001110010
000001000100000101
000000111010011010
111110110001101001
000010000111110011
111111111011010011
000000101111111101
111110111101111111
111101100010010000
000010111100101110
111101001110101111
111110100001011100
111111110011000101
000000000001110000
000010000110110010
111111111001101100
111101110101011010
111110111101010110
111111011010101000
000010011110001101
000000111010100001
111010011110111010
000011011011110111
000001011000001010
000101101001010001
000110000011101010
111110001010001010
000010111101011100
000100100101111011
000000111111011010
111101101101100110
000011011110010000
111101101001011101
000000011000101100
000000010100100101
111111100101010110
000001011000001101
111111000001010011
111111010111101000
000000001101101001
111110001010010000
111111101101010011
111100101011000111
111111000000010010
111101011011110100
000011000011101000
111011100110101010
111110111001101010
111101010110000101
111110110110100111
000100010100101101
000010000111111101
000000100000000010
111101000101110111
000010111000000111
111110010101011011
111100111110111001
111111100100011101
111100110001101011
000101000011110101
111101100010011101
000001100000101000
000000001001100000
111100010110110010
000000010110100101
111011010000011100
111111000100010101
000001110101101111
000010010001111001
000000011100110010
000001001001010010
111110001111101111
111111101010010000
111101110000100000
111101000110011100
111101110101101111
000011000101111111
111110111010100110
111110010101010111
111110101010011000
111011100011000000
111110011001001100
000001111101001010
111101110010100110
111101111000110011
111011000000101101
000100000110100000
000000011001000001
000000100000100001
000100110000110010
111111001000001011
000100010011001001
000011001101001101
111111101010001000
000001010101010110
000000011100111100
000010100001010011
111110111101111010
111110111110001010
000001011101101001
111110011000100111
111111000000110100
111101111100100000
000001110011001000
111100110101001110
000001110011011110
111110100001010110
111101010100100011
111110100111101000
000010000011001111
000010100000010010
111100110001111011
111110111101101101
111110100100100110
111111001110011011
111101010011111001
000001000000011110
111101111001000110
000000001100101000
111100111101011010
000011001010010010
000010110001001011
111101111000000010
111101110011111000
000010011111010101
000010101000100100
111110011111101011
000000100101100110
111110010010001001
110111111010101101
000000010010101011
111100110010011110
111110110110110101
111111011110111011
000100000110001110
000010000001010101
000001110010111100
111111011011111000
111110001110110011
111101000011010110
111111011100010100
000000000101110100
111100001110000011
000001110010000011
000000110001110100
111111001000000111
111110101101111111
000011111111001000
111101110111010000
000001001111011110
111111001001010110
000001110011000010
111101101011000110
000010000100010110
111100111010100001
111111110101011101
111111011100100010
111111100101100010
000101110110001010
000001011000010000
000100000111000110
111110000100010101
111111011110010101
111110100100000100
000000001100000000
000001111000001111
000000110011110011
000001101001101100
000010110011111000
000000111110101101
111100100110001100
111101111100110001
000001011010101110
111111101011110101
111110001110111001
000001111000110111
000001000010001000
000001000111001000
000011011011101110
111101011110000100
000001011101010100
111110100111000111
111111101010101011
000000110111000100
111101111101011010
000010100000101001
111011111110100101
000010010010111101
000000100111011101
111101001000100110
000001110011011001
111101001010101111
000011010100001011
000011110110111100
000000001110100111
111100101100010000
111101010000011000
000000111001001110
111110101011101000
000011100111011000
000001111000000000
111110100011010000
000000101010101010
111110011101001111
000100110001010100
111101111011110111
111110110011100001
111100110001000111
000000011001111110
000010100101110010
000000010100011101
111110101101101100
000100000010100011
111111111001100010
111110100101000011
111110110111110010
000000000110101111
000000111010010001
111111001111101000
000000100011011110
000001111011101100
000010101101110000
111111110011101110
111111011010111100
000010000111100011
000100010001110111
000000101100010101
111110110010111001
111111001101001001
111100011100001010
000010111001000110
000011111001110100
000011001101110001
000010000111101011
111110000011111001
111100110101011011
000010010110000100
000000100111000011
111100101001110000
111111010100111010
111110111111001011
000000001100110110
111100111010110001
000000111010000010
111101110000010001
111100011001101010
111100101001011101
000000011111010010
111101111011001111
000010010111011001
000001111100111101
000001100000010100
111101100111001000
111101000101001101
000010011100000101
111111111100111100
111101010000000100
111101100111000100
000000011000111011
111111010000110010
111100101101111100
111101011000110001
000001001010010011
111100101100101011
000000001101010011
000000000011001010
000011000110110000
111110101101010101
000000110001100110
000011010110101100
111101110011001010
000010001101110101
111111100010110000
000001110100001000
000000111110100000
000000011110011111
000010100000100111
111110100000100111
000010111010000100
111101011010011000
000011010100011101
000001110011110001
000010111101011001
000001100110101110
111110011111011111
111110011100000001
111101010110101110
000000101100000011
111100110111110001
111010110100111001
000010001001000101
111100011011101001
000001100001010111
111110100110100101
111011100010110100
000011000100101111
111011010001100100
111111100001000100
111111010110011011
111011100110011100
000011010101111000
000100000001001100
000010001111001001
111101101111110011
111011111111100101
000001011011000000
111110101111001100
000010001010110010
111111000111000100
111001000100010101
000011010010101101
000010011110101100
000010011010100011
111110111011000100
000000011001000111
000010101111110100
000010000110001011
111111000110111101
111111111101111001
111110000010000000
111111110101010010
000010111001001110
000100010110111001
000000010010000000
111111001101111111
000000010101101001
111101101111101101
000000001100111100
111100000011001100
000001011110010000
111111001001000001
111101101111000111
000001100011100010
000010010010001111
000010001101001100
111100111110010010
111111110111001001
000011101110011111
000100111000101011
111111110111110110
111111110110010011
111111000010011111
111110010110110100
111101011110111101
000010101110100010
111100001100100010
000001001010000111
111111100010110100
000001111000110100
111011010110111001
111111110011001110
111100011111011001
000010001000001100
000000011101000101
000100011010011110
111100101110010010
000001011101001100
111100100101010101
111111010111000111
111110111100110100
000001101011001001
000100110000110111
000001010101001010
111110000110011000
000100111110111100
000000110011100101
111110001101100111
111110001101001100
111111010000111111
000010011110000001
111100111011000101
000010001110001111
000000011110101000
111100100000000001
111110001111110110
111111100110110001
000001100011010000
000100000011100100
000010000100011100
000010110111001111
111110000101001001
111111011100100111
000100011101111110
000010010100110110
000001000110110010
000010100101110101
111111111001000001
111101110011000111
111111111000010001
111101110100110100
111100000110101010
111111010100110000
000010111011100011
111101000011000001
111011010000110110
111110110111111001
111101010111011110
111010000101011111
111001111100000010
111101111111100011
111101100001011011
111011001010101000
000010001100101110
000010100010001111
000010101011000000
000000001111011010
111110011101110101
111101110011000101
110111000101100100
000001001101100111
111110000010011011
000000111101011001
111011010101011011
000010000101101101
111111010100100100
000001010101110101
000000110010010101
111101011000101010
111101010011101000
000001000001111110
111101011100101111
111011101011000100
111010001110100001
111110100111110100
111100100011101100
000001011101100001
000010100010010010
000010011111110111
111101110110111111
111111010010101000
111100001000011010
000001000101011010
111111010110101111
111110111001101011
000000101100110110
111111001000010111
111101011101111000
111010011001100100
000000101000000001
111110111100101100
111011101001111001
000010010111101011
111101110101001011
111101000000010000
000001111101011111
111110111011111110
111100110000001001
111111110101101100
111110011100111001
111110100101100110
111110101000101001
000001011100001010
111101110011110100
111011101010110000
111110001010111100
000011010111100100
000010000110000000
111110110000111011
111111110100000101
000000111011100000
111101101010110111
111011010100010101
000001100110011000
111111011001010000
000010010010000010
000011101110001111
111101100001010001
111111101111111111
111111101000110011
000010001010010010
111110010100110010
000001001001111011
000000011001100110
000000010010001101
000001100101010101
111000010101011011
000011111011111000
111110100001011101
000101010001101000
111101111111100111
111111010101000101
110111000100000101
000011000000001110
111101100000001011
111110010010101111
000010010010111000
000001110011110000
111101111011100001
000010011101100001
111111000100010101
111000101001010100
111111111111100101
000010001011110011
111100101110101110
111110000001001001
111110000100010101
111100100011010011
000010001110011100
111100111100100010
000010011010111011
111111010001000011
111010011010010001
000010001110101010
111111001101111101
000000111011100010
000011111001000100
111110100110110010
000000001111100101
000010000110111110
111111011001011101
000001100001101001
111111101111100010
111111011110101010
111111000010110101
000011011001111011
000001111001010000
111100001010010001
000010001010000000
000000000110011110
111101010111010011
000001100011100000
000001011001101010
111100010101111011
000010100011100111
111110100101010000
111101111110001011
111110111111001001
111110100010111101
111110011010101010
000001011101100011
111100111011101010
111110000001001111
000010111101100101
111101001001001111
000000101101011100
111101111010111101
000100010101110101
000001001111100101
111110011000101000
111111101010111010
111110000111110101
111011000000110001
000001010001000100
111011110001011011
000010000110110100
000000001001100111
111110001101101100
000000000001010111
111111111110101001
111111111000011000
111001100001011010
111010000011110110
000000011110100011
111110100100110010
111111111011010001
000001110001001000
111101001111000110
111101001000101110
111110101011101110
000001101111100010
111110101011001101
111000001100110100
000000001100010110
111101010111101101
111101101111110001
000001011111010111
000010100100100111
000000110001101011
111100011011011010
000101011010001100
000000010010011000
111111101100100000
111111011111011101
000010000101111110
000000111111010101
111101110011010100
111101000011010110
111110111001110011
000000010100000011
111101011100000001
111011100110101101
111111000101000101
111100101011111100
111101111110101001
111111111010110110
000001001000001111
111100110001001110
000001010111111100
000001001111001111
111101011110110000
111100111011010100
111111011001110100
000000001110111010
000010100011101100
111101011100001110
000001001001010010
000100010011010101
111011111000001000
111111101101101010
111111011111001101
000001000100111000
000001000011001000
111100010111101101
000010110010110011
000010100101001010
111111101000111001
000000100101011110
111100001100011011
111100111110001011
111011011001010110
000000100001101110
000001010000000100
000000101010000010
111101010000001010
111010011100001110
000001000000000110
111110001110010000
000000011001011101
111100011001011000
000001001001110101
000010101001100000
000010100111000110
111100111010011110
000001101101000111
000011111000101001
000011000011000111
000100000011100001
111111010111101110
000001101011101001
111110010011111000
000000111010110111
111110000000100110
000101010000000110
111101001101111000
111100100111011100
111110000101100111
111110110100101111
111111001011100000
111101011101010111
111101100000011000
000011011000010001
111000010000111011
111110011111011010
111110111110110101
111110000001100110
000000100001100110
000000101011011011
000100011111011111
111111101001001110
000010011011110100
000000111011011000
111101101110111011
000010101111011111
000101000100111010
000010000010000101
111111000000011100
000001000100100001
000000010100000010
000011011001011111
000011100110100000
000010100010100010
111010010110100000
000010100011110011
111101000100001101
111110011110110011
000000001110010101
000001010011111001
111011110000010011
111101001000101100
111100000011100011
000101000010100100
111110011100111101
111011000011010010
000000001100110001
000010011101011100
111100101111111001
111111100000011101
111101010000001101
000001110000100011
111110001010000000
111111000110100101
000100110000110100
000000011010101110
111111001001001001
000110101111000011
000010110001111111
000010000001010110
111100101101001100
111110101101000010
000100000000110110
000000011110100011
000000100110001100
111111011000010100
111100000011111010
111011010010001011
111100110111111001
000101100010010011
000100000100000101
000010100001011100
111101101110111101
000100010000001001
111010110000100110
111101101111001000
000010111111001000
111101110110010001
000011110111101010
111110000111010010
111100110000111100
111111011111001100
111111110000101011
000000111111100010
000100010011111110
000001000010101000
110110000011100101
111101110110011001
111101110011000000
111100101101101001
000000100010001101
000001101010001001
000000010100011100
000001010010001001
111001011010010000
000001111010000111
000001001000101100
111100111001100100
000001000000000111
111111110111101000
111000110111011001
000000110100101000
111100100101011101
000100000000001111
111100011110001110
000010101101111011
111110100010010100
111100101001001011
000011011110001000
111101110001011011
111010011110010000
000001111110011010
111011101110110110
000010010000111000
111111000100011101
000001000101000001
111100011101110001
111111011000000011
111111110100100111
111100000011001010
111100101100011100
000000001010101000
000001000111100101
000000001111100100
000001110000001001
111100111101001100
000010001010000100
000000001010111011
000000110001011101
111100001111010010
111100111101101110
111101111100001001
000010000000110001
000000101000000110
111110100001011010
111111111100110111
111101100110101000
111111010110100000
000000011001000011
000010000010000001
000000001001011010
000001010000011101
111100001010101000
000011111100001111
111011110001001101
000010101101100001
111111010111101001
000001100010011111
111101111101111000
111111101110001011
111111000001111001
111101011001011100
111100101110001111
111101100000010111
111111101011011010
111111101110001001
000001110111001101
000000101010111100
111110000010010101
000001100001101110
111111000111101000
111110100100010101
111010001111111010
111100100101001011
000011101100001010
000001000100001111
000000110011010111
000000010011111011
111110001011110001
000011101011101100
111101101110000100
000100001000010101
111110011111010110
000001011111011011
111101010101011111
111001110100101011
000000001000100000
111110101110100100
111001100001111111
111100100100110111
000001110011100010
111111110010101111
000100000001111001
111101000001000110
111100001110101011
111111001101000011
000000101010001111
111111001010001100
000001111100010010
111110111001000000
000000011010110001
000001000100001100
111011100001001100
000100100010101111
111111100000111010
000000100100010000
111000110000100010
111011100110111010
111010101111000000
111010110101100110
111010101100100111
111011011010001101
000000001101011000
000001001001010100
111111000111110001
000010010100111011
111101110101110100
111101010100111100
000000010110110100
000010011010101011
000000101101110110
111010101110101101
111110101110000001
111010001101110001
000000000011101100
111111011010000000
111111000111110101
000000011011001111
111011101110010000
000011011100101111
111111111000010000
000000100101000111
111111110010000001
111101001111001110
111110010000010010
000001010110100100
111100111100101011
111110100101010101
111100100101000010
000001010100000101
111101000111110100
000000010001100010
000010010011010011
111110010100010111
111111000111001111
000010000010000001
000011000100100011
111100100111010011
111111111101011111
000001100010100101
111101011110011110
111111001110101110
111111101010111100
111111110111110110
111010100011010010
000001000010100000
111110110101111100
111101010001000110
000010011100101101
111110010000001011
111110000011001010
111101100110110100
000001001101111110
111101110000111001
111011011101100001
000001000100100111
111110100111011001
000000001011110001
000011000100101101
000010101001100111
000001101110010110
111110101100011001
111101100101111001
000000000100010110
111111110100101011
000001110010011001
000010010101110001
000001111001011101
000010001110010111
111101110111100101
111111011001110010
111110111101010110
111110111110111001
000001011010111100
000011111011110111
000100100111100101
111100101001001001
000100100110011101
111111000001100100
111011000110111001
000010000010111101
000010010101010001
111011100000001101
111101011011001011
000000101100111101
111111010110001110
000011010110101100
000001100110110100
111111111110110111
110110100010100001
111010101011001110
000000101110111110
000010100000101001
111111110111100011
000010001110111100
000000010001000111
000001000110100010
000011111010010100
111111011100100100
111110010000101110
000011101111010110
111100101011000001
111100010001111010
000010101010100100
111110100001111111
000000111011010011
000010011010110001
111110110010111111
111110000011110001
111100101001100111
111110101010000010
000010010001110100
000000000110010011
111110011110100101
111100111001110010
000010100110111111
111111011100011101
111100111111010011
000010100010000111
111101001100100101
111111111001000111
111011100011100110
000001111101000001
000001111010110110
000011110001011011
000010111101101000
000010101011001001
000011011110000011
111111100011010111
000011001010110011
000000001101101001
000000011011000111
000010101000100110
000101100101011011
000001001000110100
111011101000101111
111011011110000111
111100100011000000
111100101101000001
111110111001011001
000010010011010100
111110111100110001
000000011111000011
111110101111011111
111111111101101101
111101010100100000
000000010101110011
000000001100000110
000000000010010001
111100110011000110
111110111101010100
111111000000101000
111101110110100000
111111101100101111
111111101011010011
000110011000100100
111010101001011000
111111011110111011
111011001001011111
111111100001101010
111111100011100110
111100010000110100
000000110010111010
111100011000000101
000100110110011101
000011101101101011
000011011000101010
111101101100111010
000000110001000000
111100110010011010
000001101111100001
111011110011101101
111011101110001100
001001000001100110
000100000110010110
111110000010100110
111100110001100110
111100111010100010
111101110110001101
111101101101000011
111101110010001100
111101110110110101
111110010111111100
000100000110001110
111000101110101011
111111000001101100
000111011100000011
000101001110010110
000011100111110010
111000100110001011
000100011101101000
000001100010111000
111110010011010010
111111011100111010
000100000010001110
111111100101101000
111111010110000110
111110101111111101
000000101111101111
111111010111101110
111111011111100000
000010111110011011
111111100100001000
111110100010010010
111111011110111100
111100101110100000
000000000000110101
111011011110111011
000001100101101000
111100111111001110
111111100001010001
111100011011010000
111110000011101011
111110001011101101
000000000100110011
000100010110000010
111100111001101101
000001110110101110
000011011000101010
000011010110001111
111101101001111010
000001011001110011
111100111111011101
111101011011111110
000000111100111110
111110111000011001
111110010011101001
111101011101100001
000011110001110101
000001100000110110
111101000110010101
111110001000000111
111101001001000100
111110001011110100
000011000000000111
000011101001110011
000100000011101011
111111100101100110
111111010001000011
111110110010111000
111101110111110010
000000110000010101
111111111100111000
111110110011011000
111111011100101111
111110110010000010
000000101001011010
111100110010010101
000100110101000101
111011000100000100
111111001011110100
111100001010110001
000010001010010101
000010000101111111
111101011110011010
000010010111000100
000000111100011010
000011011111001000
000100011100011001
000001010010011100
000001000110111001
111110101001011111
111100010011100100
000000001000010110
111110000011000010
111100101110000000
000010101010010100
000011001100100100
111111111011010111
000001110110010000
111110011101110011
111111001011011010
111101111000111011
000100011010101111
110110110001110101
000100100101010100
111100001010000011
111010110011110110
000000100001100011
000011100010011110
000101000100110100
110110000111100111
111100101110101001
000001100001111110
000011101111011000
000011101110101010
000010010001000011
111111011011111110
000011111010110111
000000100111000101
000001111111000111
111111001001001101
000010101001111011
000001011000010111
111111000111000101
000001111000000010
000010000001000000
111101000010100101
000000111101101101
000001101001110100
000000101101000010
000010100110111001
000000100010010011
111111101100101101
111110101001010011
111111010100111110
000001010000001111
111111111001110010
000000101111111100
111110000010010011
111110100110100111
111100000001010000
000001101011111110
000000011100101110
000000110100011011
111011101110110100
000010011101001101
000010011101111000
111110100110110101
111110100101000001
111100110111011100
000000111001100100
000000100001111100
000011000011000111
000011001001100111
000000100100111111
111011111010000011
000001001011000100
111101101101000110
111111101111010110
000010110101100010
000001101011100101
111010110110010101
111101001011101010
111101101100000001
111101110111100011
111111000001110011
111111110001011010
111010110111001100
000011011011101100
111101000010111000
111101000111100000
111011100110111010
000001110100001110
000010000010011010
111001000011000010
111101101100001111
111011111111101001
000011001110111010
111111111101110001
111100010110111000
000001001010101110
000011101011000010
000010101001111110
000100100001010011
000001010010010111
111111111001011001
111110100000101101
111100101000100001
000011111110001000
000010110101101001
000001000100101100
000000011001110101
000000110110101110
000000000011001111
111110000000011100
111011001100011011
111011000001011011
111111010000111111
000001000011001100
111111010000101101
000011010101010111
000000100001001110
111010101011111101
111100000101000111
111111001101011011
000101001011010000
111110110001001010
111110001010010100
111110100111000101
000000100011001110
000011110110111110
000000011011101111
111101111101101000
000000011011111110
000100010000001001
000000000101000011
111101000100101111
000000101010001110
111101000001111011
111011011101100111
000011011101100110
000010001010101000
111110110101010101
000001011000100111
000000101110011111
000000001010000011
111111110100000101
111100110001110100
111101101010000010
111011101000110001
000000101000101010
111101101010100101
111111000011010100
111100110100011110
111111010010010001
111110001001101100
000000000001001110
000001110011100010
111111100110110001
111110111000111001
000011110010001100
111111001100010010
000011000001100110
000001001111001010
111110011111001000
000011110011001111
111101100111010011
111100110101000010
000010010000110111
111110010101000101
000010000001001110
111010101000000111
000000000101110001
000001001101101011
000001100010001001
000001000010110101
000000010101001011
000000010000011101
111101100101001111
111111110000110110
111110101000011011
000010000000111001
111100110010001001
111001011010001011
000010100101010001
000000100111100111
111110111011011111
111100101101010010
111110001101011110
000010011001110101
111011101001100011
000000000100000111
111100100110000010
000000110111010001
000001001111000110
000000101000111110
111111000010001110
111111100100111111
111111110000101111
000001001010011010
111110101110001011
111101010111000000
111111110100000111
111110100001111000
111110101110001101
111110001111011110
000000000001001001
000000101110000100
111111011110001010
111101010001010100
000010010101000100
000001001011101110
000010110110010110
000000010011111111
111110101010101101
000000011010011000
111110010010011111
111110110011001001
111100110001100100
111101000011011000
000010010001000101
111101001001100110
111111010001000011
111101010111110001
111101010001100010
111101101110111000
000001111010110001
000000101011101010
000000101101010110
111110000000111001
111101110001000000
000001101010101001
111111110111000100
000000011001001000
000000000001001011
110111010010011011
000010011010111100
000000101110110111
111111100100110011
111101101101111000
111101000010111001
111101010101011010
000100001010001010
111111000110101010
111110101001110111
111111101100100011
111111110111110011
111010000101001111
111111000111111001
111100110111101111
111011001001011001
000000100010011100
111100100101100010
000001011000100101
110101100111010001
111100010100110000
111110110110100100
000000001011000110
111110100010001101
000010000111011101
000100010111000110
111100000100110111
000100001111101001
111111100011011101
111111010010110001
000000010010010011
000000110101000011
111101100010010011
000000000110011101
111101111101001011
000010001010101010
111111110101101011
000001100111101100
111111101110100000
000001101101101101
111100101000000011
111101011110110101
000000001111100101
000000001000000010
111100011011000000
000001101000111010
000001101110010001
111111001000111110
111111000010000101
000000111010100110
000010000101000111
111101011110001111
111100110101000001
000011110000111101
111111010101110111
111111001010011101
111100001110100000
000010111010110011
111111011110000011
000000000001000010
111101101101011111
111101011001001001
111111111101110110
111111101110010000
111111010011000101
000010110001111100
111110011001111000
111100110000100101
000011011010111010
111111111101010010
000000010011011000
111111110001010001
000000110111000000
111110101000000000
111111000101110000
111101001100111011
111111100011011100
000001011100110010
000001000111001110
111011111101101001
111011101111000111
000001100100001100
000001100100000000
111011010111101100
000010000001011001
000010101011010111
000010011100111011
111101101110110111
111110111100110000
000000101101010101
000010100100001110
111111101010101011
000001100110100010
000010010001100101
111111100011111111
000000001110100111
111111011011100000
111011100101001010
111110101001011000
111110101011101001
111010011000000001
111100100010000101
000001000100001111
111011111101000111
111111110001100010
111011000100100000
111101110010111110
111110000100101000
000001011101111011
111100111001111111
000001010010111010
111101010001110010
000000011100011010
111110101001100111
111110111111000110
000011110011011001
000011010011110110
000000101010111011
111100110101000000
111011101000101111
111110000000000100
111000010111111101
000101001010100111
111000110100000101
000001000010011100
111100100001011010
000001000101111000
111000110000010011
111010010101101111
000110010110000100
000000101000011100
000000001011101110
000000110011000110
111111001111001010
111110011101000111
111111101011111100
000000111101100111
000000011111101001
111101110110011011
111101111100011001
111101101000101010
111111100011000110
000010001001111110
000001011100011001
000010001100110000
111010000011101101
111011101000011011
111011001001010101
111101101011000000
000010001011011010
111100111001111010
000010100001000010
111100110001111000
000110001001000101
111011100011010011
111110101100011001
000010000100010011
111100011111000001
111110001111001000
111101101001101110
111100110100100000
000001101111011111
000000110010000111
111101111110100101
111001111000101111
111001100001011000
000010000101011100
111101110101011001
111111110011011011
111111011110010111
000001000001100000
111110001001111111
000001110001011011
000000110101100101
111111101110010010
111101100011100010
111101100010100001
111110110101100010
111010011000111000
111110100010110001
111110100000111011
000001100000001111
111101111011101000
000010101101000111
111101000110010100
000000101110011001
111100100111101011
111111111011000100
111111110011111010
000100011111010101
111110110011001100
000011001010111100
111010010110110000
000010110100110000
000011010111010111
111110111100011011
000001001011100000
000001110000010011
111011100100101101
000100010001001111
000001011100011001
111000100101100101
000001000101010100
000010000110101101
111010100000011010
000001000010000110
111100101100110100
000000010011100011
000001110101010101
111101111110101101
000001000111011111
111001100000011010
111111010111111100
111001001111111011
000100001000110100
000001100111100001
111101111101011101
111100111100101010
111101010011001011
000100111011101011
000011010111000011
000011100011010110
111110101001000010
000001011011001001
111110100011010100
111101011010000110
111100110100001110
000001110000111101
000010001111000111
111111011000110100
111010001110100000
111110101010110100
111100010010100100
111100010111011010
000010000100101101
111100101000111111
111101010010101000
000000010000111110
000001101110010010
000010000001111001
111101111111101101
000001110111000111
000000111010111011
000001111000110010
000001110100100011
111110011000001110
111111101100100111
000000001100001100
000000111011100000
111110000101101110
111111100110111001
000010110100001001
000000001101101110
111110100111001100
110111011101110101
000001100000000010
000000000010011100
111111111111111100
111101100011101101
111011111011010010
000010011011001110
000001000001001010
111111101000100001
000001011011011000
000011111010011000
000000110111110000
000000100010110000
111101001000001001
111111001011100110
000010010000111000
111101100111001011
111011101011100010
111111001111110101
111110110100100101
111011111101101001
000000001111010000
000101001111111101
111110111010011011
000000011101001010
111110010000000101
111110001111101101
000000100010010000
111110010011100110
111110110001010110
000011110010000101
111100110011101110
111001110011111100
000000010011100010
111101111101110100
111111100100001000
111110001010011000
111101101110111000
111111000101111111
111111011001000110
000001000001100111
111011001100111000
111110011111111111
111100001101111110
111101000001010101
111111010100100000
111110011001110110
000010101100011001
000001011010010001
111110100100001100
111110010110100000
111101000011111101
111011110010011101
111100111000111011
000000100111011010
111110111010011001
111110000100000111
000001010010000100
111101110011011111
111100111010000011
000001100000011101
111101000100010100
000000100100111101
000001000101010000
000000110011011111
000000001111000101
111000011010100011
000001110110010101
111110100110000110
000000010000001101
000010001000011100
111011110000101011
111111101010001001
111110110010000000
000010100011001100
111110100101101101
111111001111111110
111011111101101110
111111101001100001
000000101000100101
111111100001100000
000010101100111001
111100100011011100
000100101110101100
111100110111111101
111110011001110000
111100100000010110
000000001111010111
000000111110000000
000100001000000110
000000110011001001
000001101100100111
000001010010100101
000000100101111011
111011010000010011
111100000001000010
000010100000010100
111111110111001101
110111101101000000
000000001001000010
000000110000000110
000010100110000011
111111010101010010
000001001000011101
111111100000000011
111111101101000111
111110001001000101
111101000100100000
000001111110010001
111110100010011010
111110001101110101
111111011110011001
000010000111111001
111111011111100011
111111001110110001
111111100001100011
111110001111011010
111010100111101010
111101011011101100
000011000101100111
000010011011010011
111101001001000000
111100101101001001
111110010100001011
111110010111001011
000000111100001000
111101011101101000
000001101100001000
111110110100001111
111100000101110001
111100010011110001
111101001011001101
111110101001010010
000010010011000101
111101111000100001
111001100010011011
111101001011110100
111101000001101010
000000101101101101
111100001001110101
111111000101010001
111111101010011010
000011000011010111
111101111000100000
111100100011111010
111100111110010110
111111100101001111
000000000110101110
000000000110010010
000001110011001001
000000001001100111
000010011001001011
000001110111010100
000001001011101111
000000001000010000
111111001011100011
000010000001000001
111100110011011001
111110001010100011
111100111001110001
000110001110101001
111011100001001000
111111110110110100
000000000011001111
111101100000101100
111110111010011101
000001010110110101
000001011100100001
111110101100000000
001011111010110000
000010001001100100
111111000010110011
111111010011001011
111011111001111111
000010010100101111
000000101010000100
111100111001001110
111110100100000111
000000010000000000
111110101011101111
111110101100001011
111101011001001100
000011111001110011
111010111000011101
000011010001111000
000010011110010011
111101101100100111
000111001001001010
000110001010000010
000110110001010011
000000001100100000
000001100001000000
111110100001100000
000001101001100100
111101010000111110
111110100000101111
000000011101111001
111101110111111011
111111111100101000
000010100111000010
000001011100011000
000001011010011110
111101101110011000
111101110010111010
000000101100010010
111110011011010010
000101000100100100
111100010000100110
111111011001010011
111110111010000001
000001111010110110
000000111111000101
000011101000000101
111111110000100010
111101000111011101
000011010111010110
000000000001000001
111101001101000000
000000111111010110
000001110101011101
111111001000110111
111111110110010001
111101000011110000
000001111000011101
000010111011010100
000001100001010001
111010100010001010
000100101001011010
111100010000001101
000001100110011001
111111100111000101
000010110001110100
000001011010110111
000001110110110111
000010000011001000
111111101110001010
000001100000001110
111111111001101110
000011001010000000
000010001110000110
000001111010110100
111101000101000100
000000101111101000
000010010001000100
000010010011111011
111011100110010101
111101010101101111
111101110111001110
000001111110000000
000100001000110010
111100110111100000
000000000100110111
111111110001000100
000010011110100101
000010100111101010
000011011001110101
111110000001101110
000001110011100001
000100100101111111
111110101010010011
111100100000110011
000010010010111001
111101111011111000
111011110110111110
000010001011000011
000000010100011001
111111000010000001
111110011110111001
111110011101100000
111100010100111010
111111101000000011
111110111101000110
111110111011100110
111100101010001110
111100010110001110
111110100000010111
111110010001110000
000011101011110001
000100010000110100
000000101000000110
111001101010111100
111010100100100110
111100100001011001
111111110101111011
111011010010011001
000000001101000010
111110110101011101
000010110111100100
111111111101100101
111111010100100001
111111100000000101
000001110100111100
000000101100110100
000010000000011100
111110010011101001
111111100100001011
000000111100001011
111111011101100010
111100000100000011
000010110010110000
111100110010011100
000001111100110100
111100011000011001
000100110110100101
111101011100000010
111100101101011100
111111010100110110
000010010001101100
000010101111001001
000000100001001010
000010001100101001
111100111010011011
111110000100111101
000101111010111000
111110000100111110
111111000110100000
000011001010110001
000000010101110001
111110010100101010
111110000100010010
111110011011111000
111101010001110110
000000010111001110
111101100011101000
111100010111110110
000001110110111101
111011110101100100
000000010011110100
000001111110110100
000001110000101000
111100001101010110
000000100001000000
000000010010111100
111100101100011101
000100001000000000
111111011010101010
111101100110000111
111110101111011110
000000100100111010
000000010000101011
111111100100010001
111111000111110110
111111100010110111
000010100000011100
111110101001010000
111110000011010111
111110000100010000
111111010011100110
000001100101100010
000010110110111110
000001001111010100
111110110110100110
000001100011101101
111101111000001001
111100001010011100
000001001001110101
111110000110011111
111111101110000011
111110010000100111
000011110110000100
111011100010101000
000011011010010010
111111110001110010
111110010111011110
111101011110001010
000010000110110000
000000101110011100
111011111010111100
111100100100011110
000001100111110111
111101001000111100
111101011000000011
000001010010011110
111010110011001010
111011110110011111
000000100001110101
000000101100011111
111101000101101001
111011001011110111
000010010000000011
111101101101011011
000001000100110100
000001110110000101
000001001100111000
111111100011010011
000010101011101001
111101101011101101
000100001001101011
000000010101100100
111101101100010100
111110011100011000
000100000111010110
111110110001100011
111011111011000110
000001101101101001
111111111111100101
111101011111110010
111111110101000000
000001011100101100
111100111111100011
111100100100100110
111011100101110010
000001000001011001
111111101011111110
111101010011101011
111010100111001100
111111101111010101
111101100111110010
000001101000001110
000010001001110011
000000000101000111
000011110101101101
111111001110110111
111101101110000010
111110110011111011
000000011101010100
000010111110000000
000010000011110011
111110001000110111
111110100000101011
111100100111111111
111110000011111111
111111111000011110
000000110011110010
111101110111111110
111100101111111010
000000001111110010
111101111010101100
111110011011010011
000001110001101001
111101001001100001
000011100010000011
111111110001000000
111110110111111000
111011001111101011
111101000100011000
111110001101110011
111100000100100000
000000010110000011
111111110011101110
111101101100001000
000010101000011100
000001111010100001
111110011011101010
000001010101110000
111101100110111100
111111110100101101
000000101101001001
000001100011101011
111111110111000010
000100011101100000
111001010100100010
111011000100101111
111111101001011011
111101110000110101
111110111000101101
110110100000100101
000101100010001100
111111101110110110
000100110101001100
111100001010101110
110110100110100100
111100111011000110
111011001110101010
000001000101101100
000001111000011010
000001000100101010
000001111010001000
111011111011011000
000011001011010101
000111000010010000
000001111100100001
111101100101011011
110101100101111010
111111010110101000
111110110000010000
111100011111010001
111111111010100000
000000101000101100
111100000000011010
111110111100010111
000011111000001101
111101101001101010
000001000110011010
111111101000101101
111011100001010011
000000000110001101
000001110001001101
111111011110101111
111111010111000101
000010001010100100
111111110010111001
111100110000000010
000010011011111010
000100010000001011
000011101000001101
111111101110100111
000011000001011011
000001110100011001
000011101000010110
000000011101010001
000000011111101001
111101011001111011
000100101010100010
111110001011101110
000000100100110000
000100101011111101
000000001011100101
000011110010000110
111111000011110110
111110111010011010
111100101000101100
000000111001110100
111110001101000101
111111101011100011
111111110010111011
111101000000111000
000011000000001110
000001100100011000
111111110011101110
000010111111101001
111111010010110000
111110010000100111
111110111111111000
111100111110001001
111110110011010011
111100011001101101
111110100101011000
000001011110111011
111110110100000110
111110011010010101
000011110011101101
111111110101011001
111011100110001110
000001110010100111
111110010101101011
111101111001000111
000001011101011110
111100010010001100
000001111100100001
111111110000011010
000011100011110111
000010011100000001
111111111000010111
111110000101101011
000100011000111000
111100100011001001
000110100011110010
111100011100111011
111110100001111110
000010001111010111
000101010001111011
111111010101000010
111101111011111101
111010111110011000
111010111110100100
111111101001111001
000000110010100101
111101100001111110
000101010011111111
111011110001111011
111011010111101000
111101011101100000
000000110110010111
000000010111001010
111100110010010011
111100101001101000
111110000001110100
111110111010111010
000101110100100011
000100111101110101
111101100010110101
000011100010111100
000010001110011110
000100011100101111
111111011101011011
111101001101000100
000001001111110010
000011010010001101
111110000001101101
000010101111001101
111100100111001101
111101101000111110
000010000001011111
000000001100011111
000001011111010101
000001000111100010
000000000101111010
000001110110110111
111111011110100101
000010100011010100
000000100000110111
000010000001110100
111100110101101111
111101011000010110
000001010100001101
111111000001111000
000001100010001010
111110111100011110
111101100111110011
000000100010010011
111110010100000000
000000010110100001
111111100011110001
111111000100011011
000001110001001000
111101011110111101
000001011011000110
111110101111110100
111111101010101001
111100110011101010
000010111000000010
111110011010110000
000000001111100010
000010110001110010
000001011100100000
111100111111110011
111011101011110000
111110000101110011
111110011001001111
111110010100110111
111111100110001110
111101101101101110
111110010111111010
111110101011001101
111011011100000011
111011111010100111
111110011101000110
111110000110111001
111010101101110111
000001010100111100
000000101010110111
111101100011000110
000011001111001000
000001101011000111
111111010010010101
000010110110000011
111111100100001000
000001100010111100
000010111110010010
111111101100000010
000001001000011010
111011001101110011
000100001111001011
000000100100101010
000010001001010100
000000101011011110
000001011000001001
111110111101010101
000000000111101011
111110010010000110
111111101000110111
111110101001011011
111110001111000000
111101101100011101
000000101001011011
111111111000111110
111100110101011111
111110100001110001
000001110100111111
111110111110001001
111010010000100110
111110010100110110
000011111000110010
000001101110111000
000010011001001011
111110110101000101
111111111010000000
000010110111000100
000011000110100111
111100111111010000
111111111011000010
111101010001111100
111111000110101011
111100011010001100
111101101100000001
000000110101010101
111100101110000001
000011001010110101
000010000111111101
000100000101011111
000001111101010001
000001010001111000
111110111001100110
111100111101000000
000001011101010000
111110110101001000
000011000010010000
111111001111001110
111101110001110010
000011010101111110
000001010111000100
111101110000001001
111110000001011001
000011000000111101
000000100111111011
111100000001100101
111110110111000111
111100110110011111
000010000001011101
000011111110101000
111101101010111101
111110011001101001
000010010101011101
000001010111101000
111111110101111111
111101110011001100
000000001000100001
111111100100000110
111111101001111010
000011000110100010
000001111110000111
000010000000001100
000001111010011001
111100001010011111
111101100100100111
111110011100110101
111110111110111111
000000000101010000
000010000010101101
111101011100010010
111110110110111110
111111110100101110
000001001001111011
000000010011111110
111110111101101100
111110001110011001
000001110100011000
111111101110010110
000011001111101100
111110110111100101
111111110111111100
000000010010001100
000010100010001100
000000011111010001
000000101010111011
000011010001010110
000010111010010110
111100000001001000
000001010100011001
111101111111011001
000010000001101011
000010111011111000
111101000010101011
111110001111011101
000010001011111010
111101000111110110
111111100001100001
000000001100101100
000001110100100010
000010001010100110
111101101111010010
111101011111010011
111111101100110111
111101011011110110
000010011101101110
000000101111100100
111101001001000110
000011000001101011
000010111110001011
000011010101101011
000010111110010000
000011011111101011
111111010100001101
111111000010000001
111111110010011101
000010000111001010
111111111000111111
111100000110100101
000010011101101110
111000011001101011
000000000011110011
000010011100001100
111101000010110110
000000001000101110
111110111001010011
000000011000111111
000000011001011110
111101111010100010
000000010110011010
111111001110000111
111110111101010010
000000010010010001
000001011000001100
000010001100110010
000001011010101010
000100001111111000
000000000001001100
111111001011010110
111101010100110010
110111101101010100
000011000110111100
000000010101101000
111110000010110100
000011000001000101
000010001101110100
111101111110101010
111110111010100011
111110100110110101
111111011110110110
000000000011011011
000001100001001111
111100101010100110
000100011110111111
111110010100011100
111101111000110000
111101001010000100
000010110101010110
000000011011001100
111110110010011011
000010110111011001
111100111101101101
111111100110101101
111110100110110111
000010000001110010
000011001111111010
000000000011011011
000000110010100001
111100110100110100
000100000101010101
000001001010100101
000001100110010000
111111011001001111
000000110011111000
000000011010011001
000100101010001111
111110101111010110
000000001000110110
000000011100010001
111111001100000100
000001100000101111
111111110110100011
000010010110000001
111101101101000100
111110000111101010
000010110001000101
111110011010000001
111110010100010110
111111100010011010
000000111001000000
111111000001100011
000000111101011000
000000100010000110
111010100000001110
000010000011100110
000010001100011001
000001010110011110
111111001101011100
000001000000100001
000000111100110001
111110000001101011
111110100101111011
000000101010110111
111110010001101000
111100110100110001
000010111000100011
000000110001011011
000010000010011000
000010000000010000
000001111000111001
000001111101101010
000001001000010110
111100000010010001
111110001100000001
000001011100010100
111110101001001000
000110100010011110
111010001011111000
111100111011101000
111101100001011011
111101111011100110
111100011001001100
111111001000001101
111101011110000000
111110000010100101
111111110000111001
111100001001010000
111111010100100001
111001010001010010
111001001000010000
000010100010111100
111100110101100000
000000111001110111
000000100110001000
111111100110001010
000001101101010111
000011010100011010
000000100011010000
000000100011010000
111110011001111111
000100011101100111
111001101100010001
000001101111001001
111001000001110010
111011110001001011
111111010000000101
111110100010000011
111100011000010111
111111010010110001
000011101110100011
111101001011111011
000001000010100110
111100011010001001
111111001000001011
000010010000001010
111101111011111110
111110101100111011
000100000100101111
000001001100010010
111101110100111011
111110010110101100
111011100001110010
111100010000010000
111100111000111110
000100001010010111
111100000100010011
111010010000000000
111101110000000110
111011111100111010
111110011111110111
000001100000111111
000010010010101110
111001010111101100
000001000010000111
000000100001001111
111110111001000011
111110101011000100
111110011001111111
111100010011111001
111110101100110010
000000001010101100
000010000001100010
111101000111110000
000010101010100101
111100111010111111
111101110010010001
000010001001110111
111101011001100111
000010000011111100
111111011001111001
111011111100100111
000001111011010001
000011110100011111
111111001001110001
000001011011111100
111100011101010011
000011011101001110
111100100101000000
111111010100001110
000010111000011101
000001100011011000
111100110000101011
111111100001001111
111110010000010011
111101111110010100
000011100011100110
111011100101011100
000001101101001101
000100011011100100
000010111001101011
000001001000111111
111101110001100010
111101010101011000
000001101111010000
111110011111000010
111111111100101011
000001101111101001
111110101111001000
111100011011011110
111111100011001010
111100101000011000
111000001101011101
000000001110001010
000001100101100000
000001000011100101
111111111111111010
111110010010011010
111010110100000001
000000110101100001
111011111001010001
000011001011111100
111100101000001100
111111010000001111
111100001001110010
111110010111010111
000001101111001010
000010001000011001
000000000011010000
111110001011101100
000010111001100011
111100110011110001
111110110001011000
000001111111110011
111110111010000110
111111111010000100
111111110111001010
000010101101101011
000000110100001111
000001111000010000
111100110100011010
111101111100000101
000001000000000111
111110101100100100
111111111011110001
111110001000011010
111011101001111011
111110011111011110
111100100001011100
111100111110000000
000001000001010111
111101010000110110
000011011010011010
111101001001100110
000000101111010010
000001001011010001
000011101111000100
111110010001101000
000000101111100011
111101110010110110
111111010010000010
111110010010111111
111111101110011101
111100101000100111
111111001110101110
111000111011101001
111111101011011100
000011111111101010
111110010010110001
111101001110000011
111100000001010100
000001001000101001
000001010000011110
111110110011011000
000001000001101010
111100110000000000
111100101101101111
000001111001101110
000000101011111100
111011001100001100
111101011111100010
111100100001011111
000001000101110100
111110000111000011
111100001001011110
111011111110000000
111110110001110111
111111101111111111
111111001101000111
000100000101100110
111100111011001001
000001001000100000
111100000111011010
000000100000110101
111101001001101000
000011101000011100
111110000100010000
111010100111000001
000000011100101011
000000111001101010
111100101101101010
111111000111110010
000000010011011000
111101010100011001
111100011101100001
111110100110010001
111011001110001110
111101100101000101
111110001100101111
000001111000001000
000011001100010111
111100011011100101
111110010011101100
111100110100011010
111110010110001011
000001011110001010
000000000100111000
111100100110011111
000001101111111101
111110000000100100
111101101100110101
111111000110011100
000011000110100001
111110100010000110
111100011111000011
000001010001010100
111101011000111000
000001001000000001
111100001100101001
111101111010010101
111101010100010010
111100001001001000
000100000010111101
000000101001010010
111110011010000000
000000010000100011
111101011101110100
000000100110111000
111010101111111011
111111000101111011
111111110101111101
111111111010011101
000001100111001010
000101011011001001
000100010111101110
111101100001111110
111111000000000100
111101101111010011
000011011011011001
111111101100110001
000000110010110110
111011100011000001
000101111100100011
000000011010101101
111110110110110110
111110110011100010
111100110101001100
000000110000000001
000010100001110010
111010100101000101
111011110011111101
000001001001011011
111111101101001011
111101001110011100
000000011000101000
111111001101011000
000000001101011011
000001001011100001
111111011001111000
000001000100010011
111101110110000101
111111000011001000
111011101111010110
000001110110100011
111101010001011111
000010100111110010
000000010010111010
000010110110000001
111110101101001101
000001100010010000
111111001000100001
000000110100001011
111101010100010100
111011100101000001
111111000010110111
000001010100000111
000000111110110010
000010011001001000
111111101001000011
000000110111011010
000001010110001111
000000011111101101
000011100100110101
111101000111011011
111111011000100101
000010000001111101
111110010000111010
000010001000100010
111011100000000111
000001001101100001
111111010001101000
111101111011001101
111111110101000010
111110111011110011
111111010000111001
000000011101011100
111100101011110011
000011110101100011
111111111110010001
000000010101011010
000001010110111100
000001111110100001
000011011101010010
111110110101110000
111110100110010001
111110001010100111
000101111000001110
111101100010101110
000010111000111101
111101100011110010
000001001001000001
111110011100110101
111111001001110100
111111001110001111
000001011011110100
000111111101110010
111100110011011010
000000101101001000
111100111101100100
111101100110100111
111101010000111000
000011110111010111
111111110101111110
111101000101010100
001001110111000011
111001010101111111
111100010100001101
111111000000011010
111111010101010110
111110101100111100
111110010111111001
111111011011010011
000010000100111010
000011010010111111
000010000000101100
000011011100101010
111110001101001110
000011001101101110
111011110101101001
111110100000001110
000010101001000010
000001000010110011
000101101000111000
000001101100101111
000101000110000000
000011001101011001
000011010110001101
000001111101100010
000000111101101010
111110111111100010
111110111000010110
111110101010100001
000000000100111001
000010000111101110
000001100011010111
000100001010001010
000001010100001110
000011011101011101
111110000010100000
111110101111111110
000010110001110000
000011101101101011
111101100100100100
111110010010000101
111010011111010000
000010111010001001
000001100100010110
000010001100110001
000011100111001101
111111011110100011
111111011001110100
000001000011110110
000001110100000011
111100111000100011
000010010011010101
111111000010010010
111101010101010000
000000110010001111
000000001100010101
000011001000001100
000010011110001000
111110101011100000
111111001101111101
111101010001100001
111100111000110110
000010001111011101
000010101010111111
111101111011000111
111110100100101010
111111110111001101
111010100100001000
111110101100111000
000000110100111111
000001101001010101
111111000111110011
111110110100000111
111111011010000001
000000000001011010
000100000101000011
000001110000010111
000001000101100011
111010010001001110
000001011110111010
111111000100100011
000100010010110011
000011000001011111
000001000110001001
000000000101111111
111111011110001110
000001100110100010
000001011001111100
000001000100010000
111111011001110110
000101011011100011
111100111011001110
000000100010000101
000001101011001111
111011010111010100
111010101100000101
000000110011000101
000001110111001100
111110011011011000
111100111000100010
111101000000000000
111101110100110100
111100001111100001
111101010101010000
111100101100100100
111100100010010101
000000001000011001
000000010001000110
111110101001101000
000101001001011010
000111010011000111
000001000110111010
111110001111111100
111010100010101110
111010011101000001
000000101010010000
111011110110101001
111011110011100110
000010101001001100
111111100111011111
000010111100011010
111110001000010101
000010101111100100
111111000011011101
111111110100100111
000001110010000101
000001100101010001
000000001010001101
000001001000101100
111111001110110001
000000100100101011
000011100011101101
111111101110110111
000001100111111001
111100100111100111
000110000101000101
000010001101000010
000000101101100110
000000000001100011
111101111100111101
111011110000010011
000011100010111000
000010101011011110
111100010010101110
111011101010111011
000101101001011010
111000101000000100
000001000011101001
111110010011111011
111101011111101000
111011011000111100
111101000000111010
111110000100011001
111100110110110111
000001010011111001
000100010000100100
000011000101011101
111110110010010001
111100111100010001
111100100111010000
000100010000000111
111011001110111010
000000000101111011
111100110000100101
111101100001001100
000000010010000011
000100110001101101
111100011001111101
111110111111001101
000000001110011010
000001100110110010
000100001101000011
000010111001111100
111111001001101110
111011111100111010
000100010100001110
111100001011010101
000001100011001000
111111010001010001
000010110001001001
111101000101101010
000010110111111110
111111110110001011
111111000101110110
000101011110100111
111110010011000000
111000001101001111
111100000010010100
111110000001011011
000000100100100010
111101110110101001
000001001011111011
000100001100010101
000010001100101100
000010001001111100
111010001000001001
111111001000111011
111101101100010100
000101010101101111
111010000001101001
111110100101001100
111111110100110100
000011001000011000
000011101111010111
111111111000110111
000011001110110110
111111111100110010
000100001101101100
111001101100111001
111111010100100111
111010001110011101
000001001101111001
111100001100011001
111100001110100101
000001001000000100
111101011011001111
111111100101000011
000000010101001000
111110011011100001
000001011010000111
111100110011101001
000010100100100100
000001111110011100
000011001111101000
111101101011101001
111110000110100000
000100101011010100
111110000100101001
111100000110010010
111101110101011000
000000101000001011
000011001111000100
000001010110111001
111110000000011001
000010011111100000
111011111000100110
000000000111111100
111111010100111010
111110011110001010
111101111000000111
111111100000011110
000100000001001100
000100001111001101
111110111101000101
000010010000010101
000011011001100111
000001110111010111
000010100110101111
111111100010001111
111110010111110011
111111100111010111
000001010011011010
000000101100001111
111100110000110010
001000011101001001
000110010011101110
111101110111000000
111110001100010100
111011000000111010
111111001000110010
111101110111010010
000011110011011101
000011111011000010
001000100000101010
000010010111010001
111101000001111111
111001100011001000
111110110100111101
000100100101010001
111110100101111110
111100011001001010
000010110110110110
000001000110111110
000110001110110011
000100110101110000
111101110001100000
000111011111110110
000011010101110110
111101100111100010
000011111010001101
000010010111100011
111101001001000100
000010011111001110
111010011000001011
000001000001100101
111101010111000111
111111011011111000
111010010100000010
111101110100001001
000010011100001110
000101011010111111
000110000011000010
111110101011010100
111010001110101000
000110001001110001
111011101111001110
000000000100000110
111010011100000011
000001111011101011
000001100000100010
111001000001101110
000001111000101001
000100101010111110
000001011111110001
111010001010110110
111001000100010000
111001011001011101
000000111001110110
111001011010111101
111011111001000111
000001001111010001
111001111100011010
111111100111110111
000000110110100111
000100001010100111
000100110010101001
111111100011110001
111101000110010110
000001110011000011
000011010010111101
111101011011100011
111111111000000010
111100011110010111
111010110110101011
111111101000110011
000100110001101101
111101100010111110
000101100100010000
111100100010101100
111101101001110100
000001100101101111
111110000110010111
000011011101011110
000011111010010101
111101100010010110
111111000011011001
000010010100011000
000000110001101110
001000001110001101
111111111100001000
000101010001111011
000100000101010011
000011010110011000
000011110110101110
000011111001101001
111101010101010011
111101101100001100
111100001011000100
000000011101011010
111111000111011100
000010000101100100
111111100101001101
000000110010101101
000010011000000010
111110000110001110
111111100101000110
111111110100101000
000000001010100010
000000000001111010
111110001100111100
111111110110011110
111101011100000110
111100000100011111
000100000100000001
000010011011100100
000001011010110011
111110111100010101
000010111101110111
000001010100110110
111101001011011000
111011100010101110
111011001001110100
000011001111111011
000010001010011110
111110011101010111
111011010101101001
111110010101111100
111110001001100110
000000110011000110
000101111001100010
000010100000000100
111100000110100011
000110011001001010
000010010111001111
000011001000010110
111111011011101100
000010010011000001
111101001000010101
111110101000000111
000101000000111001
000001110101001010
111111110100100111
000000011001001001
111101001101111100
111000111000110010
111111000001010100
000101001010111100
111100000011000111
111001101000001110
000010100001101000
000000100101011010
000001101110000010
000000011000011011
000001111011110010
000100101110111110
000010111111000111
000000010101011001
000001101110100110
000010100100000011
000010101000111110
000001001101100011
000001110011011101
000000011000001100
111111110010100110
111111110111110001
000001110011110101
000001100000110001
111111111011111111
111100100101111000
000010000101010001
111111010000101100
111101101011001110
111101100100011101
111111100111111100
111101101010110000
111110010000011101
000001101001000001
000101011000011110
111110010010111001
000000011110111010
111111101010000100
000010101111101001
111101000011010010
111100010110111100
000011000110101111
111100001011010010
111111101000101111
111101011100110011
000011000110011001
111101010101001011
000010000000100000
000000000011000101
110111101000011001
000001001011100111
111110001101011110
111110000000011000
111101101110010010
000011001100000100
000001011110000110
111100100000000111
000001110001101111
111100111110001000
000000101111100011
000001001100000101
000010011011010001
000000010001101000
111110100111001111
111111100010001111
111101110000011101
000010101110101100
000001101011111110
111101101000000001
111111110000110000
111111100101011011
111111001001100101
000010101011100110
111101001011101001
000001000111110010
000001001001110001
000000110001101001
111110111101010111
000011101000100100
000001100101001100
000001011000111000
111110111111010001
000010111111101010
000001001100010111
000001100101011011
000000000010101011
000010000100001000
000010101011010101
111110111010000110
000000000111001000
111101010001001100
111101100100010011
000100010110111001
000001011011111000
000100001101101101
000001110000000001
111110100101000011
111101111011100001
000101110111010001
000000010010001101
000000111111110111
111010010011110010
000011110111100011
111101111001101111
000101000001011011
111111100010110111
111100110100111011
111111011010101111
000001100011011100
000000110001001000
000011111110010111
000001110011111001
111110111110000100
000011111100001011
111111110110101011
111100011001100110
111101111101010000
000000100000100101
111100110011010111
111101001101100100
000011101111100010
000000110001001001
111110110111101100
000001000101000001
000000100101010100
000000011110100101
000001110011110001
111110001010011010
000000000110000100
111111101101010000
111111011000010100
000011111110101000
000010100010010101
000010111111101100
111110011111011111
111110111110011000
000011101001000001
111101010011010111
000011000100111000
111101010100110111
111110010110100110
111110000110101011
111101110110110001
000000001101101000
111111001110100010
000001011001010001
000011000001001101
000000110001110000
111110100011100011
111100111010100101
000001001010011110
000011011000110000
000001110110010100
000001000111110000
000001011110011011
000001111000010010
000000000101111011
111110001111001101
000001011100000111
111101000111011110
111101001100100001
111111010101011100
111101111000100101
111111000110111011
111111011000100011
111111000111010001
111110110110001111
111101010010011111
111111110101110111
000010110111011111
111110010001111111
000000001000111111
000001111011001111
111111111100101000
000001110110100110
000000111111011110
111110110101010111
111100101001101101
111110101110100011
111110011100010001
111111111010111111
000000111010111100
000010100010100111
111111000100010010
111111101100001110
111111100000110010
000010110000001110
000010000100010111
111101100000010010
000011000101110010
111101101101100110
111111010101110010
000001101011101110
000000100001011010
000000110000010110
111101110111011001
111100110001101110
000000001001010011
000010000001010110
111101101011111110
000000000010110001
111111100101100110
111111101001001101
000001111110110110
111110000010010100
111101110000010111
111101010101100011
111110110001111011
000000100010000110
111101011000110011
000011011100100000
111111001001000101
111101000001010110
111101110010100010
111111010110001011
000001110100000000
111011010011000010
000000111010001010
000000101010010111
111110001100100000
000011111001110110
000101001110100111
111110001110101110
111111000000001010
000001011000101111
111111100100100010
000000001001101011
111011010000100101
111101000111100010
111100001110000101
000100010011111101
111101100100000111
111110111000011010
111110100111000110
111110011010011011
000001000101101100
111100011111011100
000001101110110011
000010000001110111
111111101101011000
000000111011100111
000001010111110001
111110101100011010
111111110110100000
111101010100110010
000000111011000110
111101111101111100
111101111011110110
000001111000101000
111111001111011001
111101010101000010
000001001111011110
000010100001000001
000001000111111011
000100101011100100
111100100010011010
111110101111011010
111101010101010101
000010100111111000
000010010111000111
000001001100011010
111010111001100111
000001010100101100
000001100111110111
000000101011010100
000001011111001111
000001001010010011
000000101101111101
000000101011011111
111101100110101001
111110111111001100
111111110111110101
000000010100001101
111101011110001111
111111010111110101
111111001101110101
111111111100000011
111111101001011101
000010000101111000
000010110111001101
111100010000000110
000100001000111100
111001111100011101
111101011010001100
000011100001011101
000010110100010111
000011100010011000
000001010110000000
111101000011011001
000001011000001001
000010000000001101
000001100110110000
000001110100001101
111101011010100011
000001111110010100
000010011110000010
000100110110000000
000011001110110010
000010001101111001
111110100011001000
111110101000011100
111011011011111101
000010001111010000
000011011110000101
000010110110100101
000111011111110111
111111001101001011
111111011110001100
000001100010010100
111110001001100010
111101101100110010
111101111110101011
000001110101100100
111101001110010100
000001100100100000
111111110100111001
000100111011100000
111011110010110011
111011100100011011
111100100100110100
111010101000101011
000000100110001100
000001110110011001
000001110010000011
000100001001100000
000000111000100010
111101000100000001
000010101000101111
111101001000000000
000101010100010101
111110010010001111
000111100110101101
111101000100011000
111010011000101010
000010111111100100
111101010010100111
111110101010011011
111100100010011010
000000010100000101
000000001011001111
000000000111010110
111110010010011110
111111101000010101
000001011011001000
111011101010011011
000010101001000100
000000011100101011
000000010010101011
000001101011111011
000001101001001101
000001001100100010
111110010000011110
111111010000110010
000100000100110110
111110010101011001
111110000101110101
111010011000001110
111101000111000010
000100001001010001
000001011000100111
000000000110011100
000010001100111100
000001110110101011
111111000110110001
111110111001101111
000011111111000000
000001101111111100
111110111010101110
111101111111101010
111110111110010001
111101010011111010
111100111011111010
111101111000001000
111001110101011100
000000010001000110
111101010111011111
111100000111000001
000000000110011001
111111101101110100
111011101110001110
111011001001001011
111101000110110111
111110110010100010
000001001000001000
111101101010110011
000001011011000010
111100010001111111
111010110111100001
111111101111100010
000101010011000110
111011000001010101
111110100110111110
111010100011110111
000010101110100110
000001101011011101
111100000101100100
111110111111000100
000011001001011011
111111101111100111
000000100101001000
111110010110111111
111100000110000010
111110010000111100
000000101101101001
111101001101101010
000001010001110110
111101010111001110
111101011100010010
000010010110010111
111100001100100000
111100010111010101
111101000000001010
000011101011001000
000000101011101011
111111101111000000
111100111111101101
000000111000010000
000010010111010010
000011100110110100
000001010110010001
111100110010111110
111000010011101011
000011110111110100
111100110001111000
000000111011001001
000010110011110100
000000011010011011
000011000011111101
111101111101000110
000000100000110111
111101101110110011
000001100010110110
111101101101010111
111111100100001101
000011000110100001
000001100101000001
111100000010100010
111110101000110111
000000111000110001
111101011000000110
111100001110010011
000001110100110100
111101110101110011
000010001111001001
111101010001110100
000001011001101111
111111101110000100
111110111010001101
111101100110001101
000000110111001100
000010000100100001
000010101000000100
000000111101111110
111110000101011001
000011110111101010
111110011001010001
111111101010010001
111100111110101010
000000011111110001
000011001111111101
111110001010100001
111011101011011100
111110101100100110
110111111101010010
000100011100111111
000011111101000010
111001100001011010
111101010110011001
111111111011010001
111111101100010011
111101110011101011
111101101000001010
000110110101101010
111011100110101001
111111100101010111
000001001001010111
111100001011010101
111010000110100100
111101000010000001
111110101011000011
000000001000100001
111011011000010101
111100001110111001
111101101000010110
111111011000101110
000000111100011001
111101001101011110
000100111011111000
111011010100101110
000110110010101011
111001100011111111
000001001011100101
111100111111011001
000100001111000010
000001001110111011
111100001110000000
000000011111000101
111011010100000101
000000001101100111
111100110110011110
111111001001000001
000000011100110000
111100001000001101
111110111001001110
000000101110101100
111110111010001110
111100001001000100
111111001010000100
000001010101001110
111111001101001101
111101011011110110
000001000100101100
111011110001110010
111101010110001011
000001011011111111
111111100110001110
000010110011101111
111100011111111000
000000110001111111
111111001011100000
000001001000110000
000011000001000010
111110001110000110
000100001110111011
111100010011111110
111111010100011110
111110010001010010
111110010101010101
111101111000100110
000000110001000010
000010011101100111
111110100100000011
000000110101100001
000001011011101010
111011000110101010
111111001100001000
111010010100101010
000001101101101111
111110000011001101
000001001011100100
000001001000110101
000100101011000010
000010000010001000
000000001001110100
111111100100100000
000011110000111001
000001001000000101
000000101101001110
000001110111011001
000000011111110011
111111111000011101
111100100011101111
000001000011100001
000000101001000100
000000111011010011
111110011101000011
000000001110110111
111100100101101000
111111001011011100
111110110110001110
111111111000110100
111100000011101101
000100000101011010
111110000101011011
000000101010001100
000010001011101110
000000010101010001
000110001011011000
000000010111110010
111110100001011010
111101110101011110
111101001010000100
000011110110001001
000010001111011100
111011111010010101
000000111010110101
111111010001100101
000100101011110011
111111011010001010
000010000110010001
000011100001110111
111010100110111011
111101010001001100
111101100011011110
000011110000000101
000001101011100000
000000000111011110
000001101000010111
111110110100101111
000000101110000010
111111101101000110
111101101101011110
111101011000010110
000001101101010011
000011111000000001
000001001000001010
111100111011000011
000011001101110101
000001111101101001
111010010100000111
111110010011001010
000010100010000100
111110000000000100
111110011000111001
000011110010110011
000000101111011001
000001001001001001
000000010011011000
000010000111010101
111111000110100000
000011001100001110
111101010011000010
000001011000101100
000011010110111000
000000100000001011
111111111001011000
000000010001000011
111110001001011100
000010101110110111
000010111001110101
000011101000101101
111100111101001010
000010000100101100
000100011101001100
111111000101000111
111111011111011000
111101101001010010
000001011000001010
000010100011011101
111110100011010101
000001000111110100
111110010011100110
000111010100110110
111001101000001110
111101001110001110
000001111101101011
111011101001010111
000010101001100111
111100011011001000
111101111010100011
111101001111100010
111110111110010001
000001011001100101
000011000001111011
111100100111110011
000001111110001000
111101000111101010
111100110110011011
111111010010101110
000011101011011101
000011011101111111
111001101111101110
111111101010001000
000011001001011000
000100011111011111
