000001000111001000
000010101100010000
000001000110011110
111101101010101100
000001101010001101
111110110101001110
000010001010001011
000001101001111111
111111011110010010
000010001100101100
111110111111110010
000011001110001110
111110001010011111
000001111001101011
111111100001001000
111110010101000110
111110001011000011
111110100011101001
111101011101010001
000000011001111010
111101110111010101
000011001101001101
111111111010010011
000001100010100100
111110010001010010
000011100101001100
111101010101011011
111111110111000110
111111011100001111
111101110011010100
111101111110001110
111110101010001001
000010001010010101
000000101010101010
000010100011000011
111111011110110100
111111101011001110
111100011101110010
111111101001010001
000000110110001101
000100000010010110
111111001100000100
110101111001001100
111100110011011000
111101001111100011
000001110111111000
000010111100100010
111100000101101001
111111111011001000
000010010001001001
111101000000101111
111111111000000110
111101110000010010
111100101100101110
000001001101001001
000100110101001111
111111111110100100
000010011110101011
111101010000111101
000011111110010001
000001110011000100
111100101011111101
000010011010110011
111111010001000011
111110101000101001
111111100101000101
111101001001101000
111110010001101111
000000000000010010
111100111010110000
000000110101010111
111100110111101100
000000110110000000
111110111011110101
000001101011100110
111111000110111000
000000111100100010
000000000101000111
111101111111000110
111111100100000011
111101100001010000
111111010011111110
000001010011010001
000010110010111110
000001001110010011
111100111111011011
111101101111000010
111100000011001100
000011000001111110
111110111101010001
111110001010111011
000011001000101000
000001101110110110
000000110010110000
000000111000111000
111110010100110111
111101111111010110
111101000000101101
111100011011000000
111111110000011101
111100011101110000
111100110100010100
111101101101101001
000000110101001001
111100100001011011
000010010111000110
111111100101000100
111101110110111000
111100110010111010
111111100101101001
000010010001101101
111101001101010000
111101001011101011
111100010110010111
111111101011111110
000100001110111100
000001110000110110
000001010001011100
111101011101111100
000011101101101111
111100011101101001
111111101110000100
111110101010100101
000000110000011011
000010100110110101
111101100100011011
000001000100101000
111110010010101001
111010101011101110
000001000001110111
111100100011000110
111111010000000010
000000000100110000
111101011111110010
111100000100010001
000001000011011111
000011001001110100
000001101110000001
000011100011100010
000001100111011110
000000000000101111
000001011111000001
000010110111010101
000011101011110111
000010011111101101
111100110000110110
111110100010110000
111111011100001100
000010000110001011
000000001111100110
111110111000001000
000001101100010000
111101110101110100
000000000100110000
000001100100110100
000010100111010100
000000001010000110
111110100111101100
000001000010010000
000001101010010000
111101001110001011
111101010111011010
000000001111110100
111110001110010011
111101010111111101
111110101111101110
111100110001001110
111110001100111001
111101010001001101
111011101010011100
111111001011101010
000001101101101100
111111110010001111
000010000101111100
111111000100000010
000010000101011011
111100100101000111
000000010001000010
000000100111101100
111111110100101110
111110001001001001
000001110110001101
111101000101101000
111110110101110010
111101101111010111
111110110101101001
000010001000001011
111111101100101010
111110000000011011
111100111111111001
000000011111010100
111101100010100011
000000110000110011
111101001110000011
111111010101101000
000000101110100000
000000100001100001
000000110001001001
111101011100110100
111111000111001001
111100101000011100
000000101101111101
111110110010011010
111110110001100101
000011010001101110
000001000100111110
111100110011011000
111111100011011000
111111110000110110
111110111101000011
111110010011100000
000000011000000110
000010001101100101
000001100101101100
000001001001010010
111111000000100101
111101100001101011
111111100000101101
000001000101011011
000010010110000001
000010100000100000
000010011101110111
000000010111111000
111110101100011100
000001010111001000
000010110100111011
000010111111011001
111011111000000101
111110100001011101
111111011100000110
000000100100110000
111110001110110101
000000100110110101
000011101010000100
111100101001110001
000001111110100110
000100010110101111
111110110110010001
000000101011001111
111111011011010101
000000011111010010
000010010010101001
000000000000011101
111101010000110101
111101111010000000
111101111011110011
000001011111001011
000010010101010110
111111011101111010
000001010010100111
111110011111110010
000011000001111101
111111100100101011
000010000101001010
111101101110011001
111110001011101111
000010111000000110
000001000100101110
000010101011001011
111111000111100011
111110010001001110
111110011001000011
111100100111101001
111110110001011111
111110010011001011
111110001101100001
000000011011100111
111111110111101011
000001100011101110
000000100010110000
000010100011100011
111110100110110111
000010110110110000
000010110000001100
111110101010000111
111101001001100011
000000000000001100
000101110001011101
000011011100000011
000001010111111011
000001011010111001
111101001111100101
000001001010000111
111100000001011110
111111010000101110
111111101101011110
000001111101001110
111111011011000000
000010000100001001
000001101011001111
111111110110111100
111111100100100100
111111001011111111
000010111101011011
000000011111011100
000010110100111001
111101000001111110
000011100011001011
000001001001111011
000010011111000000
000000010000110001
111111011101111110
000001101001101000
000001100110111111
111110101101001000
000001101100010011
000000001111011000
111100110110001010
111101100010000101
111110100001100111
111101000000011111
111110010011110111
111110010011000111
111111011000111101
000001111110001111
000010010100001101
111100101011010000
000010110111011001
000000101011011000
000001001011011100
111111100111111100
000101101000101110
000011000111111111
000001011111101110
000011100011100001
111110101001010100
000011001000011100
000001100000010100
000011010001000000
111101000010011111
111011010110111010
000000110000100111
111011001110101110
000001101010110011
000100000011011010
000001000111101110
000000110000011110
111110101101000001
000000110101101101
111110001101001110
000001011001011000
111100110001001000
000011110000110000
000011011001001111
111110110000000001
111100111110111110
111111100000001011
000100000010001111
111110111111000101
000001110101100111
111111110111011101
000011100101001000
000011001111110101
000100111110010000
111011101111101011
000010001100110000
111011010101011100
111100001011111000
000001111100001111
111110100101101101
111101111100101111
111111101100011010
000011001000100111
111110110001011110
111110110101101101
000010100100110011
111110110111011110
000001010010010001
111110111111000001
000010000110011001
111110011111001111
000000001100001101
000000101010001100
000000101000001101
000000000100110000
111101010110011100
000001100010111000
111101010011111001
111101010001000000
111110111110010001
111110111010111001
111101111001010111
000001101101011110
000010010100111111
000101111111110010
111100000111000100
111110000101001101
111010001001100011
000101001001010001
111100101111010011
000100010011101101
111101111111001010
111110010111100010
111111011001110110
000010011110100111
111110100011010100
111101110100110010
000110010111000101
000000101110011101
000101110111101001
111101111001101011
000011010000110110
111100000111100101
111101010001010000
000001110101100100
111100011110100100
000100001000000011
000000010011110111
111100011111001011
000001010101001000
111100110101110010
111110101100110001
000010010100111110
111101100011110011
111011010010101000
111101111111101011
000010011010011110
111100011111101001
000100110100010011
000000010000010010
000000011110010111
111100011110110001
000010001100011111
111110011001101001
111110110010110010
000001010000101110
000000000101000101
111110111110110000
000110101011000111
000001010010011101
000010000010000100
111111100011101011
111110011000001001
000011110000010011
111111010011100110
111111101101101011
111110100011000000
000100000010110000
111110100001010110
111111000011010111
000010001110010010
000001010011011001
111110100100100110
111111101001110110
000001011010010110
000001000111111010
000011010010010110
000011001111001101
110010100000101100
111011011110111101
000010111110110101
111110111101111000
111110010000000100
111100001010100000
111111111011101110
000011000100010111
000100101000011111
000100101101100101
001010101111000111
111111111111100101
000110001100101011
111000110110100010
000011111111001101
001000101010100011
000001011010010101
000000110111101010
111101010110010011
111101001000101100
111111011001000110
111111101101011010
111111010001001011
111111111100000010
000000100010100001
111111101111000100
111100111011111000
111010001110100001
000011011101001111
111110010100000010
000010111001100101
001000011010110110
000000101000111100
111110000111100110
111101100001110000
110100110111000110
000010001100101000
000000001110001100
000001110110011011
000011001010111010
111111011000001000
000000010101100111
001000010100011111
111111110110111000
000011100111110100
111011001110000000
111110100111001101
000000010100101000
111110000001011100
111111000011000110
000000111010110110
111010101111101111
000000001100111011
111110010100010011
111101010011010110
111101111111011111
111111010111101101
111110111100001110
111110000011100100
111000110110110010
000000000010000010
000001000010001110
000010111110111010
000010000110010100
000001100011110000
000001110110010010
000001000110000001
111010101010100011
111111111001011101
111101000000001010
111111000000001100
111010111001010110
000001010010011110
111111100100101100
111010001011010111
111111011010011001
111011001001011101
000001111100001110
000000101111100100
111110011100101100
000000111011100111
000010011010101101
000010110111000111
111101001001100000
000001000010101111
111011011010000111
000010001100100110
000000101011001100
111110010001111010
000001111101101010
111101110110111010
000100000100000011
000000110001111011
111110101000101011
111111010010101110
111111010010010000
000010000101110011
111101010110011011
000000001100111100
000000001111010010
111110001011100110
111101011100000110
000001000001110011
111101110110111111
000011101011010011
111110000101101000
111110001001010110
111111101010111111
000000001100000011
111110011111110100
000000100111100011
000011000100000010
000000001100000101
111110110000000010
111101101000011101
000010011001000100
111110001010010111
110111100110101101
000000010011111110
111111100110001000
000010011101101011
000010100101100010
111111010011011001
111111010000011011
111111101110011111
000000101101001011
000010101110101111
000011001011011001
111101101010010111
110111111111000100
111100111011011010
000101101111110010
000000111110010001
111110011000010001
111110100110001101
111110111110000101
111111100001001110
000011111110111101
111100100101000101
111100111110100010
111011011010100010
000010000110001111
111110111000111000
111111110000001001
111110010100010001
111110011011100001
111011101010011011
111111110010000101
111111110000100011
111111010010100000
000001011000110100
000001000011011111
111110100000110110
111111011111000101
000001101100000111
000001100110110101
111011100010011101
111100100010100000
111101110010010000
000000110011110101
111111100001110100
111101110010111001
111100010110110101
000001011010111000
111111000001100011
111111100110000101
000000010001000000
000010011001111000
000001111001100011
111101110111111001
000001001110000111
000010010001100011
000000001011000000
000010110010010011
000001000001110111
111101100100111010
000010001101001110
111101011100000110
111101101110001001
111110110001110100
000001001101000110
000000100000011000
111110101011001110
000010000110111010
111101101011011010
111101101110101110
111100101101000000
000000111110110111
111111011010010110
111110110100011010
000010011001001100
111111100111100000
111110100100010110
111110100101111101
111111111100011011
000011011101110111
111111111001010011
111111101111111110
111110011110000101
000001100110011000
111111000010000100
111101001100010000
111100000010000100
111111111011100011
111101110000001011
000010100000111100
111100001001010110
111111010101100100
000001011001100100
000001001010100000
111111101001000001
000011000010111010
000001001100011000
000001100110011000
111100011011111001
000001111001001101
000001100000101001
000001110110011011
111110100100101110
111100010001101101
000010110101011101
000000111010100111
111100101000000110
000001110010001010
111100001010111110
000010100001101000
000000001100100101
000010101100100011
000001100001011001
000000000001000010
000001011010010011
000111001010010101
111101001100111010
111111001001011000
000000100011010001
111111101011001111
000001001110000000
000011101011110001
000000001000001011
111101111100001110
000000010111010110
000011101011011001
000000011001010001
111101100001000101
000001010011010011
111101110100000111
111101111011011010
000001100100111101
111100100100000011
111010111001010000
111110100001010001
111001111111101110
111110011000001011
000000110001001010
111101100011011001
000100000001001100
000000101001111101
000101011000110001
000010000101111100
111000000010101111
000001010010001001
000010101111110100
000011000100010111
000000000001100011
111011111000110000
000001100101001100
111111110000001101
000001000010011001
000001111010110110
111111110001111001
111111111001010110
000011110001010000
000000001101110001
000001111110010100
111011101011010100
000001110010000100
111111100111000101
000000000001111000
000010110110110011
111101100010010011
111100101011101010
000000111110010111
000011111111011111
111101011101110101
000100110010001001
111100101000011010
111110111100011111
000010110110000110
111110001110100010
000100011011010010
111110110010010010
111111100111000001
111100101111011011
111101110110101101
111011000111110110
000000010100011011
111110001000000111
000011001010001011
000010100000101101
111110100000010111
000011000101111000
111110001001010100
111110000100011101
111111111110011011
111110000100010111
000010010100101001
000000101010100110
111000111111010000
111101110110100000
111111100111000110
111110010110011111
000000001111100011
000010011010010101
111100111011001111
111111101001100100
111100101101000011
000000001001110000
111111000011010000
000101001101110101
000010111000000011
000000101011000101
111110110110110000
111100011011000110
111111010001100010
111110011001010111
111111110110001011
111110111010000111
111111110101110111
111101100001101111
000010001111011110
111011110011000011
000001101011101011
111100001010111100
111111100101111000
111011101010110101
000010111111011000
111111011101101011
111110011110010001
111110010111011000
111101010010000010
111101110000110011
111110111100110100
111100111111011010
000011011101001100
111110111000110011
111111010001011011
111100111011011010
000001010111010000
111100111010100100
000000000000000010
000001100110000101
000010110011101000
111110100001110110
000011100001000111
111110100110110100
111111110101010000
000011010100011001
111111111001001100
111101100110100010
111111101001100111
000010010110000101
111110001110101100
111100011011110110
111111110010110110
000001111010101100
000100111111001110
000000000100111010
111111100100001110
000000010111010111
000010111101000110
111111101100101111
111110110111011100
111111011101011001
000001000111011011
111111110101011111
000001010110010111
000000101000000010
111101010000011010
000001001011011011
000000110100001101
000001100001111100
000000010000100011
111111110101101010
000000010111101001
000001100111001001
111100111101100001
111100111100011110
111111000001010101
000000111110000100
111111010100001001
111111011111110000
111110001011000100
000001101010101001
111110010111010011
000000001101111000
111101001100011101
111111100111100000
000010100101000011
000011110001011001
000000100010110110
000000111011110110
000000110000110100
111110100111110011
000010000011110000
111100111001101110
111111111010010111
000011011010100011
000010010010001000
111111010011011000
000000010100110110
111110011000001011
000001111001001100
111110110000100011
000001000011110100
000011111101110101
111101100110001000
000100110010100001
111111101111000011
111010110010001110
110111101000001101
111101000010111111
111111001000011111
111101000110000011
111110111001000000
000010000011111111
000000100000110101
000000000000101100
111101011111111010
000101010110010010
000001010010010110
111110100100001101
111110111100011100
000001000111101001
000011000000100101
000001000110000010
111101101100111010
111111000000110001
000110110100011101
111110010101011100
111100010000100010
111110011010000001
000100000110111011
000000010011011111
000011111111100110
111111101010101100
000001100101100010
000010011100000000
000011000100000101
111110111111101000
111100101101111100
000011000011101010
111101110000110111
000001000001111011
111101011010010110
000000000101010010
111111000001011101
111010110000011101
111110001011111100
000000110100100010
000001111000100111
000101100001001110
000000000011110011
000010111111010010
111111011100001011
111111011100011110
000001111010110111
000000110011001000
111110010100011000
000010001111101011
111110011001001011
000001010000000000
000011100010111000
000001010001101001
000000101100000111
000000101001010011
000000100100011100
000100110001101011
111111000110100000
111110111101101010
000001010110110110
111100111010001000
111111110111111110
000000001001001100
111000101110100101
000101110100000010
111100101011110010
111010000100111100
111001010011110011
000010001101000010
001000001110101100
000000100011110000
111101000001100111
111110111001100101
111010011010000110
111001110011101101
111101110111100010
000000010111000010
000011001110101101
111111101001100001
111101001011001001
111101011011111000
000110110000010101
111101011011111100
000001001011010000
111100101010010001
000000111101100111
000010011111100010
111110011011010111
111101111011100111
000000100010000000
111100110111110101
111110101001011000
000001101110011001
111111111101111110
000100111011000110
000000011111101001
000001101101011010
000011010010001110
000001101000101001
000000100111001011
111100100100000101
000001111101110011
000000100101010110
111101011111011111
111010110101000000
000000000001110010
000010011001111100
111111111010110101
111100111010101010
000000000111010001
111111000001110110
000000110011001100
000001110110000000
111011101000110111
111111111101010000
000011111001000001
111111000111100011
000001011001111010
111100001101010001
000001111101011001
000000110100010000
111110011110110111
000010000111000110
000000111011011011
000010111010010110
111101100001100111
000000111000010011
000001110000100000
000010100000101010
111101111111011001
000001000111001110
000000000101101111
000010001101111100
111110101001010010
111011010101111011
000000110111011111
000001010011101011
000000110001000111
111100111011001100
111101100000111011
000010010111100111
000010000011011011
111110000110000101
111111101010100100
000001000010001001
000010101110110100
111111001111110100
000010100110010011
000001101110111001
111101010010000011
111101110100100101
111110001110110101
111111101010011111
111100110011011101
111110110101010100
000000111100010111
111110010101111110
111111101010000001
111110000101001100
111111111001011110
000001010001110000
000010101111101101
000010001101100011
111101000010111111
000001001101001011
000010010111100100
111101000010110111
000001011100011110
000001010010111010
111111100110010000
000010110111100110
000010111101111011
111100111111011000
111111000010011101
000000000110011101
000001000010101011
111110100111110010
111100101110010110
000000101101100010
000001110101100111
111110100101110011
000001010011110110
000001100101101110
000001001100110110
111110010000001010
000000011000000000
111110100111110101
111011110010011101
111101110011011110
111110111000010000
000011110010000101
000001011100110111
000010110010100001
000000101001001011
000001001000011000
111110101110010010
000100001101110001
111111101011001101
111011000111110011
000000000100000110
111111101000011110
111110111011110111
000000110010101010
111101000100100011
111110010110110011
111110010010001100
111100111010111111
000000100111011011
111101100000001010
111111111110101000
111100101001011000
111111010111100111
000001100100111001
000001011011011000
000000110110110010
000001000011100000
000000010000011000
111100111000101101
000000110001111111
111110011100100110
000011110010111101
000000101011110110
111100010000111010
000001001000001100
111111111100010001
111101000111010010
000011001101100100
111100001110111011
000010001101111111
111110111001101000
000001001000111011
000001010110101000
000001101001111101
000010010010111010
111110000100100001
000010101101011011
111101110010101001
000000110011110111
000010011000110100
000011011000111100
111101010111000000
111100001111101101
111111000101000100
111101000101101110
000000010111011010
000001101000111011
000000000011010100
111111011001110010
000001001001000010
111101011101100111
111101110100001000
111111001001010000
111110100000101001
111111101101000101
111110001110111100
000001101100011100
111111000100001000
111111010110110100
000000010000001011
111101011100011001
111110010010001110
111101101011001011
111111011010110010
111101000001001100
000010001000001111
111111010000110100
000011110110100010
111011100110101001
111111010011001101
111110000101011101
000011101010010011
000011011000001010
000010111110000001
000011100000000111
111111110000101000
000001100001100110
111011011110011010
111111101111100101
000000001001111010
000100101101101100
111111011100101101
111111110110100101
111011111000001001
111110110111011000
111110011011101010
000000110001100001
000000010110110101
000001001011100111
111111001101100011
111101001001010101
111111011100101010
000000000111100100
111111101111110011
000000100011010001
000100011110101110
111111010000010111
000011101101011111
000010011100001011
000100011011110011
000010111101101111
111100100010000110
111111111010111101
111101000100011100
111100001010111101
111111111011011101
111101010000010001
000010010110001010
000001010010101111
000000111110010010
111101110110100111
111101110111101110
000001010111011111
111111100000101100
111111010110101101
000011111011011111
111101100000101110
111101110101000100
000011110101100100
000001001101110011
000000110101101011
111101011111110010
111101101010110111
000010001101011001
000000110100101110
000010110100111001
111110010100010100
111101110001101111
000010011100101111
000000011000111000
111100100001000011
000000001110010010
000001000010011101
000010110100011010
111101110011100111
111111000000010010
000000110001110000
111110100011011101
000010010011000001
111111100011101110
111101110101101011
000011100101101010
000001100000011000
111101010000001100
111110001110000011
000000110100101000
111100111010011110
111101110001111001
111101101000001010
111110111000011100
111010101110101011
111010101100111010
000000000100100011
111101010101010011
111101001100011110
111111000011101100
000001100111111101
111110101010101010
111111111010111100
000100001110011000
111111100111111000
000000001110011100
111111101100110110
111110010010110000
111100101000010101
111110010011101000
000100001110111111
000010001100000111
000010010110111111
000000010101010101
111100000010100011
000000110101010010
111111111001001100
000000011111100111
111110110001110000
111110011111101001
000000011110010101
000001001011001000
111100011010001010
000010010011110000
000000111010111100
111110111010011110
000011111000100000
000011110100001101
000000101001000011
111101100111100111
111101111000010001
111101010111010111
000000110000101100
111111101100100110
000011010000001001
111011111010010000
111101100000110001
000000100110001100
111110010110000101
000010011000010000
000010000000110011
111110000101101100
000000010111111100
111111010100011010
111111111000100111
111111000101101100
111111101001001001
111100111111001001
000000101001010011
111110000010100110
000000001101101111
000010110011000110
000000101110001010
000001000101000101
000010101001101100
111111001101101101
000000100110001010
111110101000111010
111111010000001011
111110100101101011
000011101011100000
000010101011001000
111101111010100101
111011010100101000
000001100011011000
111111110110111110
000011111100011101
000100110010000101
000010101010001010
111110111110110011
111111100011010010
000000100001011101
111110101111110001
000001001001110011
000010011101010110
111110110011001101
111111011001000100
111100111011011011
000000101110110101
000010000110011100
111101101001001100
000000110000011000
111111011001110111
000011010000101110
000001000101011011
111111111111101100
000010011001110010
000001011101011110
111101101110111010
000000101111101101
111111001110100001
000000011011101001
111110111111010100
111110110111111100
000010101011110111
000011000010010111
000010000010001100
111110000000010010
111111010001000010
000000011111101100
111110101000101101
111100000111001001
111101110001100101
000000111010000010
111111100100011110
111101101011101011
111111110000110011
000010001110101001
111110010000101000
000001100000100110
000001001001000001
111111111000100111
111100111111010010
111110010100010010
000001101001110010
111100111011011110
111101110111010101
111101011110010111
000010100000011010
111100001110101001
111111101110010001
000010000001010110
000010101100100011
000001000001000111
000010000011100001
000011010011101011
111111000100111100
000000111101001110
111110001000100110
000010101111101101
111100111100110011
111110000111011000
000000110011111100
111100001011100010
000001010000011001
000100100000010110
111111011111000001
111101000101001110
111110011000010001
111111101011111000
111110001101011101
111100111001100110
000000001010001101
000101010000010110
000010011101011001
111100011000101001
111101110100101111
111111011101110001
000011101000001000
000011101110010011
000001110001010110
000000110011010100
000000100001010011
000011011000111110
111101010101101101
000001010000101001
000010000111111001
000001100111101101
000000010001111000
000001111010010101
111101110110010001
111101101111111011
111100101111111010
000010000001001001
111101101111011000
111111000001011111
000001001000001110
000000111110101101
000010001011100000
000001011000110011
111110011010100111
000001101101001010
111111000100011100
000001111001010000
000000001101100101
000010101001101010
111010010111110111
111111101000000110
111110010110001000
111101110000101110
111110010001111110
111110110111101110
111101001011100111
111101111101111111
111101100010000010
000001111001111110
111111001110101111
000010011100011100
111010110010011011
000000000001001111
000000100011000111
000100100011011010
111100000110010101
111111001110111100
111110100111111111
111110010000001011
111100011111010101
000000001001111111
111111001100110101
111111001100101010
000101111110100010
000001111011100100
111111011011110011
000000101111011111
111111010101110110
000001111111001011
111010101101101001
000000011000001010
111010101110011111
111110101101101001
000011010111111010
111111111110011000
000101001010001010
000011000001010101
111101010111100110
111011000100011000
111111100001010000
111110100111110110
111110110111001010
111110110110100110
111110010001010110
111111010001001011
000001010111000001
000011101110010111
000010001111000010
111110100101101001
111110011101111000
111111100010110011
000000010110111010
000001001101010010
000011010101011011
111111101101100110
000001101001001000
000010101010000010
000000110110100101
000001011111111111
000100111111010011
000000110101101001
111101001010101110
000010011011010011
111110111001010111
111100100011010110
000001110001111001
111110111010010011
111101101101011111
000010111000110010
111101000100001101
000011010100001111
111101001110010110
110111000011000100
111100111000100110
000100101110101010
000011010110000000
111011111000110110
111111100101010110
000100001100000111
000010000011111111
000010111101101000
111101110110110110
001000010010110110
111111000111100001
000011001011000011
111101100111011110
000101010001001111
000100010111000100
111101101111110110
111111011111111100
111111100000111011
111101001101100100
111101101010111110
111100111101010110
000000010111001110
111011100111010101
000110000101100110
000010011000101110
000010101011011000
111100011111000100
000110000000000011
000000000110111011
111111001110010110
000010100100111101
111100111001011011
000001000010101111
000001010001001010
111001111100100000
111111101010011011
111110011001001011
000010100111110001
000000101011011010
111110000000100110
111111110100000011
000010100010110101
000001111110010101
000011001110011110
111101110000111110
111111010100111111
000001110110000110
000000001001011000
111101001001001000
000001101011100101
111101100110101000
000001011001110011
000011000010001111
111100101000000010
111011011100101101
111110011011011100
111100110000001111
111110011100001111
111110110110111111
000010011001011000
111100010100101000
111100110011110010
000010001111010010
111101101000011010
000010101100010100
000010101100111011
111110111111011111
000000101110111110
000001110101111010
000001000001100010
111101001111000000
000010100110111100
111110110010000010
000001000110111100
000010000010010100
111101011000100101
000000110000110000
111111111101111100
111110011001001101
000010000000000001
000010110111100100
111111001111111100
111110101111010011
000000000011101110
111100101010110100
000011011001010100
000011001010010111
000001000100001010
111110110101101111
000001100110110110
000001000000101000
000010111101000100
111101000010111100
000001000100110010
111111010100000110
111111111110100101
111110010010000010
000011001010111000
111101110011110100
111110011001011000
111111010001000010
000001011111100000
111111001101100000
000001101100110001
111101111010100110
111101010110010111
000001101110101111
000000000000011010
000010101010001110
000010001000010110
111101010101100101
000001111011110011
000010111101001010
111110010100011111
000011011110100101
111110010111101111
111011000001001001
111101011101101110
111110101010000110
000100000110111000
111111000001000011
111100110011000100
000000100110010111
000001101011100000
111101001101011001
111110011010000101
111110011011001110
000010010111101001
111000001101110111
111111111110000101
000000101010111010
000000010111011100
111010110110010011
000010001101111001
111011000011101000
111111000111101111
111110001100101000
111101110110000101
111101001000110100
111111111011000100
000010101100000110
111011011101010111
111101111111101110
111100001001110100
111100101011001000
000001110011111110
000011000001100110
000001010011110101
000001110011010100
111111100011011001
111101101010101110
111101110000000110
000100100100111101
111010110000110100
000010011111011100
111110100011001111
111101111010101101
111100101110001111
111101111010100010
111111011100101100
000000111110101001
000000101000001001
000000110110001001
111110101001110100
111101101100000011
111101010110011100
111111011001000010
111101110010000101
000001010101001101
000001110000010110
111100101110101001
111100111001000010
000010100001001101
000000000100000011
000000101101111100
000001110100001011
000010001111000000
111111111110011000
111111101110001100
111100111001000100
000000011111010101
111111101110110001
111110110101011000
000001101000011011
111101011011010000
111101101100110000
111101000001011101
000010000011100010
000001011110011011
000000000000100100
000001100110011001
111110001001010001
000000010011100110
000010000001000010
000001111100011001
111111000001000100
111111100011000001
000001011001100111
000011000001000001
000010100000110101
000100111101010000
111111001000000101
000010000111111100
000000100101010111
000010000111111101
000001101001110011
111101001001011111
000010011010111110
000001001010110011
000000011100100000
111111101010110110
000000100101000110
111101101110101100
111111011011101111
000010000001111111
000101101001100001
000101101001000111
000001000001000010
111111100111111101
111110100000001111
111111001101100010
111110101010001110
000001101110110101
111110000111110011
111111011010010111
000011011000001000
000010101100110111
000011001010000111
000001001001100111
111100011111011101
000000000011100110
000010100010011110
000001111111011101
000001111000100001
111110111001011101
111111101001110010
000010011101011011
000010001000000100
111110001000010110
111100110111110010
000010011011001101
111110110101001101
111111010011111011
111100011100010111
111111011101011100
000010110000000101
000010111001110011
111111100101010101
000000101010110110
111110000010111000
000000111110010000
000000000101001011
111111101011111110
000010010001011111
111110111010011011
111111101111100111
000100000110001011
000010010001000011
111010110111001001
000001101000001010
000010001111001001
111110101011010111
000001111011101000
000010011000001111
111110001111111011
000011101011010000
111111101010011101
000000001011101010
111110010111000010
000011110100010111
111111011100011100
111010100100111110
000010000000100110
111100010100110011
000000011010010111
111101111011011101
111101010010010101
000001100110101111
000001000010011100
000000101000100110
000001100101000000
000000011010010100
000010001110100111
000000000011011110
111111011000000000
000010001100001011
111100011000100100
111100001010011110
000000010011011110
000001011101010010
111110111101111100
111110110010011010
111111001100010010
111110001011001001
000101001011101000
111111110011100000
000011000010101010
111110101011010111
111111111011110110
000010100110111110
000000111110000110
111101111100101001
111111101000001101
111111010111101001
000100001100111011
111110100001000111
111100010011101011
000000100001011101
000001111000101101
111100101001010100
111101001101010011
000010100110001000
111111110000011000
111101110101110001
111111000000110011
111101111101001100
111100101011111100
000100100101100010
111100000100100011
111101010111001001
111100100010011110
111110011001000101
111111000001011001
000010001100111010
111101110011100110
000000100100100001
111100010000101000
111111100001110110
000000000011101101
111100000010110001
111111111011001101
111101010000001011
111111111111110110
111110100111100100
000010000100001000
111011101111000001
000000011100111110
000000010100111100
000010000011101010
111110100010101010
111101000001010000
111110100010101100
000011001011100110
111100001111111111
111110010110110011
111101100111000101
000000100110111011
111101110111010100
111110010110100100
111111111010011101
111100101001000100
000010100010100101
000011001001111010
000010011001000111
111111110011011001
111110100000011000
000011001001000101
111111101110001110
000001010000011000
000001001000000111
111111110011001000
111111000001100111
000000100100111010
111111110010111111
000001001010010011
000100010100101010
000011111110110011
111110110111000111
111110110101111111
111110000110000000
111111000100111011
111100110100100110
111111001000101001
000100010000000000
000001011110010101
111110010100101101
000000110010001100
111110101000001001
000010100110000100
111101010010010110
111101000000110001
000011110111100000
111111010110110101
000001001111110101
000011101101111111
000001111111010000
111110001100110010
111110010010000100
111110100001011110
000010000101110011
111101100100000010
000010010011000101
000001000100001110
111101110010100110
111110010010100001
111110000001000000
000010011000000110
000011100000101010
111100111011011100
111111111100000101
000001011001110111
111110000010111111
111100110001001101
000010011000111010
000001100011001001
000010011110111001
000000101110010100
000001111110100111
111100001101101000
111100111001100111
000010101011110101
000011110101001011
111111111000011001
111111110000100001
000000011101000110
000011010001100100
000100111111010111
111100000100000101
000000010110011000
111011101101101001
000000101011001010
111111001110011101
000000001101111011
111111101100011110
111110000000111001
000011000010011101
000001110110010011
000001011001000010
000000111001101101
111011111010100001
000010100010001110
111110111111011101
000101000000100010
000010011110100101
000010010001001101
000000000000011100
000000010111101000
000001000001011001
111101100111101011
111010101110010100
000000010000110100
111111101010011110
000000101100010001
000001011100110100
000001111010110001
000000011111101111
000011110111110111
111101001000110010
000000001000010000
111110111110100010
111111000001100001
000110010011100111
111101000111110100
000001000010001110
111111111111011100
000001001111100101
111100010101000101
000001001011110110
111111011100100101
000001011101100011
111110110001100001
000000000011000001
000000101001010101
111110111000110111
000000100101010011
111101001001111101
000101100010110011
111101101101101011
111110100100111111
000000011110000000
111110110011000011
111110110001010000
111111000111011001
000010110001101001
000000000000011000
111111101110011110
000001011110010001
000010011101111110
000001000101100110
111111001000001110
111001011110011110
000000001011101001
111111000100111101
000101100000101001
111111000010000000
111010100100100000
111011001010010010
111110001000110010
000001010011100011
111100010100001001
111110010010001111
111101110000000100
111110010101011110
111000110001011100
000000001101001001
111101011010000010
000011110110000101
111101110110101101
000000111111100111
111110101100000011
111111011111000011
000000101000111001
111111110000101110
111010010010101000
111111000111010010
000010010111011100
111010101111110100
111011000001100100
000001110110001100
111111100101011101
111110101000011010
111101010100000110
111010100011000011
000100110011001111
000010010011110100
000100011000101011
000010110001100011
111100100100110000
000100110000101000
000000010010000110
000010101110001111
111111010100011010
111100011001110111
111001111110100111
000010011001011001
000000110000001111
000011111100101110
111110011000110011
111111111101001101
111111100101101111
000010111001110111
111110101001111010
111100101110111010
111111101000000010
000000111011001010
111111110100111011
000000010001111111
111111111011101101
111110101101111000
111111100100111100
000001010010011011
111110001100000010
111110010001000111
000000111100110100
000010110010000011
000001000111010100
000000001011111010
000001010000111011
000000110110111010
000010110110111111
111111010000001100
000000101111101110
111101111001111111
111111001100001000
000000000111011101
111011101000100011
000001000011111111
111110000000001101
111111110100010001
000000010000010100
000001100110101110
111101110111101111
000011011101101010
000000111100001100
000001000001101011
111101110011110001
000010101010110111
111110001001101000
111011111110001010
111111000110101101
000011011101000000
000001100111101001
111101000100101111
111101001011110111
000001101110001000
000000010111001010
111111111011111111
000001010011010101
000010010111101110
111101011110000100
000001111000100110
111111100001101010
000001101011110111
000000000111011010
000011000011001010
111100111101100001
000001110010111110
000000001100100000
000000001101110000
000000010011101110
000001101101010100
000001000000110111
111110011010011011
000000111001011001
000011000111011110
000010011011100100
000000010001110101
111110110001010110
000010000000001101
111100110110101010
111111001001111111
000011000010111101
111110011101110011
111101000111010001
111110011100110010
000001100111010010
111101001111010010
000000100011000001
000011010011110000
111101011001101111
111010100100010110
111110001111010001
111100110010001000
000100000001000111
111100010010000011
111110001110100111
000011111010010000
111110010101010110
000010001001000101
111110000010110010
111101110110011101
111100101000101110
111110011000000000
111111000010101101
000011000000100010
111011101010100100
111101111001011111
111111001010111110
111110101100010001
111110010011011010
000011011111011101
000100000100101110
000010110100110111
111110000011011100
111101000101100000
000000001110101000
000001100101001010
111111110000111010
000000100011001001
000001001101110010
111110100001111101
111110100110111100
111101011000111000
111100111100111101
111101100110011010
000011110000010001
111110000010110001
000000001101110100
000011001111000101
111101111000101010
111100100011011000
111111000111011010
000001000001111100
000010111001100111
000000100101011110
000000010001001010
111011101000111001
000010111000011110
000010000000011000
000000001110111010
111100111010000011
000000101101011100
111110111010110110
111101100100110011
111101010110011111
111100110110001100
000011000010010100
000001011101111100
111110100001111000
111111101010110111
000010001110111011
111111110100101000
000100011010101011
000010001110010000
111110000011011010
111101111101001110
000001100000110000
000010100011011001
111010011110110110
000001010010111100
111100101111001010
000100100110010101
111110010100011111
111110101010111110
111100100010001111
000010001010001010
111100010011001001
111111010000100010
111111010111101100
000001001100100110
111110111111110011
111101001111101010
000001100111001001
000100011111010101
000001101111011111
111011000100001110
111110100001110101
111101111111001010
000100001010011001
000001011001101000
111110000010001101
000000010101000000
111111010000010010
111101110001010101
000011100111100101
111110110110001110
111101011010000100
111100101010101010
111100111110110111
111111111111110100
111110100010011101
111111010111010110
000000110111101011
111111010110110111
111101001110100000
111111110101101010
111110111111011111
000000111010011100
000010001100101111
111110001010111000
111110000111100011
111101110110111000
111101000001001101
111110011101011010
111111011100000110
000000100100100100
000000001101100111
000000100100110100
111110101101110011
000000101101010100
000000000100110001
111111011000010111
111101101101100010
000000101101100101
000000110101100110
000000101111101001
000010110001010011
111101111111111110
000001100001101010
111110100000110110
000000001110111001
111111001101001010
111111001100000110
111101110101011010
000000110001011011
000010000000111111
000001100111011110
000011101110011010
111100110111001011
000000001001110110
000010110100100111
111111001001100011
000001010000101100
111111101101111111
111111100000011101
111100110101110001
111110101011011010
000001111010100001
111111100011001011
000100000001111100
000001100011001011
111101010000001111
111100100001000001
111100101110111100
000011000110011111
111101010011011000
111111000001111001
111110110100111101
000000000110100000
111010110100010110
111101101110100100
111110011101010000
111111010001010010
000101001011101110
111100101001110110
111100110101110100
000001010010010001
000100111110011101
111110001111010101
000000010001110111
000001100101100100
111101001100110111
000001011010110001
111111000101011111
111110100110011100
111111001011111010
111111111110100001
111111100101011010
111101101110100110
111101001010101100
111011100000000111
111110111100001101
000011000100010110
111110111010001101
111101010001000001
111101011110110001
000001111110011110
111101111100110110
000000111001100110
111101101100101011
111110101010001010
000001010001100000
111101110110001010
000001000000011110
000001111010101110
111101001100001000
000001111110010010
000011000011100111
111111101111100100
000001001000010101
000100000111100100
111111111110100011
000010111101000100
000000001011001111
000000001110111101
000010111100100000
111111000110001001
000010100000100010
000000001100110111
111110001110110111
111111100000001101
111100010110100101
111101010000001011
000001011010110001
111110100001011010
111100111001100111
000001010101010111
111110110010000101
111101010111000110
000000011110001011
000000110101111101
111101000010100011
111110111011111100
111110011111100101
000001010001001000
000010110010010110
111110010011010010
111101100111000011
000000110110010110
000000010100000001
000001100111111011
000001000001100010
111110001001101011
000001000111101101
111111110001011110
000001001000000110
000000000100110000
111101100000111011
111111101010100100
111111010011011101
000000010100010000
111101010100000000
000011111011000101
111111111101011111
111111010100100001
000000101110101010
111111011101110011
111111000001100111
111100011000001111
111111100101000001
000000110000001111
000011110110100101
000010100100101101
111110111110000111
111101011001011000
111111111100011000
111110111100011110
000000110000101010
111100110100011100
111101010001001001
000011100110010000
111101000000010110
111101111001000101
111110010100110001
000000100010100010
000000101110010100
000010000010101010
111111110011001000
000001010011010000
111110101000100110
000100010010101101
000001010110111100
111110001010011001
000010110110111010
000001010001001010
000000001111011011
000000000111010100
000010111001111111
000000110100111111
111110000001010101
000010010001110000
000000011100110100
000010010001000001
111110001110111100
000000010001111011
000100010110000111
111110001000111011
000000100101110110
000011100001000110
000010110010100111
111110101111111110
000000110100000101
111100100101001000
111101011110110101
111000110000111111
111101000010110100
000001000111100110
111101001001001110
000100011010101001
000010010110001001
000000110101101110
111100110010100100
111100101010001100
111110011101000100
111111110001111011
000000000001101011
111101001010001010
000010100111001101
000001001011000010
111011000010101101
111100110111100010
111110110111101101
111110001010011010
111111110100110001
111101011001010000
000100100011010110
111110111110010110
000010100110011000
111111001000100110
111110001110011110
000011100001011100
111110000010000010
111101010010011010
000001101001010001
000000110110101111
000010101000100001
111101001011110010
111111010000101111
111011110011001111
111110011110010001
000010011010101111
000000111010010111
000001000000101101
111100000110000011
000000000100011001
111111110010010010
111010011111100100
111101001000011000
000000010101000110
000000010001011101
111111110011101100
111111000111110100
111100111000111101
000000101100000100
111101010011111000
000011110100010011
111101110011010111
111100100000100001
111111111000001101
000010000000000000
111010110011001010
000001110001110010
000000101110100010
000011011000110010
000001110101110111
000010000100111110
111010111100101010
000001011000011100
000001001010100011
111101010100100110
000000111001000001
000000010111001111
111111101001000111
111110110010100101
000001111110111011
111101100010001000
111100111010011110
111100011100110001
111110100111110100
111100111100010101
111011000001000101
000011100100010111
111111000000011011
000101000010100011
111110110110100000
111111110010000100
000001101110000111
000011011011011100
111101010111001111
000001001111100001
111110111000011110
111111110010001001
000000001110101111
000000111010000010
111100100001111111
000010011111100100
000000010111111010
000001101111101110
000100111111010101
111110101011001011
000100100110111001
000111000011010010
111110100101111010
000000101100001101
000010100010100111
111111110001111111
111101101101001011
111101010110000101
000010011011010101
111101010100111111
000000000101001001
000010110101111010
111101100000100111
111111001000101101
000001110010100001
111110100111100101
111110100001101111
000010000011011110
000100001000110110
111111101100110100
000010010011001011
111111111011100110
111110011100110001
110011110111100000
111010100001001110
000111001001011100
111110000101010100
110111111101110000
111011111001110011
111100001001001110
111100110010111110
111111000111100100
111111111101100110
000111011100000001
000001101101100100
000110000010010000
000000010101001110
000100111010010110
000010000111001101
000011101011010110
000100111001001010
111101011011001000
000000111011100000
111111000100011001
111011001100110010
111111111001100010
000001100011100000
000100101001111100
000010001100101011
000010000001000111
111000101011110101
001001111110010000
000010110011010111
111010000011111000
111011001001110000
111100000101100101
000010010111100010
111101001000010110
111111011110110101
000001000100010110
111101011001011001
111111100100010100
111110001110001101
000010101001110110
000000100010111001
000001100010011110
000000101011010100
000000101110100010
000010101001001111
111101110001001000
000000001011000110
111101000010010110
111011001111111000
000001110011110011
000000001010001010
000001101110000010
000011110010001111
000011100101001100
111011110110100011
000001100110010010
111111101011100101
000000100110000101
000011001110011101
111111111011010101
000001100110101010
111111101111111010
000001011010111001
111111011110011101
111110011000011011
000010010101011001
111011111100010110
000011010111000011
000010001001101011
111110100110010111
111010101101001000
111111101100110011
111110110011101000
111110101110010101
111111000000100001
111010111001101011
000010001100110001
000011001110011000
000000000110100111
000000010011010100
000000011000010001
000101000000111111
111110011011100110
111111010101011011
111011001101111110
000001010110000001
111110110101110111
000010100011011110
111100111101111110
111110001111100011
111110111000000001
000001001010100001
000010011000111000
000010000111010000
000000100001000100
111110111100011000
111110111011001001
000001010000100111
000000110010001000
000010101011000101
111101111010111001
111011101000010101
000010000010111110
000001100110100110
111110111100111000
000000000101111101
111011111101110011
000010010010100111
111110011001001001
111100011100101111
000001011001000001
111101010001000011
000010111010010010
111110010110010000
000000100101011100
000001110100001110
110111101011010001
000001001100011011
111111001000010100
000000110110111011
111111110010100101
111101100000010101
000000111011001101
000000110101011011
111101001011111001
000000000011110100
111110000001110000
000000111111010011
111011110110111000
111101101101000110
000100010101110100
111110110101100100
111011000000000101
000100000110011111
110111111110001010
111101000100001011
000000000111011100
111111101001000111
111110111011101111
111110110100011110
000000001000111010
111011100011000000
111111110111001101
111101111000000110
111011001010011000
000000010010001110
000000011001100000
111110011001000000
000010000100110111
111110001000110101
111001110000111011
000011101001001000
000011110110011100
111110100011110111
000010011101001110
111111010111111010
000001011111111011
111111111011101111
000011011101010110
111111000000000001
111111011100110001
000000010000000000
000000101011110101
000001000001110000
000000011001111011
111111110011000011
000011000111101011
111110011111000000
111100011001000001
000001010001000101
111110100001011100
000011001001011111
000000000010110000
111110010011101000
000001000010000001
111110110101110010
000000101010001101
000010011111111101
111111011001110101
000000000101010010
000001010110011110
000001111111001000
111111001110001001
111101110101010100
000001000010100110
111110101111001100
000010100101101111
111101011111111010
000000000101001001
111110001101011000
111110110011100000
000000101000110001
111101100100000000
111110010111001110
111011011010000011
111011110011011000
000000100110000000
000001101110101000
000010010010000010
000010101101010111
000000010100100010
111111101100001010
111111111100000010
111111110001101001
111100010010111011
000010010101110000
111011110010110000
111100101110101001
111101101001110001
111101011111000111
111110010010101111
111111101001000010
000010100011111010
111011011100101010
000011100010100010
000101000100111010
111111010101010100
000001100000110000
111010010110001010
111111111100110001
111100100100101100
000000101101110000
000001001011100000
000010011110110001
000011110011101000
000000110100111000
111111000101101011
000011101000001100
111101111001101011
000000000100101110
111010011100001101
111110100101111010
111111000010111001
000001011111110010
000001000010101110
000000110110101001
000010010011001011
111101111101010110
111101100100010001
000000011101101001
000000000100001110
111110000011001101
111101000001000001
111101110100001110
000000101111001111
111111000100011010
111100100111001100
111101111111001100
111111011011111001
111101110010001000
111100111001011100
000100111011001101
111111110010011011
000000000000100111
000010011001000101
000000100110000111
000001010101111011
111101110101011110
000011100111001000
000000001100111000
000000100000111101
111100111111001000
000010010110100110
111111110100000110
111111010101001000
000010010110001001
000000001010100100
000001111100111010
000001001101100011
000000101101011110
000000011101100010
111000111100101000
000001100100011000
111011100100101011
000011100111101100
000001111100110000
111101000110000101
000010100011011001
000000010100111011
111111111110010110
111110010100101101
111101110111011101
000100011100010100
000001010101001001
000001001110111100
111111010111111000
111011111000001001
111010011011001001
000000101001100010
000010111011011101
111101011111111001
000011010000001101
111101110111111101
000000011110011101
000001010110111100
111111111011100101
111111010001101111
000001011001010101
000000111110001101
111111101111101111
111110011100000100
111110111011000111
111110011101011100
111010111001110101
000100000100101011
000000011001101000
111010110111111110
000000110111011000
111111011101100001
111101101010100011
111110111110011000
111111010110000010
111100111010111011
000000110111000001
000001000100110110
000001011010101001
111111100000100001
000100110110011110
000001011000101111
000010110111101100
111101110100101111
111110100010011001
111111100111010000
000010010011101010
111111010011000101
111100001111101110
111010001110100001
000000101010011000
111111011001101011
111110100010100001
000001001001011010
000001100110110111
111100000011000111
111011011001101011
111111110100001100
000001100001000111
111110111001101110
000000000111101011
000101000100100000
000000011011010101
000000110001110011
000001010000001000
111111011111101100
111100100010101010
000011100010111010
111100011111101110
111101010100010010
000000110000100101
111110010100100100
000001100001110100
111111001100011000
000000101100111011
111111001101111001
111100100101111000
000000111100010001
000000001011001110
111111111110011000
000000000001100011
000000000000110111
000010001111011010
000001101001001100
111110111010011000
000000011001001000
000000110000110001
111111011100001101
111110100000000001
111110110111110111
000011000110111100
000000001110111110
111111001100101000
000000101011110010
000010110000011000
111101100011111010
000101001010011001
111110100111010101
111100011110001110
111110101000111101
111100111000000111
000001110111001000
000000000000000101
000010001100000000
111111001101011100
111101011010011010
000010011101110111
000010000110100011
111011001000001011
111011011000011100
111101011010000010
111101101100100100
000010110111000000
000011101110111100
000000101000110011
111110001110001000
000001001110110001
111101000101110101
000010100011101000
000001000101110111
111101100011110110
000001011101010000
000000010001110100
000010011110111110
000000100010111111
111101001101101000
111110001111110011
111110001010011000
000001000111001010
000001100011001000
111111100010100111
000001000110100110
111100011010110101
000001010110000101
111101000100111100
111110100110001111
000001110001110100
111110010101001100
000000001110011110
111111100111000011
111110110111110011
000001011011110110
111010000100111000
111111101111100011
000001111100001001
111110110101000010
111110101110001010
000010010001100110
000011110101111110
111101010110011010
000101001101010111
111011111100111010
111111011111101001
000100000000001000
111111011111011100
111110111010111110
111111111011000110
111111011100011110
000000010101111010
111111010100001111
111111100101101101
111101000011101010
111110111010000000
000000111010111100
000000011010011111
000010010111101010
000010010001001000
111111100011111001
000010111111110111
000010000110111111
111111111100111000
000000100111010000
111100000010111000
000011110101101000
000101111001010100
000011100011010110
111101000110001100
111011110111101110
000001101001111110
111010101111100010
111110010011111010
111111000010110011
000001011101111010
111111100001100000
000011000000011101
111010110110101010
111101000000110101
000101000010111001
111110111011110100
001000001001011101
000001010111011001
111100110111111111
000000011111110000
000001001011001110
111111100001111100
111110010000010111
111110110001010110
000011111010101110
111111101100011101
111111000101001011
000011011001011110
111011011000001110
111111111011001011
111011110011011111
000000101111001000
000010110000001100
000111000011010000
000001000100101110
110101110111101001
111100010010100001
111111001010011100
111111001010001110
111101101111001000
000001101011001000
111011000111011101
000000010000000111
111010010101101110
000000100101100101
111100111111011100
111011100100000010
000000110100110001
000100100000000000
111110011011001010
111111000011010110
000011101010100001
111011010001110001
111110011101001001
111110011000111110
111101110001000011
111111111011011110
111000011110000011
111111001011101010
111110100111110111
000000101010011000
000010011000100010
111001111010111111
000000101111000110
111111010111100111
001000010010110110
111100110001001001
111011111111011101
111111111110110101
111110101111111001
000000111000010101
111111100100110111
000010010110010100
111100000010110111
000001100011010001
111101110101100011
111111110011111000
111110111010110001
111111011111110000
111010101001101011
000011010001110101
111101111100101110
000000111110001011
000001001111100110
111111001010001011
111111000101110111
111111111100011110
111011111010011001
000101010111110110
111100010100111100
111101101011111110
000110100000001000
111100001100001110
111101001111110111
111101011111110001
111111110010000001
111110000010111111
000101001100101101
111111010101000011
111111101010000011
000001100001111011
111110000010110001
000000101001000101
111111010111010011
000000001001011100
000000100001000111
111111000100110000
111101110011011110
111100101100111101
111101001100001011
111101000110101000
111101101111110000
000000100111110101
111101010110100110
000010100101100000
111100111001011001
111100100000011010
111110011001000111
111101001101111000
111101000110011111
111110000000110110
111110101001010110
000000000100011101
111110000111000000
000000001111110110
111101001010010100
000000010010101101
111110110001101110
111101101001101010
000000010001010100
000001000110011000
000001011111111101
111101110111011111
000000011111110100
000001111100010111
111111100111001011
000000100011100110
000000000100111101
111110111011111000
111110001101000100
111111000110010001
000010101000011101
111101111011000110
000001100011011011
111100111100000000
000001110110011000
111111011010100100
111101001011111100
111111110001101011
111100110011011101
111101111110111100
000010000011010111
111100101111110011
111111011010000100
000010110101101111
111110010101100101
111110110111110011
111101000001000111
111101110010111111
000001111110000111
000001010011001011
000001110011110111
111110000100000001
000000010011101001
000010100011010100
000000000001110010
111111001011010100
111000100100100000
111100101010001100
111110011011101001
111101101001101011
111110100111001100
111111101110110110
111100001001111101
000001001100101101
111111011110001001
000001110110111100
111101110101011110
111111100010011001
111111110110110001
000011011011111001
000000010001110100
000000011100100011
111110101111011111
000010011101001011
000000111111011010
000010010001000111
111100110100000110
111100110001110101
111110011010110101
111110001100101100
111101010110110110
000010100010010110
000010010111001000
111010101010110100
111110010010111011
111011011001100111
000010110010011100
111110100111000001
111111001011000000
111100010011110011
000001111110100111
111101110100010001
000001011011010101
111110001110010101
111110111100001110
000000110111100110
111111000010001011
000001011101101001
000001110101000001
111100011011100100
111111110101010001
000001010000110111
000000011001110101
111010111100011000
111100010001101001
000010011111011110
111101000010100100
000000011000101111
111100000100011010
111111110110101111
111110010000001110
111100100010001101
111101101000000001
000001010011010011
000000110111011010
111110011001100010
111000101111001001
111101111100010001
000001101010100000
000000100101010111
000000111000000001
000001101110110100
111100101111000011
000000010011000001
000001011111111110
111110001001101000
111100001111101110
111101010011100001
000010110101101011
000010110000111001
000000111000011011
000011110101001101
111111011100000111
000100101001111101
111101001101010110
111111001010010101
111111111010101011
000001110101000011
000000001001001011
000000101110000000
111101011011011001
000000111100101111
111100010011101011
111111000111011001
111101001100000111
000000110111001101
000000011100111000
111100100011101011
000001001111011010
111101101111000110
000010101110000110
000000001010010000
111110111101010111
111101000010011000
000010100001111011
000010110010010100
111110110001010110
000000110001001010
111101100100001111
000011001111101110
000010100110101110
000010101101001001
000001000011111011
111100101001011001
000001101011011001
111111010100111000
111110101110000101
111100111001110111
111111100101111111
000010111010101110
000000110100011100
111110011010110100
000010001011100101
000000011010101110
000001100111111011
111110011001010011
111111011111111010
111110101101100000
111100001111000010
111101101101100111
000001000011010110
111101101011101000
111110001000001010
111011111001101101
111111000000111011
000010011110001000
111110100100010100
000000100000110110
111100101001011100
111111011001111010
000000100110000011
111101001100111010
111101010000100011
000000000010011001
000000111100000111
111110010001111110
000001101110001101
000010011111111100
111111100010110001
111110000001000100
111111010011101100
111100011010011001
111110100101100110
000010010101110001
000000011111111111
000000110100101010
000011000111001011
111110100111110100
111101001101110101
000000011010011110
111101101010011100
111110001001101111
000010111111000000
111110011110110111
000011100011000110
111111011111010000
111110011100010000
111110110100000100
000001011110000010
111101111111110111
111111110001011110
000001111110011111
111111111101110100
111110010010010100
111101101101010000
111101010100010010
111100001010000010
111101011110001000
111110101001010100
111100100101100011
000010110010111101
000000011000110100
000000110010110001
000010001001111111
111100110101001001
111111000101111101
111111000010101000
000000100101001010
000011010011111101
111111100000010110
111110111010111010
111110101010110110
111111100001111111
111110110011110101
000000101000011100
000001101001011000
000000100001110110
111101110001101000
111110100110111010
000000110100110111
000001001111101101
111110001111010101
000010000100001001
111100111000111000
111110111100110011
111010010011111001
000000110001111011
111100111011100000
111101111100101000
000011000011010110
000001100100001101
000001100000011111
000001010010000111
000001011011100110
000011001001110000
111111001110010101
111101100011111011
111110101100100011
111101101001001001
111111101000101000
000010001010010011
111101010010000111
111111000011000111
000010010001000110
111110111111101011
000001110011100011
000000110010110101
111100111111110111
111110011010111110
111111010010111000
000011011010110010
000011000101001001
000010010101001000
111110000100101000
000010011100000000
000000110010101000
000001011110100001
000011000010011001
000010011001101001
000000110011011000
000001011110110101
000011010100110011
111101100100010111
000001111001100010
111101110001010101
111111111100110100
111101111001010100
000000000100001100
000001111100000100
111111010000010110
000010111101000000
111110011011011010
000001111111000111
000010000010011000
000001010100001110
000010101001000001
111101101010010011
000001101110100011
111111000001000100
000010001001011101
111101010001111110
111110000100000100
000000010011000111
000000011001111000
000000111110111101
000001100110010010
111110010000111001
111111111000011011
000001011100011101
000001100001101001
111101010000011010
111110110010010101
000010011101010110
000000100101101011
000000111101010010
000010100100010110
000001000011000101
000000110011010000
111110000001110111
111111010110110100
111110000000010011
000000001000101000
000010001010101000
111110011000000100
111101010000011100
000001001010011000
000001110100100110
000000000101110101
000000001110010010
111111010101111001
000000110010100101
000010100101101010
000001111011111000
000000010111101010
110111111011001111
111101000001001110
111101000111100011
000010011001111110
111111111101000111
111011110110010001
111111101100011011
111111000101100110
000001000011101100
111110110011001001
000000010001111101
111111111100111111
111110001110001111
111110110101110010
111101100010111111
000001011100000011
111111110010010110
111110011000110110
000001011111101001
000001010010111101
111111010101100000
000001110111011010
111101011111010001
000011010011111100
111110110011111100
111101001110101011
111110001011010001
111110100001001001
000010101011010000
111111001001100100
000010111110001100
000100100011111111
111111100100101001
000001100001000011
000001110000111101
000010010101001001
111110111111110100
111100100011100101
111110000111001111
000010111111001111
111110001010001101
000001110010000011
111101101000101000
000000010100000111
000000010001000111
111011000111011001
111101110111010001
111111000000001001
111110010000101001
111111111100110010
111110000001001000
000001010001100100
000100100001111101
111111000000100100
000001000101100111
000010011000101100
000000110100100100
111011101101101111
000010010000100011
111011110010011000
000011000111011100
000001010100101010
111111101111100000
000001000001101111
000001010000110101
111110111111100001
000001110100011101
111110101100001001
111100111101001001
111111001110010110
111101011101010101
000001001001010100
111110010000110010
111100101011011010
111111111100001011
111100011101011010
000010000001001001
111110110001110111
000010010100100001
000000111001101100
111111001100110100
000000010001001010
000001111111000111
000000011000011000
000000111000100001
000001010001000010
000000010011001000
000000011110100000
000010111000001000
000001001110010110
111100101110010001
000001000011010100
000000001110110001
000010011011110010
111111111000001001
000011111000000010
000010010111000010
111101101110001110
000001001010101010
111101010001100001
000001000010011011
000010001001011100
111101011011110111
111111010110011011
111101001100100110
111111011100111001
000001011001000110
111111110010000110
111101110101111001
111110100000111000
000010101111000000
000000111110101101
000000011001100100
000010110111011110
000001001000100001
000010110011001101
111110001110110111
000011100111010010
111111101001000000
111001011011010011
000100000100011011
110110101010111111
000100000100011000
000011011000010101
000000000011111110
000011111110101011
000001110011011101
000000110000101100
111101111010110100
000000000010000010
000010011011000100
111111111100111110
111111100111010110
111101110100100001
111110001010001001
111001001001001110
111110110111100010
000000000001111111
111100110011001110
000001111011010000
000000000001011100
000000100011101100
000001100101011010
111110000110000011
000001111101010111
111110000101001101
000010000000111001
111110110010111001
111100110110101001
000101001101100111
111110101110110001
111101100100001000
111111100011000010
110111110101111001
111111011101100011
000000000111010011
111111011101111011
000011000000100001
111011011101101110
000000010100000000
000010001001100011
111111000111000111
000001100101110000
111011011100100001
000001100000000000
000001001011100000
111111110100010111
111011001010101001
111101100010001100
000001010101011000
111101001000010101
000001011010011011
000010011100111101
111011110011001000
000000001000000010
111101101111010010
000000100001100100
111101110010000011
000001010111010000
111100111100001010
111110101001011111
111100000011111010
111100010111001010
000011010010000011
000001111010100000
000001111010100101
111111100100011101
111101111000011011
111101111001111101
111001111010001101
000100100100001010
000010010010111010
111010101001101101
111110011111010100
111111000101001111
000001111100101000
000010111010101000
111101101100000011
111111101000101111
000001000101001010
111110011011010000
000001000010000010
000010010100000011
000000011010110011
111101100000111010
000000011101110101
000010110011100000
111110110011110110
000010101111100110
000011001000001111
000010011101110110
111100110011101101
000010010101100011
111101100110011100
111111000011011110
111101010001101111
111111010010111111
000000001000100101
000001111110101011
000001010101111101
000011010100001010
111010011010100100
111110111000110001
000001110110010000
111101100110100101
000000110011100101
111111110010101001
000000001101000010
000010000111010001
111110000000011001
111101110101011001
111011001101100111
000000110011110011
111101100000111000
111011110101101000
111010001101001111
000000110110100000
000010010001000011
000000010011110011
111101101111001100
111110111001110111
111111100100110101
000000010001110000
111101110111100011
111111001110010110
000011110110100100
000001101110111101
111110000011111011
111010010101010010
000000000111110000
111111100100111010
111110111101100101
111110000111000000
111000110110110001
000001101111001101
000010010010010110
111111000001001101
000000100111010110
000001111011111011
000100101010111110
000000111111111111
111011111101001010
000001010001111010
111101101101110010
111101100100010101
000011101010011000
111111110111100011
111110011000011010
111101100111100101
000010011101000011
111111111100010011
000001101111011100
111110110100100001
111100111100010110
000000111111011000
111111101111010011
111101010001011011
111111100100010001
111111111100101100
111100011000001011
111101010011101100
000001011110001011
111101000011110011
111101011000001100
000010110101010011
000000100101000101
000000010111011001
000011001011010011
000010001100110100
111111011000100101
000010011010001100
000000111011000100
111111100001110101
000000111110110110
111101010100001000
000010001101100111
000001010110100100
000000011000101010
111101110100101011
000010000100111110
111111011000101110
111111000101100011
111111011100100011
000010000010001101
000001111101011010
111101100011000111
111101001011101111
111101001111100001
000000110010100010
000010010011010110
000010111001100001
111101000001011011
000000101011110011
000110100010101110
000011000001010010
111100011110001000
000010000001000111
111110100000011101
000001000110110111
111110010011010111
000001000101001000
111111011011010000
000010011101100011
111100111111010110
000000011101011000
111100101011000100
111111110010011011
000000110001001010
111101011010001011
000101010111001010
000001000011101010
000000101011000010
111101010100010101
111111011011111001
000001001100010000
000101011001100111
111101000010110011
000001000111111101
111110011101111001
111100101000010111
000000010011000101
111110010101100111
111111100010010010
000010011001011110
111101111011101111
000000011101000101
000010101010110100
000000011001001010
111101010001110100
000010001110010111
111011100111101000
111111000000010110
000010111101100100
111111011100111010
000001011001010011
111110100010100100
000001101010100001
111110000110000101
111011111111000001
000100110010101101
111110101111111110
111111010000110011
111110110110100110
000001100110110011
000000110100100001
000011000011100111
000011110011100010
111101001111111111
000000001010010011
111100101110110110
000000100010000000
000010000011110010
111111110001010000
000011110110101101
000001101011001100
000000101111000001
000000011011101001
110111011101100101
000011000000110101
111110111011110110
000000000100101110
000011111111000111
111101100100001111
111011111111011001
111111110001110101
111111100110101000
111101011110010110
111111101110010001
000000110100011100
000100000110001001
111010111001011010
111010100001010100
111110001000100011
111110001000010101
000001000010010011
111110100001100001
111101100000111001
111100100101110011
000000011001011010
111101011110101001
111100011111101111
111111011110100101
000000110101110100
111110100010101110
000010010110111111
111101001011001100
111111011110111010
111110111010011110
000100001110100000
111010001011011110
000000110111011110
111111101000101000
111110000001001011
111111100010011101
111100000010010011
000011000100101001
000001111100111110
000000111011001100
111101100101001100
111110111000001111
111101100001101111
000001010010111101
111100000011101110
111111111011110101
111101100100011101
000010000100110011
000000101011010001
111101010000001001
111100111001100110
111011011100011001
111011100010101010
111111010010010110
000000011010010101
111011001111110101
111100011101101110
000001000010001101
000010011110110111
111110010001010000
111111011101110010
111110100000111010
111101000101110010
111111000111000010
111100000010101010
000000100111010100
111101100110110111
111010001111110100
000100000110111111
000000010001100001
111011100010010010
111100100111000101
000011011100110100
111111110100001011
111101001110100010
000100000101110111
000000011010000001
000110011110000001
111101000010100100
111101010111111011
111111110111111101
000011111000110111
000000101001000001
000000011100111110
000011111110000111
111110101011011011
111111100111011010
000000111000111011
111110000111010011
111100100010000011
000000011111101111
111111100011010111
000010100111010000
000001100100000111
111111011010001101
111110000101011111
000011101010001100
000001100001000111
000010001100001010
111111100001000001
111111111101001110
000000001011001111
111110011010000010
000001101000010110
111110011011011111
111110010000001010
000100000000111100
000011011011110111
111110100010010011
111111000101001110
111111110110000000
111111000000101011
000001100111111100
111010110100001000
111011011010110011
000000001101100010
111100110010000110
000010010110010011
000011001101100011
000011001101011111
000001101001000001
111101010000101010
000100100101011000
111110101110100010
000010000011110101
111110110100010000
000010000001110111
111111101000001001
000010110000100001
111101000101011111
000001010000100101
111110100010011111
000000111111110111
111100010000111010
111101111000111100
111111010011110101
000001000110111001
111110101010100110
111100101011000100
111101111001110111
111101110010101110
111111000101100111
111110101010100111
000000110111011001
111100101001000001
000010010101101100
000001001101110000
000010000101001011
000010000100010110
111111110111011000
111011110001110000
000001110111101000
000001011101001101
000000010111110011
111101110001100001
111111100110101011
000101010111010001
111111010100110111
111111000111110001
111010000010100001
000100010100111110
111011111010111001
111101010010001111
000010001110101111
111101000101101001
111101110100011111
000010101011101001
111111110111100100
000100111000011001
000000100100111010
111111011001010110
000010100000011011
111110100111101110
000000010011111110
111111100100011010
111110101100111111
111111000011011000
000011111101010000
000011000110110101
111100111011001010
000001101100110010
000011101101000100
000010010000110100
111101100111111010
111110001000000111
111100110001001111
000001000010111011
111101001000111011
000000011000011110
000000010010010001
000001100100000110
111010111100001100
111101000101100001
111100100101001001
000000100110111000
000001001000100111
111110001101011000
111101101100110101
111101000001110111
111101110111010011
000001111100101110
111101001111100001
111111100111001010
111111110000001100
111110101010001100
111101000111100000
111111110000000000
111101110010111001
000000000111111000
111010101101110111
111100101101010001
000000011010010100
000010110101100101
000000011100011110
111111010001010101
111100100010001011
000000011100011111
000001100100110000
111100010010001001
000000001110101000
000100110001100010
000100001100001011
111010111100111000
111101111001001011
000010000101001010
000001111110000110
111110001011110000
111101010100101001
000001111000000111
000100110001010100
000011111000100100
111101100000101001
111111101000111010
111001001000010000
111101000110101100
111110011010001100
111110011000000000
000010101100110110
111111000110101001
111001011100010011
000001011101000001
000001110011111100
000000100001100100
111011111101101111
111011010100001011
000010110111110110
000000101010001000
111101111011010001
111111110001010101
111110000100011100
111011011011010100
000011111010001000
111101100110100110
111110101011010011
111111000000000100
111101010110001000
000001110110000000
111110010111111111
000001011110000000
111011101010010001
111110000000101001
000010011111110010
000001110100110001
000000000010101010
111101100110011111
111101001111001001
111101101000100101
111111101100111111
111110110110010111
111101100000101110
111110001100100001
111101001111101011
111110101100110110
111110111011110100
000011011111100001
000000111111000100
000010011100100011
111111100010110011
111101011010010100
000001101111000100
000100011011011001
111101110011000000
111111101010111001
000011111110100001
000010010000001110
111110011001100101
111110101100010110
000000110001011010
000000100010101100
111111000000110111
111111100101010111
111110110011000001
000000100101000011
111111110110111100
111110111011011010
000000111111010011
000000011000011110
111101010000110000
111100101101101101
111110011101101111
000000110001001001
111110011010101000
000010000101101000
000000101100011010
111110111110111101
111110011101000101
111101111010111010
000011110010110111
111100100001000101
000010011111100011
111111000111111010
000010010111001110
111110000001011001
111110000101111111
111110011111100110
111101101000000111
000001101010010100
111101101001011001
111101110101010101
111101010010000001
000011001101100011
111111101110010110
000010111001101101
111100111000011011
111111100010110000
111111111110111001
000000010011110101
111101110011010111
111110010000100111
111110110011111100
111111111001011110
111101001011111101
000001111001101001
000001000001100001
000010000011101110
111101011010111101
000010111011011010
000000100001011001
111110100011001111
111100111100011100
111110100100011111
111110011010010101
000010010100110000
111101000010101110
000001111010000000
111111111111110000
111101011101111011
000001110100000111
111111100001011100
111101000110110001
000010010100001111
000010011010101010
000000110001100100
111110011110011111
000010010110111010
000000100000011010
000001011100001111
000010011011111101
000000111000110111
111111101110001001
111110111000100110
111110011100011111
111100101110010011
111110001110000100
111100100111110100
000100000000101111
111100100100100000
111100110010001001
000001100001011001
111111000111100001
000011000000101110
000001001111100000
000011110011000010
111100111011010001
111100010000110000
111100110000000101
111101101000110000
000000110000001010
000010001000011011
000000110010111100
111111110111100111
000000011001101001
111111000010101001
111110001111010110
111110100010001011
000000010100111101
000000001010001011
000011001101011001
111110100111000000
111101000001000010
000010001000000100
111100010011100111
111111011111101000
111101101111111110
000001111011011001
000000010110001000
000001001111000111
111100100111010011
000001100001101010
111100001111110010
111110110111000001
000000011101001000
000001000111101011
000001100011100111
000000000101100101
111101010001101001
111111100111110100
111110000000001001
111110011000110010
111111111000100001
111110101100001010
111110010010011111
111101001111001100
111110111100101010
000100011101000001
111110110001001000
000000011101100010
111010111001000110
111011111110100000
111101110001011101
000000110111010010
000001001100010100
000001101100011010
000001110010000101
111100011101001101
111110110001100010
111110111010011100
111011111110111100
111111001011110100
000000001010101110
000011100100110100
111110110010100111
111101111111001010
111110000001010000
000011111101011010
000010111010001011
111110110101111000
111101111111110110
111111010011111101
000001100010000110
000011101001001111
000001000010011010
000001101000010000
111111011010001011
111101110010110000
111111000001100011
111111110110001011
111110111110001010
000010000100001001
111110111100010110
111111011000100011
111100010111001001
000011010000000110
000000100100000100
111110011101010101
111111000001001111
111111001111000110
000001101101011111
111111101110101110
111101101010011111
000010010000101101
000010100000010101
000000011010110010
111101001110101100
111111011111100111
000000111010011001
111110001101110100
111100011011100000
111111111000000111
000000101111001000
111110111011111100
000011000111001101
111011110001001001
111100100111001110
000010011010010000
111101010000111000
111110001101101111
000011001110010001
111111100111010001
000001100110010000
111110010110110010
000001010010011001
111111100111110010
000001111000001001
111111000110101100
111111010110001000
000000111010111010
111110100010111010
000000011010011100
000001011100010100
111111101011111011
000011100001111110
111111010001010011
000010000100100011
111100111010000001
111111110111011001
111100111010111010
111110000001111101
111101011001100001
111101000100110010
000001101110101001
111101101111000101
111100110011111000
000001011010011001
000010110110101100
111110010000010001
111100100001011010
111011111001000101
111100011111001100
111110100001010010
111100011111001110
111110111110000100
000000000000100110
111100101011010001
000011000001101111
111111000111100000
111101001100000100
000001101001111110
000000010000001000
111111000001111100
000001111101010111
000000100010101111
000001000001111111
000000111101010110
000000011101010000
111111101000100101
111111101110010101
111101100110110011
000000100101101011
111110000110011001
111111001001100011
111100000011100110
111110100000110010
111111010100101011
111111011110101101
111110100010101111
111010010101001011
111100001010010101
111101011110000011
111110000010111011
111110111011111100
111111110011101100
000010110000110010
000000001011000110
000001010011111100
111110011001001001
111111111101111111
000010011110100100
000000101000010010
111101010011001111
111101000110001101
000000011010111011
000010000111100100
000000100101000111
000000111001101100
000010111101100110
000001011000110110
111010011111011100
000011010001000010
111111011011001100
000010010011010100
000001101000011111
111110100111000000
111110111111110101
111100110001000101
000001001110010000
111110101101000110
111111100010110101
000001000110011100
111110010111001110
000000000001001100
111101011111101011
000000001111011010
000011100001000000
111110101101100100
111111010000000010
000001101110101001
111101101010111010
000000000101010001
000011001010101001
111101111111110000
111111111111100111
000000011001011101
000010000101011111
111101101111110110
000010101011000001
111101101000010100
000001101010001010
000010011010001100
111111011101011001
000010100100001110
000000101001100110
111111101011011000
000010100011110110
111110001100001111
111110100000000111
111101000011111010
111110101010001111
000010001001000111
000000101110110100
111111000111001110
111111100000000110
111110000111100111
000001001110100101
000001100010100010
000000001101111011
111111100011111000
000001101000100110
000001010101111111
000000111000011010
000000011000111011
111110001100000010
111111010010101110
000011111110001100
000001100001100101
000000000000110100
000010001110100101
111101110001110110
111101001000000110
111101011001110110
000011000001110001
111111010000110101
000001011001111010
111011011111111111
000010010001010001
000010111011010011
111100110101001100
000011101110101101
000000001111010011
111101111010010000
111100111000010111
000100010010011101
111111111000011100
000010000100001111
000000111010110000
000000001111101110
000010100101000110
111111010110001111
111101110001000001
111110000011110110
000000111100001001
111011011111100100
000000000111000000
000010010110101001
111111001100000100
111101101000000011
111000100111100010
111100110000001110
111110001111010100
000100000000001010
111110101000011011
111110011000011101
000001011111100110
000000101001101100
111101100011011110
111111111000001110
111100010001111111
111111011100110101
111111011100011100
000000010001010001
111110100001011110
000001001100010001
111110010011110000
111111000100100000
111110101101010011
111111110001000111
111111000001100111
111111001111010110
111110011110101010
000010100010111011
111110101100110110
111101101010011100
000000011111101111
111100111100100000
111110101101110111
000000111110100111
111101000011110010
000100001010011011
111110001100001010
111110110010110001
111111010100011000
000010010011100101
111110100011111001
000000111111000010
000001000011010100
111001111100101111
111111010100100011
111110101101110101
111110111100111111
111101101111110100
111111001110101000
111101001001001111
111101110101011111
111101110100111110
111110010110101100
111110101110111000
000000100101001110
000010100011001110
000001010010100111
000011001010001000
000011110111011100
111111011001011101
000001011110010110
111101000111101001
111111110101101101
111110100001000111
111111000111110010
000001001000100000
000000110010111111
111111100110000010
000011100100110110
111011111011110110
111110000000100001
000010000101011110
000010100010010101
000001101101000001
111111110111010100
111100101100100110
000001101111010000
000001111001100100
000000011111011100
111100001011000001
111110111101101001
000000111001111011
111110001011100011
000010100010111011
111110101001010111
000010101011000011
000001100000110000
000001101100001000
111100011001100001
111111010011011110
000001011110101100
111111111011100110
000011101101101001
111111101010101111
111111000001011010
111101101011001001
000000000011010001
000000010000011111
000000110111110000
000000000011010100
000100011101101010
111100111011000011
111111101000010101
000011001001111110
000001110100111000
000000100110011111
111101100011100000
111100111000100000
111111000110000001
000010001100100011
000000111110110110
111100110001110101
000000100111101110
111011110111001011
111110100101000101
000010000000000001
000000100101100111
000100011100001111
000010110100001010
111100110001011111
000010011001100000
111111101001010011
111111110100001011
111101011011100010
000010110101110111
000001000000101000
000101001111000111
000000001001100011
111011010111110010
000001010101110111
000000101100000001
000001110110101001
000000110000110110
111010111111011001
111101010110101010
000101000011101101
111110000011111100
111111010101000010
111111000001010001
111111101001100100
000001001110101100
000011110111000110
000010111110111101
000001011000111001
000010000000110101
111101010101101110
000101101000000111
000000000100100010
000000111111001101
000000000101111100
000010110100000111
000011000001100000
111100111001110011
000000000101111011
111101001001110010
000010001101010011
000000101101110000
000001011000001000
111101100100101000
111110101111101000
000000001111100100
000001110011011110
111111001000010001
111111100010100110
000011001111000110
111100010101001101
111111000000100111
111111000011111001
000001011010001000
000010110001111111
111101101110111101
111011000110111100
000000100001110010
000001111000011110
111110001011011010
000000100111111000
111110000100011010
000000111100000001
111111010100111001
111110011110100100
111011101011111101
111111000110001111
111111110101100001
111110011101111101
000000111111011110
111110110001100001
111101000010000010
000001000110000011
000000100000010000
111111000010110001
000000100010110011
111011100011111110
111110110010101011
111110000100001101
000001100100001100
000010100101000100
000001001010101010
000000010011010110
000001000010101001
000001101001110000
000011101101000011
111111110011110100
000001000001010010
000010101110001100
000010010111101011
111110010110110000
000001111010111011
000001101000010111
111110111000111100
000001101001010000
000001010011101110
000000010100000100
111110001110100110
111100010011110110
111111001001011101
111101010101001110
000001000111000000
000000010101010111
111100110001100001
111101111001001011
000010011010110111
111101001001010100
000000000100000000
111110011100010101
111111111011011001
000000000000111110
000000000100000100
111101010010001001
111111111001011101
111101001001100010
111110100111110101
111110000101100000
000011100011010110
111100110001011101
111110001001101100
111100000100011101
111111101111011010
111111100110010110
111100010000101011
111001000101110111
111101111011010100
111111100010100110
111110101010011110
000001101101110101
000000001110001100
000000000011100110
000000011010111100
111110101001010011
111101011101001010
000001010101100010
111110110001001110
111100100010010101
111010111100000111
000010111011111101
111110001101001001
111111111101000111
000000100111101000
111011001100010111
000000010000111101
111111111100111010
111111101011111001
000001111111111101
111111110000010100
111101011110101011
000000001111011101
111100110010101110
000000000101000100
000000100111001101
111111001100110100
000100001011011000
111111011001010110
000001111011111000
111110001010011111
111100100001001010
111101111110010011
000010101100101010
111100001000011110
111111110111011101
111111011010010010
000010011100001101
000001010101100111
111110001111110011
000001110000100001
111100101011101111
111101010011000010
000000011100100100
000010100110010100
000001000101110000
000001000110110000
000001001100010011
000000001000111000
000001100011100100
000010001000001111
000010101011101010
000000011110100001
000001011000101010
111101011101111101
000001101001001010
111111001010001110
111110110110101000
000001101010101100
000001001001011011
111111000000111011
111111010010010011
000001101100011111
111100100111001101
000010010011001011
000001001011111100
111101010000111001
111111111000111010
000001111101101111
000001000001001101
000010111111101001
111101101111100110
111101011100010000
000000000101101101
000010101110100011
000001110011100011
111100110111111010
111101111110110011
111101100011001100
111101110000110111
111101110101000001
111110111101001110
000010110000000110
111100000011111011
000000011111000101
111100001110000100
111100101101011000
111100101111101010
111101001111101101
000000001010000000
111110011101101110
000010011011111101
111100011111000110
111111110100000101
111101001111101010
000011011110100100
000010111110010110
111111010000101100
111111111100111010
111011101000010000
000001000011100110
111110000110100110
111011110101001010
000001111010110010
000010000110010001
000011001001000101
111110011100110010
111111110011001010
111111100010111000
111111001101010111
000010110100011000
000000101000010000
000001110011000111
000000011100001111
000001010010111110
111110001000110110
000001101000111011
000000111100111001
111101100010011010
000000110110101100
111100011110001110
111110010001000111
111011100101011010
111110011011110000
000001101100010010
000000100001011011
111110110111110111
111101001100100111
000000010101011010
000000100000010110
000001100100110010
000010010001111111
000000001000100111
111110001110011001
000001100100001111
111101011110100110
111101010100101101
000000010010110000
000001000011010101
111011010011110011
111110010000111110
111011000110000100
000001001110100110
000010011111111110
000000001101011001
111101011101010110
000010001100011100
000001011001000001
111100010011100010
000000110010001001
111110101100001001
111111010011001000
111100000011101100
111100011000011101
111101101101011101
111101100110001011
111101001100111001
111011101110011010
000011010011000111
111110010111001011
000011000111100111
111111111101001111
000001100011111101
000000011111010011
000100001001001011
000000010101111110
000010010101001100
111110100100110100
111101000011011100
000001010101011111
000011110101111100
000000011001110010
111101111101010100
000001101100011111
000000011110000001
000010001010110000
000000111110001000
000001101011011101
111111110111001011
000000101000010110
111011110001010011
000001110100100000
111101000010000010
111111011110110001
111011000100010100
000010010111110010
000000011001101011
000000111001001001
000000111010111010
000000010101110010
000000001000110101
111100000110100010
000000101010110101
000000010001100010
000001111011100100
000000110010011010
000000101000011001
000010100010111110
000101110111000111
111111110100000110
111111011100100000
111101001101011111
000001100000100011
111111111001111101
000011001011001111
111110010100011101
111100001001001110
111100101010110110
111101111110010111
000000001111110100
111010110101001101
111100101110111000
111110110110010100
111110011001001011
111100101111110000
000001001010111101
111010110111010010
111111100110100000
111101011111011000
000000100111110011
111111001001101111
111101100101011000
111110110001001110
111111001101011010
111110001010010111
000001000101100001
111010111101001010
111101000010000100
111111011111000111
000000010010010010
111100011101011001
000000010100111011
000011001101000010
000011010101010010
111101110100011110
111111111111100000
000001001011100110
000001000010011111
000000011110000010
111111001100111000
111101110000001100
000001101011011100
111110101010110100
111101001000000001
000000000111101011
000010101111011110
000011100101110101
000100011001101010
000000010111110000
111110000101110011
000010111010100010
000010001101011011
000000000000101000
111111000001000001
111111111111101011
000010101101001101
111101110010101010
000100100101111000
000011001001000011
000010110000001111
111110011010001101
111101000111100101
000000001100001001
111101101010101000
111100101101011101
000000110110100010
111110111010101111
111111100110000000
111101001111010111
111101111101111011
111110111111001001
000001000101111000
000010011111101001
000001110100101001
111111100001110110
000001010001101111
000001100010101101
111011111011001001
000010011101011110
111111101001101111
111111101111110011
000000000100011111
000001110011010111
000001001000011000
111101101101111001
111101101000101010
111110101010100110
111110000101011010
000010100010111100
111100001001110010
111101000111000001
111111000111101000
111011110101001111
000000010000110010
000000110011100101
000011011010001101
000011100100010110
111110100101110000
111111001110101000
111110010010010101
000101010011000011
111111111111111101
111101011100001101
111111011001010100
000000111001000011
000000010101111101
000000011111011111
000001111111110101
111110101110000110
111011101011100100
111100111110101101
000010001110001111
111110111001101001
111011100001011111
111100001010000100
000000111110110010
111111110110010010
000010101100101111
000010110001100110
111110100000011111
111111110111000001
000010000101001001
000000001011010101
111101101110111011
000000111001111000
000001111000111000
111111111101110010
000001011110000101
111101010000110000
111101011010001000
111101001100110011
111110100010010100
000010001110100011
000000110000100100
111111010100110111
000000110100010100
111011000000101010
000000001101110101
000011000101111100
111011111011001110
000011011110000101
111111101010000111
000000000101110111
111110001100110010
111110101111111111
111101101100101101
111100010000100111
111110001100111110
000010101001111100
000001000001001101
111101011000010111
111111001010011100
111011100010011101
000000000000100000
111110011011111100
000000000101001010
111111111100100011
111110001110111010
111101011101010111
000001010000101010
000001100001101000
111011110010001101
000000100010100100
000011110110110001
111101001000100001
000001011000100111
000000110011110000
111001110101010001
000010100000001111
000001111011001010
111110111001000111
000010111001001010
111111100101100001
111101100011111101
111110111110001101
111111011111000000
111111010010011010
000001110011100010
111101010100110111
000001110100010010
111101001111010101
000011000001011110
000000110101011011
111101110100100101
111110111000111010
000010111011001111
000000011110101010
111101111110011000
000000100010011000
000000001110101000
000000100000011010
111101100001011111
111110011000010110
111111111001000110
000001011001110100
000010000110010000
000001000101010111
000001001101101100
111101011100011111
111011001011100011
000010000001001111
000001111000111100
000001100010011001
000000000011101111
111111110001010110
000001110001110110
111100100011001100
111110011110010101
111100000111100010
000000110010011110
111110000011001000
111110011000011111
000001110000010011
111100111010001011
000001111000001100
111110011110011110
111101001000001001
000011010110110100
000000010100000110
000001001110000100
000011111011110101
000000100000000101
000000010011111011
000001000011000110
000100000110100100
000010101110000010
000000011001111000
000010000101011011
000010010010000010
000001011001111010
111101001101001000
000100001000101100
111111011101011001
111111111001101101
111101100010001111
111100101111010010
000000011110011001
111110100100000111
111110110110010111
111100100110100101
111101010111011111
111101101101011100
111110000100110001
111101111010101100
000010111000011100
111101110110101000
111111001101110110
000000001000001001
111111111011101100
000000001011100110
000000000010100101
111110000101100100
111110101000101101
000010110011101010
000000001001110010
111111110000110110
111101000011001100
111111101111100110
111111110010110110
000001100001010000
000000101010011010
000001111001111110
111101010100001010
111110001010100100
000001110110111110
000000110111101101
111110101011111011
111100111011011111
000001101011000101
111111110010110111
000001000010010110
000001001110101100
000001110110111100
000010010101110001
000010011101101011
000000100000100010
000010000001000111
000010000101110010
111111110000111111
000010001111000101
111101001010101111
000001011000010010
111111010010010100
111110000110110011
000001001000100101
111101101100001000
000000001010101110
000001000101100000
000000110001011010
000000001011000110
000001010010011011
111100011110010011
000100000100101110
111100111011101101
111101111100000010
111010111001111000
000010010110001101
000001100001110100
111101011010011000
000000000110110100
000011110000011011
111100110101101011
111101010111011001
000010010110000000
000010100000101100
000011001110010000
111101100000101101
111010101110001100
111100111001101100
000001100101010011
000000100011110101
000100001101000111
000100010110100110
111111111011101010
111100100110101100
111001010101001001
111100101000101111
111111101100011101
000001110101011000
000000010100100110
000011011000010011
000000110101111001
111101010010000010
111100001110111001
111101010011111101
000000101111101110
111110100111110011
000010110000100001
111110000000110100
000001101011001011
111011101010011001
111110101110000000
111101111110101000
000000111010110111
000001001011000001
000001001100011000
111110101101010001
111100010110111001
111111110010001001
111111010010000101
000000111110011010
000011010110100100
000010000110110001
000000100000000110
000000101001110001
111111101000011100
111110010110101110
000000000110110110
111001011001011000
111100110111000100
111101110100110110
000101000101111000
000010100011000101
000000101101011111
000101110001010001
111100000011110001
111111101101101011
111110110000001110
111101110000101010
111011110101101000
111111111111111110
111100000011000001
000101000110000010
111111010100111001
000011001100001001
111011101000111010
111101101010010111
111101100110011100
000001111011100011
000010011011011101
000001001001101011
111101111011110100
111111100001010001
000100111000000111
111111110010111100
111110110101011101
111011100000111001
111110100101110001
000000111001111110
000010011101000111
000011000101110110
111111110111110011
111111010010100001
000000110100100100
000000010010010100
111111000000001011
000000010011100000
111101110111010000
111110110001100001
000001101001010000
000011011011110000
111110010100001101
000000000011101010
000001110010100001
000000000110101111
111101111010110001
000001110100100010
111110000001001011
000010011100001011
000010111110000110
111100111111110111
111101111011011110
111100111110011100
111111100001101110
000000001001110010
000001100100001101
000000011100000110
000000100001101001
111110000110011101
000000000111011000
000000100101111001
000010110010011110
111110110111101001
111111110000011110
111111000111110110
000001100011000111
111110101000110111
111111110010011110
000001100110100110
000010011001100011
111111111000011111
000010011000001110
000000111101000011
111111101110111101
000010101110001101
000000110010001000
111110111101011110
000000100101101000
000000110111010111
111111100011110101
111110101111001001
000000100111010101
000000000001100111
111111101110011100
000010010100111100
111101001011100001
000001010111010111
000010010101001010
111110011111010100
111111111110101111
000011110101000001
000000000101000111
000001000001111111
111101000010111111
111110101111001011
111101100001100001
000000110011001011
111111001111110110
000001001000011110
000000010101101100
111100010101011010
111110000000111001
000000111011101000
000000100010000100
000000110001011110
000010110101011001
000001000100010000
000000100010110000
111111101001101101
000000100011101000
111110011001110011
111110110110000001
000010101001000001
000010111100101000
111111110010100011
111110011001000000
111100000010110100
111111010101101110
000000111111010100
000001101011100101
000000111110001100
111101110010011101
111110101000100001
000000000110000101
111100101101101111
000010001111010001
111111010111101101
000010100101000001
111101000100100011
111111111011001101
111111000101110001
111110101010000001
000010001110000011
000010001010101111
000001001101001111
000000111100001011
000000011000000000
111111110000000001
000001000101110011
000000101010010111
000001010110001110
000011010000100111
000001110111100000
000000110000110111
000001101010110011
000000001010101000
000000010111101111
111110100101100010
000000011001101001
000010110011111010
000001010100111001
111111111000101000
000000001101100110
111101111111001010
111101010000001001
111110011100111001
111110100100111110
000010110000101010
111110110111001111
111101001010111111
111111000101001100
000001110001110011
111110000010100011
111111100001000000
000000001000100100
000001010000011100
000001001110110001
111111000110011010
000000110011101100
111111000001111101
000001100110000001
000001101001111010
000001101001101101
000010000000010101
000011100111001000
111110000000100010
111101011100011111
000000101001111100
111101001110110000
111110011001010001
111111000111011011
000010110100011000
000010101111111011
000010110010100001
000010111101010000
000001011101011111
000000101110000100
000000001010010111
000000010010000011
111111000000101100
111111011000101101
000000100111000111
111111100011111111
000001011110011011
111101111111000100
000001001001110001
000000111100001010
000010000010100010
000010111000010000
000010011010110110
000001111111101111
111111001000101000
000011111001111101
000010111110001110
000001100000100010
000001101100101100
000000011100100001
111111111011100011
000010010111100101
000010111010110101
000011001000010000
111111110110001010
111110001111011001
111011111011100101
111101111000011100
000001101000110110
000010101111010001
000011101010011100
000001101110011001
000001000100100001
000010101100111010
000010101100011110
000001011011010100
111111101101001101
111101001101010111
111110000001101000
000000111100000010
111100001111000000
111101111101010011
000010000001111101
000001111001110100
111011000011100011
000010000100010001
000001011100110110
111111111110010101
111111101110011010
111110100110111011
000000001111110100
000000111110010111
000010011101000110
111110100110101111
000010110011100110
111101101100111111
000001010010101001
111110111010000001
111111010111000101
111110110110110100
000011000000000101
000000111000101011
111111010100111011
111010011101011111
000001011110111000
111101010100000011
000000101100000101
000000011010000111
000001101100011110
000001000101011100
111110000111100010
000001111111100010
000001001011111010
111110110010100110
111111111111111001
111111001110110000
111100110111110001
000010110110111110
111110110111101101
000010110000110010
000000011101110100
111111011010011010
000001110100110000
000001000000011000
000010010011100111
000000101110010001
111110100111010010
111110110000011011
111010011110001001
000000010101100110
111101101011010101
111100101001100001
111110100111001001
111110111010111111
000011111001100000
111111110001101111
111101010100101101
000001111100101001
111010011001100000
111110101101000011
111110000111110011
111111110101000110
000001001000011111
111110011011100100
111011101101110111
000010110111001001
000100100010101010
111110101110011110
000000010001010011
000000011111110100
000000010110010010
111110011101010011
000011010111111011
111110010010110010
111100001101101100
111111000111010101
111101101110110111
111111110111001101
000001111000011111
111101010010110011
111111011011010101
111111010110000110
111110111110101100
111100101011110010
000000110110110011
111110000001111000
111111011000100110
000011011101100001
111111010110001000
000011010010011110
000011111001110111
111111100100101011
111111100101100001
000000011011011001
000000101110011100
111110110111101010
111110001000101100
000001110010111111
111100010110011110
111111011001101100
111101010011001111
000000100000100001
000010101001111010
000001010010101001
000001010011100111
000001011001100011
111111000011101111
000010110110111001
000000000001001001
111110010100011101
000010011011010010
000000111110010100
000000100110000111
000010100110111111
000001011100110110
111100111010110101
111100010100011111
000010000100111110
000001011101111110
000000010011110111
000001111110110100
111110010011101000
111111111010101110
000010000011001010
000000111111010001
000010011000100100
000000111011010010
111111000000011001
111000001110101111
000101000111100000
111110111111110100
000001000101010010
000001110001010110
111011001101000010
111000111100110110
000100011010001010
000001011010110011
111110001110101110
111101010011111101
000100100011110111
000000101011000010
000001111111101110
000000010110001000
111100110000000110
000001111000010110
000010001111010011
111110110001010110
000000110110011000
111011001100101100
000110001101010101
000010111011010111
000110000111001011
000001100000001000
111100101010100101
111011000100111011
000111111111000010
111110000000001111
111000001000111010
111011100100100000
111111101011100010
000011001010000011
000011100010000111
000001110001111110
111110111001001110
000011000000111110
111110000001110111
000001111011100010
111111001001001000
000000100001001111
000011010110101011
000000000011101010
111111100110111010
000001101100110000
111110100001001010
000001110001110100
111011001010001101
111101110010111100
111110010011100101
111101011101001011
000000101101010101
000010000110000101
111101011101001101
000001100011101001
000001000110100001
000010000001000000
111011111110111101
000101001001100010
000010110101000100
000000101001010000
000000111000110001
000101010101000011
111101111011110011
000000101110000001
111010111010011101
000000110101100000
000100010000010110
000000100000101100
000000011011011000
111111001010110000
111100111010001111
111111101010110010
111111000111100010
111111100010111001
111110111111011000
111101111000011100
111111101000111011
111101110100010010
111110101000111110
000000111001100110
000001101111111100
000000110010110110
111110100001000001
111110000101000101
000010000100011010
000001100001001000
000011101000111011
000010011101011101
000001110110000111
000000100010100011
000000000001000000
111101100101101011
000011010110111000
000010010011011000
000001010100000100
000001101111010001
000011010010000001
111101111011010111
000001011011110000
111111000001011001
111110100000001011
000010011011001111
000000000100000110
000011001111011011
000011010001001001
111100000000100110
111100001001110110
000010111001000000
111111101011110100
111100011111100111
111111001101001001
000001011001111110
000000001101100100
000000011011100110
111100000011101100
111010000000000110
111100110000100101
111110000111000111
000011011100101100
000011111011011001
111110001100011110
000011001110001111
000010010010011001
111100011111011110
111110111011011100
000011100110010110
000011000000011100
111111010110010101
111101111110001100
000000010001111001
111101011000000011
111110111110010110
000001110001100110
111011111101111000
111111111111100000
111111111011010111
111111111010001011
111100011110101000
000010101100011011
111100011110110100
000001101010011001
000001111100100100
111100011111111000
111010100101101100
111100111000000011
000001011111111100
111111101100101101
111101010010111111
000001011010000001
111101011010100100
000000110111101101
000001001101010110
111100110110011011
000010010110101010
000011110000011000
000010000100000100
111101000100111010
000000110000100111
000010110011111100
000001101111011110
000000001100010010
000001110001010110
111110001001000101
000000100111100111
000000100111010110
111111101010011001
000000000101101000
000001110011110010
111101001111110100
111101100101110101
000011001010001011
111110010100101001
111101010100100010
111111110100111011
000000111010110111
111111101001000100
111110011000011000
000001011001011001
111111100001010011
000000001110000110
111101100001011001
000010110011110110
111111011111111001
111101000001011100
111100110001101010
000010110111110110
111110101111110001
111111100111111111
000011000101101100
000001100100000011
000000101000111111
111110010011111100
111110101010101100
111011110100001000
111100010111111110
111011111101100010
000000110011001000
111100001101000000
111101101001101010
000100110011101111
000101111110101001
111100010000011011
111110001000001011
111111101111010100
000001100111010000
000001010011000001
111110111100010100
111101001011010110
000010011111010101
111101010110111001
111111111000101111
111110110011000000
111101110111110101
000000010001000110
000011010100100101
111111100010011011
111110001000100100
111110011000000100
111100111100000100
000001110010000011
111011011101011000
111101110001011111
111111011000100010
000100110011101000
111101110101101101
111110011001111101
000001100100100101
111111110111111100
111111100101010101
111100000110100011
111111011100010010
000000010000000100
000001001000011100
111101111110100111
111111010110001000
111110110111100001
111110100010111001
000000110000110000
000001010101101000
111101000101110000
111101001110110001
111100110000111000
111111101101111100
000010110011001111
000100011110011000
111111001100100101
111110011100111000
111110111100101010
111111011111011010
111110100001001101
000011110101110110
000010001111011110
000000100101111101
111100101111000000
000010001100111100
111111100101101111
111101101011010000
111100100011010110
000001111111001101
111111000010000110
000010010100011101
000001100100110000
000000101000101100
000000101111010100
000011101110111011
000000001011110100
111100011101000100
000001011111000001
000000011101010000
111101111011001010
111011001100100101
000010111101111101
111011111010010000
000001000011000100
111100110000101011
000000011011110010
000000001101110011
111111110001011000
000001011101100111
111110001011011011
111110000101110000
111111100001010010
111111010010111011
111100110111010110
000000001111011110
111111000100100000
111010111010100010
111111111010000111
111111000110111101
000010101111111100
000011001101100100
111111101111001000
111101100011111011
000100011101001000
000000000001101100
000011101111011100
111101100001010001
111100101010011011
000000100001101100
000000111100111001
111111100011100001
111111100010100101
000001101010101001
111111110101110110
000001011111110001
111111101110110011
000000001011101100
111101111100011000
111101111110100011
111111110000000111
000000110101110101
000000001000111001
111110101000101000
111110011111100001
111111000001001101
111111001000110111
111110011001110101
000000010001101110
000001011000010101
000001011000001111
000000000111011100
000011111001010111
000010110001101100
111110011101110010
111110001100001111
111100010010011010
000011100110110100
111011110110100001
000000010001100110
111100011111110000
111111010001001011
111100111001000010
111101011010110010
111110110000101110
111111111100011001
111100011001011101
111110101101111111
111101111101011000
111100011111010110
111111010010100010
000101010111110001
111011100010010101
111111000000100000
000000110010010010
111111010101011101
000000011010001100
111101101110101100
111111011010000100
000001100011110011
000000010100001110
000010011001110110
111111110101111100
000001101100011001
000001011011000100
000000010111100010
111110001111111101
000010111110100011
111110110010110100
111111101010110010
000001010100000101
000001001110010110
000000111111100010
111110110011000100
000000011100010010
000010010100110100
000011000001011000
000000100110110010
000011010010010110
111101111111110100
111100000111011100
000001111000000111
111101011100100010
000010100001100010
000010110011000010
000000000001001000
000001011111100110
111110001011010010
000101101111010101
000001001111101101
111110000010111000
111110111001111100
000001000000001111
000001111000111111
000001011101110010
000000101010001011
111110011100010000
000001011000001111
111111011000001000
000011100101011110
000100101101111110
111111110110001100
000011101100101100
111110011010111000
111100010001100110
111101101011001101
000000001111010010
111111010001001100
111111000110111011
111101101100000000
111100010111101111
000000000110100111
111101110010111100
000000010001010111
111111111011101000
000010001111110111
000001000010011000
000000010110111001
111110101001100000
000000010000011001
111011110010001110
111110101100101010
111011101011110100
000000011000111010
000100110101110011
000000101100100111
111111001100111010
000000111101010001
000010110100110000
000001000011110001
000000101111110010
111110000000010101
111110110111001000
111111000001111100
000010011011010100
111110000001111110
111101100011101101
111101110000110111
111110010100011101
000000100100011110
000001000000011100
111101110011101001
111110110101000000
111101011011000110
111111001110001101
111111111111111101
111101100001001010
111011110110111101
000100100011000101
000010110001101110
111101110011010111
111101101000000010
000000111010000000
111010111111110000
000000001010001100
000000111010001111
000010101110100000
000000010111100101
000001001110111111
111111101111000111
111101110011110000
000101000110111101
000000000101001110
111101101000101000
111000011111111000
000000101111111100
111011010101101010
111101011101011001
111101111101001010
000000010001110101
111011101010001110
000010000011101000
111101010010001001
000001001111010001
111101111010101001
000000010111000100
000001111111000111
111100110111000111
000000110111101010
111110110101001111
111010111010010010
111011011010000010
000011010011110001
111100011110100011
000011111011110100
000000110101101100
000001101011110010
000001100111110101
111001010000111101
111110000000111111
111100010000110010
111110100100000100
000010010101111000
000000100110110101
000000000001011011
111100100110111001
000010010110100110
111111011001011000
111111111011110001
111111100101010010
111110100111001000
111111100001111000
000001110011000101
111011010000101101
111110010011001101
111111000111001101
111111100101110001
111110010011001010
000011010110010000
000000001010100110
111111001111101011
000010000000010000
111010011001011011
111010100001101110
000000010110010000
111101111010011010
111100100000101101
111110010110101101
111111100011111110
111101101100111010
111110000110010100
000010111110101111
111011011001000100
111110011111011111
111110001001100100
111111100101111100
111100100101011111
111100100110111100
111011010101010110
111111011101110111
111110011101000111
000000010110101101
111101110111000010
111111111110101111
111101010111000000
111010011010010000
000000001000011100
111100110001110111
000000000000001111
111100000011011001
000011001100011100
111101111000001001
111100010011000001
000000001111101110
111110000011111100
000001101011001111
000000110011111000
111111100001000111
000011010011001010
000001010110100101
111111010111001010
000100011101010000
111111000010100100
000010000001111011
111101110001110011
111111110001001000
111111010111001110
000001110110110001
111100111001110101
000001111101101000
000011000010001011
111111111010001110
111100010010110110
111011101000111000
000011010110010111
111100101110110101
111110000100001011
111111110101101101
111110010011101100
000000100100011101
111111110000110110
111101111010011101
111110100010100010
000000100110100110
000000011010111011
000010111001010101
000001000100010001
111101001101101011
111100010101011111
000010110001100011
000010011100100101
111111001100000001
000001011010111110
000000110100001010
111100110100101101
111110001011000101
000010001101110010
000011001010111000
000001111111010001
000000000011001111
000000111101110100
111110111000101011
111100111100110101
111101101111110000
111110000110001000
111100110101100100
111110100111000100
111101000010000011
000000100101110111
000010100111001111
111111011010111000
000000101101000010
000010101111000110
111110111110111111
000010011110001111
000010000000001000
111101100000110001
000000100111010001
000010001001000010
000010011011110011
111111011000000011
000000011100010010
000001110010110001
000000110110000111
000000001000000010
111101000011011000
000000000100001111
000001000011000110
000000000000010111
000001011100101000
000010001110010001
000001111100100010
111011111111011101
111110001101010111
111100000100010001
000010101011100010
000000100101011010
111110100110100111
111111101110110110
000100001000011100
111111110010011101
111111101101101101
000000110100101000
111100101101111101
000001010000111100
111101010111101110
111111111110110110
111011101011000001
111110100001101111
111100011111101001
000010001101110111
000001101011000111
111110010010000111
000001100010110000
000000000010100100
111111101001010110
111110101000110111
111111100000010110
111101010010110001
000010100110011000
000010001110100011
111111110001111101
000101010000100111
111100100101110110
111111000001101011
000001011101010101
111111111011010011
000100011000011001
111110001001100100
111001111000011000
000010010000101111
000001111011110000
000001111100101111
111100000100001011
111101001100011010
111110011101111110
000001001111001010
111101101011010000
111110000110110101
111100011111110111
000000101100101101
000010110011000010
111110011101110010
111110111011100000
111011001110100001
000000100000010100
000000100001100101
111110001100001000
111100101011101011
000000010001100111
111111001111110100
111101111010010011
111011110110010110
111111011010001101
000010010100100110
000001000110101010
111111101100010100
111011000001111000
111001100111101100
000000000100001100
111011111111011110
111011110010010110
000001111010000110
000001111010100100
111111100100000101
111110101000010001
111100000000101111
111110110101001111
000001100010000000
000010000010001000
000001011111110011
111101110001100111
000000010100110111
000011100001100111
000011000001011101
111110010110010111
111101111001101101
000000010011000111
111111101110111010
000111101011110010
000001101100101100
111101110000100001
000000001111111101
111111000111010111
000011100100001010
000000001010110010
000000001101011010
000001011101011001
111100100111010011
000000000111101111
111010010110111001
000011010111110011
111111111101111000
111101110010010100
111111001101000010
111101010011001111
000011000110000000
111111100100011010
000010010011111100
111100110001000011
000000010111111000
111111011011100110
111100101000011000
111101011110010101
111111110000000010
000100100100000100
111100010010100010
000011011010110000
111110011110010110
111101101000000001
111101011110100011
111110100000011100
111110001101110110
000000111000111011
000000101011000110
111101010011000110
111110111101011010
111101101010101001
111101000000101110
111110111011100101
000010111111001001
111110011110100001
000010101011100011
000000101110101111
000000001110110110
111111010101111010
111110000000110010
111110100111001110
000010000001100101
111110001000001000
111101111110001000
000010010001000010
000010101010101010
000010000011010000
000000001111001000
111110100000000001
111101100011111110
000001010001000110
000000010010011001
111110000110011101
111101100111001000
111111000110100000
111100111001110111
111101001110000110
000000011001000100
000000001011111010
000001000010011101
000001011010111110
000001110011101011
000001000000000111
000000010000010010
000000100100010011
111101000111001011
111011111110010100
111011100110111100
000011010000110110
111101100111110110
111010110110000010
111101101001101100
000001000110010010
111110111001100101
111111010100011100
000000100110011101
111111001001101010
111111010101111111
111011101110111011
000100001110000010
111100111101000000
000001100000011001
000010010111000111
111110100011110000
000000110111110010
111110110100011111
111101010110010110
111101110101000010
111111100011110001
111110011011000110
111111111000111000
000000101111010000
000010011110101010
000010010000010111
111110001110011101
111110101101011011
000010001100110101
111110001100111101
000000011001111100
111101000001111111
111101001000011010
000000110100110001
000011010100000101
111111000010001010
111101010011011100
111101110001100011
000001011111010011
111101110101100111
111111011110011000
000000010110101011
000011001000101111
111100110000101111
000001010100001101
111110101110110000
111110111010101110
111100100111110111
111110100001100111
000000000111110011
111110000110000010
000001000000100110
111111001010111101
000001110000001100
111110000000010001
111111001011100011
111110000101101110
000010111010011011
000000111010000001
000001001110011011
000000010101111010
000010000110011010
000000000001101101
111110010011000111
000011101010000001
111111111100101101
000000010011001010
000001100101010100
111100111111011000
000001101101100011
111110100111101110
111101010011001011
000010010100000001
000001100010001111
000000100001011010
000000110000110111
111110111010110101
000010100111111000
111111000001011101
111111110101011101
111101111101000011
111111011110000111
000011001100000000
111100110010010001
111110001000010000
111101111111000001
111110100110100101
111101001110101011
000000111001010111
111101001111011011
111110000010011111
000011001001100010
111111111111010000
000000111010001101
111111000110100000
111111000010100001
111110100010101010
111101011111110111
000000110101110111
111111101011111100
000001100110111111
111111001101110110
000000000011101010
000001010100100001
000010110010001010
111110101101010101
111111000011110110
000010001111000101
000000001010011110
000001111111110101
000001010001010100
000011000100110011
111111111110010111
111110010000100100
111110010110011101
000001011111111010
111100011001001100
111110101110110110
111101100101101001
111111000100101110
111111100001100001
111011100111111111
000011001010101001
111110101111101111
000010011010100000
111110111011101111
000011010110111100
111111101110100000
000001001101010001
000001101111000101
111010110111110010
111110101101101001
111000110110111110
000010001010100100
111110010111100000
111010111110110001
111111111101110001
000100010110010011
111100001000000001
111111010100101000
111111111110010101
111110011100011001
000001010110001011
000010011110110111
111111010001010111
000001000000010011
000010010011100100
111100001010011110
111100111101111010
111110001001000100
111111110010000111
111111000010001100
000000000010000000
000011010010111100
111111101010001000
000010110110110010
111111000100101100
111100101110000010
000100001001011011
000100000011010011
111110001000111101
000000101110101110
000010011000110010
000010101111110101
111111011000000000
111110010011101101
000010001000001011
000011001011001100
111101001111111111
111111101101000101
111110100011010000
111010001101001110
111110010111100001
000001100011000110
111101010101111000
111110011111100011
111111000011110100
111101111100100011
111111001110101000
111101011010011100
111100001110110001
111111001011100110
000001110100110001
000010001011000001
000011111000010111
111101100101111010
111111100111110001
111100101001100010
000001110010111000
111111001011011000
000010100111010101
111111001111010000
111101110011100111
111111111001101001
000100101001001100
111110001010100011
000011001100101111
111101100100010010
111011011101000110
000010100101001010
000001010010101011
111001011111101010
000001101101010111
000000010100010011
111100101111101010
111101001111010100
000001110100101010
111111001001010010
000000001101010101
111110011100100111
111110001010101011
111010101001000110
111111101000010101
111101011010100100
000000100111111010
111110010100111011
000001010101001011
000001011100101100
000001110111000110
111110101001000000
111100111000100000
000110001110010100
000011010111011000
000010111000000101
111110111010111010
000011011011011010
000001011001111011
000010000000111110
000011011001111011
000010110011001100
111111000000010001
000000001100110000
111101101110100000
111110101111011111
111111010011000110
000010111011100100
000000110111010110
111110101001110111
111111111011000111
111101011100010010
000001100111010000
000011111001010011
111101101101001111
000000011001010010
000001000010110111
000000110000111010
000001110001001000
000011011101001101
111110000100010010
111111110100000110
111111100111101000
110111010001001101
000100101101111000
000001000110011111
111101001010001111
000001010101010010
111101110001010100
000100010001101111
111111110010110011
111011100010101101
111110100110111110
000011001000101010
000000010011101101
111101100001110111
000010000000000000
110110110011100111
111110010010000001
000000111010110100
111110100010101100
000001010000110101
000011001010100010
000001010010100111
111111111001001011
111110010111010101
111100101111000011
000000011111110110
111111010111111000
000000000010010111
111100111111001011
111101001101000011
111111010101010101
000001011110001110
111111110011011001
111100001000110011
111100101110100000
111110111001100010
000001100001110110
000011111010100000
111101101011111000
000000111100010111
111111000101001110
000010010111110001
111101110101101000
000001000100010010
000011110100101011
111111010100011100
111101001110011110
111111000100001001
111110101010000100
000000100011010101
111111110101011111
000000110001010101
111110111100001000
000001010111000000
111101100001100011
111110011111100000
000000000111001000
000000111000000010
111010101000000010
000001001100110000
000010001111011010
111111100101110010
111111001001011011
000000110000011010
111100110000011111
000000110010001010
000001111000100011
111011101101000111
000001111111101010
000000010111010111
000011101011111101
000000100010001010
111010100001110010
000000001101100010
111100100010000000
000010111011110000
000010011110011001
111110011100110100
000000010110001011
111110100001100110
000010010011001100
000000101111110111
111101011111100001
111111111010000111
111011111100111111
000100100011001111
000001000010101101
000010100101101100
111110001101111101
000010011000101001
111111011100011101
111101000010011111
000001010010011001
111110001001111111
111001101100110010
111011011011001110
111110101011001010
111011100001111001
111110110011101101
111011010110000110
000100001111101100
111011101100100101
000000110010011010
000100010000010110
111110010101001010
111110011110001011
000000011100010100
000000111000000110
000100100111000111
000000110110000100
000001001001111000
111001111100101001
111110001101011100
000001111100011111
000000111010101001
111001001000110001
000001000011111001
000011011110011001
000001110000011100
111110000110011010
111011101100111100
000001010101101000
000001011110100000
111111011100000100
000100010100001100
111111010011000000
000001010111000101
000011111000100100
111110000100010001
000010011111011010
111110011010010110
111011101011001100
111100000111001011
111010001000111001
111110100001100001
111111010010010110
111111010010101110
111100101001000011
000010000110001011
000001101000101000
111111000111011100
000000010010100010
000000101101110011
000011100111111110
111101011100110011
000011110101000011
111111100000101100
000011001010111101
111010001001011011
000011101111101110
111101110101010100
111111011000100111
000000100101110110
111100111001011111
000010010000100000
111101010011110011
000001011001101011
111101111001111000
000010110100111101
111110011101011110
000001010110001110
111110100110001111
111110110111101111
000000111111010101
000000010011011010
000010011100011100
000000101100000000
000000000010110000
000000011110100010
111101001011111100
000011001101101011
111111101101111000
000000000000010011
111111111010011011
000001110111101011
000000001100001001
111101101001011001
000010101101110111
000000101011011011
000001101110110111
111101010111111101
111101101010100111
000000100001000100
111110000100010110
111110100111111010
111110011011011011
111101111101001110
000010010111111000
000001001000001001
111111010101000100
111111000010001111
000000010110111001
000010100001010110
000000110011110000
000000010001011100
111110011000111011
111101111000110000
000000101101010000
111111000011100110
000000101100010110
111111111110001110
111011010101011100
000011101010100101
111101010100010100
111111010001110001
111111010101101111
111100001111010111
000101010011101100
111011101010110001
000011100011000100
000000011011000101
111111110000101000
000000001001001101
111110010010100100
111110010110111010
111111110011010111
111101011010001110
000010001010111010
111101001010001011
111111011110111101
111101101110101101
000001001010110010
000011110000111000
000011000010010100
000001101000100111
000000101011110000
111100111111010111
111110111001100011
000010011110000100
000011100101110111
111011001010100100
000011110010000000
111111010001110111
000000101010010111
000110011010111111
000010001100000100
111101000000000100
111101100010101111
111110010001011101
000110101110101001
111101101110101100
000001100110111000
111111100110010111
000000101010001111
111100010010100101
000010110100000111
000011101101110001
000000001101011101
111110011011111101
000001111100000011
111110010011001111
111100010001101010
111110111000011100
000000110010000011
111111101101110000
111011110001110010
111111100000001110
111001100001111100
111111110111011111
111010111110100011
000100101000100101
000101001111000011
000000000000010110
000010110000000011
000101010000000111
000010001100001011
111111100100000100
111100000000110010
000000111010010000
000000111111001110
111110110111011001
111101010011110111
000011001011010001
111110101100101111
111101011000110010
111011011111100011
111101101010000010
111111110010000101
111011110011101000
000100100001000110
111011111100001101
111110101111001110
111110011101101000
111101001010001101
111111001011100000
111110111010101110
000001101100110101
111101001000001111
000101011100001000
111100010101000111
111100100001111111
000000010110111011
000101010110001110
000011111001100000
111001101000111101
111110000111001001
000001111011100110
000000011011110000
111101001001101011
111101001101110101
111110110000101010
000001111101111111
000001110110110001
000000101110000011
111110111000111000
111110110111011110
111111011101111100
000010101010010111
111110111010101101
110111010010111100
111001111100100110
111100011011111110
000000110000110001
000010010101000100
111011111100001111
000001011101011001
000000000000011111
000000111011111110
000010011001001000
000101000101000010
111111011110011111
000011011101001101
111101000111010001
000001010011001101
111101011100110001
111100100110011111
000011000110110011
000010000000001100
111010001100010111
111100001010010010
000001111100000111
000100010010011010
111110100011110100
111111000111001010
111111111001111101
000110111110001010
000010100010010001
000100100100000101
111100101001110110
000011010110100000
000001010101101100
111111101001011011
111111110100000000
111010110000001110
111011001011000010
111101111000011110
111101100000100000
111101011010100101
111110110110001000
000011010100010010
111101011101110100
111111101110110100
000011010110111011
000000101000001000
000001110001001010
000001101100010000
000000011011101010
000010101101110010
000001001100101101
000100110110001010
111100011100011010
000010000010010100
111011110011000100
111111100100011100
111111100010100100
111101110110001110
111110111000011010
000011001011111100
000010011001111011
111110110011100001
111110011000111111
111110100001101110
111111111100101011
000001001000011010
000011001101000101
000011100111000010
111110100110010010
000000111001011111
000001110011101001
111111110011111111
111100101011011010
000001011001100111
000001110000110111
111110011111011011
000000011000001100
000100110001100011
000000101010111100
000000111101010000
111110110100101111
111010110000001111
000011101101110111
111100100111010001
111110111100111101
111100110000000101
111111001001011101
111111111111110010
111101101000010110
111111100001011000
111110100011011100
000010101110100001
111100010000011010
111101011011001110
111101011110000101
000011011011000110
000001110011011000
111101110010010100
111111101000011011
111001000010011110
000001000011001110
111111101110110011
111101011101110000
000000110111011111
111100101001011001
111110100001010100
000011100110100001
000010000100100011
000000110101000011
111011101010001110
000111001010110010
111111100101111010
111110100011011000
111100011101001011
111001110101001101
111111100101000010
111010100001000001
111111011111100100
000010111010010000
000001011110101101
111010100101011001
000001100100110000
111110001010111001
110010111101100100
111101000101011011
000010111110011000
000000011010011100
111101001111111000
000000111011110010
111010000100000001
111110110100101011
000000110011001110
000000101000011001
000010011101111000
000100101011100011
111110111011100100
111110010000010011
111111011100010101
111111001010001110
110111011110000110
110111110000110110
111000111000010000
000000001010010100
111101110101111110
111010010110101111
000010001000100100
111010110010101100
111101000001111100
000010110110110100
000000111110110011
111111101110000000
111110101111001111
111101100111111011
000000100010101010
111111101111101000
000000000111001111
000010011011001111
000001110101001101
111101010001110010
111000101001111110
111110100000010000
000011011110000010
111101100100010001
111110100011101111
111100111110110100
111111011010100100
000011011100010001
111111010010111101
000010101110010000
111101110000100101
000000100000010100
000011110111010001
000001011011110101
111011111100110100
111111011111111010
000010110010110001
000000100101111110
111110000100101001
000000101100111001
000000101110101100
111101101000011101
000010001110101001
111111110000010011
111100111111101111
111110101101001111
000010100001111011
111101001011100011
111110100111000110
000010011100111101
000001011100111111
000000111010011000
000100000110011101
111101101011110110
000010100001000010
111011010001100000
000100100001011001
111111001001001011
111110000010010100
000000100000100101
111110000000111011
000000000101111101
000001110001101001
000001010110100111
110111111111001110
111111110110100110
111011110001010111
000011001001100001
000000101101111110
111011001110110110
110111011011000101
111011100010111001
000010011000101010
111111101101000101
000010011011001011
111111011001011110
000001011000111000
000010000100000110
111100000000011000
111101000001111001
000011000001101000
000011010100001010
000000000111000011
111111110110010000
111111011110011011
000000111100011010
000011110001010100
111111110000010110
000010011011000011
111110011011111110
000011001000010001
000010110010000000
111111100000000111
000001001100001000
000010000111000111
111110000100001111
111110011110011001
000010000001000111
000001000001111011
000000011101011111
111111110101111111
111101001011100011
111100010101011100
111100110101110010
000001111011001110
000011000110101100
111100110010011101
111110101000000111
111110010010101101
000011000010001011
111101000101010011
000001001001000010
000000101110001000
000000100111100101
111111001000110101
000010100000101110
000000000000011101
111111011100000010
000000000110101101
000000101001101000
000001001100010001
000001100111111010
111110000101000111
111110000100101001
111110100101001100
111110101000110110
000000100100010101
000010101111010000
000010100101001100
000001010010100011
111100111000001110
111110000100000000
000010100111101111
000010001111011001
111111011011101000
111101011001110010
000000011001000100
000001101001100110
111111011101100011
111110110110001101
111101100000100010
111111000100011011
000000010001010010
111110010111100011
111110111001010001
000000110100010111
111110111000000001
111111010000100110
111101001100011000
000000111110101101
000001100000101011
000000000010001010
111101111111011011
111110000000011100
000001011101001110
000010000010111000
111111010110010011
111110101100111110
000001111010000110
000010110101010101
111111101000010001
111110001110100000
000010110000101010
111110010101001001
000001010111000100
000001110010000100
111100000001100111
000001010010111011
111101111100100010
111101011010001011
111011011110011110
000001011011110101
000000111110000010
000001011010100000
000000010001011010
111100110100010110
000000011010001010
111100101011011010
000001111111000100
000000110100011101
111110101010101101
000010100111001011
000010100111011000
000001001011010001
111111000110010111
111110111001000111
111011011110111111
000100100010000110
111011111110100101
000001011001110100
111111011001010001
000011011001000110
000010111100111011
000000101001111110
000010000010001010
000001011001010100
111011000000010001
111101101101010101
000000010100010100
000001111110011111
111110001010011110
111101001100111011
111111100011100101
000001110011010111
000001100010011110
000000001001010101
000001110101101111
111111001010000011
111110000001101110
111110011011101110
000001000001000001
000000010010001000
111111101111100100
000010110101111111
111100111001101001
111101110101110111
111001111110000000
111011100101111101
000000000001001100
111100100110110110
000001100110010011
111100010000011100
000100000101100011
000001011100001110
111111100101100011
000100001101000000
000011010100001101
000010101001101110
111101100001110111
111011010110100001
111101010011110101
000010100110111100
111111010001010101
111110010100011100
111111010101101010
111101000101110101
111011111001001010
111100000001100101
111110010101101000
111101001001011000
000000111011100111
111110111100100011
111110010101000001
111100111010001011
000010111111001001
111110111110101011
111111010011000111
000001010011110110
000000010100100100
000001110000111000
111101110101100111
000010000111100010
111100111000011101
111010110010111010
111111000101111111
000011100001000011
111111101100100111
000000001000111010
111110110110011110
000000010110011110
000000010001000101
111101110010011000
111110111111010001
000000101101010010
111110001001000000
000000111110001001
111110111111101010
111111010010111111
111100101001111001
111110110100010001
111100001010110011
000000111000011010
111100100010001011
111111010011101010
111111010111001001
111110101000111111
111111100100111110
000001000011000001
111101100010011100
000010111001001110
111101100111111011
111100111100111000
111100110110000111
111110101100100100
000001001010110001
111100010010111000
111111011110110011
000000001100001000
111111100111001011
000000110100001110
111100110100011111
111110111101010101
000000010001001110
000000011010011010
111100110100100001
111111000011100111
111101110100011010
000000110100100110
111110100100011010
000010100010010001
111101100001000101
111111001010101110
111110101000010011
000000011011011001
000001011001000101
000001100001010100
111111101110010000
000000011110111010
000011001000000001
000000100110100011
111101011000101100
111111101011101100
111111101100110001
111111110011100101
111110010001111101
111111011011110000
000011000000100100
000010011010111100
111101100000010101
111101010110000000
000010101100100011
000001111001000101
000001111011011111
111101100110001100
000000110101011101
111101101110110000
111110001111010101
000001000110000110
111100110000101110
111101110011111010
000000011000001101
000000111000101100
111110111010110101
111111110100101101
000000001111000001
000001101101100001
111010101001110001
111111111001011000
111111100000011000
111111001110010111
000010100000100111
000011011011011111
111110101110010001
111110000010101010
111111100101011111
000001101111111110
111100001001100111
111101100100111010
111100111001011100
000001000001110100
000010011101001110
111101101100011001
111110010111011000
000000001111001001
000001100011110010
000000110110101111
000001100110001010
000000100111101100
111100010001001011
000000000101100010
111100100101101010
000011000011100100
000001111000101011
000010101100111000
000000011100011000
111111011110001011
111100111000000001
000000100101110010
000010110000010101
111101101011010011
000010010010111100
000000010000100001
111101011111010110
111101100001100000
000001011011000111
000000011111001000
111111101010110000
000000110011110110
000001000010001100
111110000100101000
000000000011011111
000000000101001110
000000000011101100
111110111010000010
111111100011010010
111101100100111000
111101100000110110
111110001011011011
111111100000011100
111110111000000001
111111011111111000
111100011100110010
111110000110111101
000001111110100001
000000000100101010
000010111100001011
111101000001000001
000010100000001111
000010101000011100
000010011111011010
111111010111110001
111101011010001011
000001001010100010
111101100101101010
111111011011111001
000001101111111101
111101011111010011
111101101011100101
111100111000100011
000001100011010101
111100001010000101
000010001100111100
000000000001010101
000011010101111110
111111001111011100
111110110100101111
111111100101110101
000000110011100010
111111111011101101
000000010110100110
111110000000100010
000001011000001011
111111011011111101
111110111110111010
111101101001001101
000101101011000110
111110101100010001
111110001001101001
000000001000010010
000001110011110110
111110011010101111
000010111111000000
000011000001000010
000010100010001010
000000111011000111
111101101011011001
000000100001111110
111111001000001011
111101100111011111
111110011110111000
111111000101111111
000000011000010101
111110010101010000
111111101101001001
000000110000100100
000000001110010111
000001111001110100
111101111101011101
111101001100111011
111111111101001001
111110001010101111
000010010110000100
111100000000000111
111111100100111100
000001100100101001
000000111101001111
000000100011010101
111011100011000000
000000101001111011
111101000101111010
111111011010011110
111110111101111000
111011111110110011
111110001000010000
111101111001110010
111011000101110000
111100010100000100
111101110001110110
000000111100101110
000001011101110101
000011001000100010
111100101100100110
111101100010010100
111101100001011001
111010101011111101
000001010100111000
000001010110011101
000000110111101010
111111100011101111
000010100101110000
000000010011101011
000001000000001001
111110100000000000
000011100000011100
111110000100101101
000101111111010011
000100110011101001
000001110011010100
000100100000101111
000000101010111110
111100101010000111
111100011000000110
111110101000100100
000010101111110111
000000100111011000
000001100010010000
111001000010100100
000001000001101101
000001010001011000
111101101100111111
111110000010001100
111110101001111110
000000011100010101
111100111010101001
000010111111110100
111110010010111011
111011110110010101
111011100111001000
111101100000101011
000011110101110000
000001001110000011
000001000101101110
000001011111110001
111101000111001001
000001111011010101
111110111001110111
111100101001000011
000101001101001101
000010000110101111
000000110010010100
000100100101010011
111110110011100111
111111100011000001
111111001111111011
111101111001101011
111110010011010011
111111110111010010
111011100001011111
111101000100101010
111101011010101110
000000011100111111
111011111001010001
000001011101001010
000000011001000000
000010110111110000
000010010111011111
000001111000100001
000001100110000110
111100010001110100
000001101101110101
111110000010001001
000010111001001110
000010110100101011
000011100110011101
111010011010011010
000001010001100100
000000011001010110
111101111111101110
000111010001000111
000001010111000000
000000101010010110
111101011010111001
000001111011110110
000001001100000101
000000101001101100
000011100111100101
000011100100111111
000001100111101101
111111111101110000
000001000011110001
111111010001011111
000010001110100000
000011110010110111
111110001011101110
000010000101100111
000001110110110100
111110001010101111
000011001011100100
111110011100010100
111110111101110100
111111000001000001
111110011110111111
111101100100100111
000000000100111011
111101101010010010
111100100000000111
111101110010001011
111111100111111011
111100001000010101
111111101100111010
000010110101001011
111100100111110101
000000110001000110
000011101101001011
111111101010001110
111111110100110100
111100111000100101
000010101100110100
000001111010011001
000100000101111000
111101011110110001
000001101011011000
111101000001111010
111110010111100111
111010010001111111
111101100111100000
000011000011000000
001000110001100011
000110001111100010
000011100000000010
111111111111010001
111110110111100001
111110000000111010
000100100100111101
000010111110101100
111110010101001010
000000110101101011
000011010111001001
111110010000011011
000000100001000010
000001000110111001
111011000111011101
000001010001010101
000001010111001000
000000010100111101
111100111000010111
111101000110111001
000000101011101010
000000100010110101
000001011111011101
111101100101000101
000101111000100011
000011101000010101
111110011001001111
111010011011000010
111101111011001001
111101010010110010
111101001011001100
111111011110111110
111101101100001111
111111000001010000
111100000100001101
000000100111111011
000001100000011111
000011110001100011
111011110010000111
111101110000111011
000000000000001001
000000100001100011
111100101010111100
000001111010111111
111011100111001110
000010100011111011
111111010000001110
111101111101101011
111100000100000000
111100111100110001
000010000100101101
111111010101011110
111111101000101110
000000010010101011
111110100111011010
000000101111110000
000001100111011000
111101101011011110
000001100010101101
000001111101110000
111111011011101110
000010111110011111
111101011110000011
111111100111000101
111100110101100001
111111101111010000
000010010010000100
111111101001011110
111111100110111011
000010101000101000
111111100110001010
000000101000111101
111110000000011101
000100000000001010
111101011101000000
000001001101110100
000000110011111000
111111110011001111
111111100110110011
111010100101111101
000010000110000100
111110011101101010
111111010101010111
000100001000110111
111111100000011001
111110101000100010
111111110101001100
111101001111110011
000100100111011010
000000110001010111
111101101111111110
111011111010111110
111110111001111100
000011100001101001
111101001100001010
111100100110110111
000000100111100101
000010011000011100
111111101010110101
000001010001101110
111101001111000110
000100000001010111
111100110100100110
000001001110110011
111111101010110001
111111111001001101
000010010010001011
000000000001001001
111110111001011011
111110000001101010
111101011000101000
111011100001011110
000001011110011110
000001111011110011
111101101011110111
111110111011100001
000000101111001101
111111010001011011
000000000111101100
000001111000101011
111111111110001101
000000100111111111
000001110111010000
111110001111001000
111101101100010100
000000100010110010
000001100101110010
000001011110011111
000001001111010100
111101010011010011
000000000100001111
000001110000000011
111110101010110100
000001000011010001
111111110010110111
111101010111000100
000000110111101001
000001110100101010
000010011100010000
000010011000100011
111101110001101101
111110100010101010
111110101011011100
000000100001000000
111101010101111100
111110100110111001
111110111000110110
111111001100001101
111111111010010110
111111001010011011
000010010000001000
111111011110111010
000010001010000010
000010010001100010
000001001010100010
111110000001100101
111110100110101110
000001011100110100
000000001000101100
111100010111010010
000000100110000011
000011001010010000
000001101001010101
111100100010110010
111110001101101100
000011000101010000
111101000001110111
111110011001101001
111111000111010001
000000010001010001
111110000100010010
000011101000110010
000011010000111011
000001001100110000
000010000101101011
111110101101110101
111111111011010101
000010010000110110
111110011000100101
111111100101000000
000000010011001100
111100001001111001
000010111011110110
111101000111011100
000011111011101010
111111011111001111
111111000110101110
000011110101011101
000000110010001101
111111110101001001
000001000110010011
000011010111011110
111111100011010110
000001011000010111
000000111000111001
111101000000011110
111100100110100100
111100111000100101
111011011101000011
111100001110101111
111111100111011010
111101111001101101
000100110111011011
000000010011010001
000000010111110111
000000010100101001
111110100001010110
000000000000100110
000001100001011101
111101100101101010
111011111100010111
000010010110111111
000001011001010010
111111001110000010
000001000001111101
111101101001011111
111001101010110011
111110001110111010
111110000100000101
111111100100010101
111101010001101010
111110000010101110
111111010101011101
111110100110110111
111101000000010011
111110010101101101
111110100000011100
000001110110000111
000001011001111101
111111110000010110
111100010100111110
000000111010001011
000100011001110000
111100110001110110
111110101111101111
111101101011101110
000001110110000100
111101111110001101
111110011010110111
111110010010001101
000011100010101111
000100011010111100
111101000111110110
000001011110011010
000011001011011100
000000111101100101
111010010000101001
111111110100011011
111111011000110100
000100010011011011
111111100111000001
111010110101010101
000011000010000111
111111010111011110
000000011000000111
000001000101111000
111101001101101001
111100111101011010
111110110110100111
111111110100100101
111101011101011010
000001111110010000
000000011100010100
111111001101100101
000010110111101101
000001110011011011
111111101000100011
000001100001100101
000110001001000010
000001011010110110
111111011111000111
111111100000010101
000010000101011101
111111010110010000
111011011100010111
111111111111100110
000000011110111011
111101001100111101
000010001011111110
111110001001011101
111011101011100111
000100011110000100
111101100101110101
000000101010011100
000000010000111111
000100101001111000
111100101011011111
000000010000100100
111101101111010011
111111010111011011
111011010010010010
111101010001000011
000000110111100111
000010010001011110
111010001110111101
111111011111001101
000001111001001110
111110111001111010
000000000101010011
000011110111011101
000001011101001100
111111101010001100
111110011000011101
111101100011101001
111001110101011001
111101111111100101
000100001110111010
000000000000000001
111010111011011110
111110111111111011
111101111100101111
000101010011010110
111111110000000110
111101110011100001
111011111010001110
000100101000100010
111111011111010001
000010100111001001
111111110110100011
000011101110100001
000100110000100100
000001100111000110
111110000001000010
111110101011011011
111111100001000101
111110001010000011
111010010010100101
000001011010010011
111110110010010111
111101010100111011
111101110001010101
000000000101001000
000001100010111011
111111001011100001
000011111001000000
111110100010110110
000000001111011000
000010011100111000
000000110100001101
000000101111000111
000000011010100110
111101101001101111
111111000101000110
000010001110011010
000011100101011000
000000001111111111
000011001001111100
000001001010001110
111111101001001110
000001100001000110
000001100010010111
000000000000000110
000000000001101000
111111101011110011
111100010100001000
111111011011111101
111111000100000100
111111101101110011
000000110010010101
000010010100111110
111101011010000111
111111100011110110
111101111110011111
111110011011001010
000100000010000001
111110100000001110
000010011100010010
111101001111100110
111100101111001111
000000111111010011
111110110001101111
000001011011000001
111100000111001110
000001111011101001
111110101100010110
000000010101011111
111100101010100010
111110111011001000
111100001100011011
000000010010101011
111110000010010000
111110011100011000
111110001011100100
111110010011110101
000001000000000111
111110101111001000
000010011100111011
111100000000111010
111111001100100001
111101001111111011
111011011000111101
111101010001110101
111011000101011011
000011000111101111
111111101100010010
000100011101101011
000011000100011111
111100101010010010
000100100010010011
111110101100011011
111111100101100101
111111110000100000
111111110111010100
000000001010101001
111000011101110011
111110001100011100
111111110100010010
111110101110000010
111110000001101001
000010111111010101
000001110100001100
111001110011011101
111011100101111011
000001110111001011
111101100101011101
000001011011000011
000011011100111010
111101111101100010
111111111001010101
111111010101110010
000001001010101111
111111010000011110
000011010100011111
111110010100111101
111110101111111101
111101010010110001
000010101111100101
111001111100000001
110111100100100011
111011111011001000
000100111101111011
111011010101110010
111110101111100001
111000001000010111
111010100011101100
110110011101011111
000010100000101110
111111110011000010
000001010100001001
111001010011000010
000000001100010100
000000001010001011
000000100101100101
111110111101000001
000001000011000010
111111011010101011
000010101100010011
111011111000001101
000010010100011110
000000110001111110
111001001110000010
000000111101010111
111110000011111000
111011011011010111
111111011101100100
111111101010110011
000000001111001000
111000111000101001
111110110000111100
000001100011111110
111101111110100100
000000011011101101
111101111010010110
111110011101100000
000001001001101111
000000011000110101
000001110101101000
000011101101101011
111111001011000010
111111110101111011
111110111011001010
000010001101001111
000011100111000010
000100001010100010
000000011010101000
111101101111100001
000000010111111110
000001001010010001
111111001100000111
000000001011111000
111100110010111000
000001100011100100
000010100111100011
111111011100110011
111110100110001010
111111111001100000
111110011011010011
000001101010100010
000000011101110110
111111100001100001
111111000110110100
111101001100010101
000000011111111000
111101101101001000
000001000101001110
111100001111111110
111101100010000101
110100011011110110
111111000111100001
000001110110000001
000011100011011011
111100011011110000
000100100111011001
000001000000000001
000001000100110000
111111000001011110
111101110011101010
000000011100100000
000001101111000010
111110010000110010
000001100101110100
111110001111010010
000000000110101010
111101110000101010
111011110111001110
000011111000000000
000001011010110100
000100001110110010
000001101100000111
111101100110110111
000001101000011101
000000110000001010
111101010111010010
000000001100000010
000011110010010011
111111010010110111
111111010001011110
111100110100011000
111111101011110110
000000001100010110
111110001001100101
000000000101110111
111111111000011111
111110000000011000
000100010001101100
000001111001000000
000001000100101111
000011000100111010
000000101011110011
111111000010101001
111101101011000000
000011111011111100
111100101100010111
000010010001101101
000001010011100010
000011111001111011
111101110100001100
111100100100001011
000010101000100001
000000100111010011
000001110100110101
111111111001000110
111110111001010110
000000110001011010
111110101011111001
111111101100101100
111101010101101010
000001000111110010
000010010001000111
000010101010111111
000010111010100111
111110010100111111
111110011001011110
111100101111011010
000001000001011010
111111000000010000
000010011000000101
000010100111000110
111111101100011011
111101110011111001
111101001001101101
111101011000011010
111111010101101010
000001000110001011
000000001010011110
111101100110100000
111111110000111101
000001010010101111
000001001001010010
111110000011101000
111111111110111010
000001001100100000
000001001000001001
111111001001011010
111111010101001000
000011000101001010
111101100101101001
000000010000011100
111111111000011010
111111010111110001
000000000101001000
111111011000000001
000000010100010100
111011111010010011
000001011100011100
000001111101100011
000001001000011011
111100000011111011
000011100111011011
111101111101111011
111110000101110000
000001111101001100
000000001000110110
111101111101011111
111111000111111010
111110000010110100
000001101110000101
000011010100100010
111100110111001011
000011010011100000
000000100000110111
000011001101110101
111100111001110100
111111001011001110
000100000000011010
111110000011010100
111111111010111110
111110010110000101
000000001100011110
000011101101010100
111101111100101100
000000010001101011
111101011011011011
111100001110011111
000100000100011010
111111010100110001
111101000000100101
000010110100001100
111110101110010101
000010001111100101
111111010110010011
111010110000010010
111111110100111100
000001000100111101
000001001011111010
111111001001011001
111100101010100110
000001101011010100
111101110110011111
000100110110100110
111101010011000100
111101001011110101
111111100001000011
111010101011101010
111011101101110111
111111011111001111
111001001111000011
111111110101001001
111110100001101100
000011001011011001
000000000101110110
111110101001110010
000010011010110011
111111000010101000
000000101000000111
111111101001100010
000001001100101111
111110001111100000
000011101000100010
000010001010101011
000001011110011111
111101001110011111
000010100011011101
111010111011110110
111010011010001101
000010010100101011
111101101100111101
000100001000100011
000001010000011010
111101001010101001
111111100001011001
000001010110110101
000001000001111000
000000110011101110
111011001111011101
111110101100100001
111110101001110110
111010100001111001
111111001000101010
111110011001100110
111100111111001110
000010011001010101
111110110011110000
000100101001111011
000011100111000110
111101100010000111
111100001001100100
111100011010111000
111110010110110100
000001011111001100
000011000100111000
000011101101010001
000000011000001110
000001010101100000
000011010010011110
111101101011011001
111110001001110101
000001110011001010
111111000100101001
111010001100010110
111110000100100010
111011010010111110
111101111100000100
000010100000010010
111101100100010101
000010010011110010
000001011101001011
111111111001000000
111100010001011001
111101001111010011
111100010101011001
111111110000000011
111101110011001000
000100000010100111
000001110000111101
111110000011011101
000011100110111110
111110100001011100
000000100110111110
111111001100101011
000001111111100111
000010011010100000
000001100010011010
000100000000010000
000000110100011001
000001100100101110
111111101001000111
111110010110101001
000100000000001001
111111010111000011
000000000101101011
000011010100000100
111110011110110000
000001101101000010
000000111111011101
111101110100110011
111111010110000010
000001011011111100
111111100001001111
111101010010110001
000001101110000011
000010111011100000
111111000101110011
000001110001000111
111111111111100001
111111011110111001
111100101000011101
000011010101011110
000000011011011010
000101000100000110
111110101110110001
000000001100101100
111101101010010110
111110000111001000
111101011011100001
000000110111111001
111100011000111000
111100001000101101
000001010011101000
111101001011110110
000011010111000010
111111001100001011
000000011011001111
111110000100011001
111100110000100100
000000010111010011
000000011111010001
000010001011011100
000001111001000011
111111011100010110
000010000011000010
111101011101001100
111011011010000101
111110011001010001
111100100011100100
000010100111100101
111011101011001111
000100000110000111
000001100000101011
000100001100101110
000011100110011000
000001010010100100
000011100111000101
111111000010111100
111111001110010110
000010001100110000
111111100010110101
000001011000001001
000000010001000111
111111011001100001
000000110101100101
111111111001010110
111110010001101000
000010010010110001
111101100101100100
111110011101001011
000001001111011101
000010000110100111
111110101000000111
000010001011110101
000001100101111000
111101010101011100
000011001111110111
000010101111100001
111101011000000111
000011010010100011
111110110010100010
111111100010100010
111110011100110100
111101101001010001
111111101010001000
111101101001000010
000000111110111000
111110110110101000
000000000110111100
000010100101000110
111110000001001010
000001101011000111
111110101000000100
111111010001011011
000001101010011011
111110110010101111
000100000111001110
111100110001110001
000010010010111101
111111101110011000
111111111011010000
000010101101101100
000001011011000001
111111000101000000
111110111101110101
000000000010000110
000000011110000100
111101110000111100
111111100000110001
111111001001011011
111110110001000100
000010010001100110
111111001011001110
111111111011100100
111110100111111000
111100101101101110
111111010101110101
111100100101001011
111110011101011011
000001011110100001
111110100000001001
000001010110100000
000010000001011010
111101000010011000
000001010110110001
111101100111110000
000100010100001101
111101010101110100
000010011011000000
111110100001100001
111101100101011010
111101010111111111
000001101100010010
000001000010110100
111110000011010100
111010100110110111
000001001100011101
111110110100000101
111111001110111111
000000011000001100
111111110001111111
111011110000001000
111110111000000100
000000101000111011
000000111011100010
000000110100100011
000000000111010101
111101110100001100
000000011011010011
111111111100100110
111111010101111100
000010111010101101
000001011010100001
111101100011010110
111111011011000100
111101001111010010
000000101111101111
111111011010111001
111100010110110011
111101101101000100
000000001011011101
000001110011111101
111111010111110001
111110111100100111
000010110000111110
111110101011100001
111101010111010011
000000011111101000
111110101001110011
000001111000100010
111110111011000010
000000000000101110
111110011010110010
000010111101010111
111101010011001110
111110101110100011
111110011010011100
111111010111010110
111101101110100001
000010110010000100
000000001101100101
111110111000010111
111011110100101000
111100111000101000
111111000101000111
000001011010101011
000101011100110010
000100100010100100
111110100100010011
000010010111010100
111111100011100100
111101110100000001
111110110001001101
000001100101101110
000101010010001010
111111101011000101
000010001000010100
111000111000011010
000000000111011100
111011011100001100
000000000100010111
000010100001001001
111101100111010001
001001110100101010
000001011010100101
000011111010111100
111101100101001001
110111101011010000
111111010010101111
000010011111100010
000010011111110111
000001010001101010
111111011011011011
111111011001100100
111100101001011011
000110000101001010
000011001111000010
111110000100111110
000001111010101100
000011000001100110
111101101001010000
000000000010111100
111111100001000010
111110111101100001
111101101000100101
000011110001011011
000011100110101000
000011100000000000
000001111001110101
000000100010100000
111111111001100000
000000011100110100
111111000101100110
000001011001110011
111100000101011100
000000110011001001
000001000000111100
111110111101100100
111100111010101011
111100100111101100
000010010001010000
000001101110011110
000010000000111011
000010100001011010
111110011100010110
111110000100110111
000010100000011001
111110100100000101
000001100100010101
000100101100101101
111111100100100110
000000001101111100
000000011010000100
000010000011001000
000101000000100001
000010011111110110
000010000101000000
000100101011100000
111110110000110001
000001001011001110
111110001010100100
000000010100010011
111111010001100010
111111001100100010
000001100101000001
111110111001001001
111111110101110011
111111110011100010
111111101011010110
000000110000100110
111101000110001010
000010111111111001
111111001001110101
000000110000111100
111100101010100111
000001111101000101
111101111100000110
111000100010010001
000011110011011101
111101111111001111
111110100110110011
000010011001110100
111010110010001001
110111111101100011
111111101100100001
111011011100000110
000110100001111100
111111110110010011
000011001010011010
000011010110011000
000010100110011100
000011011111011010
111110001100011100
000100110010100011
000010100000100000
111100101000001001
000000011011000001
000000000010001000
000101011001100001
000011110101000001
001101110101010100
000011101010010010
000001010010011001
111000111011000111
001001010011001000
111111000100111000
111111101000010111
111010110000110111
111111010110001111
111111100111101111
000000010001101001
111101100110101000
111110111101001110
111101100111000011
111110010011101010
000000101001001110
111101011100111110
111110110100110100
111110111001101001
111101101101100111
000010000001011110
111110111000011100
000101101101010001
000100101011001110
111100010011001100
111000111110001000
111011101110000110
000000010110011110
111110001011110001
000011110011011111
000000110001100110
000011000011110101
000001010011111000
111110010011001111
000000000010100110
000100100101011011
111011110000101001
111100010001001000
000000011111011110
000110000101001011
111111011001110000
000000011100010110
111101011010100000
000010110111000111
111101001111000111
111011101101100110
000000010101111010
000000000010001111
111101001100110001
111110011010110011
000011111101101101
111100100001010010
000000000101011011
000010010000011000
111111010100101011
000000001000000101
111110101000011111
000001101010111010
111110110001111101
000011110001111100
111101101000101111
000010010101011001
111111101011010010
111100101011101001
000010101011111000
000011000111001001
000001001010010000
111111111011000111
000000000110011101
000010100001101011
111110101100011000
000010110000101110
000001001101000000
000001100111011011
111110011011110111
111011000010111010
000000011000001110
111100011001011110
000000110010101001
111111010100111001
111101010100011111
000101110100010111
000011001011101110
111111000111100101
111101011000010011
000000100111000101
000000111010101111
111111100010001101
111100011110001101
000001010101100100
111100000011100011
111111011111010100
111100101100110000
111100100110111110
111101001001010011
000010100001110110
000001101011101111
000011010001111001
111111110100101100
000011000100010111
000000101011110110
111111011000010000
000011101111010100
000000110001011011
000100001001111001
000000010010001000
111001100110111000
000001110001101011
111101110100111011
111111110110010001
000001101011001001
000000110110101101
111111101111110010
111110101001000001
000000010111110001
000000110101101101
111111010110101000
111101101001000111
111110011010000001
000011011111001001
000001111100110100
111110001011100101
111101111100101010
111011110010110000
111110000100100110
111110010101111001
000000111111011001
111011010010111100
111110010100000001
000001110111001001
111110100010100011
000001100000100000
000010110110010100
111110101010001000
111101010000000101
000011101010111011
111101100100011001
111111111111111001
000011101001001101
000010100111101101
000011000010011000
000001000000000010
111110000111010101
000000111101111010
111111001011001010
000011001101100001
111110001110111001
111101111100111000
000011000101101100
111111100000000110
000010100111110101
000001100000111010
111100110010001010
111101101010000000
000001001110111001
111100011101111111
000000110010100010
111110001101000111
111101011101111110
111100101000001110
111110110011001001
000001111010010111
111101010001000011
000011101100100000
000000001101010101
000001001100011100
000001010000010100
000000011110001111
111110101000101011
000001110000000111
000100011011111101
111100010110001110
111101001111111000
000001010110100101
000000100111101010
000000101011010000
000001000010010110
000011010110101011
000010100110111110
111100101110010000
111110010011111111
111010110101110001
111111010001111000
000011100000001101
111011100001010010
000011111100110011
000000001101110011
111110000110000010
000001110101001011
111111101010001010
111110001111000000
000110001100101011
111110111101101001
111100010100111111
000010101011111010
111111111101000100
111010010000010101
111110000100110011
000001110010000101
000011010011100110
000011010100100000
000001000011100010
111111000010100101
111100000110001000
111011110110011011
000000011010010001
001000000101010100
111100101110001110
000000100011101000
111011101111100100
000000011100100011
111110011001110001
000001001010011000
000000110100000000
111100000010000011
000010010110110101
000010111111000111
111101101001000111
111100011111101101
000000011011011010
000000010011111100
111011011011011111
000010001110010001
111110011100010001
111111011011111111
000001101011110101
111110010011100110
000011100001011010
111101001011110110
000000101010011010
000101010010000011
111100001100111001
000010001011001000
111001110111010011
111110001011110110
111101001000011110
000000101001100001
000000000011011100
000100000111111110
000100011011011100
111110101111011000
111110000001001000
000101000011011100
111111110010000000
111111011001110000
111111001000001010
000000000010111011
111110000111011001
111110100111111010
111111101110100001
111100111000010100
111101001010101001
111011111101000011
111101010111001011
111010111010100001
000011101110001011
111001100111101101
000001001110010001
111110000101110011
000100111100101100
111101110010111010
111100110100111100
000001001111100011
000010010001111010
111110111010100111
000010110011101011
000100111101010001
111110101100001010
111101100110010111
000001011100011111
000001011110100110
111111111001011000
111010111110000111
000100101001000001
000000011100110010
111111111011000001
000011100110011101
111101011001010000
111111000001010001
000000010101010100
111111001010011011
000001111010001111
111100011100101010
111110110101010000
000001001110111111
000011111011000001
111100011011001101
000001110011000100
000001100101101101
000000101010001100
000000100001010000
111110110010111100
000000000001100010
000000110000110100
111100001011110110
000011001000011011
000001101001010010
000101110101000100
000011000110000011
111111000100100110
111101001001001001
000001100101110101
111101110110100101
111010011001010000
000000101101010101
111001100100111011
111011011001111100
111110101010101101
000001001101101101
000100100000010111
111110001000101011
000001000100100001
111101100000011001
000000100111110100
111100101111001101
000001101101010110
111110100100110100
000001010110100011
000100101100100001
111011100111000010
111111000110111101
111001011111110010
000000110101000111
000001000100110100
111110101110100010
111101011110011011
111110000011110010
111100000000001111
000001001010010001
000011101110111010
111111001110100000
000000010000110010
000011001010000011
111101100101011001
000010010100110100
000010010110010110
111111010010101000
111110110011101100
000010111101100111
000000101011000111
111101001100000110
000001110100111110
111101100010000011
000010101111101010
111110111100001010
111110111111001111
000011001110011100
111011001000111101
000000110101111111
111111011101000111
000010110111000111
000010011110010011
111111000101101100
000010100100110010
000010111101010110
000001110111011100
000010111001010000
111101011001011100
000001110111001111
111100011100000101
000010000000011101
000010000001010001
000000100100101111
000100001101011101
111111100010001100
000000110000100110
000001010110100110
000011000000100101
000011000110000111
000100100000011110
000010010011111011
111100000010100111
000100100001111001
111011010011010100
111100000110000111
111110011111101100
111100010100111100
111101000001000011
000000010110110111
111101001000111010
111111001101011100
000101000000010100
111100010011000001
000001110011110100
000000000000100110
111111101110001110
111111101100100101
111011110011101111
111001100010100000
000001011010010011
111010110010010110
000100000010001111
000001110101011101
000000101010110111
000110001101111011
000011001111010010
111101101111101001
000010111000101101
000000111100110011
111101100000000010
111011010100111010
111110010110001110
111001110110000100
000000111011101000
000001111110001000
111101110010011011
000001001101001010
000011111100001100
000000010101101101
000001000011101111
111011010010011011
000010011110000001
111110000100110000
000010110101000000
111110101110001011
000001110011101011
000001001110001001
000000101001000011
111111011000011000
000001110010111111
111110101110001011
000001100011001110
111101011111010010
000000110110110110
000011100000111100
111100001000001010
110110011111110000
111110101110010110
000100000100001000
111101110111000101
111001010110001011
110110010111011000
111011110111010111
110111000001100001
000010101101001101
000000010000110111
111111111011011011
111101101001000010
111101111000100001
111100110100010111
000010011001110000
111011101110011000
111110000110000011
000101010011100100
000000001010011101
111011010011000001
000001001101100111
111100110101011011
111110000010000001
111101011111101011
111110101000111101
111110001000101001
111101110111100001
111111101110011100
000000011001111000
111001011101010111
111101001001101000
000001010100001111
111110111001001111
000011100010100010
111111011000110111
111110111100001010
111111111100001100
000000100100001101
111111111110000000
111010110111110011
111101111011110111
000000100001001101
111110010100000100
000010000101010100
000000110011010101
000001101010101011
111111111000111111
111001011101111010
000000101101000010
001000000000010000
111111011101000111
000011101101000101
000001010110100001
111101000011110101
111111110000000010
000001010100101010
111100011001111010
000001011010101100
111111111101001001
111100100011101101
000000110000011001
111101000100101100
000001000001011001
111010100001110010
111111101000111101
111101100011100000
000100011000010011
000000101101000000
111011001011010100
110011011111010010
000000111101000010
111111011011111011
111110010011100100
111101101110111000
000011011111000100
111111000000100000
111110111111001111
000001101110100011
111101010100000000
000001101100001001
000011001001110111
000010101101011011
000000100101101101
111110101010111111
111110100111100001
111100000111001001
000000110100101100
000010001011001011
111011000001000010
111111101011111001
111110100000111110
111111100110101011
000011100011110001
111110000111011001
111111010101101010
111110101011110110
111110110101101111
111111110010011001
000011000010010101
000000101111110000
000001111110100001
000010110100001011
111111000000110010
111110110010010110
000010000001101100
111111110111101001
111110110111101001
000001000111010100
111110111001111110
111111000111101001
000001111100011011
000000001001100101
111110011100111001
000000010001110010
111110001101110110
000010010000111011
000000010010100000
111111001000111011
111111000111011111
000000110101000110
111110001111100111
000001111111001000
000000010101111100
000010011101000101
111101011000001110
000010001101001000
