000010100101101010
000011101110111100
000001111000010101
000011101111111100
000000010001111001
000001111100000010
111111100110000101
000001100111001010
111001011101000011
000000000001111010
111011001001001100
110111101010010110
000011010010011101
111110100101101011
000000110101000010
111111111001001101
000010101111110011
000011101011011100
111110111101100101
000000110110000001
111000101110110101
111010001101100010
000010101000000000
000001000000100011
111101110101111010
111110000011100001
111111010101010001
000010000001100000
111100001010011010
000011101000001100
000010111010000101
111111000011001001
111111110100000101
111111111110011111
000011010001101101
000001001011111010
000010111010111011
111101001011001100
000100010000101001
111111110101011100
111101101001000010
111101110001011010
000011111111100001
000011100100000011
111001101101101011
111011111110110111
000010111110100011
000001100110101001
111101100001011101
111111110100010001
111110101111101101
000010011100000101
111010111101010101
000011011010101100
000001111010011011
000000100000000001
111110001110011101
111011110000000100
111111001111111100
000100100011111000
000010101001100011
111101111000001011
000001110111110100
111100110110100111
111101010011001000
111011010101111111
000010010110101001
111110000001010010
111111101010100100
111100011000010010
111111111100111110
000001101110001110
000101100111011101
000001110010101010
000010000101011011
000010001000110110
000000110001110000
111101010111101000
111101101111111111
111100101111110111
111110111001110000
000001011100001010
000001010010111011
111110010111100001
000010010101000011
110101101010010011
111001100111011100
111110110011100100
000011111011010110
111100101111001010
000010010010101101
111111110111010100
000011110100100000
111100011101100000
000010100010101111
000010000000010011
111111011101111010
111011110001000100
111111010001011111
000000100111111000
111101100010001111
111110101100111101
000000111111110011
111111000100110101
000000111110110100
111101010110000010
111100010001111010
000001100010111010
000001000000111111
000010001000010110
111101111011000110
000001001011010110
111000110101110101
000010101000011111
000001001110011000
111110101010011011
000010011111110110
111111010001000110
111101011001101000
111100111001010000
000010100100011011
000001001000110111
111101000011110001
111101111011101010
000001011000110111
000010101100010111
111111111000100101
111100110111111111
000000011100111111
111111111100110101
000000011111100011
111110100101010001
000011011000001111
111101100110100101
111111110110111110
111111100100000100
111100100011100110
000010001110110110
000001010110011101
111100111100111101
111110110101110110
000000111101100110
111111100111111100
000001000010000101
111001110001001101
111101110000101000
000011001000111100
000010000010011000
000100001000000110
000001011000000111
000001011000000110
000010001011110010
111111110100110001
000010110011100001
111110110000110001
000001101001111001
111010111000010110
000011111001001011
111101000010001000
000010100111110101
111101111110100010
000011001100000110
111110101111100111
111111000011000100
111111100000110110
111110010101001001
000100011000110100
111111101101101001
111010010111111011
000011001100010100
111110001011010110
000000100011000100
111101100100001100
111111000111100010
000100110111001110
000110111011000110
111111011010001100
111100010100000010
000011001011011100
000101111101111000
111110000110110010
000010011111010101
110110100010001101
000000000101111110
111110110101100101
111010100011111110
000000111011011011
000001010011001000
110111000111001100
000001110010010010
111101110011100000
111010011010010010
111110001110101001
000001011000110101
000010110111000111
000100001000000001
111110111111110010
111101110111010101
000010101010010010
000000111111100111
000000010010100101
111111011101000110
111100000100111100
111110110001010000
111111110111011011
111111000110101011
111111110011001000
000011010111011001
111110011001100100
000011101010110010
111111000000111110
000010010100100010
111110100001001000
111101010100100001
000001000000000111
000001010010110001
111110000000011011
111101100001100110
111100000111011100
000101010001011001
000001000001011000
000001011111110010
000000001110001001
111111001010011100
111111010100010100
111100011100110100
000001100101111001
111001101101110011
111011000001111101
111100110101010111
111100101111011000
000110110000001011
000101000000001100
111110110011000011
111111000101001000
111111110110000101
000011111101010111
111110101101010110
000001100110101001
111111100000100100
111111100010011010
000001101110111001
111011010000000111
000000001111100101
000000001101011100
111100111111011101
111101001011000010
000001000100011010
000001000111011111
111100101001101100
000001111011011111
000010010011010010
000011110110111011
111011100000000011
111111011100010000
111110001011010100
000000010101101100
111110111100110011
111111010011000110
111111001001011010
111101001000011111
111111010010000111
000001100100000000
000001000111000001
000010111101100001
000011010011111001
000101101001100010
111110110101011111
000000111110001110
000000100011000100
000111101010001011
111110111010011100
000000011011000001
111011011010001100
000010010110110001
111101110111111011
111110011010111001
111100110100110000
110011011001101111
111000000101000101
001000010011101000
000000101111000010
000000101100011110
000010101100110010
000010000110001011
000010111100000100
000010111001010010
000000111011110110
000000110011011100
000000111111100010
000001110101010001
000000010000001010
000001001100010001
000010110011011101
111110010010000110
000010111001011100
111111111011100000
000010101100000010
111110100001011011
000000000001000000
111110110101001110
000000111000110011
111101011010110111
000001001111010100
111101100110111001
000010000000001000
111101010100100111
111101100100010001
111100001010100001
111011000011101111
000010001001000011
000011010111000101
111011111001000100
000000000010111111
111111001111110000
000001001100010000
111111000111001111
000011001110010011
111111101101010100
111110000110010001
111110010100001000
000001010110010101
111100010101001000
111111111000110110
000000010010101010
111100011001111111
000000010111011011
111110110111000001
110111111011000111
111110011111110110
000001011110000000
000100000110000100
111111001001000011
111100001000100001
000000001111100010
000001100010101110
000001001110111101
111110111000001001
111110010000111110
000001001101000001
111101111010001110
000001000111111100
000001001010001011
111100111111111000
111101110101001101
000000010010111010
111111100110111011
000100110000111110
111111100111010110
000000010101010010
111111111101100001
110110011001011110
000000000110110110
111111000100001111
111110000111100011
111111111111011101
000011010000101011
000000001000011111
000001101100111001
111101100010100101
111111111001110011
000011100011101101
000000000111110001
111100101010010110
111110111110001010
111011000001000100
000100110100100000
000001011001111110
111110100000011000
111010110000100101
000001010110111001
000000010011001110
111011001110011101
001000001010111111
111100101100000101
000100001110111100
000011001010011111
111110001100000100
111100010111001111
000010101011101101
111101010010001010
000001011010010000
111101100100001010
111111110010010011
000000100000011111
000010111011011110
000001000000110011
111111110000100101
000011000111010101
111111101110001011
111110010101001101
111111011101101110
111100010011010011
000001001000100000
000011010101110101
111110000011111101
111101101010000000
000010100001111100
000001001101111001
000100000000111000
111010111001010111
111111001100111110
111101111000011111
111110110000010101
000011100110011111
111111001110110010
000000000010001100
000010000000011110
111100101011001000
000001101111110110
000011000111011100
111011001110100100
111101011000000101
111110100100000000
000000110111101111
111101101000001011
111111111010101011
000011000000011000
000010010011000010
000100111101001111
000011100100001011
000000010101111110
000101000110010101
111100011000010001
000000011011110111
000000000100101011
111100110101110110
111011101100110100
000000100001000011
111111001110000011
000000111010011001
111100010110010100
111101111001111111
111111111110110000
111111111110000110
000100110001110110
111101101010100101
111111010100010001
111110111010001100
000001110001001110
000001110010011101
000001110110110100
111011000000001011
000010000011000100
111100111011111110
111110111011100111
111100011101110010
111101101101100110
000010110011000000
000000010110010110
000001010100110001
000000110100010011
111100011101101111
000100001100000110
000000001010111100
111100010110100100
001000011101000100
000100000101001111
111110011010111101
111001110001100100
111101001011011110
000001100110001011
111110100000100100
111001101111111001
000011000001110000
111110001110101100
000001011111101010
000000001110001010
111100111001010101
111001111111100100
111111110000101111
111111110000000000
111110000000010110
000001001111011011
111100001000010001
000001001000110011
111111001011100101
111110010000001000
111111110010101101
000010111101001001
111100100010010101
000100011101001011
000011110110000001
000001101011101010
000101000011110010
000110001001011000
000100101110110010
000010010111100100
111100101111001011
111101111110010011
000110101010111011
111111001111101111
000011110011010011
111110001101101110
111111000011000001
111011101000010000
111100010010110110
111110001101001100
000010011110110010
000011010110101011
111010011001110010
000100010000101010
000010010011010111
000110010111011011
111101011100010011
000000000011011001
111011101000100110
001000011001010011
000010001001111101
111101101110110101
111111100111110100
000110011101101101
111011101010001010
111111011010000101
000010001100000111
111001110101000000
000001011000111001
111101001110000110
000001001011001110
111111001110110010
000011100101011111
111110001011000010
000010001001100110
111101011011111111
111110110111001001
111101101001100110
111101101110110011
000110101000010100
111111000011000101
111110111001111000
000000000100010100
000000110001101111
111100110111010101
111011101001110011
000100111100010000
111111101011010000
111100010011101101
111111011001110000
000011101000001001
000101000101100101
000010000010001100
000010001001111101
111101011111010111
111111011110110111
111001001001010101
111111100100010111
000011101101101011
111111101010110111
000000101000101011
000011101001001011
000011101111010000
111100000001010110
000001111101101101
000001101110110001
000010111101100101
000001010111101011
111110110000110000
111111001001011100
000100001110011110
000000110010001101
000000011100111111
111100101111000001
111111011100110010
111110011110110001
111111011000000101
111100011110111100
110111110000001001
111100010100101111
000100000111001000
111100010101010100
111110000111000001
000100000110101001
111111111011000111
000010101010000010
111111001101010111
111111101001110011
111100010011001000
111110110010010111
111101100000001100
111111000001101000
000011100011001000
111100111001110000
000010011010110001
111001101010110010
111110101101001010
000000111101001011
111101100011110111
000011100111110011
000001111011010010
000001100000100011
000001111110111111
000000000001100111
111110011010111101
111101001100101101
000000101000011010
000010101110001111
000011011111110001
111011111101101101
111000011011100001
000011001100110000
000000011111000000
000000011001101010
111101100100100011
111110111000000010
000000110000100110
111110111010010011
111100011010100110
000001001111010100
111110010111111000
111111010000010011
111110010101010001
111111001011110100
111100001100101100
000011100100000110
111010101111111101
000101010101110010
000011001101111011
111101010000111100
000010011001011111
111111111110110101
111111001010101001
000001000010001001
000000101001110100
000110011100001101
111100010111110001
111111010010001001
111100111010100010
111110111101110111
000001000001100001
111011010011011000
000100110010000100
000011000100100000
111100110000101111
111101111111100110
111111010110010010
000010000111010111
000010001100100000
111111101000110001
000001100101110100
000011100011010000
000000010100111111
111011110111100110
111111011011011111
111111011111011001
000010100011010010
111110001001010010
000010100100101011
111101000101010001
111101100100111000
111110101010101101
000010000100010010
000001110010011001
000100011100100000
000001010101100011
111010110100011110
000001001011000111
111011100100100111
000001100111110010
111110110010000000
111100101011100111
000001101111010111
111010110010101001
111101101001011011
000100101001010001
111011110010000011
000010000011010011
111111100001110001
000000011110100111
000000010001011110
000010101011001100
000000011101011111
111110110001011000
111100010101111010
000000101100111001
000001110110100011
111100110111111000
000001000100101111
000010010001001111
111100100000110000
111111000000110011
000100111011001100
000000100111001010
000110101001010101
111011011101111111
000001110111111010
111111100000010111
111110101111011110
111100111011010111
111111111000101001
111001011011000011
111110001001011110
000010100011001111
000001110100100100
111100010010100110
111010100010010011
000000100111111100
000100011010110011
111010101000000011
000001011000111100
000011110101110000
111111011010101100
111101100101101001
111100011100110110
000000110000011011
111111101000111010
000110010111111110
111100101111111001
000101101011001000
111101100100010111
000011001011010101
111101001100000010
000010001000011000
111111001011101101
000011001010101000
111110000011011100
111001110111110010
111111101110010010
111111111001000001
000001011011000010
111010011010001101
000100110011110101
111111000010001100
000011000010010001
000011000101000100
111001111111111110
000000110000000011
000000010110111110
111111010100010111
000000111001010010
000000100100111101
111100110101010100
000011000010011111
110111111001010111
111111010100110011
000010010000111111
000010110011100110
111001100011100000
000001111011100011
000010100011100010
111111101110000101
000010100101001100
000000100001101100
000001010001001010
111100111111111010
000011110011100000
000001110001010111
111111110011100000
111111110000010111
111101110010111000
111101010011111001
000001111000001110
000011110110100100
000010000000101001
000000010111000010
111101111111110100
111001111111000010
111100011000001100
111110110110101011
110000110101101110
111111011010010001
000000010010101111
111011111111000000
111001101000000110
000101100011000110
111101001110000110
000010001010101100
111101000011101110
111101111101110110
111011110000000101
111111000101111001
111110001111110000
111111100010000000
000011001111101011
111110011001001001
000001110101111000
111100101001010011
111101000111000011
111100001101101111
111111010101101110
000101001010100101
111111100010101100
111011010111001101
000001010011111111
000101011110010011
111011011101101010
000000110100100000
000000000001110011
000010100101001110
000001111101010010
111110111000010100
111001011001111101
000011000010111000
000001111100010000
000000010001010101
000001010101111111
000010010001011010
111010001110100101
111101111110000100
111001101001001001
111101001101100001
111111100001000101
111101110101011001
111110100011010111
111101011100111101
111111011111111100
111111111000000010
111111010010001110
111111111101100011
000001000111100111
000000101111101010
000011010001000111
111111011111000010
111100110010001000
000000000011110100
111111000011111111
000010101111010001
111100101000010101
000001111011100000
111110101011001001
111111110100010100
000011111101010000
111100110110010010
111011000000101101
111111000001111101
000000101000101001
111100101011110001
000001100001111001
111110110100110111
111110100111001001
111101110000100110
111110010011111000
000000010010111011
000001101110001011
111111110001000011
111101010110011110
000000000100011011
111001111011011110
111110010111000000
111010110100011101
000110100101000101
000010011011111000
000011011100101010
000011110011101001
111011000100000111
000110000011101011
000011100010110110
111010000011011111
111100101001001111
111110011000110110
111010010111111100
111111010011100100
000110000101101101
000011101101010001
000111000001111011
000010110111000001
111101011011101001
111111000100101100
111011101111110011
000100101110101001
000100110010001100
000101011000001000
111111011011001010
111101111010010000
000001001100101000
111001110110010100
000011000001011010
000000011111111000
111111111101000111
000001000100111111
000010100000111101
111100101010001001
000100011101010111
111110000110001000
111100110100101000
111110001111110101
111001110010011111
000000001110110001
000100011001111001
111110111010011101
000001000111001001
111010110000100001
000001010110110000
111110111000010000
111110101101011100
111110101111111100
111011111100100101
000011100110100000
000010010001001111
111110111101001001
111111110110100011
111110111000011000
000101001011100001
111110111011000010
111110001101010110
000000110110110001
000000001100000000
111100001111010010
111111010010100001
111100001100110110
000001011000001111
000011111010111000
000001011011011100
000011011000111111
000000001111001111
111110110010101111
111011001111010100
000100110111101011
000101110101101100
111011110100001100
111111110101100100
000011001000101001
000101000011101110
111111011001101010
111011001011011110
111111001110000001
000001001001100100
111010110010110110
111111111111011101
111011001101001100
111101111100110101
111101000110000010
111101000000101110
111100111000011010
111111111011000001
000001110010101001
111101010000010110
111011101101110011
110111000010001101
001000011000100100
000000101001110000
111100100111000011
000001100101011010
000000100010000100
000111011101100000
111101011101011101
111110010111010101
000001010000000011
111111011011111010
111101000101111001
111100111100110011
111111011011111110
000001000011011001
111110011000100001
111101010110000110
111110101010111110
000001000001110001
111011011010101000
111111101001011101
111101110110011101
110111101000011100
000000111011000000
110111101101111100
111001110010100101
111100110111011110
111010110110001011
111100011111010001
111110111100000100
111111001000101111
000101011111111111
111110001001010000
111001110100010101
111110110100001011
111111100110010011
110111011101111001
111100001111011100
000100110110100101
111011110010010100
000011111101011001
000100100000101101
000000011101010001
000101100001111101
111001110101110011
000011110100110011
000011100101101010
111000000110011010
000100101000001011
111111000010110111
111001110001001010
111101111011110111
111100110101001010
000100001001010010
000011101001011010
000000000110101011
111101110101011011
111110111000101000
111001110100010100
000010001000110100
000111000101011001
001001000001011011
111010010111110110
000010000010000010
111101001111010100
111111100000101011
000111000011110000
000011110001010110
001001101011101100
001000001100110001
000101101101101010
000011000101010010
111100011000000111
110101111110110101
000010001111101100
111010000000110100
111001011000101001
111010101100101011
000000010011100011
000001011000101000
110101100010011101
000110010001000110
000000000110011100
000000111111000001
000010010110010011
000010010000011010
111110111001101111
111111110101011011
000100100010010111
111101011110100101
111111100000011010
110100110110011100
000001000001100010
110111010110010010
000001001010010100
111100011111101001
000101100110101110
000001110100010101
111111101001000100
000010011010111111
000000110011000100
111111010111111000
111111101110101110
111100010000010011
111111010011010100
111010101100100110
000010100110010011
111101010111010011
000000101000110111
111101000110100011
000001001000101101
111110110101111001
101110110101011010
000000011111110101
111110000110011000
111111010011110001
111111000001000110
111100111001101011
110101000010010000
000001010011100010
111010100111010100
111101111101010011
111100011100011010
111101101110101010
000001000010100001
111100010000110000
111110010010111110
000000011111111011
000000011111101101
111101111111101111
000100101001100101
000000110010100000
111011110111111011
000001011000100101
111011110110110001
000011011011011000
111111111001111000
111010101110100010
000010100000010100
000011001101111111
000011000110111011
000001000010110111
111100011101011001
111110100110101101
000010101010110100
000001111100001110
111011101000001101
111110111110111100
000001011110110000
111101101001100000
000100001011000110
000011010001100101
111111010000101100
111101001100010100
000000011101100000
111100010010000110
111110100011111001
000001010101001111
111110011000110010
111011101100111111
111001101010101101
000000010111011011
111011101111101111
111111111100001011
111110111110100101
000010011011111000
111110110001100111
000000110101110000
111100101101011011
000010111100101101
000001111010111101
000010111001000100
000000100000010101
000010010000001100
000000001100010100
111101101101111110
000010100000111001
000000000000111111
000000110111000001
000000111011000101
111011100000000101
000001010100000101
111010011011011010
111111101110100000
000011001111000110
111110100100000000
111111111100010000
000010110111111110
000000111000101110
000000111010010100
111110100011101010
111100101011110001
000011011000000110
000001001011010110
111100010010111000
111100100000111111
000010101010110010
111110001110101011
000011110110010001
111111010000010001
111110100101010000
000010101110010000
000001101110100100
000000011011111010
111111010001001100
000010111101101000
000001101101101100
111111010111100101
111100100101110100
111110101110100101
000010110101000110
111111110011101110
000010110101100001
000010111100010011
000001011011000000
111101101011111110
000011111010110110
111111001011001001
000001010010110110
000001000110101110
000000010000111100
111100110001011100
000010100000011000
111101011101110100
000001101011111000
111111001001001110
111111000010111001
000001001101011010
000010001111110011
000010000000001101
000011011110001110
000010001111101000
000000101001101100
111111001110000111
000000110000000010
111100001110101110
111101101011101011
111101100001011000
000010101110010100
000010100010011101
111101001000110100
000000100100111100
000000101011001101
000000001001001001
111110101000100001
111101001010100110
111110111010000111
000011000000001101
000001011110011100
000001101001100010
000000111011110001
000000001010110001
000000101110000010
111010001100011010
111111111001011110
111101111101111110
000010100100100110
000000110111010001
000001100001111100
000001100101010000
111101101101110001
000000110000011000
000000011111111111
111111010110000110
000001100010010010
111001110101110000
000100011010100110
000010110101011001
111100010000100001
111101011101100001
111100100011011010
000001100000110000
000010111000111111
000101101110100111
111011110001100101
111110100111101010
000101010011011111
111111011101011101
000110110101001111
111010100000101001
111001110110001011
111111010101110011
111100000001001100
000001111100101011
111111111100101100
111101101110111101
111110010010100100
111000110000011110
111011010100001111
111111100000101001
111110001000111010
111111111011010011
111110101110111001
111101100101010001
111111011011101000
111101010110100101
111010111101100000
111101000101110110
111110111110101111
000000111110000001
111101001010010010
111111010110010001
000001011000000110
111101000011110110
110110111110010010
111110110000011100
111110010100110011
000001001111001110
000000111100000110
111100110100011000
111010110010101011
000100100101011111
111111100011111101
000001101110110111
000000010100011000
111100101100000110
000001000111000110
000000001000010101
111111010101111110
111101011111010010
111110101010001110
111000111111101011
000000011100101101
111101110010110101
111110000011000110
111100111111000111
000001101010010100
111100011101101001
000100011111101000
000010010111010111
111101010001100110
000001110001111010
111110010101001101
000011010000101010
000000001101101010
000000100000100111
000001000000010111
111100001110101100
000000001111101000
111101101000000111
111111000100010100
111110010110011000
111000110010110010
111110100001010110
000011010100101111
000000100101111000
000000101100111010
000100110011011101
111111011010000101
000001001010011100
111101011010101001
111101010111110101
000100100111111001
111011100110000000
111100011000011110
000010011110100111
000011001010011011
000010101101010000
111111101111000101
000001111000100110
000010010010101001
000001100110101101
111011011111110100
000100111101100010
000000000101100101
000101100000001100
000010010001111111
000100100001100101
000000010111101100
111010100011000111
111110100001111001
000001011110001010
000001101111100101
000010011000110100
111110011010000100
111100010110100111
111100000110011110
111110000000101001
000000101011101001
000000000110101100
111111110011111010
111110010000101001
000100001011000011
111110101100010001
000010111000101111
000000100010100100
000010010100111001
000000001110001000
000010110110000100
111100010011010010
111111001001011011
111010101011010100
111100110010011100
111111000000100111
111110001110101100
111101011001110101
000001001110110001
111110000000000011
111101010000100001
111111101110011110
000001110100101010
000001010000100110
111111000010111001
000000001001000000
000001011111101111
000000010011101010
111011011010011011
000011011101101101
000010101101110001
000000100000001101
000001010110110011
111111000100101011
000000001000111011
111110011110101111
111111001101000001
111110000111101000
111101010110101111
111101110000101000
000001101001011000
111110111001110111
111100100010010110
111110010001010010
111100011011010111
000011101100100110
111110101001100100
110110100100000100
111111100001110111
000010010100101011
111111100111000101
111110110111000101
111100010010101010
111111111010101010
000011010010101001
000000101000111010
000000010000100111
111101001010000000
000001000011011110
111000110100010100
000000101011110000
111110011111000101
000000001010000111
000000100011011000
111101000011000110
111101000111011010
000010110111110111
111111110100110100
111001010010000110
111101010000111010
110110010011110100
000001011000111011
000000100100010111
000100111010100100
000001110010100010
000000100110001011
000010110111100110
111110110010110001
000000001010111101
111111101000111101
000011101111110110
111110010111110011
111100001001110000
000001000101111001
111111101011011100
000100111010001111
111011101110110111
000011010000101100
111101110110010101
000000101001001001
000000010000111000
000000011101101101
000100000011011111
000010011110000100
111111101010001000
000000011100111010
111101011110001110
111010100111000011
111111100010101110
111111110111010001
111110111110101101
111110000011110101
111100010100001001
111101010110101000
000100010100110101
000010001001000111
000000000000001001
000011000110001010
000000101000111110
111111010000010001
000110001111110011
111011110010101110
111111001000100111
000000100101001101
000000011110101100
111111000000110000
111110100001010011
000000110100010100
000010111101000110
111101101010111111
111111100111001011
111111010011010000
111111111111001110
111111001110011101
111110111101001010
000000110110011001
000000000101110000
111101000100001100
111110100111000011
111111001010000111
111101100001001001
000001011110001010
000010011001111101
000000101010000111
111111100111110101
000000111111100100
000000011111111010
000011000110100001
000010111101111000
111111011111100110
000010000001111011
000010000100010010
111101010111100011
000001000001101001
000000110110011000
000010100001100010
111100101011101010
000000101010111100
111100100001111010
000010011000001110
111010110110011000
111111110100010010
111110111010110111
111111111110111011
111111001011001000
111001111011011001
000101110100000001
000001100011110001
000011001100111001
000010110011110100
111111010111010000
111011101001101000
000010000100111110
111111000100100011
111101110001000101
000000101110001100
111010111100011101
000001010000010011
000011110010010100
000001010111101011
000000111010001111
111101101111001110
000110101001110100
111111000111101001
111011111110001001
000001010000011101
000010100011010011
000011100001000000
111100110010000010
000000010100111100
000001110101100010
111111100001101100
111110010110001110
000000100011100001
000011001110011111
000001101000101011
111011011101011111
111111000101000111
110111000010111110
000101000101101111
111100100000000101
111100100011000011
000100101000100100
111000001001000101
000010100001010011
111101110001010011
000111110111001010
000110010010100100
111110010010001010
000010001011111010
000000110000011100
000100111100010111
000110111000000011
000011100000110110
000000111100010001
000011011110000100
000001010110011110
111010111011010010
111010010100011011
000110100000110111
111011111110001010
111110110100111101
111011000010011100
000011001100010100
111111001100111111
000011001010001011
111101111000110100
111010100111100010
000111010010010000
000000010111111011
001000101100000101
000011001110110000
000100111011111001
111110000010101110
000101000011000100
111111001011111110
111110001001001011
000011100000101111
000100100001011011
111100101111010110
000000101011111011
111111000001000011
111110111100000111
111100100111010101
000000101111100111
111101001110101110
000011110011000001
111011011110011100
111001101100000110
111110110001010101
000001101111000101
111111101001100010
111011001110001101
111010001010111010
000000111110110101
111110111111011111
111111000110000010
000010001101010011
111101110110001110
111111011110001001
111011010000101110
000001011111001100
000001100001010000
000000011011010001
111100011100110110
111010111001010101
111111101011000100
000000010011010100
000011000110000100
000000001111011110
000001010101010100
000000001011110000
111101110101000000
111111001110100111
111010110010110011
111111001100010100
111111101101011010
111101001000100101
000001011001101001
000010100010010111
111011010111000001
111101010001001011
111101010111001111
111101011110110100
111110011011110001
111110011000001110
111110010100101100
111111110110010011
000011111111010010
111100110100111001
000010100000000110
111011100100101010
111001101010110101
111111011000000000
111110111000001100
111111111001110100
111110011010110110
111110110100100111
111111101100100110
111101010111000101
000010000101111010
000001101100111011
111011110101100101
111000110001001010
000001000000001100
000010011110000011
111110100110110110
111111101011100000
111110110111000111
111101000111110000
000000001101110111
111110101001110001
111010111001010011
000011110101101101
111110101101000111
111111110001001111
000010011101110010
000000110111111111
111110111100001101
000000101101101011
000101101100111011
111011010001110011
000001110001110111
111101001000011001
111111010101101110
000000000101010010
111110011000100101
000000110010011101
000001110100001101
000011000011100001
000000001101111110
000000110101101011
111101100011010000
111100011011110010
111101011110011000
111101101000101010
000001001100110010
111110111110000011
111001110100001001
111100010001010111
000001000000110101
111100100100001101
000000010010001111
111001011110100000
111111010101011111
111110100000000100
111111110010001101
111100001100011110
000001001101000100
111110101001010111
000001001011100100
111101100000010100
111110000001110011
111110111000110001
111110011110110101
111100010000011011
111101111111110010
111101110010100100
111101110101101101
000001110100101010
111100101010010101
000001110100111111
111111111001011000
000010101010010111
111111101110000100
111111000100100110
000001011001110000
000011000001001100
111111101100111110
000000110000110111
111110101011101100
111111111001101101
111111100010101001
111101100001010111
111101011111101111
111111000111110100
111110110110001001
000011000111111110
111100011000001010
111101011111111011
111101100110001111
000000001100010011
111111001100000101
000001111001000101
111111110110111100
111001011001001010
000000100000011110
000000110001001000
111100101101000001
111101011101110001
111011010011110011
111110111001100001
111110110101010111
000001101110001111
000001010100000011
111110001101110010
000000011110101001
111001000111000101
000100011100100011
000010100100100000
000100100010000100
111101001100110111
000010111001110001
000010001000111001
111010101000111101
111101011000100000
111100101000000001
111101000000111111
111110100010000110
000011010101111010
111110111011000000
000100100000111000
111011111110000110
111111100111000111
000010011011110000
000001000001001011
000000101100111111
111011000000001101
111001100010101101
000010111110101100
111101111011001110
000011001000010101
111100011010100100
000010111111001101
111011110101111010
111101101010111100
000011000001001001
111110011010110000
000000011011001001
111100010101001011
111100001001100011
111101110011000111
000001011010010011
111110000000101000
000010000111010000
111100101101011001
111110101010010101
000000101011100011
000100111011010001
111101100001111110
111111000011110111
111010001111001101
111110101101000111
000100100011100000
000000110111111011
111110111001010000
000001111101010010
000001110011010000
111000011101000001
000000111101000110
000011010100001110
111101010011100111
111111000001100011
111000110100000111
111011100100110101
111111001110111000
111000000101010100
000010011001100011
000000101100000101
111101000010010101
111111101111110111
000000010011000100
000000111101000110
111111001101001011
111110111001001111
111110000100011011
111101001111000010
000010010011111011
111011101111001110
111011001010110011
000010100000001101
111101011011011011
111111010101000001
000011101101000100
111101110011101110
000000000100000110
111100101100010110
111101001101100101
000001000011001111
000001001100111111
000000010100011011
111010110101011011
000001111111000000
111101010111010110
111100111101010110
111100100110101010
111111101101110011
111010000110011101
111110101001111001
000000100000101010
111011111011000111
111111001101010110
111111001001100100
111011010111010100
000001010011100100
111100101100110110
111111100110011000
000001101110000110
111111011111001000
111110000010110100
111101000101000001
000000011101010101
111001001011110101
111110100100110110
000001011010010011
111011111110100110
111011110000100100
111110011111101000
111110000000101010
111101011110011011
111101111000001110
000010000110110010
000011100011011101
000000010000000011
111101010010101110
111111001100100011
000001011000000000
111101111111101010
000010000110000000
111101010011000011
111100110100111110
000010110010011100
111101010110110101
111011010111011100
000000110111100010
000011011111111000
111011110000101011
110111011111101001
111010011111110001
000001000000000001
111101000000011010
111110100010111100
000000101101101011
111110011100110111
111111100110100110
000010111101111101
000000111010001111
000011010100110111
111100100001100010
000000100000000011
111111011001010111
000001111110000010
111101101111011001
000000010110100101
000000101010010110
111100011001101100
111110001000010011
000010101001010100
111110110011100101
000001110000010001
000001010010111000
000010001111111010
111110011111000010
000001100101000111
000001110111110010
111100101011011100
111111101100011110
111111011100110001
000001111101101111
000000000001001100
000000100111110111
000000111000001110
111101101010110011
111000110000100110
111111011011011010
111110011110010101
000010000111001000
111110100001001100
000101110110010000
000010110000000000
111111111001100001
000010010101111000
111101111010011111
000000000010110100
000110011000110100
111110101001100011
111101001110010010
111110101000011011
111110101010101011
000011100111111110
000110010111101011
000011100001111110
000001110001100100
000101011000000100
110101011000000011
111011100000110111
111110001010001111
000100101111100110
000100110100101000
000000001111010011
111100001001101001
111010110000101011
111101110110011111
000100100100001111
111100100110101111
000000001110000100
000011110000011100
111100100000101000
111111000010000010
000011101101110001
000010101100100110
000001011110100100
111110001111000100
111100011110011011
000010000111010110
111100011011110100
000001111000101101
000000011110000010
111000000011111000
111011001001011101
111101110110101001
111111110100000010
111110010101001011
111101100001011010
000000111011000101
000010001100101010
111001111101010110
000000110011010100
111011100101100110
000001101011000111
000010010011010000
000000000100110010
111001011011001111
111011100000010100
000100101100110100
000000001010100011
000001110001111010
000011100100100001
111111110000010100
000010101000111110
111110111111111000
000010100100111100
000010100101000110
111011101001000011
111101010011100010
111110100111101000
000000010000001011
111011010001100010
111011010011011110
000011001100010101
000010111011111010
000000110101111100
111100101101000101
111011010100000110
000000101010110100
111111000000110101
000100010111001111
000010010011010111
111100101101110001
111101011010011101
111111101011101111
111101111110110101
000000011100110001
000000101000011101
111110011110000000
111101000000011110
111010111010000000
000001111110000011
000010111101111111
111010101011111100
111101111111011010
111011111001000101
000011100010111100
111101101011101011
111101111100000011
111110111010111111
000010110010010000
111100100000110001
000011100000001010
111110000011101100
000000000111101010
000011101001011001
111010110101010101
111100000011001100
000000101110000100
000010001101111111
111101011110111001
111110111110011100
110110001001001010
000010110011000000
111010111011000110
000001100100011101
000110001110000101
111011110111001001
000011000011101011
000000010010010101
000101010101001001
000101001111111101
110111011011100010
111100110100111110
111011110110000100
111101111000010010
111101010001010000
111000110011001111
000000100001110001
111100110000100011
000011111000001111
000001111101111000
000000100010011101
000001000010001001
110111101010011011
000100001101011001
000100000000100101
111110001000000011
111011110010001000
111011111010001110
111010101110111001
000000000100000110
111111010111111101
000110110001001001
000110010101101111
000000101111110001
111001101100100001
000001101011011001
111101010101010100
000011100100000001
000100010000010011
000001110011111110
111100110001011110
111110100100101010
000010011001100101
001001101111100100
000100001110110011
111111010111111111
000111001100011100
000101001111101101
000110111010011000
111010101000110010
111011011011001000
111001000000011101
000010000001100000
000000010001000110
000000000000001101
111100010001100101
111010111111101010
000001111011000010
110111111110111100
001000100100010101
111110011011010001
000001011110010001
000011100011111001
111010000110001110
111100101001000101
000000010101001110
000000000111111100
111110010100011011
000100110011100011
111100010110010100
111110001011111010
000001000100000111
000100001011000000
000000111101111110
101110101111010011
000001100110000111
111111110010100011
111101001001010001
111101000000110101
111111011000110010
000010000100101111
000000110000001111
111010111000100101
111101010010001101
111110000101000010
111111010101100001
000011100000101110
000000110101001001
000001101000100100
111111100101010000
111101000011100011
111101000000111001
000001101110000011
000001011010000000
000000001011011111
000010000110110111
110001100101101000
000000100000000100
111011000101100110
000001000001010100
111101110101011110
111100101000010101
000011111111110111
111110111111000111
000000110110111010
000000101110100100
111110010000110001
111111000010001110
000111100110001111
000010011010010001
000000000010000111
000010100010101010
111100111011001000
000010110001111010
000100100100001110
111100110110001111
000010110111011111
111111010010101110
111101111000111101
111100010011010010
111001111010000011
000001101101110110
000100001111010100
000100001110101000
000000010000000101
111101001011111100
000100011110100101
111111011110101111
111000010100000011
000011101110011110
000011000011101000
111001100010111100
000001111000011111
000010100111000101
111100000110111000
000110010000010111
111011101111101001
111100010000101001
111101111011001111
111111001100111011
000010100011000100
111111100100011011
111101110101010001
111101000110001001
000011000010001100
111101000110100000
111010010110101010
000100010010101011
111101010000110101
111111000011001011
111001000100001101
111100111110010101
000001100110011100
111100100110110111
111110011100000101
110110111001011111
000000010010000010
111101101011100011
000001001001111100
111110101010010111
111110001100110000
000010001111011100
000001100101011011
000000100100100001
000001000001110101
000000000101101100
000001000111111010
111001100110011010
000100101010111001
000010100101000001
000011110000000000
000001000111100111
000001011110100000
000011011011110010
111101010011010101
111101010110010010
000011011000111100
111011111001100111
000001010011100010
000001010010101010
111110000001001110
111011110010110000
000010000011010101
111111110000000110
000000111111111110
111101101111010001
111110001001101110
111100001011111011
000001110001100111
000000101010101011
000001111101000101
000001000010010011
000001110000011110
000001110110110110
000001010010111010
000001001010010010
111110011000011001
000000111011010100
000001111100000111
111011000111010101
111111100011111011
000001000011000001
000011000110111010
000001010000001110
111111101100010100
000011011011100011
111111111001110000
000011000000001100
111110011110111110
000000001100011101
111010111011110001
000001010010110000
111110111101000001
111110001000000100
111101010011101111
000001100111000000
111100111111011111
000011011111000010
111001001001100101
111111010001110110
111111011000111101
000010100011100111
000001011101011011
111111101001101011
000001101010101100
000100001010111000
111101001010101110
000000000111101000
111101110011100111
000000101000101010
000001101100010011
111110110111110000
111101110010110110
000001100001011001
111111010110111000
000000001011110001
000000101101100011
111011111100011011
111111001000001010
111011100011111110
111111010011011011
000000001110001100
000001010011100010
111100001010000010
000011100001001100
111110010111001011
111101111000110100
000000001000000010
111011010111100010
000011111111010011
111100000000001010
111110001001111101
111111110110111101
000000000100111001
000100000000000000
111011100001010110
000011110011111001
000000111010001001
110111001000000010
000001110000111110
111011000011110111
111110001010001100
111100100101011111
000101010011010101
111001101111100100
111111000001000001
111011111011011111
111101010010001101
000000001010011101
111110100011010100
111111111100000110
111110100011100111
111111001000000011
111011101000111110
111011011010101001
111110011010011101
111111101011000010
000000101011011101
111110101111100101
111110100010011101
000000011011010111
000000110011010011
111100000011010000
000001010110100000
000000010101001111
000010101000101101
000010000001010000
000010100011111110
111000010011101110
111111100110110110
111011000111000110
000001110110000010
000001010001111010
000000100111100001
111111010111010001
111011110010010111
000011101000011111
111110101010000011
000010000101000011
111110010110111000
000001110111001101
111011110111010111
000010000011110001
111101000001100010
000001011101000001
000001111000001111
111001100101001011
000010101011110011
111110111011111111
111110101111111111
111100101111011010
111101010101011000
111111100100111110
111111011000101111
111010001111101010
111010110010010011
111011001001010100
111110110110001110
111101111000001100
000010011100001100
111100111000100000
000001100001101001
000000110101101110
000000000111100101
000000101111001011
000100111001011110
111110111110001100
111111110001001000
000011011101101000
000000001010111010
000100010010000100
000000100010011101
000001000000001101
111101101000010010
000001100001110110
000000110110000010
111110111010110110
000000000000110100
000011011011010000
000010000000110110
111111001001111011
000011110100111011
111111001010001010
111111111000001010
111100110000001001
000001111101101000
111101000110111101
110111010100001011
000000000100010000
000000000111010110
111001100000111111
111101111111001100
111011001000001100
000110110000000100
111110101110100001
111110010011100110
111110111000110011
000011110111010011
000000101100001010
111011100101111001
000000100100010000
111000111111001111
000010001100010100
111110110100101100
111101001101011110
000000010111001000
111111011001000011
000000000110011010
000100010001001101
111111011011000111
111100010000110010
111100110101011110
111101100001010101
111110010000100100
000100011001100010
000001111000100111
111101111011110111
000010011011101010
110000000000010001
111110010100011000
111110100100011111
111110010010010001
111110111110010010
111111110001000110
111000001111001101
000011110011010101
000000111011010111
000010111110111110
000001110010110011
111111110111010000
000001011100010010
111101110011100010
111111111101101100
000000101001111000
000100111100010111
111101111011010111
000011000010101100
000010010100101001
111100100101100101
111110101100000011
111011111100000111
000000010111001001
000000100000110011
111011001000101101
000011111111100110
000011001101101111
000010011011111100
111011111001100101
111011011001111001
111111011110010001
000001101100111010
000011010111000011
000001101111101110
111110000101111110
000000110001101000
111010110111100010
000001000101101101
000011011010111001
111101110010010101
111100100111011000
111100000101101111
111010101110100010
111101111100101110
000100000110100100
111110011000010101
111101110010011011
110110011010110110
111111001001100110
000101111101010100
000000101001111000
000010001001100011
000101001011000000
000000101100101111
111100000111010001
111101001000101101
111001011011001001
000010010010010001
111110001100111001
111100011011011010
111100001000001000
000000011001100000
000001111101101011
110001110011100110
000100100010011110
111111001111001110
111100100011101101
111111111110011001
111010010110101000
111111001110000100
000100100100010111
000011100000100110
000010101111111111
000001011001000010
111100001101011011
000000111000100110
000011101111101010
000001000101101000
000000101001010100
111110011101110001
000001010111100010
111110010100000001
111111011001110110
111111110100001101
000001010000111101
111100010101110010
000000010000010000
111100110100110110
000010000010100011
000001001100100011
000001000001000001
111111011100100111
111110101010001101
000000111001100100
000001101110110001
000001111110010111
111101001011000111
111100101000110101
111101001100111100
111111011100100110
000000010110110111
111011010010001001
111111010100010011
000010011000011000
111111001000100101
000000001010111011
111101000001000101
000001111011111010
000010010000010001
111110101110110101
111110011110011010
111101101011100111
111101010011110100
000010001100110011
111101101100000000
111101110000000101
000010101010001101
000001010111111100
111011011100100110
111111010011111110
111010101111111100
000000110001010001
000010100100110111
000000110111000010
000000011010100111
111101100101010100
000010011010111001
110101001000011000
000011011101111000
111111000100000001
000000101111011100
111110001011100110
111010010110011010
111110010001000001
000100001101011111
000100100001100110
111111110000010000
000010111011001101
111101101000001000
000000111111110000
111110101001100111
111100011000101001
111111100110001110
111100010111110111
000000101100111011
000010111100011000
000001011101010001
000000001011001001
111110101110001101
111011000100001111
000000011011111100
111101110111111000
000100100001001111
000001100100010101
000011100010111111
000000110111111110
000110110100111100
111101111000101101
111100100000000011
111101000100000011
000000010111101001
111110001000101100
000000000111010010
000000011101101000
000000100101100010
110110110001000001
001000010100100010
111011001111100110
111111111001110101
111111111110011101
111100000101010001
000011001100101000
111100110100101001
000000110000001011
000000011010101011
000001001100101000
001001011100000100
000010010001101000
000010000111010101
001011010110011101
000110110010010000
000101010000001000
000100011001001100
000001110100011000
111110111111101000
000011010011001001
000100101110011001
111101001010010110
000011100000011110
111100011110000100
000110111000001100
110111000101011101
111111001001011101
111110011000010010
111111010100101001
001001000010110011
111100001101010001
111110111110000011
000101000001000011
000000001010010111
000011100000010010
000101111011010000
111000101110100001
111110101000100000
000110001000111011
000101010101100100
000001011001010000
111100100111100100
000001100001010001
111010100100011100
000000010110001100
000101100011100101
111101101000110010
000000110000111010
111110110110001000
111011000100010111
111101110001010011
111110101101011000
111001111101111100
111100111001110011
111111100010000010
111111100100011110
111100111001001010
110111101000111101
000001010011000011
000000000100101011
000010111100010000
111011101001100111
000010101000111110
111110001101001011
000011001001110010
111101101011100000
111011100100011011
111101110000001110
000000100011101010
000010000001111001
000000100110001111
111101110100100000
000000000010100100
000100100011110101
000011111101001000
111100000110110100
000001101101101010
000000111111100100
111101100001010000
111111101110110111
000010011001111100
111101111100110111
111110010100010110
000000010100011100
111010111011101001
111100000001000001
111011011011010110
111000110100011111
111110011011111000
111111100011010111
111001010111001000
111111101010100011
111101101101000100
111110011010110011
111001010000111111
111011110001100110
000000010001111111
111010000010111010
111011100011000000
111110100001011101
000001010001111000
111110101100001000
000011001110010010
000011001110110000
111111011010110110
000000101111100001
000011111011100111
111101101110110111
000010100111110111
000000110011110110
111110110010110001
111110101000000110
111011100000001111
000000101100011101
000010011101000111
000000001010011111
000001010011111011
111110100100110111
000000011010101001
111111111000100010
111110001011100111
111110100100100001
111100000110110110
000000001111101000
111101100011110100
000000111111000000
000011010011010100
111101101111011011
111110010101111010
111000000111000100
000000000010011010
111101000101101110
111110100101000101
000101010010001101
111101110111100101
111101000111010101
000000110111101001
111111001110010011
111010111011110101
111001110011100100
111010100101011000
111010010011011011
000010111111110000
111101101011000011
000001100010111101
000100001001011000
000001000011000001
111111001010101111
111110001111001001
000000011100100010
111110010110111011
000010011000100010
000000010111011110
111010010110001101
111110100100101100
111010110011010000
000011110000000101
111101110001011001
000100011111011101
111011101011010011
000001001111101010
111100011010111101
111100001110110111
000001001011111010
111111001011001110
111110011111000100
111101000101110010
000010100010101001
111110100000111000
000011000111110011
000100110011100011
111110111000111000
111011101100000000
000101000101011010
000000011010011100
000011110110011111
111100011011000001
111101001110000110
111111011010001110
111111000011101000
111011111010101011
000000100100001111
111110101100101100
000001010000100110
000010111001011010
111010011111010000
110011111001001111
000010001100110110
000011100001000001
000000101101110111
111101011010110110
111110100010100001
000000101001011111
111010001010101011
000001001101110011
000001001111011101
111110001101110110
000101110101100100
111011111010100100
000001001100110100
000000111110001111
111111100111011001
111100001110100111
000100101110101110
111100101110100010
000010000011101010
111101010011001100
111110110011000100
111101011010010100
111100010111001101
000101000111011100
111011011010101010
000011101100001011
111001100001001100
111011110111111111
111111011100000001
000010010110011000
111011011111010100
110100000101111010
111111010011011110
111101000000110111
000011110100100111
111111011110110010
111100111010110101
000011010100110111
111001011010110000
111111110000011111
000001101011011011
000010001111001000
000001110100101111
111010101100000000
000101100110000100
111110010100110000
111110110110011111
111101100000110100
000000001111001111
000010110110100011
111100000111000111
111110011010010100
000100101101101000
000011100000100010
111111001001011110
111100111100001010
000011000100001111
000100111100000101
000011001010010000
111110100011111101
111101101100001101
000010000101011011
111010010110000010
111111011101110001
000010000110000011
111110111011000111
000001010010111001
111110010001101100
111110011111100011
111111110100111111
111001110101110101
111110001010110111
000000100100001111
111100000000111110
111101111000111101
000000100000101011
111101100101011010
000001111110101001
111110101110110110
000011101011010001
111111101001010011
111100110011100100
111011011010101100
000000100000110101
111110100110110101
000000111100001001
000000110000101010
111110010100000010
000000010111110011
111110110001001001
111000101101101010
111110101101011011
111111100000001110
111001010101110001
111111100111110110
110101001010100111
111100110111100000
111101001110111111
000000101100110101
111110011111100001
111111111111011110
111100110001110101
111011100111111011
111101110001001100
111111101000111000
111101010011101100
000010100000011110
000001110010101001
000000101110111110
000010110111101110
000001100011111100
111111011000111101
000001101101111011
000010101010110010
000001001001100001
000010010100111110
111110110000000010
000010001000101000
111110111101000001
111111110010100011
111101101000100001
000000111101011010
000000011100110000
111010111101111011
111100111011111000
111110001111010111
111111110011000111
111101000110000111
111101000110101101
111101111001010110
111110110001111111
111010110100010011
111100100101100101
111101011110010001
111010001010010100
111101000111001001
111110100000110001
111010111001101111
111110010100110110
000001001100110100
111101000101010011
111100011010101101
111100101001110101
000000000111101101
000000010100001011
111101111110110110
000010111111100111
000001001101010110
000001001010010111
111110011100000110
000001001000010000
000001101111000010
000001101001010110
111111010111100011
111011110011110100
111101010101010100
111110010001001100
111111011010010111
000000000100110001
111001111001101010
000000010001100110
000010100010010001
000001101000000011
111100110101110000
111111010111000111
000100010110011010
111100100010110000
000000101010000101
111111111001010001
111110110011100001
000010010111111111
000000110000101101
000000010110001000
111101110101000110
111111011100001011
111111100110111001
111101101010111001
111110011110111100
111100001101101111
111010110011001010
000000100001011111
000011101101100111
000100110011100010
000100110100011111
111111000110001010
000101001111111110
000001011001010001
000000011110111011
111111001010011010
000011000101101110
111011000010111010
111101010110000101
000000010110111111
000001101101000110
000010001000111010
111011011100101011
111111110100011110
000100111100110000
111011000110010000
111110101101010011
111110101111100110
000100101110101100
000010011110001011
111110100100001000
111100000010111110
111010011101101001
111111000000110001
111111001000111000
111011011010100111
111100001101000011
000000101011110100
000001101111100110
000100010001111011
000010001100100111
111110101001001101
000011001101000100
111100011110010010
111111110010111101
111011011011100010
111010110100100000
000010001110000010
111110100010111111
111100011010101100
110110101000100100
111101001011100000
000001110011101000
111111010011100000
111101100001010101
111011111001011011
000001111001100000
111011110001111110
111110001000010110
111111101010101001
111110000110111011
000010001100101101
000000101110111001
000000101010000000
000000100110100110
000000111011000010
000000111111000001
000100100111011010
000010110011010001
000001000011000111
000001111011100111
111001001100100011
000010111111111100
111111001000101000
111001011010001011
111011111101100111
000001000000110010
000001111100101100
111101000100000100
111100001011101011
111101101001000011
111110000011000110
000100011101011010
111101010110011101
111101111101100110
000011110111111100
111000001010110011
111100101001001110
000000000110101001
000000010110011001
111011001000000100
111111110001011100
111110110110100111
111011111110000010
000011011000001011
111001110001011000
111101110011101011
111010011010010001
111111101001100011
000110101010110000
111011110100010010
111111111011111100
111101110110001100
111100001101001101
000010100010001111
000010111101101011
111110001110011110
111111111110101011
000001001011111010
001000000010100110
000010010000101001
000010101100111101
000000001100001110
000000110001110000
000010001001111100
111011111100011100
111110001000110010
111100011011000000
111101000011111110
000010010011010011
000100001101110100
111010011011011101
000010110010010111
111111010100100101
111010010011001101
111111011101101001
111011101011010001
111111001000011000
111110100111000001
111011100001110011
000011011111000000
111010010111101100
111110000011101111
111111111111111110
111000101100000011
000000010100010010
111101100100110110
000100010000001001
111111001101111100
000100100001001110
111111010101101111
111001000100100110
111000000110000110
111111010111100011
000001100100011000
111111110001001000
111001000010001011
111100100111000011
000001111100101000
000000111110111000
111100010011110010
000100110110100011
000110000010011110
111000010111110010
111101100000011100
111110101010010110
000001001001111000
000110101110110100
000011111100011101
111101110000000001
111101001000100010
000001000001011110
000010001011011011
000110011011111101
111011101000111100
000001010101010111
000000000110101001
000010100100000001
111100111011000100
111010101100111111
111010000111010100
000100110010000011
000010010110111010
000010010011000110
111110111111011110
111011110110001111
000000011100011111
111001000101101010
000110010001010111
000101000110111011
111111111110011101
000011000111110111
110111010110110010
110101010111101010
000101100110010001
000010001001111100
000011010100110010
000011110100011010
111001010000100100
000010110101011010
111110011010110010
000100010101111011
001010010011111011
110111010111011011
111110100101101100
111111001000101000
111110011110010111
000001101000001110
000000110010111011
111101101111111111
111010101110000010
111111000110101111
111010001101000011
000001000110010111
111110110111111000
111110100000011100
111111100100100101
000010010010011100
111110011100010101
111111100111010111
000001101010000111
000001100001110011
111011111111101111
000000101011100111
111001010011100001
111101001111000001
000001001111111001
111011010010100001
000000110010010001
000001101010001110
000000110011010000
111111000011011010
000000001011100111
000001100100111101
000011111111011000
111110010101110100
111100100110100001
111100011011101011
111100010001010010
111100111011011101
111110000010101111
111100101000110000
111111010011010011
111100100011000101
111111110101010100
111110000011100001
000011100011110000
000010000001000011
111111000001001001
111100000111111100
000000100100111001
000001101111001111
111010110100101110
111110011101000101
000000001100000111
111000001111110000
111011001101101111
111111101101010010
111001001001010000
111100010000010000
111100000011110010
111101000100110000
000001011011110010
000000110010110111
111011100010000100
000100010100010010
111101010000100000
111110100100101011
111110001111001001
111110010010101001
000010001010100110
111110000001010001
111011111010001010
111100111011101011
000000001100100110
111000111011000110
000000010111101000
111101101110100000
111110111000001101
000010110101111010
000001100000010011
000011001100010011
111101010100011111
111110001110001100
000000000110001101
111110111101110000
111100110101100100
000011111101111101
000011111100100111
111101000001010111
111101010011101010
111101010000000011
111111001111011010
000001011000001100
111110000011110000
111101110110011001
000001000010111011
000000010000010110
111100111111010011
111100001010000100
000001001100000011
111110011110011101
000001101011011100
111111010111110101
000000011101010100
111101011100011010
000010101010011010
000000000001110011
111111111111111111
111111010011101000
111110000111100000
000010111000101111
000001111001111001
111101000100100011
000011001000111100
000001101010111000
111111010000011110
000000110000110001
111100011010001010
111110111100001001
111111001000001111
000001001101000010
111111011000001010
000001000101111000
000011111010000100
000000101001010110
000001001111101010
000010011011010000
111100001001010001
000000110101111101
111110100100001001
000000100111011110
000000010111001010
000001100001011010
111101111101010011
000101000000011001
111111100110011000
111100010100100111
111100010001100001
111100110010010110
111110110010010100
000011110101111011
111101110111110100
111011110111011101
000011011111110111
000000001010110111
000000001100111100
000011001010100111
000001100001011000
000001010011101111
000011101001110001
111111011100111010
000010100110111100
000000011010000110
000010101100100100
000010011101101010
111101111001011101
111101000011011001
111110101110011110
111111011000011110
111010000100101010
000101110100101000
111111000100101001
111110000100111111
111101100001110101
000011011100000100
111111011000100010
111011010110111111
111101001001011011
111101011101100010
000001110011111011
111110110101001101
000000011110101101
000001000011011111
000010001000001000
111111100111011111
000000110101011001
000000110001011101
000010100001111011
000100110111101111
111111000011000110
111111111001110010
000010100101111000
111100011101010101
111000100000100101
000010001001010000
000000100010100101
111001010001000111
000010101111111000
111100011111011001
111111011001000010
111000000111111111
110010111110001100
111100010111000010
111111110101011011
000011101100100001
111111000101000001
000010111011111001
000010101000000111
000001110000011001
111111101010101010
000000011011011000
000001101101111110
000011100010101101
111101111010010001
000001001000111010
111100011110111000
111010100100001101
111110001001001111
000001010110011010
000001001011110100
111101011010111000
000000101110101011
000001000001110000
111100011111111110
111111011100011010
111111011100000111
111111110001000111
000010011001110110
111010101101010001
000000000011101011
000000100101011001
111011110100101001
000001110001101010
111110110111001001
000001010111010011
000001100110110010
111110001101000000
111101011111011000
111001111000011100
000001010101110011
111111100001011000
111011011011010111
000010011001100001
111100010001101001
111110101001101111
000001110011010100
111110101001010010
000001010101011011
111101110001111011
111101010101100110
111111011000001111
000001000001010111
111111011101111101
111101111101001100
000011101000011110
111101011100011100
111101001111000110
111101100101111000
000010011101000110
111101010001000011
111110100111100001
000010010110000101
111110011001101111
111110110001101111
111101110010100110
000100000001101000
111100100011000111
000011001110111010
111000010101100000
111011101110000011
000001110011010011
000001110001111000
111110111001011110
111011111010001000
111101110001101100
111111010111000101
000010011010111100
000001010010010011
111111000011001100
000001111110011000
000010110010010010
000000110100000101
111110111010011011
000010010000011010
111011110101001110
000001101011101011
111011110101010100
111110011000010101
111010111110110100
000001110010110110
111010111100111001
111000000011011011
000000110010111110
000001010110101000
111110011010000100
111100111011101011
111001000111111110
111110111100100111
000001111011101000
111110111011101100
000010010101011011
000010110111101100
000011110100111111
000000000010101000
111100011001001000
000000000100101111
000001001001010100
111101101010100011
000010110011101110
111010111110110001
000001010001100100
111111100101001100
111011010100111110
000011101100111001
000011000111011110
111101110111111100
000011011011000000
111110000001001011
000010101001110011
111111111101001001
111111100010100101
111001100111010001
111111011111000110
000000001000101001
000011000100111111
111111101100010111
111111001000100000
111001110111100000
111111101000110101
111100011011000101
000010110010110110
000001001111010011
000000110110011111
111111000100100010
000011111010000000
111100011001010001
111101110000000000
000000111111111111
111100110110001111
000011001000111110
000011001010000101
000001001001001111
000001000111010010
000011011010100111
000001000110010001
111101011000100001
111110100101000001
000001111110110111
000000001011101110
000000010101000001
111110110101101011
111100111001100110
111100100001011001
111100011110100110
111110011101000100
111101001010100001
111111101101111100
000000010000100111
111110111101010000
111111100111111101
111100101001101000
111100011010111111
000000101110100101
111100011110000010
111101101110111011
111101001100001110
000000100111000010
111101011101010111
000001101000111000
111011010110000110
111101011010011101
111111101001010101
000001001101110100
111111011110001100
111101101000000010
000001001100010011
111110011100100101
111111001011001010
000000011110000100
111101110001011000
111101111100100100
111111011011001011
111100110101001010
000010011011111101
000011000000111000
110110110011101110
000011111001111101
111110010010000111
111101011000111010
111101001011000000
111001110110111000
000100011001001000
000001111110010000
111001001110110001
111110110101110000
000000110110010101
111101001100110101
000001001110010011
000000100001100110
111101010010110001
000000110110011110
111111001111111111
111111110011100000
000010000000110001
000101011111010000
111011110111111110
111110110101010110
000001101110010001
000011011110000001
000010101011000100
000000100100000011
111100110111010011
000000111010111101
111110111001111110
000000100111101110
000010000100110110
111110101110101100
111110100111011110
111111100111100010
111110001011010100
000101100111010110
111101011000110001
111110001011111101
000000101110010111
111011001011110011
111110110010110011
000001001010100010
000000000100011111
000001111010000001
000000001010001111
000011001110101100
111111011010110111
000000110001011110
111101111000111010
111110101110001010
111111010000101000
111100111111011010
111101110111101011
000011100110010010
000000110101010100
111111000000110101
000011011110000111
111111101011010011
000001111111010011
000100110111110001
000001010010011100
111101100101001110
111111011100101000
000000111101011010
110110010110010101
111110111100100110
111100001001110101
000000001000100101
000000011110000001
111111100111111100
000010101111110101
111100001111000011
110111101100011110
000000101111101100
111111111001010000
111101111101110001
001000001011100101
111010011010000101
000001011011010101
111011100100111100
111111111011010010
000001111110000001
110110011000000111
111111011000100010
111110010010101101
000011111110101101
111000101111110011
111000001100011000
000001110010100110
111111111111110011
111001111101111110
000010101110011010
111101011000100111
111110111010101100
111100111011010011
000000001101001110
000100001100000111
000001111001111100
111100001101100111
111111000001000110
111111110011100000
111111101111011110
111100111000100001
111110010001111111
111110011100001011
111111110111010100
000001100101011101
111111010010111110
111111010100011011
000001010011001001
000001010010110101
000001101010101010
000101011101010110
000001111010110001
000011011100111110
111110100110010101
111001010000010111
111111000000100010
000010111011011100
111101110101101100
000000001111101011
111101100011011011
000100001100110011
110111111001101011
111101001001110100
000101011001110000
111101011100111111
000110100100100100
111001100000100001
000100001010000011
111101111000100101
000011010101111001
000011011010001111
000011100101100011
000010101001010011
111111010110100001
111001011101001011
001001010101010010
111111100010000100
001011000000101001
111011100010100010
111000010101001110
000011101001100000
111011001110111101
111101000001101110
111110011010011000
000101001010111110
111111001011111010
000000001110001111
111110000110001010
000000111100110000
111110100110001111
111101010010011100
111100001100111101
111110001010100101
000101101001011000
111011100100010101
000000101100100010
000000000011010110
111101010001101000
111111001011110000
000000010001011000
000010000100100000
000100011010010000
111011000000010000
111100110001101010
111101000000100000
000100111011101011
000001111111001001
111110000100111010
000010011111110101
111111111001111001
111010001100011011
111100111001000110
111101011001001000
111100101110100110
000010000110100100
111101011001000010
000010111101111110
111101111011010110
111101011010110001
111001111001111001
111111111111010011
111101110101000110
000010111111101100
000010110010111000
000010111111101101
111110100011010001
000000101001111101
111110100011111100
111011100000001101
111110111010110110
111111010111001111
111111001100010010
111011010010101010
111001100010110010
111111010111011100
000001101110001100
110111101111101011
111110010010100111
000001010010101010
000010010110000100
111100011000101101
111111111101101100
000000101101101001
000010111001010010
111110111110100100
000010110010000010
000001110001101110
110111011111010010
000011101111100101
111100111010010101
000000111000110001
111110100111100111
111101111111010101
111110000001001000
000000000111111001
111110110011010010
111101111110110110
000011010001011101
000011011100100010
000000100001100100
000001000100000011
111101110101110000
111110110110000000
000001101111111100
111001011010010001
111110010001101011
000000110011110110
111111000001101100
111111110100011110
111100011100110000
111001000101011100
000010111100001110
111111001100100111
000011001000001001
000000010110011001
111100011111100101
000010010101101010
111100100110001101
111011001101001010
000001100110000110
111111010110001110
111111001100000110
000001011110110111
000000000011000011
000010010111100100
111001101101001101
000001110010100010
111110000001110001
111011100100110111
111111000101111101
111100011100000001
111111010101100110
111110001101011110
111101100111101100
000011010000001111
000011110000111011
000001110011110011
000001010001101000
111110001110001110
111101100111100011
111110110101000010
000100100000000011
111111100001010001
000011001110011100
000000111101111000
111100101100010110
111110001101101001
000001011101000010
111100010100111011
000010111110111111
000000100000110010
111011100001100100
111110010101001011
111110110100111101
000000001110111000
111111101101001000
111011000001011111
111100011011111110
111111111001110111
000010110010100000
111111111110100011
000010011010010100
000001000000010010
111110101110010111
111110111100101010
000001001000111010
111110111101110111
000001100111000000
000001001010101010
000000011101111110
000001101110110110
111110011111101010
000001001000111001
111101110100101101
111011001001111011
111111011011101111
111100111110011000
000001000101011101
111011101000110010
111001100101101100
000000000001011000
000000110111110000
111111101001000010
000001100010110111
111010001100100111
111001110101000111
000000000001011101
111110010010001001
111100111110110010
111000110100110110
111101010001101110
000000111011111101
111110000011001011
111111010110100000
111110111001101101
111111011010101001
111111011111000101
000010010000000101
111111000011111100
000010001101011001
000001001011010101
000001000110101110
000010101110011111
111001111100111110
111110100110000100
000001101000000001
000000011001011000
111100000000010101
000001011001000110
111111110101101001
000000011001100011
000001101001000101
111110000110111111
000010100101100111
111010101101101000
000001011011110101
111001110100001111
111111100001111010
111011101000011001
111111000010100011
111100001001000110
111111101100110111
000001100000101100
000011101010010000
000010111110100101
000011000010111110
111111111000010101
111100110000100001
111101001100010010
111101101010101011
111000011101100110
000000111110001101
111011010011011001
111101110011111110
111110001001100001
111011000010011100
000100000011101011
111011000010001111
000001001011010010
000000100101011001
000100111111000010
111110100100111101
111000010010100101
111111011100110011
000010011111001011
111110110101101110
000001011001011111
000010001100101000
000010001001110001
111000011000011111
000010011100001010
111100010111100011
111111111100011010
111110010111011111
111100000111101011
111111100011011110
000000101110101101
000001010100010001
000010011000101011
000100100001111010
111111000010101011
111010010001100110
000010000011000010
111011111010100110
111000011101110011
110110010100100001
111110101010101111
111110110100111010
110110000010010011
111011001110100010
000010111010000000
000001011011000011
111101000001000000
000101010011011011
111100011110111000
000001001001010110
000001001100000000
111010111111100111
111110010100011000
111011010001101010
000010111001000010
000001011011010110
000010000010110111
111101010000111110
000001111110001100
000010010011011110
111100010110010000
111100001101101100
000011101100001000
000000000111010001
111100010101001100
111110110010000111
000000110101100011
111100011101011000
111101001000010010
000011111011100001
111011011011111110
111100111001100010
000010010110011000
000001100010110011
111110100101001000
111010100101101001
111000110010011001
000010011101011100
111010001100111101
111111000010010000
000001001110101100
111111010001001010
000010111100000011
111110001011110010
000000111011001110
111100000101101100
000011100101001001
111101011100100111
000010101001001011
000001100001101100
111101111000001010
111110001110010010
111101010001011011
000010010100111111
000000100001111100
000011111110011110
000000101111101011
111011111111111011
000001011101010001
111111010111001011
000000001001010010
000010010010101001
111110111011100100
000001100110111111
000000001000000111
000000010101110000
111100011110101011
111010111011001001
111100110010111001
111111110101011010
000000110010101011
000001111110000011
111100001001011100
111111101001101000
111111000001001110
111101000001101000
111001000000111001
111101000111111010
111101000111101110
000000111001101000
000000011000111010
111110010001010000
000101101001000100
111110001001010100
111011000101010100
000001111001101011
111100011001111110
000101110010000111
000001011010001011
111110001110100011
000000100101010010
111110101000101101
111110100001100111
000001111001010111
000001001111110101
111111111001011100
111101101100101010
111101000111101011
000011001001010011
000001010010011100
000010000001010100
111010001110110001
111110101001010100
000010110000010000
111100111111011010
000001110101111010
111110010001110111
000001001100011010
111110111000010100
000000010000100011
000000011101101011
000000000010011100
111001000010101001
111101101011110011
111111010101111001
111111011101000011
111100100111000100
000000011011000111
000000011010101011
000111100000001110
111111010110010010
000001001011110100
111110010001011101
111110100110010101
000000010101100011
111110011010010111
000101011010111001
000000010010111010
111010111101110100
111101111011010101
111111100100000000
111110110111100101
000100010101010100
000001101100011100
000010011100110011
000010101111101100
111100111010101110
111101101010000000
111110110111100010
111111011101100010
000010001000001101
111000111011010110
000001010010001101
111101000010000001
111110001101001100
111100110101110010
000011110111001110
000010001110111110
000000111010011011
111100011011111000
000000100010100111
000001001101010001
111001011101011000
000000110000100010
000000011001111110
111110001111001011
111110001100011010
111111111000010101
111100100000100111
000010101000111100
111100110100110011
111100010110010100
000011000110101010
000001101001111100
110011001100011101
000001100100111010
111101011010001001
000010011000101001
001100100101111101
000000000001011110
111101001100100111
000000000110010001
000000101100110011
000000000110000000
110111000000111101
111111100001011011
111111010000101001
000001101001110111
110111000110101111
111011001110010001
111110011101111111
000010011011000110
111011110011000011
000100010100011011
000000001110011111
111101101101001010
111101011010011001
111111011000101111
000001001000111011
111101010101110111
111110101011100010
111101011100100001
111110011011110000
000010101000011101
000001100001000110
111111100111111101
000001100010000010
001001001111001000
111101111001110010
111101011100001000
111011000101111011
111111001110110011
000000011011010011
111100011110101001
110111110111010100
000000001101010111
000000011010010110
111011101101001000
111111001000010111
111101101101011010
000010100111100100
110110110111000111
111110100001010000
111101101010011011
111010100010010000
000101100011111101
111111100001000010
111111100010101100
000000101010110011
111011010000111010
000010001110011010
000101011101000001
000010001011000111
000011100111011011
110111111100111110
111110000001100110
000001111001000010
000010000001000011
000011111101000001
111000000100110000
111010010000100101
111101010011001111
000110100111100101
111100110111000101
111011000110110011
000011100111011110
111011011010101111
111101100001000010
111100110001110100
000001011110111101
000000011110110101
111111011011100011
110111101000010000
111110001001011001
000000101100110111
000011110010101001
111010111101011000
111100100110100000
000010010100110000
110111111000001011
000000110010011110
111101111000011101
000000101011111010
111100010100101111
000001101101100010
111011101001100000
111101110100100010
000001011110001110
000010000101001111
111011001110011010
110110111001010011
000000110110010100
111101111110110001
111001001010111100
111101000000101111
000001110100100100
111011000010101111
111101001110100011
111110101111101100
000100101111110011
111110111000011110
000010000100101010
111010101110000011
111110110001010100
111100100010101000
000000001000010110
000001011110101010
000000011110101100
000010010100000111
110111111000101010
111100010011010110
111101111100101000
111110011000100001
111101101001000101
111111101100101010
111011011001001111
000000000001010000
111010101011011010
000010000000010101
111110110111100001
000010110001000110
111111001111111001
000000100101111010
111111111000111010
000011000001011111
111101101111110000
111010100010011000
000010101111010000
111111111101100001
111111111101000101
111101011011011011
111000011110011001
111101111011101101
000011011011000100
000000000000010100
111010011001100101
111111011011000010
000001000100010110
111100011000000100
111101011111101001
111111111000000000
000001001001001001
111111001010010010
000001100011110111
000000001010011111
111111001101100110
111111000111110100
000011000110111100
111110010111001010
000000010111000000
111101010000100101
111111111001010110
000001011001110100
111100011100011001
111011010001011100
000000110111111010
111101001110110010
111010011010101101
000001111000011111
111111010011100010
000010000111001010
000000100100111011
111111100111100110
000000010001110100
111101111110100011
111010010001000101
000010001001110111
000001110010011101
111110100000001111
000000111110000100
111111110101001110
111101001110100010
000000001011100101
111110111101001000
111011010011011011
000001010010011100
111111100111010000
000000101000100001
111101001011100010
111100101000110000
111011111011111101
000011011111100101
111110011101000001
000000110001010011
111011001010100101
111101110000110111
000010001000001111
111101110101101011
111101010010011110
111110000110010001
111110010011001101
000000000100001101
111110011111111010
111110001010001111
000010001010000101
000001110110111111
000011000101110000
111100110101110100
000001100100000111
000001111110011001
111100111110111110
000010011111110100
111111110111110001
000001001101101111
111111101111001000
000100001111010110
000001010111111000
000010111001110010
111110110100111111
000010111011100010
000000100101001101
111101110111110110
111101010110000001
000000011110000011
000010110100011101
111100001101100111
111101110111001000
111100111111010010
111111101110001011
111101111110101001
111111110000101100
000001101101011101
111110001111100010
111110000110101110
111101101001001011
000011100100101111
000000000101001000
111101001100011001
111111101001010010
000010010111100110
111100001000110001
111101010110000000
111011101011001111
000000000001000110
111111100101010001
000001110100010001
000001010011101011
000001011010111110
111101111001011110
111110010110111110
111110100110010111
000000110010001001
000001001000011000
000001000001001111
111101000010011011
000011111101111000
000001010111110011
111111011010101001
111100111101101001
111111001000110000
111110000101011110
111110111110111010
000000001011000111
000011111110110100
111111001110111000
111011111000011001
111111001011011001
111100011110101011
111011100101100011
111011001100000101
111101100010101010
000001000011111001
110101101101011110
111110110011111100
000001010100111100
000000101111100101
111111101100111011
111011101010011111
111111100110111010
111110110100001011
111111101100101101
111101001000110001
111110001001101011
000101001110100010
111010100100011111
111111111011001000
111110000010010001
111011111011101000
000010000000001110
111011011101000101
000000111000000110
000010010001001100
111000001010001000
000010100010001010
000000001110011111
111110001000011100
111111110100001100
111110011101000111
111100111011111011
111111101110000001
111111010010001110
000000111111111100
111111100011011010
111110100101101001
000001010010000011
000001000000010010
111100101010000011
000000111001110111
000000000100000010
111101011010010110
111110110010010010
111010001010011010
000000110011001100
111110101100100011
111011101010100111
000000001100000100
000000011001101011
111100111011110010
000011101011001100
111111010010011111
000000011001001010
000000000010010111
000000110111100111
111111010100001010
000100001110011011
111110011010100001
111111101010110110
111111000111011100
111101001011000110
111100001111110100
111111101010000001
111100111000001011
111111010000100001
111110110111001110
000001001111111000
111000011000001011
000011110000111101
111101001000001001
111111010011000111
111100100100010001
111101011101000010
000010100111010100
111111100110010110
111101011110100110
000001000001010111
111110100110010110
111011011010111010
111111011111011110
000001011001010100
111101001100000010
111110110000000110
000000101100101110
111101100011011101
111101000001000110
111010100001111100
000000000100111100
000001000001101110
111011001011010100
111011001011111111
000010000001111011
111100111001010000
111011010011101011
000001100010110001
111111100100001100
000100001000011101
111010101011101110
111111101111010101
111101111100110101
000010011001011011
111010001010100011
000000000111100101
111111010010000011
000001001011011001
111100000100001100
000001001011111010
000010101000010001
000010011101000000
000001010100010001
111101000001000010
111111100100111101
000011011101001110
111101110001011000
111100000000100110
000110010101100110
111010111111010010
000000100100001000
000001110001101110
111110101110000111
111010011100001100
000001010001111100
110111000111110011
000000010011110000
000010011101011111
000001111011011011
000010101011101100
000000100000100100
111101101110110101
111110011110011101
000001111001000000
000000010000110101
111110110001101101
111101100100100001
000000001101010001
000010000111110101
111111010100001011
111101101011001100
111110001101110001
111110000110011010
111101001111100101
000000010110011011
000000111010000100
111101001100000011
000000100110110101
111101000100010000
000100100111011111
111010001111101010
000001100100011011
000000011011110111
111110100000111111
000010001011000100
111110001001000101
000101000110111101
000010100000101010
111100111011101011
111111111011010000
000001111100010101
111101111101011101
000010011110011101
000000101001000110
111001101111111111
111110010011101001
000010001010101000
000000010001011001
111011101010100110
000001111011110010
111110000001110110
000001010000000110
000001101110111100
111100110011110011
111110111101010001
111110100001110010
000010100010010011
000010100011111001
111010100101101111
111100111110000010
000011001000101101
111010000001111100
111101111001110010
111100011010001010
111010111100111011
000010101010111001
111110110011001100
111111011010010110
111100011011010010
000001011101101000
111101000001111001
111110000101100111
000010100110011110
000000001100111110
000001011100001000
000001011100111101
111111110100000000
000001111111000011
111110100110100011
111100010011010110
000010011001101100
000000110001110111
111111000000000110
111111010101110001
111111010101001000
000010101010001111
111101001000000100
000000100010011100
000000001011000000
111111100000100111
111101000111001110
111100110000101110
000000000111100111
000000001001001011
111101000001011101
111110101011101110
111110001101101100
111111100110111101
111101011111011001
111111011000010100
111110100000000101
111110001110010111
111011101111100101
000001101101010100
000000100100100110
111101110011101100
000000000110001010
111100111000010011
111101101000110111
000001100010110000
000000100000110000
111010100000111110
000000101110010011
111110110101111001
111110110010100111
111110001100111010
111101000000011101
000000000111001001
000100101100111110
111101101110010000
000000101010101001
111101010010000001
111100000110111000
000000000011111101
000001110100110110
000010011001001101
000010001100101000
111110010001100110
111011111101001110
111111010010111000
111110111010111000
000011000111111001
000000100000001111
111110100011100100
111111001011011000
000001110001101101
111110100101010001
000001100011110111
111011011011101101
111011011100100011
000010001111011101
000001010101110110
111100100001011100
000001100001001010
000011011001000100
000000000110110001
111101100000011110
000011011110110010
111111111001011100
000000000000010011
000001111010100011
111100110100110101
111110110101010101
111111101010110101
000000110001111101
111110111010100110
000100000001100111
000100000010101011
000000101110010111
111011111011110010
000001101000001110
111111011101000111
000010111001101111
111111010000001111
000011010010010000
000010001111100111
111110110000001001
111100110000000001
000001100101010110
111111101001111001
111101111011010010
111111101111011001
111110101110100001
111010110101000110
111111110110011001
000000001000110011
000000011101111011
111101010100000101
111110000111011111
000011101000001101
000011010001111001
111110000110010111
000000110101111110
111110001001100110
111101100010010000
000011011010110011
111100100010011010
000010100001111101
000010010111010011
111011001101110101
111111110111100111
111110111110100010
000010111101101010
111111101101011001
111110001010110100
111110010001011110
111110010110111111
000001101101110010
111110001010000101
000001101000001110
000001100011101001
000011100000001010
000010000010000001
000001111100100001
000001010011101110
000101011000101100
111010111011000100
111100110110001100
111101110110101011
000011111000011110
111110110101001101
111101111100000011
110110101000100001
000101110001101111
111011000101101111
111110000011001001
000001111110101000
111110110110100110
111111101100011011
000010001110111001
000011100100001000
000011000011000100
111111111101010001
000011101110100000
000101000111110110
111100011111000011
000000000010010110
000000111001101101
000110100110111010
000010001101101110
111010110000000111
000010100111111110
111010011111101011
000010000011100111
000010110011011110
000000011111100001
111110111001100001
000010011111010011
111010110110110011
111110101001111000
111101010111100111
111100110011110011
111101100111111111
111011000100011001
000000101010010100
111100011000111101
111101010011010011
000010011111000010
000011111010000000
111110011100000111
111111000100000100
111100111001000111
111110000101101000
000000001111101101
111110000001110111
111101001110111011
000000110011010110
000001000000000001
000011000110100001
000000100011011100
000000110111110111
111100100100011011
111111010101001100
111111001110000010
111110100101001100
111101100011001111
111101100100011101
000000110101110010
111100000101111011
111101100001001001
000010001010111111
000010001100001110
111101011001000011
111100001000000111
111111110100000111
111110100010010100
111110101111111001
000000101011001011
000010110000000011
111100101100100011
111110110001100010
111110111001000100
111110001001101101
111100110100010101
000000001100000100
111101100100101110
111110001100110010
111011100111011010
000010010010011110
111111101001110100
000001100100110011
111110110110110111
000001101001011000
111011111111100100
111101011101110111
000100100001111000
000010001001101000
111100010000011110
000000111101110100
111110011101001100
111110011000010010
000000101011100100
000010101100000101
111111110111111010
111111101011000101
111111100101001001
111111100100001100
000001111100011101
000011000010011101
000001111001110101
000011111010010111
111111000000101101
111100101110011010
111110001000010000
111101100101011101
111101101110101001
000001010101001101
111111011010110110
000000111110001010
000001001000010110
000000111110100100
111011101001110100
000001111101110001
111011010001100001
000010010100000000
111101001010100110
111100010111100000
111101001011110000
111110011011001110
000010100100100110
111110101011100000
111010011000001111
000011110001100010
000001100011111010
111011101110001000
111101011110000000
000001011110100110
111111100110000110
111001110001110010
111101101011010110
111111010101100110
000001000111100111
111110111010001100
111111010111100110
000001110000010101
111011110000001010
000000111100110100
000001100001111000
111100010001100100
000001000110011101
111101110010010011
111110010110000111
111111000101110010
000011001101111110
000010111101001100
000011100101010101
111101110011110000
111101000110011100
111111011100110100
000010010101010101
111111101101110011
111101000110001000
000010111100001111
111111100111000001
111111011110110010
111010001010111111
111111110011111001
111111111001001110
000010111110111011
111100001000010111
111110010011101010
111101000111111011
111101001001111101
000000100000010001
000001001101000001
000001110010001011
111110101100010100
111111011001001011
111111100000110010
111111010001111011
111101110101110111
111101011110110011
111111000111000001
000011110010111011
000000000000111110
000000010101110110
000001001011111101
000010001001000011
111110001001001000
000011001111010101
000010000010010110
111110001100010011
000100101000001011
111111100100001101
000111110010011101
111111100001011100
000000100010000000
000000000010011111
000001101011101100
111110010011110111
000010111011000101
111110110111101000
111101110110100000
000001011101100100
111100010000111011
111111001111110001
000000101101001101
000000001110110110
000001011101111100
111101010111100011
000001010010001010
111110111110101000
111110000000001101
111110000001111101
111110100101010010
111111000101010010
000010100000010000
000001010100011001
111110010101011000
000000110110011000
000000100110011111
111011010110101101
111111001110101100
111100010100001111
000001101101010011
111111101000010010
111111011111101110
000010010101001011
111111001101001100
111100101010011111
000011100110011001
111011001110100111
111110110101111101
000011100011100010
111111110000000010
111101110111011000
000000101101011111
111100001101110000
111010101110111010
111110100100011111
000001110100000111
000001000101110000
111101110001000110
111100100001111111
000001101110011000
000000011111011000
111110010000101100
111100011100011001
111111101111110111
111111111110101010
111111110000000001
111101100100111001
111111010100111011
111101111101100001
111111111101111111
000001000010001101
111110110011110100
000010101010000000
000001000110100001
111110000010111100
111110010100110011
111101010101000101
000001011101110100
111011001110110001
111101101011100100
111101011010011001
111101100001010100
000000100000001111
111110010100011000
000000011111011111
000011100001101110
111011000001001100
111111010001001011
111101001100101010
111011111110110010
111100101110000110
000011001100001001
111011110011010111
111101101100010100
111110111010111111
000011000111000110
111011111100001110
111101010101100001
111100100101110011
000011011011010001
000000001010111110
111110011001100110
111110100000010111
111101001111001000
111100101011010000
111100000001100000
000000111011011111
111001100010110001
000011010111101101
000001110001010001
111000110110101101
111101101010100001
000000101010011010
000010001000010111
111011100011011000
111100001010001110
111101000000101101
000010000001001011
111011111000010101
000001011011101101
000000110100011001
111111101110000000
110111000111110110
000101110011101111
111100111101011100
000001101000000000
111011010010011000
111101000011110101
111101000100100000
111110000100000000
111001000010011110
111100110110011001
111011100010111000
111111001011110011
000010011111010010
111110110001010101
111110010100101010
000010010011011101
000001011000110001
111110110101010001
111011111010000100
111101101010010100
111101101100011111
111110111111011101
000001001011111110
111111110001011000
000001000010000110
111100111001011111
111110011000010010
111110001100111111
111110101000010010
000001101111001010
111111000011011010
111110010101001100
111110101110101001
000011001100010111
111110000110100100
111101010010010110
000000100010001111
000001000000110111
111101001111001011
000010010101010100
111110011111000111
000100111101101100
111100101101111101
111101001111001000
000001001111000011
111111111101111110
111101100110011101
111011111001011110
111010010000000010
111110101011110011
111101111001111011
111110011100110010
000000101101010110
111101011111010001
000010000000001000
111011110100010010
111010100110001110
111111000010010100
111101111100110011
111101001110110010
000111010111011000
111111100111010001
000001001101001111
111100100100101011
000010011110101010
111111100010111111
000100011101110100
000001011011000100
111010111101000010
111111010000011001
000010001011101011
000000000111100101
111100111000100100
000010001100011001
111011010110101000
111101100101011101
001000001010110111
000000101101101000
111100110001111110
000000110100011101
111100011110111001
000011010010111000
111010000010010110
000000010010101000
111011101001101111
111110001001110001
111110101011001100
111101100100111110
111111011010101100
111101101101010101
000010010000000000
111110101110001110
000000100000011001
111100110100110011
111101100010110011
000001010100100000
000000010011000100
111110001010101010
000000110000001111
111110001110001111
000000010110011100
000010011011101110
000010111110001100
000001011000010011
000010111011100000
000100001011110100
000010111010011101
000010000101101100
000010101100110000
111101011001001011
000001001101011110
111110100000101101
111011101001110111
111011011110011101
000000000100001111
000011010100010100
111001000011010001
111110001101000100
000010000010111011
111100111101110010
111100101111111011
111100000101011101
111100100011111111
111110100010100110
111100101001111100
111100101000100101
111111111110100100
111100010011010100
111010101100000111
000000010010000011
111100100001000010
111110000110011111
111011011000100110
111010101010110011
000000100000001110
111101110111001001
111111000111100110
000000001011101100
111110011110000001
111111010010111011
111101011010101101
000001001000011000
111110010010010111
111110001011001100
111111011101001010
111110010001110100
111001001000101110
000011001010001100
000001011001100001
000001110110001100
111001100110100000
000001111101110110
000011010000001000
000010100011111111
111111110100001100
000011011000100011
111110100111011110
111110111001000010
000001000001100100
000000000111100011
000010110111001100
111001111011000111
111111010100000110
111110011100000100
000000111100100000
111101110011000110
111101100110011011
111011011011100110
111111001011001101
000001100110110100
111101100011111111
111010100001000111
000101100001001001
000011100010000100
111111010110101001
000100001010011000
111011010100001100
111110000011111001
111010101011001111
111101001011010010
111111010111110010
000011100010111100
000000001010110110
111111001011011100
111100011111100110
111111010100010100
000001001100111011
000000100100100111
000010110000100111
000001001100101000
111011011100111100
111101001001101001
111111010010001110
000001001001000011
000101101111101101
110110110110010000
111010110110111000
111010110101001101
000000000000000011
000000111011001110
000000111110111000
111110101111111110
000010101000000001
000010010000000011
001010111011001001
000000011001011010
111011110000100000
000010100100111011
000001111100010001
000011000111011101
111110011111100101
111101010011110000
000000111110110111
000101000111010000
111011011011001110
111110010101111000
111111011110100011
111110001000001101
111111111101011110
111111011100000100
111010100111010111
000000111001001000
000100011110001011
000101011001010001
000001101111100001
110101000101000101
000110111100100110
111010111010100000
000001001001010101
000100010101001110
111011110001010110
111111110010011010
111101010011011101
000110111100000100
000010111001000101
111011101110111000
110110011011101010
000001011010101101
111010101101110101
111100101101000001
111111000010000011
111110010111010101
000100011000110111
111111100011010001
111111111100001000
111101001100110000
111111100011100011
000011100000111001
000010000000100000
000001110101110010
111101011111101110
111110000000111001
111110001111001010
111111001011111110
111110010000111100
111111110110000101
000011011101110001
110101100010100000
000001010010000011
000000111001111000
111110011110001101
000000100110010001
111111101000101001
111011100101010101
000010111101001111
111100101110011111
111110011011111001
111101111001110001
111111101010111111
111111011010100000
000011011100010111
000001110011011100
111100111000000111
000000011100000010
000101010101001000
000010000100100010
111100111001011110
111001101001001001
111110111011011111
000011001010101011
111100010001011010
111101010111101001
111110110001100011
000100100010010000
000101000001111010
111110110000001101
111111001100100101
111110000100110110
111101110010000001
111101000011000000
000010110100111001
000001010110010011
111010011111100101
111110110010111101
000010100000101100
111100011001110110
000010000011001101
111101111010001100
111000101101100101
111100000100110000
000011010100111110
000000110101101110
111110101011001110
000000111101000010
000000010100010100
111101100100100010
111011000001100001
111100011011011010
000010110010111110
111110100000001000
111111110100000011
000000000111110111
111111101101000100
111110100110011000
000010011010000101
000001001110000100
000000010111110001
000011101010000100
000000000101111010
111100110001001111
111111010010110001
111110110100000011
000101010100101100
111100110110011110
000000001110110111
000001110011010001
111001110101011110
000001010101100101
111110111111010000
111111011001000011
000010100101110001
111110110011110111
000000010011000100
000010011011110110
000001100111001001
000000001010111101
111111111000001111
111111101110100010
111101101110100110
000010000000000011
111111010000001110
111111001001111001
111111000010011000
111101100000100110
000010011011101101
000100010000001011
111100100010011100
111100000101101011
000001101101100110
111110010110101100
111111110110100010
111101010010110111
000001011011011000
111011000110101010
111110001010010001
111101010101000110
000000000101001101
111100101100010111
000010110000111010
111101000100100000
000010100011000001
111111011111000111
000000010100100110
111110011010011011
000011011001111010
000010101101111010
111110010010110110
111100111001001101
111100101001001000
111101011110001101
000000101011011111
000011111100110010
000000000111110111
111101010110010011
000000011100110001
000001100000110101
000001111100110111
000001011001101000
000010111110010101
111110011000110011
111111110110000011
111100111111101100
000001111111101000
111110100100111110
111111010101001100
111101000110110001
000011000010011010
000001010100100001
111111011000000010
000010001110101011
111100101100000110
000010101010111011
111110101001100110
000001010101001110
000001100110111111
111010100100000000
000000000000111001
111101101101001111
111011101001101011
111110110110100110
111100101101101101
000001111101011101
111100100010001011
111110011011111011
111001101100111000
111110110100110001
000011111000001100
000000000010100000
111101101010101001
111010001011111100
111111100101111110
111100110011100101
111101011011111100
111110101000110101
111110100110001011
000010000110001011
111101101100111111
000001000000101110
110101111111100101
111100110111011111
111011010100011110
111110110010111101
000000000010001100
111111100001111010
000100100101010011
111100100000111001
111111000011100001
111101110100010101
111110110110101000
111111001011100110
111110010001001000
000000100010001000
000000110111110110
111110000111010111
000001110110110001
111111111101010100
000000011010100000
000001000000011010
111011010110100011
000010000110100110
000000010111001111
000000011000001100
111101011101111100
000011001011111010
000001110001001101
000001001101100111
111101111010010011
111100100110010110
000000001101101010
110111101010010011
000010111010011011
111111000011001000
111100010110100101
000001011001101111
000010110100111000
110110101100000010
000010111000101110
111110011011010000
111110000110010000
111101111001101111
111111001110011111
111111011111100100
000000000101101010
111011111100011000
111101001000101001
000011001001010111
111111000001110111
111111010101010001
111100101011011101
111001010100000110
111111010010101100
111110011010101111
111110101110001100
000000010100010010
000001101011111000
111101001101110000
000010011111110000
111101101001110001
111111010101111111
111011111100101001
111101110000001000
111101010111110110
000011111110000000
111111010100101000
111011011001000111
111110001011111101
111011100111110011
111101111111100010
111111100101011111
000000011101010101
111101010010101010
000010000001111011
000000100011001111
000010100101101110
111110100001101101
111111000100101001
000011010011000110
111011100001011110
111110011111100001
000011000001101110
000001111110111100
111011010001111011
111101011100111010
000010100010101101
111001001100101001
111110100000011101
111100100010110011
000011010010100000
111111101111011100
111111000111000010
000001111010000100
111101010011011011
000001101111001010
111101001001111111
111110001101110010
000011000010101101
111100101101001010
000011100101111111
000000100000100111
000000111111010000
111111000010111010
000100001100110101
111000011010011110
000000000111101001
111011011011111100
111111011010111010
111101010010100101
111100101011111110
000010110010101101
000001100000101101
000101001101111001
111101010100000011
111100011100000010
111111010011101010
111111110010111001
000000010100001000
000011010011000110
111110110101011000
000000001101101010
111000101111010111
000010000011000100
111111001100001000
111111010010011000
000001101011000111
111100011011001111
111001111101100110
000011001001101011
111110000110110001
111110100101001110
111110001010100010
000001011000100010
111110001000111100
000001101100010100
111100101001111111
111100110111101010
000000110110000101
000010100110101111
000001101110100001
000000010010000110
111101100001010000
111111111000001111
111110101111010100
000010101010111111
111111101110010010
111101010000110010
111011110000000111
111101100111011111
000010001110011100
000001000010100000
111111111110011111
111111001011010010
111110011000101101
000010110111101110
111101010100010011
111100111010110110
111110110011001010
000001001001110100
000010101001100100
000001110101001010
000001110111010101
110111110100111100
111111100111100101
111111001100101100
111100001011011100
000100100001000101
000000111111100001
111101001100110111
111001010011110000
111110000101010101
111110010010101011
111111000100001001
111101001111010010
111100111000101001
000001111010111100
000100101111100101
000011100111111000
111110000010100111
111101001110010110
000001010110010111
111110100010111001
111111001111100100
000001101111110100
000000000010111000
111111011101101101
000010101111000000
000100101100001000
000010010100000010
000000111100110111
111100101010001001
111011011101011010
000110111011101010
000010100101101001
000000011010100101
111111101000101000
000001111011010000
111110100000011010
000011001010101110
000000110111100101
111101010111010100
111000100011000101
000011000111101100
000001000010111000
000000101011011001
000010111000010011
000010111001001010
111111100010000110
000011000001000011
000001100010110101
111111001111010100
000001110000100111
000100101001111101
111101000110000100
111101110101110001
000001100100001100
000000010011000011
111110001000001011
000001010010000011
000001111101100011
000000010001111010
000010110010001001
111111010110101100
111111000110000101
111111110110000000
111110100001111110
111101000011111000
000000100110011101
111101100110101010
000010010001110011
111111001100010000
000000001010011110
111111101000101001
000010100100100011
111101000100111001
000001110100000101
111110010110101110
111110111001000100
000000111110111001
111101010010001011
111111011011110011
111111111101001001
000001010110110010
000011100001010010
111111011011100010
000000100111010001
111111010011101101
111110100011001001
000001101101010001
111011100101100000
111100001010011010
000011100011111100
111110111011110011
111110011011110111
000001100000100001
111110001111000110
000110011110100010
111101001101101000
111100100000001010
000010010001011111
111111010100100001
111100011111001010
111101101111001001
111111110111100001
111111010001011110
111100100001101001
111110001101110101
000101000100010011
111111111110100110
111110000010100010
111101110000110001
111101000100000111
111110001011011101
111111001101100110
000000010100011011
000010011000001000
111111010111000100
111111001001101000
000100100010111011
000000000100111011
111101011011001111
000101011110101010
000111001101001101
111101001011001010
000011001010010001
000100000111010001
111111101001000001
111000100101001110
001000001000011101
111101100001110000
000001011111001110
111111011000100010
000000001011001010
000000100001101000
111010101000110111
111101111100100111
000010011000011101
111110010011100100
000110000001000111
000101001110110101
111110011000110100
111111101011001110
000100010011000001
000010000011011111
000101101101100001
111101010111010110
000100100101010110
000110110001010100
000000101111100011
000011100101111111
000000011000110011
111010101000100111
001001101110110001
000000111101110000
000001010010001110
000011101100010101
000100000110001100
000110010111111000
111100101001010011
111010101101100001
000100101011001111
111110110100111001
000011001010000001
000111000010110001
111100101110101000
000000110101110011
000001001101011111
000000110001010101
000011000000000001
111101111100011000
111100111110010000
111010100101011110
000010110010110111
000010111110001011
000011100101000001
000011110000111000
000101011111100110
000001001110111010
111011001101011101
111110111011010101
111010110111001110
111110010111000100
000001100010011101
000001000001110111
000010001010011010
110011011100111000
111111011100100011
000010100000001100
111110100110111101
111111100001001000
000000011011000011
111111010011001000
111110100101110111
111010001010100000
111110000111110000
000010000110010011
000000101101001011
111101010111110110
000100011010110001
000100110111001100
000001010011110100
111111011110010101
000010010111001001
000011000111011011
111010110000100101
000001001101010010
111110111001010011
111110111100001101
000000111111101111
000011001001000001
111110101000101111
000101001011001100
111100110011111110
111100010101011000
111111011010001000
111010100100010110
000001110100110001
000010111000001010
111110101100001101
111110110011000101
111110100111100011
111111011110001101
111011001001011010
111111100111011110
111101100111011111
111001011001110010
111100110001000000
000000011100101111
111101100110011101
000101100001110110
000110001110000000
000001110111000000
000011001110101011
111010000011110000
111110010010001011
000000111100010001
111110101100010010
000001011111000111
111110000101011111
000001110000000001
111110011111110010
111111011000000110
111111010111010010
000011110111000111
111110111111011101
111101111110100001
000001111010000111
111110010010010011
000000010000000110
111101011000010101
111101001101101011
000001001111011010
111111101110111000
111101111010011001
000000110000010101
000000101110111110
111111101100100101
111011100011010101
000011110000111010
000010001101100101
000001110001100111
000010010100111010
111101010110100001
000001001000000111
000000000110111101
111101011001110111
111111100101101001
111110100100111110
000001001011100101
111100111000001000
000010110010001000
000001110001101011
000001100011010000
111110110111111110
111111111110110001
000001111110110111
111110001100111000
111110011101110110
111101000000010111
111110001011010101
111011101111001110
111111001111100110
111110100010111110
111110011111011111
111110110100001110
111101011100000011
000100000000010100
111101010000011110
111111110100010010
000001100111001011
111101100010101000
111101100100001101
111110100110111010
000001001110001110
000000100100111101
000001000110100010
111111101001101100
000011001101000000
111111101011011000
111100000101110010
111101111011110000
111011001100001111
000000001011001100
000010110011000110
111011101000011011
111101001000010100
111100011100100111
000011001010111000
111101110010001001
000110010111001001
111101101001001110
111100110101100111
111110101111101100
110110000100110111
111101010001000101
000010011010100111
111111011100111100
111101101100000110
000000101101110001
000000010111110110
000000010010011011
000100000000111100
000000010001011101
111101010111100110
000000000001100101
000011010011000110
111110000001100111
000011001111110100
000010101000111111
000000111101101000
000001001100001101
000011010110111010
000000011100101111
111111000000101101
000010110000111011
111111001111011100
111101011001001010
111010000000110110
000010001001011110
000000101011111000
000000110110101101
111101010101110111
111100110010010110
000000011101110110
111111111101010111
000001110001000010
111111110011011101
000010000111110111
111100100011011000
111111000110111011
111011010010110111
111010110000100010
111111010000000011
110101010000001101
111111100001001011
000001111111010101
000000001100001100
000100000000010100
111101101100110111
000011100011100101
000001101000011110
000000010000001111
111101101000101110
111101111100101010
111101001110110101
000001011110010000
000011010101100010
000010000110011111
000000010011010101
000001001100000100
111111011000001110
000001100101101111
000100101101100001
111110000110101101
000010101000000100
000001100000000110
111101101010010110
111101111110100000
000001111000101000
111100100100001110
111111001010100001
111011001100010010
000001010010111011
111011101111101010
000000011101000100
000010000110001111
000001010001010010
111111101101100110
111101111010110001
111000010010111100
111100100001110010
111011110011010011
111101101110010000
000010110110001101
111110010001000111
111110110000100011
111111110001011100
111111111100010000
111110110010100110
111100010010001111
111110010010001101
000000000000010100
111100101111100101
111110011110110100
111010001110000000
111011101000010011
000000000000001110
110110010000110000
111100100011010110
000011101111000101
111100111111000101
111101101101101111
111110000001111100
000010111101011100
111100111100001010
000000111010100010
111101010000011000
111000010101001110
111100111010110100
000001011110111101
111100100101110100
000011110111011111
000010101001011001
000010100010101100
000001100110111010
111111111000100101
000001010111100100
111101101001000010
111110000001110100
000010111010111111
111101011101110111
111010100101110001
000010110010010111
111111000001100100
111011001010010110
000010011100001101
111111010011101111
111011110010001000
111110001001110111
110011100011001010
000001000011010001
111101010001111011
111010110000000100
111101100010110000
111110011001100010
000000000011000110
111111001000011111
111111111000010010
111101001111011100
111110110110011000
000000001101011001
111101000011101011
111101100110111011
000000010101101010
000100100110010000
111111101101001100
111111111101010100
111010100100011110
000001010101110010
111110001001101001
111100111100001101
000001011100000100
111100011111011110
000000110010110100
111010001101101101
111110111011010101
000010111101110110
000000001101000111
000001000010101100
000001111011100011
000011001011011010
000001000111001010
111110110111011011
111101000110000101
111101111101101010
000001000011000100
000000111100010101
111100010111011011
111111000111100110
000010100001110111
000000101010011011
111110001011000001
000000011001011001
000001001111111011
000011011110100001
111110101111110101
000000010010000000
000000110000010011
111101011100000001
111110101000100110
000001001110100011
111100011011101000
111100101100000100
111111000101100111
111111110111011110
000010101111110111
000001000111000000
000010111100111011
111101100110111011
111101100111011000
111111110100011011
111100110011100011
111000000001011000
111111101101100000
111101000001001000
111100111000110000
000110000110101100
000001011110000011
000100101001110001
000001110111000100
111101101010100111
000001001110110010
000101000110000110
000000010011110001
111100101000000100
111001110010101110
000100000110100011
111111110110010100
000011111001000110
111111101110101111
111011000001011000
111101010111000011
111101011011000110
000000111100000000
111110001111001100
000001111001111011
000010000111111100
111111101000010011
111101101000111101
111101100001100001
000000011001100111
000000010101010111
111001010000011000
111111000101000000
000000101110111110
000010001111111010
111011110000011000
111011011100000111
111111000000010100
111111110110110010
000101000000010001
000000111010110001
000000110011111110
111001111110011101
000011111010100001
111101110011011100
111111100010101110
111110000101001011
111110100001010010
000001000010000110
111101111100110100
111100010001010000
000010111001101111
000011001000110000
000010010010001101
111101000011011100
111111111010010010
000001011111011011
000000000001001010
000000001011000101
000010001001001101
000010110111010010
111000101001100101
111011001111010001
111101000011100101
111101010000000000
000000011001101011
111001011001000001
111110111001011011
111101011111001011
111111000011101110
000001110011110111
000000000001010010
111110001111001000
111001100100011000
000000000010000100
111101111001000000
111111101001100000
111010111010010111
111111101000101111
111101101100100011
111100100011010011
000111110011101111
111010100011110000
111100111000110101
111001000110000101
111101011110110010
000100001100111111
111100111110101110
000000101101110111
111100110110000000
000001101001110101
000100101110001011
000011110100100101
111110001101100000
000001101100110011
111010100111011011
000010010010010100
000010100100000100
111111011101110010
111111110111010110
000011110001011101
001001100000101100
000000101011101111
000011011011100001
111110100000100010
000101101010010110
111000101100110010
000110001011011100
111101110010010000
111111000110001011
000011010001111001
111101000111001101
111100001001110110
000000011111010000
111110101010101011
000100000011100100
111001100000100111
000101010010011101
111011000010010110
000000111100000011
000011111100001011
111011000001010101
000001000111110011
111001101111110000
111101111100001000
000000010111111111
000001100011010010
111101101100010100
110111101010110110
111000010110100001
111110010110100101
111011110000000110
111010000110100100
000010101011100100
111100000111111101
111011110010100110
111111000000010111
111101000000111011
000001100100001110
000101100001010010
111000111001011111
111011011100111101
000001010100011111
000011000100110110
000100011111010010
111101011011111111
000100110001000010
000010001111100011
111101110001100010
111100101001100101
001001000110110110
111100100001011001
111110011010001011
000000000000010010
111011100001011100
000000100111000000
000100000000100110
000100000100110001
000101001000001010
111110110100010000
000100011011111011
000001101101011110
111101001110110000
000010111000100101
000001001101011111
111110110101010101
000011100010110111
000010011100100111
000000100001010010
000010100011111111
111000111011000110
000100101010110111
000001010001011101
111110101011110001
000100101011000001
111110011001010111
111011001000100111
000001011011001001
111111011111010001
111111001111010001
110101100000101111
000000111010110011
111100100001010001
000010101111000011
111110101000100010
111110111100110100
111111001001011111
111101100110111111
000010101100000101
111101010110000111
000011001011001100
111010100111000111
000001100101010011
000010110100010000
111111111011000000
111100001110101011
110100010111111000
000000011010101000
000001100101111000
111110110111101101
111110000000101110
111110111111111001
000001000101111100
111011000010001010
000000010100101101
000001001111001110
000000110111110101
000001111101000101
111001100110011101
000001000100100000
000000011101011101
000100001100000101
000001010011101001
111011100101101011
000001000011101101
000011001101000011
111110011100110010
111111111010011000
111010001101100110
111111010101110100
000000101010111001
111101100101001010
111001001100010010
000001011111110101
000000011001110110
111011101011010101
111111001101000011
000000111100011000
111100000011111110
000011001101001101
000000001000110001
111010000001101110
111010101111101111
000000100000000011
111110000100011001
111110111010100010
000010011000110000
111011111000011110
000000010110011001
000001101111110000
110110000010111000
111000110111111010
111111110110101011
111000110100110010
000001001100001101
111100110111011110
000001001000101101
111100101000111110
111010000100111001
111010000110000111
000000100110101110
000000101101110101
111011110111110000
111111000010100010
000001011001111011
111101100001000001
111101010000010111
111100010110101011
111111100011011010
111110111101110111
000101100111001110
000010000100110000
111010000010101111
111101001111100010
000100100101100110
000001010100010000
111110001110001001
111110000010000000
111011011000111101
111101110010010111
111100010110000100
111101000101011110
111110001101101100
111110100000110100
111100011010100101
111010100110000100
111110001111101000
111110011011100011
111111010011111010
111111110110000100
111111010000011010
000000000000101111
000001000001011100
000001110111010110
111111011101010000
111101110001100010
000010100111111110
111100111001000101
111110010100111100
000000101100001010
111101000100010110
000000111010001001
000000100001101010
111111110110101010
111101000011101110
111011110111101101
111111001101011001
111111100010000001
000101001000001001
000000111011111000
000011100010110001
000100001011001111
111111011111101011
000100001010011011
111010100010101010
111011110001011110
111101001101101111
111110010111000001
000000000100110001
000001010110000010
000100011100101110
111101111001100101
000001000000000011
000000100000010001
111100110110100001
111110010100000001
000011000111101011
111100100000001110
000010001100001101
111100110111011111
111111100110010011
111111100011101110
000010010000001111
000001101110011100
000001001010011100
000011000111010011
111011101011001001
000000011100011011
111101000000011101
111001010000101011
000101010110011011
111110001110000101
000010000100010001
000000111110111011
111101110011110010
000010101110101010
111000110010011000
000000011001011010
111101010011101000
000001010111110010
000000110001110010
111111110001110111
000011010000000100
000100000110011100
000011000100010010
000010111100100010
111100001001011011
000001000100101111
111110001110010111
111000011001110000
000011100110001110
000000101100000001
000100010010110010
111101101001100101
000010011100100001
000010111011111000
110111111001001001
000000000000011100
000000000100100100
000011000000101111
111001010100111111
111011000011010011
000011001000111101
000001010010101110
111110000101110000
111100000100011110
000011001100010100
111011110110000101
111111010011101011
111100110010110111
000011000100110111
000001100111111011
000000101110110111
000010101101010011
111101000011111011
111101010001100010
000001101000011110
111111011110010010
000011100100110101
111110110110100110
000011001110110011
111110000100110010
000000011100100100
111101100111010010
111011011100001001
000010100111110001
111111010101000111
111110111110000101
110110111110111111
111101110001010011
111101011001110000
111110110111001010
000000100000011101
111101110000000000
000000000111100001
111001101110101101
111101110000010001
111100010001010011
111100110100100101
000001101011010101
111001001010110001
111100100011110100
000100001111101001
000001111100110011
000010000000000001
111011110110101010
111011000111111110
111111000011011010
111110000010010101
110111110010010000
111111100110100110
000001011111010011
110111101011111110
111101001001011110
000011100011110111
000010101010011001
111010110100101011
111100000011100010
111111000000101011
000000011111011011
000000000111111111
111001011110110011
000000001111111111
111011000100110011
000000101000010111
000110110101000100
111101100010011100
111111001111000111
111111111101010111
000010001010000000
111000100011110101
111001110010001110
000100010111000111
111100110001110001
000001010001100010
000010110100011110
111000000101111010
111010011001000111
000000011111011001
000010001100001011
000001111011101000
111110000101101010
111111010000001101
111101110110011111
111101111110011010
000100000000101001
000010001001010001
111000110000011001
111011110101111110
000000110001110101
000100010000100001
000010101010001000
111100011100100001
111111001110010010
111101100100000111
111111110101000101
000000101010111001
111110000111001010
000010010110000001
111010010100100111
111110010010011111
111011110100101111
111110010100010101
111111110001011011
111100001001001000
111111110010011111
111100010011111110
111101011101011101
000001011111000000
000000111011010110
111111010001010011
000000110000110111
000000001010111011
000011111111110101
111101111011111011
000010000101100101
000011010000001001
111010000011000001
000010100001111000
000000110000001000
000100011100000011
111100110110010101
000000110111100101
111110001101101110
111011101110100000
111010000001110101
111110100111101001
111101101110001011
111100101101001100
111100010010100110
000011110010011101
111110011110000110
000010100011000100
111110010000111100
000000001010000100
111111110001011001
111110011000000111
000000101111110000
000001000011000001
000101000100010110
000100101101101111
111101101101000010
000011101110111101
000011011100011110
000001011110100111
111110110111100001
111110100010000111
000000110010111010
111110011110011011
111110111101011000
111111100111111111
000010001101000110
000000010111110011
111111100010010100
111101000110000111
111110111010101110
111101001100100001
111110111000100001
111011100011011010
000000010101000101
111101011000011111
111010011010000111
000000010010010010
111110010010000001
000000010010110000
111011011100100011
000000001101101011
000011111101111000
111100110011010011
111100010001010101
000001000011100001
111100100010101001
000101110101010101
000010000000110011
111110011011111101
111110110011010000
111111111011010010
111101000100101110
111010100101111110
111100110100001111
000011111000101110
000010100110100011
111101001111011110
000100100110111011
000011111101001010
111111101100111111
000000100010001011
111111001100110110
111101101111101000
111101101111010010
111111110100010111
111110000001100110
111000110110110101
111101000110111010
111110111101010000
111011101001010001
000011001011011010
000000011000011100
111010111010000001
000011001001000111
111011000110101011
111010001001000000
111110000111110101
000001110011111000
000010001011000101
000010001011110011
000011000001011010
111100111000111110
000001001111000011
000100010011000101
000001111111101110
000001010101000111
000001001011010110
111111011110001000
111111000000011101
111100100000010101
111111110101011111
111110110100001101
000000100001001010
111110010000000111
000000110101100001
000011000010001110
111110001101111011
111111111100100001
000000011101011010
111011111011011100
000011101001010001
000000100010100110
000001001111011011
000001000010010110
111111010001100010
111111100000100001
111010101010100110
111101100111100110
111110001011101110
000011010110101001
000100011011000000
111101101000110000
000010011110010010
111100101010110000
111100000001110011
111101100001100010
111001111010110011
111110101101001110
000010001111111001
111100101010101010
111100000001111001
000010110100010101
111111110101010110
000001110010101111
000110001000010001
111111110011011101
000000011101010001
111100011110101000
111101110011100010
000010110100110111
111010111101111010
111010001111101011
000000001000001010
111110010110111101
000001111010010111
111111100110111100
111110000101001011
000000100000111111
111010100111001110
111011100110101010
111100001100010000
111110111110100111
000011011100000100
001100001001010001
111111101010011010
111001101101001111
000000111011011001
111101011010110110
000011001010110001
110100110101000010
111010101011011101
000010001111001111
000011011010100011
110111010111101111
110110011111100110
111110110100011100
111101111100010110
000001101001011101
000011010111110100
111011000000000010
111011101000000111
111011100011000101
000010011010000010
000100110100100000
000000010000010111
111110110000110100
111110001101000010
111111100101110011
111100111111110100
000000100001011110
110101001000001001
111010110101111111
000010101010000011
000000011001001110
111111001110100111
000110001100011110
000010110101011000
000000011001001110
111101100111111110
111110000011011110
000100110100100000
000000011010010111
111101110101110100
111101001010011010
111111000101001100
000000010101010100
000100000110101001
111101001010101100
000001001100101001
000001111011111010
111110101011100010
111101011110101000
000111111011000010
111110010001111001
111101111101010101
111111101001100110
000010000100111110
111011011101110000
111100001101100110
111100101011111101
111111111010000011
111100111111000000
111000110100110010
111011110001110010
000110100001100000
000100010011010111
000111000010000101
111001010110010000
110101110000110011
000101011110111000
111011111010011101
000000000100011101
000101011010011001
000001011000110110
111100100110011101
000000100110100010
000010011011010000
000111010111001001
111010011011011110
111101000001001100
111101011110101011
111101001010111100
111010101001011010
111011111111100010
000001101100001000
111011001101110111
111100011010110000
000001001000101010
000001011010101010
111111010010100010
111101101011110101
111100101010001010
111100001000010110
111000011110000101
000111011110001101
111110110110110001
000010110000101111
000001000001101111
111101100011000001
111111000110001110
000010001010100011
111011001010001110
111111100011000101
000000001010110000
111011100100111011
000001000110010011
000010000010111101
111100110010011011
111111010000101011
111101111000110000
111100010100000001
111110110001111001
111111001011010100
000000001110101101
111111010100110101
000011101000101111
111110010101000000
111100010000001000
000000110001101010
000001010010001001
111111000011011100
111001111100100110
111110011011000110
111011111010100110
000001101110111000
111110000110100110
110101111101011001
111101100000100110
111111110111001001
000010000010101111
000011010001111000
000010101101101011
000100011101011110
111101010001000110
111111010101000110
000010101111100001
110101110010100110
000001011010110011
000100001111000101
111100100010000000
111101011011101010
000001011010100011
000011101010111110
111111111111001000
000011011011100010
111110001110110100
111111011101010001
111100111100111100
111100001100001110
000011001000110100
000011000011100110
111100101000101101
000011110011011001
111110101010111001
111110100100101111
000011111011101100
000010111011110110
000011110001101100
111010001110101001
111001110011101010
000000100010110100
000010110110000101
000100101011101011
111101011000100011
111000000000001011
000000001110101111
000000110111000010
000000000000110001
000011010010101111
111110011100101110
111001011001100001
111100011000100001
111110011010011010
111111010010001010
111010010011010100
111100010010000110
111110011110010011
000000011000101101
111111010111111010
111101001101100100
000011101100001001
111110110110011000
000001110010100000
000010110001111100
000000101000000111
111011110001101110
111110110001100000
111110111100101100
111100000010011011
111011001111011000
111101111001110001
111101101110010010
000010000111001111
000001100111111110
111000110010010110
111111001101011100
000011001101000110
000001001010011010
111101101011001111
111110101101101110
111100101010100000
000001100010010110
000101111101110111
111110000111110110
000000000100000101
000010010011001101
111101100000010111
111101000110001011
111111000110100100
000001110000110101
000000001001010110
111101100010010111
000001101101000011
111110001000101001
000010000111010000
111001111010010100
000001101110001110
111111010010100001
111111011001110000
000100011100110110
111011100000101011
111110001001000010
000000100100101111
111110100001000010
111100111111010111
111110111010001001
111011100110010111
110110010110101101
111110101001111010
000010101010000010
111110111110111101
000000101011111111
000001000111101000
111011101010101101
111001000000110011
000000111110110101
111000011111010010
000010000101100110
110101010111000101
111110010101100000
000011011100011110
000001011100011110
000010001111100011
111111100100010000
111110011101100111
111011101000110000
000011100011010011
111101110001011100
111000101011010110
111101010001011000
111111111111011011
111000100110100110
110111111010110001
111111000110100000
111111010100001010
111111000100100101
111001101110110011
110000110110101111
111001110010110110
111111011111011110
111111000011000110
000000000010010101
111101011101111010
111110000001000000
111100011000110000
111111110000001111
000011000110011110
111101001010010010
111111101010011100
111001111100101010
000001000001010000
000000010001000000
111110001001110010
000000101110001001
111101010010010011
000001110111111010
111110100110011000
111111101011010111
111100000001110110
111111101011000001
000001100010101000
111110111111101100
111110101101011111
000001110101010110
000000110000010111
000011110000101100
111111001011100010
000000110010110000
111111010111001010
000011001000111010
111111000111001010
111111101100111111
111100110001100001
111111110010100111
111111100111000101
000011010011010010
111101100000111001
000010001010100101
000010110000011111
111111011111010111
111110000110101011
111100100011101011
000000100010110110
111111111111100000
111110111010011001
111111101001001101
111110000111010000
000010011011101100
111111001000100101
111111000110100111
000001110101111010
111110101001111001
000100100010001101
111011100110100011
111001101100000000
000000000000100100
000100011111111100
111101010001000100
111011010010101111
111111101101010000
000000010011011000
111101011001111111
000100100111000011
111111101111110001
111101001101000001
000010010001011000
111111101000010011
000011100000111110
111011011100000001
111111011011100011
000010000010101100
111011011111101001
111010010010111011
000010110111111101
000010010111100011
000000101101010100
111111010100011110
000000101110001000
111111101101000010
111111000101101001
111111000110100110
111100010111010110
111110101010000001
111100000010011001
000000111001001101
111011011011011100
000000101000100010
000000100101100101
000100001100100011
111110001101111110
111000011000100000
111011100110001100
000100010001000000
000000111100101011
000101011010000000
111101110001111011
000001110110000011
111110011011001010
000011000100110111
000001111100111111
111010100111001000
000000011110101100
000010011100110011
111111101100110100
000001010101111011
111111101111100101
000010101110000000
000000101011101110
111110111101001101
000000100101010001
111100100101110000
000010001100010110
000001110100110010
000001101010110101
000001100100111101
111101111000011100
000010111100100110
111110000110111010
111011111001000001
000000010010111111
000010010000111011
111110110100100110
111101011010000110
111111010100110110
000001001000011100
111110010010000101
000100001101000010
111011110111100000
000001010000100010
111111000001111011
111101111000010010
111011001011000101
000001101101010001
000001010111000001
111111011011100100
000011001101001100
111111000100110001
000010110011101111
111101110110001010
111001000001011011
000011011011011010
111110101000000110
000011100001110010
000011101100010011
111111011111100010
111010000110011010
111010001101011000
111011111010100000
000101110100111000
001000111000111000
111110100100011010
111101100111101111
111011100011110010
000001001111110011
000100001110011111
111110110101000001
111100000100010010
111110010111011000
000010110110000111
000010010011101001
111111010000000000
000011011100111101
000000001100010101
111110010111111110
000001010010000111
111110011011001001
111111000001011011
000001000110110111
000001010011110011
000000010100100000
111111110001110000
111100001010010100
111111001011111101
111110100011000111
000110000000100101
111110110101110011
000010111011000110
111101110000011100
111110110011001101
111100101101111101
000011011011010100
000011011100111010
111111010010110011
000000101110100010
111111010101111010
111101100001011111
111111100100101001
000011000111000111
111111011101000110
000100010011011000
111101011110011010
111101001001000001
000010000001000111
111110111011110000
111110101100011000
000100011110111110
111011010010101011
000100111011011000
111110000010111011
111101001110111011
111010110111011001
000000100001110011
000010111000100100
111011000001100111
000001010000110110
111111011000000001
111111111010001111
111110101001110001
111111000110001010
111011001011000010
111001011110101011
111001101000010001
000001001111111010
111100101011011010
111111001110101101
111010110010101101
000000010001100110
111110011011000111
111001100100100101
111011111011100111
111110111110010011
111100110011001001
000110110010011100
010001000100011011
111111001001011010
111011011101111001
111111011011110011
111010000000101110
000001010110000111
110110101000011011
111110010000001111
111101101001001001
000001100101111001
111100001100010000
111100001100100111
111101101001000101
111101010001101110
111111011011110000
001000111111101000
000001000011000110
111101100100110111
111100000101111001
000001011110000100
111111110010100010
111100110010000101
111110011100001000
000000111010110111
111111001111101111
000001100010001100
000000110010010000
111001010010010011
111000000111111000
000100100111011001
000001010101000001
000010000110010100
111001110000110110
110110100100011110
000001101001011110
111011110010001110
111000001110001101
000001100000001100
111101001011100011
110100110100100110
000101001101101001
111010010100001010
000011101110101010
110111010011110100
111101001100010001
000000001110100010
111010001100001110
001000010110100011
111111010000101001
000100100000000100
111001110100100010
111011101100001001
111000111000010111
000010101011111111
000011100110000110
000001011110001111
110111111011011110
111101101010101010
000101000100111001
000100101101001001
111111000000110110
111110000111000111
111001100001011011
000010000100111011
000111000001111110
111111010110110110
111001001001111110
111110100101111101
111001111100101001
111011011101000111
111100000110000110
000010011001000000
000001010011000001
111011110111010001
000000010101001000
111100100110110101
111100011101010011
000001011110110010
111101001100001011
111100001010010101
000000011010001111
111011011001010111
111011110001001111
111110100101010011
111110010001110011
000000011101111011
111011010110000011
000011000100110000
111111101000111111
111110000101110010
111111111010110010
110111101110001010
111101011100001010
000011111000011110
111110111101011100
111010011001000001
111011100000000111
000010001110110001
111100001000011110
000000110110000100
111111111011100001
000000111000110100
000001001000111001
000010101011111110
000011001001111100
000001001110011011
111111000111111011
111100011111110000
000001011100111111
111111100000111011
111101010101011111
000101011011110111
000001110101110001
111110000001100010
000000011110001101
111111000010100110
000000101010000100
111110110111110110
111100000100100110
000001111000100100
111101000111001110
111110110000111000
000001100011010000
111100101100001101
000011101101000100
111101000000111111
111111110001101110
000010000000111110
111100101100001100
000000100101111100
000011000100100001
111111101101110111
000000111101111001
111010000111100001
000001111000011110
111010011110111011
000001100001011100
111010000100111011
000001011010111111
111101110001110110
000000101010110011
000000100001111001
111101010011111110
000010101000111110
000000000110100001
000001111100111001
111111001100011001
111011011010001001
000000001101000011
000000011010010100
111100011111111011
000010011101100011
111010001001101001
000010010101001001
000000010100010010
111000110110001100
111011110101010111
000010000101010001
111001011010000010
000010000011001001
000010010000110110
000001001110111010
111111101010111001
111011010010000110
000000011011101100
000001010110000000
000001011010000011
000001010111011100
111001001011110001
111001110110110100
000001111011001011
000000111110010101
000000110111000011
000011010110000000
000011011100011011
000101100000011100
111100101111000011
111011111111100001
000001011101001000
000011111001001010
111111101000101011
000001110000110100
111101111100100101
111110110000010000
111111110001101011
111111100001001001
111010000010100010
111110001000101111
000000010010000011
111010011110110110
000000100111000110
111000111000000001
111111100000100001
111100110110111001
000000001001001001
000001001010111011
000001101100100101
111110011111000011
000001111000010010
000011001110001101
000000111011100011
000100000010110101
111110010000000001
000100001011111010
000001100010001100
000001101010101011
000001001111111011
000000010111000001
111110000001001110
000010100100100110
111101101000111010
111110110011010011
111101010001001100
111111110001000011
111100000010010010
000010100101110001
000001111011100011
111110100010010111
000000110011110101
111011110111110100
000010110101110001
111101111000101000
000010000011010110
111101100011001110
000010000011111011
000011010000110110
000001101110110001
000000000001101111
111011110011000010
111100101001111111
111111000010011010
000010010001010111
000000000110011110
111111010111010001
000000010100100111
000100011011001111
000001101100100011
000000001001011100
000001010110000101
111101010100011011
111100000110011011
000000110101110011
000000111011101111
111111110101010100
000001011000111111
111111001111010011
111111110100001011
000000100100100001
000000100101110100
111101101100000000
000101000100111011
111111110001110100
000010000010101110
111101111000111011
111110101100111011
000010000101110001
000100001011111110
111110001110011001
000010011111010000
000011111110001110
000011110110011001
111101110101111110
000010101111001001
111110010011110001
111100011001001100
111101110100011001
111111101000100000
111101001000110001
111110011011010101
000001100101101100
111110100101100100
111011000111011011
000001000010110000
111110111111000001
111011111111101100
000001000001001110
111011111100011111
000000111100100111
111101111111010101
111111110011111010
000000111110011110
111110001101110011
111101001000110110
111100101000110100
111010001011001110
000010100010010101
000010010110010010
000100001011001000
111111101111001100
111101110001001101
000001100000010010
000000011101110011
000000100110010111
000010111111011011
000000011011100100
000010001000101110
111111010100000001
000000000110010111
000000110001011100
111111100001010110
000000001000000101
111110111000111110
111011101000110100
111101101011100111
111110000111111101
000000100111111110
000010001000110101
000010011111000111
111110110110011001
111101100011100111
111101101011110100
000011101010011011
111100101111001111
111101100001000010
000010111111101111
111010101101000101
000000001010100100
111110011100110111
111011111110111100
111101010011101111
111010011111110111
000001000110010101
000010100011100001
111101010111101101
111101101000100100
000001011100111100
111111000111001011
000001000011010010
111001010111111000
111100010010111101
000011011001011010
000000111101001111
111110111110010110
000101000001110011
111101101010011000
000010111010010010
111110111001010111
111100000100000101
000000100110110000
000100001100100100
000010011101000110
111000011000100000
111100110000100101
111111010100100001
000010101100101110
111011100110010010
111100101110010101
000001100100001100
111111101100011111
111101010011111010
111100101010000100
110110100001100000
111100101111001111
111110100100011001
111111001001010111
000000010101011010
000011010111111111
111110001100001001
111101010101100011
111101000000101100
000010110011000000
111111001111101100
111010010110001011
111110111110010000
111110100011110000
111110110101011110
000100000101100010
111111101111110010
111100010110010100
000000111011100110
111011000011011111
000010111000111100
111101011000111001
111111100001101001
111101110111011000
000001110011010101
111100111111111100
111011100001111101
000001100101111101
111110100101001000
111011001110001111
111101101001110100
111100000101000000
000010101110010010
111110101001111011
000010010110111010
000001011111011000
111111010011110100
111111100001110010
000010111010000000
000010011000001000
111110000011010000
111110001011110101
000001001000110010
111101100110101000
111100111110010110
000000100101110110
000000111110000010
111101100110000000
111001010011111110
111101100001001010
111111001100110011
111100110000100011
000010111001011000
000100001101101000
111101110001010111
111111111101010011
111111010111010100
000000011000001001
111111011000110001
000011010010000001
111010101001010101
000001011111110100
000011110011010101
111101011011101000
111100010110101100
000000000100010110
111100110100100000
000001111110011011
000000010101001010
000000001111011001
111110101100100010
000010100110110110
111100110111101100
111101110101010001
111110000101010001
111011111011110011
111110001000001001
000010101011011101
111100101111001001
111111010100001110
111101111111010101
111111001101100110
000001111100111011
111100010111001000
111101001000111111
000001010000011110
000011101101101110
111000011110010110
111110001000100010
111001111101101000
111110100110100110
000011010110010101
111000010011000010
110111110101001010
000010110010110000
111101000000001111
000100011100110100
000000101011011000
000010001111001110
000010010111101110
111100111101110011
000000101001110100
111100010101011110
000011011101110101
000001011110100100
000000001110011111
111111010011111001
000101111010111111
111101001110010010
000001011111110011
000000011001101000
111100010110111000
111101111101001111
111111100001110111
111110100100011111
000010100110010001
111100010010110001
000001011101111000
000010101001000010
111011110000011110
000011110011100101
111101011100101000
111100111100010101
000000100011100010
111100011110000110
111011000101100111
000001000010111011
111101001001101100
000100001101010001
000000110100110001
000001001111010110
000010001000011101
000010101000011110
000001110110111000
111010000111110111
111101000000101101
111111110011000100
000000111101110111
111100010001000100
000000000011100100
111111000111001011
000011001110001111
111110010010001001
111101110100011001
111111010110111011
000000101011010000
111101111101101101
000010101100111000
111111001101110111
111101111010011110
000010100010101011
111111001011011000
111100110011110111
000010000001011110
111111101010101000
000010100001111011
111101011011111000
111111010010101110
000000011110101011
000010101010101001
000010000111001011
000011001000000001
000001101011101100
111100100111101110
000000110000111111
000001000011010010
111101111101100100
111111100010111100
000011010000000001
000001101011101110
111011101000110001
000100000101000001
111101100000100110
111101001010110101
000001010010010110
111110110101100001
111101010010101100
111101100010101000
111101010011001111
000011001011001011
111110001001101001
000010101011100101
000001111111010011
111111110110000001
000101000100001000
000000001101100100
000010011110000010
000001110011000110
111110000101100011
111111111010011000
111111001101010010
111110110000111000
000010101100001100
111011111111001000
000000110100101110
111001110101101010
111110001000001111
111011100011110100
111101001101000100
111011100000000001
110111010000111000
000001011000000001
000001100101001111
111000101001100011
111110110001110001
000001110100000010
111111101100000000
111100000111110111
000111001111111101
111110101000011101
110110001111110111
000001001110110100
000100101111111110
000000101111010001
111101011001110111
111101111001110010
111111001101001010
000000101111110100
111011010011001101
000100100011110111
111001001110001001
111101111001101101
000000000111001001
000100010110100100
111111011010110001
111111001111000010
000011010110010011
000001101110000110
111101110101101111
000011001010001110
000001100000111010
000100111100110100
111010101010010110
111010101100011000
000000000111011001
000101101110001011
000001101001010010
111110001010111110
111001110010100001
000100111000001001
111000110000011001
000011011001010110
000000010101100011
111101010011110111
111010101001000100
111110011111000101
111100110010010101
111101101100100000
000000000001001001
000000011001000000
000101001110100110
111101011000000111
111110111010101110
111011110010001001
000101101001101110
000100001001000010
111101000001100011
111110100100101010
111100011110100100
000000001010010010
111101111011110110
111011101010011100
000100010011001000
000011010011000000
111101110101010000
111010011011110111
111110011001011100
000100110011011100
000000100001111010
111111001111111000
000001011101011010
111110010101100110
110110000110101011
111111110011010010
000000011011110110
111011100110111111
000001110101110101
000010010010000100
111101111011110010
000011010111000001
111101110011010010
111101101011011011
111101110010010010
111110110010100110
000001100011011000
000100000100100111
000001000110100000
111001111111000100
110010100111110010
111110110000011111
000000101000011001
111100101111010000
000011101100001101
111111111111100100
111010100111101100
111110101000000001
000001001010100010
000000100110111011
111101110101110001
111000010001101110
111000110010100111
111100000001011100
000000001110110111
111111011000000001
000000000110100001
000100000001001101
000001000001101011
000001110000100000
000001100110100001
111011011110001101
000011000011000011
111011111110000111
111011101000100100
111100110000111111
000001010000101100
000001011001100111
111101011011100000
110100000100011100
000010011000100110
111111101110001000
000000011110010010
000101101001101111
000011000100001011
111101111101110110
111111111101001011
111110111010010100
111100010111011111
000010000001000011
000010000101010011
000010010101100011
111111101110011010
111110000000110010
000010000111110110
000000100001111001
111111100111111110
000010001110011110
111100110111110001
111111010111101001
000011000100101111
111111111000010111
111011101001101011
111011000000010001
000010110000010000
111011101011010001
000011100000001101
000000000000111000
000000111110111011
111110110101101101
111010001100100100
110110011100001010
111110001000010100
111111100100010011
000001100001100110
111010100010010001
111100011100011101
000001110010110010
111010110000010110
111100110101111101
000001001100101111
111110110101110010
111010001111101100
111101110110010011
000000100000010001
111101111001001011
111011011100110000
111100010011110010
000100001000110011
111100100100101000
111110010100001111
111111111001010110
000000101100110000
111110100101101001
000001111000110100
111101111110100000
111000111100001000
111101101100111011
000010100101100100
111010010111010001
111100110100011010
111110100010000010
111111001101001011
000101001001111010
111011110100110001
111110111101001111
111110100001101000
111111001111110110
111101111011010010
000011010110110101
000000011111001001
000001001101101101
111110110111100101
111100001111110001
111111001011010101
000000000100101111
111101110001110100
111101101000011000
000001101001010010
000010000110011111
111111001011011110
000010011101010100
111001000100110111
111111001111111101
111101110110001111
000001111100101101
000010101101010000
000011011101011111
000001111001111010
000000100111110101
111110011011000010
000011001111000100
000000010001101000
000010001100100100
000000000110001110
111111001011011011
111111000010101011
000000110100101000
111010010101010100
111100000001000111
000001001100000010
000011100010111000
000000000100011111
111110111101110011
111101001100010010
111011111010001010
111111010010110111
000000110100000010
111001110110010110
000011001100000111
111101011100101011
000010010100100001
111110100101110011
000010110111101101
000101000100001001
000001000011011111
111101111101100110
111111111111010111
000010011000000100
111110000000110010
000000001001111010
000010100001011110
111000011110101000
111011000110110111
111111110010000110
111010110100010111
000001101100000010
111101000011101011
111110100101110000
111010110001101101
111010000000001001
000000100010000000
000000111100100111
111110100100000110
111101111111000111
111111101101000010
111110001101011001
111111000010001110
111101100001000100
111111111111101101
111100010101001010
111110010000010010
000000101111000111
111100011010100111
000010100101101101
111111101001011100
111110000100011101
111111100001000101
111100001010001000
000001000110101000
111100000010001010
111101100011111011
000001100100010010
111101010101100010
000011110001010110
111111010101011101
000000010001000111
000011111101101001
111111011000000110
111111100011000011
111100011111110111
111110010000101001
000011100101010011
000000011100000101
000011000001100011
111110110111001100
111110111111100101
000000111000100000
111100010000111011
000001000011011110
000100011010110110
111111010110111000
000011110001011011
111001011000101110
111100010011001111
000000000010011001
111010101011001010
000011000010010111
000000100001001111
000001011000000001
000010100001001110
111111001100011011
111111111010010011
000001010100111001
000010011010101110
111001010010110101
110111001011100011
111100000111001001
000010100111000010
111110101101011011
111100111100101101
110111101011001000
000001100100110101
000010011111101011
000010010010011001
000101000111001100
111101010111110000
000000111100101000
111111010011001000
000011101101011011
111110010101001111
000001010111100110
000011001010111000
111100010101010100
111100011010111110
111101101001000110
111100011011001010
111010010010111001
110111010000100001
000001101111010000
111101100011000100
000001011111010100
000010111010110111
000010001110101000
111101100010111110
111001000001100000
111111010101000100
110111100011111111
000001000111110111
111110101110010001
000010010000000011
000010010001010000
110100010000001001
111010010010000010
000001011110101010
111101111100001010
000000011101101010
000000011111010110
000001101011000011
111011111101001100
111101100100100001
000000100100011110
111111100001010000
111110100001001001
000010001110101000
000000110101111101
111110011100010110
111111100100100011
111100111011000000
000010000001010011
111101100001000111
000010111100101101
111110100010001000
000011010100001010
000010110000001101
000000000010101000
000001100101010011
111100111000111111
000000001001111000
111101010010011100
111101001101101011
111111110000111101
000010110101010100
000001100111011011
000001110001011111
111011001001111001
000011010000100001
000001111110001001
000001000101011110
000001101100101100
111110010111000001
000100010011111111
000000111100000101
000001110100101111
000011111010010110
000100101000101110
111100100110100001
000101010101001101
000001110000100110
000001010101110010
111111100100111010
111011001010010100
111101001101010100
000001100000000110
111010011000001010
000010001111001010
000110000001011000
111110100000101100
111011101001010011
111011001110000100
111100100110100100
001000101110110110
111010101110101111
111101001101000011
111110111111100000
111111101101000000
000100100000011010
000000010010001100
111100101111101010
000100101000110011
000001110010101100
000111110011111011
111101110100110110
111101000101000111
111111010000001101
000001111101101001
000010000100000100
000100001001000011
000011000001011011
111110010011110001
111110011101110001
111101000101010110
000000111111100010
111101100000100100
111100010100011110
111101101000101001
111110010000100011
000000100001011110
000001100011001001
111110010001110001
111111011000000011
111011111011010011
111100001100101101
000011010011000110
111100001111000101
000001001110000111
000000101110011110
111110000111100100
111110010011101110
000001101100001111
000011010011111011
000011000101111101
000011100110110000
111111110010010010
111100011000000000
000010000001110011
000001001101100100
000011000111001001
111011000101001111
000000010010011100
000000100101001000
111010110000001000
111011110011110101
111110100111011101
000000011001111100
000001101011101011
111110001101011011
111100111010100101
111011101010101010
000000000110100111
111111110111110111
111101110110100111
000000010111111001
111101000011000101
111111011111101100
111100110000110100
111110010001111010
111011111101110101
000000001101001011
111111111100100010
110111010110001100
111110110001101101
000010011100111110
111111111000111111
000100011101010110
000110000100101010
111101001110011100
000000111000111000
000101000011001110
111100000110011110
111101100000100000
111011110100001101
111100001100000011
000000111100101000
000001010010001000
111011100010011110
111110001001001100
000010111110001111
111100000011010111
111100000101110110
000000011101101000
000101001001001110
111011100010101010
111111010100001010
000010011110101101
111101011111100010
111100111100000101
111011001000011001
111111010010100101
111101010100000110
111101111010001110
000110111100100111
111110001100011110
111010101111110111
001001001110111010
000100110000001010
000001110101010110
000011011100000100
111101110000100100
000011011011000000
111111100010110011
111001100010110000
000010001101001110
111110011101100100
111110101101000011
000110010011001000
111110110100011101
000010110110110101
111111001011111000
111111110000001001
111110011000011001
111011001100111010
111011111101101011
111100101101101010
000100100101111010
111011011011101100
111000000000101100
111010110100011001
000010110111110100
000110000000101010
110100001110010001
111100011000101110
111110110110110010
000100100001111011
000100111011111010
111101010110111010
111111101100001101
000010110100001110
111100011011101010
001000110000100100
000001000000101111
111101111001000100
111111001000001001
111111101000010011
111111111010111111
111011111001001000
000011110010001010
000011010011010100
111110111111100000
000011101111110101
111111000011001000
111110111101001110
000001010100000000
000010010010001100
000101100100000100
000000010011111111
111111010000101000
111111110110000000
111011111000100111
111111011001001110
110110010101001011
111110011111011010
000010110001111111
000010100001111111
000001001110011001
000010111010010110
110101010101010110
111010111000110111
111110001101011010
000000100001111111
111000010001110000
110101010000111101
111110011101101011
111011111010001000
111110110100000100
000010101011011001
000001110101000001
000000011110100001
000010011011010010
111111001111010101
000000111100000010
111011001010001010
000010010010000110
000001000001001101
000001101001100101
111100101001100111
000000110101111011
000010100010010010
111001001110100110
000001001110101011
111100100011011110
000010110011011000
110110110000111010
111100101001010110
000100110111100100
111110000101001000
111101010110110001
000010111100011001
110110011000101010
111101110110011010
111100000110011101
111011100100001001
000000111111101010
000000000101000100
111110011111010011
000010010010110010
000101001110011010
000010010101001100
000001010110110101
000011000110011100
111010111010011110
111101101000000000
111100000111011100
111010001010111000
111111110100101101
000000001100011101
111110010010010110
111111011000010110
000000001010111000
000101000101100011
000100011101000111
111110111001100000
111101011011111111
000001110000100010
111110011111101100
111111100011011011
000011011010101011
111101000111101101
111101011011111101
111110011111111100
111111010011010011
000101000100111110
000101001101101011
111111101111011001
000000110110000110
000100011010011101
000010110000110100
000001001000001010
111011011101000011
111111101100011011
111111101110011010
111110000100100100
000010101001000000
110111110010110010
111011100000001111
111110001111000110
000011111101001011
111101101101110000
000001110000100000
111111100000100011
000100100001100001
111111100001000111
111110101101000100
000001111000110101
000001010110101001
000101101100000101
111111000100110111
000010011000011010
111101110101000111
000001010000001000
111110100100110011
111001100111000110
111110110011010010
000001000101011000
111100000011000001
000011011100100010
110110010011110100
111110110011101001
000001001111011101
111111000100101101
000000111111001000
000010001000110000
111110010010110110
000011000100101011
000010101001000101
111100001001101001
111110101010111100
111101010101000010
111110101101100100
111101100001111001
000001011101100011
111011110111011110
111100111111101101
000101101000010101
111111001110100110
111101000010111110
000000010111110001
000011101100011011
111110111100100011
111101000100001110
111110011100000100
000001101100100000
111100011100001001
111110111111101011
111011110111110100
000011000111111101
000001110011001000
000010010010110101
000001100101000100
111110111101001101
111101001100101011
111111110110100011
000001010001000011
111111001111101011
000000010010111110
111110111101000000
111110110110100110
111111000100101100
111111111001010011
000001111000011110
000010110000000001
000000100101010101
000000011101110111
111110001000111010
000000101110110010
111101101100110010
000000010110000011
111110011011100111
000000011010011100
000000000001011001
111110101110110000
000000000110101111
000101110100100111
111101010100111101
111111010110011000
000100110001111001
111111101011101111
111101111101011100
000010111011110010
111101011011110001
000100101111010110
000010011111011110
111111111011011111
000011000001111101
000100111111011000
111111110000000001
000001010111001111
111100110111111000
111100111101010001
111001100101001110
111110101101110011
111101011100011010
111000111110011101
000000001001001000
111111001000001101
111110010100011001
111110001001000100
000100100101111000
111111100101110100
111011011011110100
111101100000100100
000000110100101000
111110110111110110
000000010110100101
111101100100010000
000000100010011101
000001010101011001
000011101010101110
111011000110010000
000010010101100111
111111110011111010
111111111100001011
000000101110111101
111000000111101000
111111101100101111
111110110100111101
111101101010101010
111101101000000001
000000111011111001
000000100011010001
111101000111001010
000010010101011001
111110101100010101
111111100110100010
111111000010000101
000010011100000011
000010001000101101
111101000010100010
000001111000111101
000011001101101111
111010110001111010
000011000101011111
111100111101000100
000100010100001000
110111110011001011
111100011101100010
000010111001111000
111110110100111110
111100101011111111
111110000100101100
111001000000000101
000000001010010110
111111100110101010
111111000011111010
111110010010001110
000010001001101010
111111001110001011
000010100000001101
111101100111011111
111111010001000101
111111011010100000
111111100010101100
000011011001001001
110111011011101001
110111111110010100
111101111110011010
000010001011101000
111100111010001011
000011011001111001
111111000100000001
111111001110111100
000011100101000100
111111101100110001
000010100011100110
000000111001110100
000011110010110110
111011111111011011
111111010111100011
000010010000100100
000010100101101001
111110000111001000
111101101000001110
111110011100011010
111111110101100100
111000110001000100
111011000010100001
111100011100101100
000001000000001110
000100010001101000
000001100100001011
000101001001110001
000010101001101001
111110110100101100
000001110000111101
111011110111100011
000001001010101010
111100011000011011
111111000100000100
111110000101111101
111101010000110110
111110000101100101
111111100101111000
000001011101111110
111110110100111100
000011101010100001
111101000101011110
111110100000111001
111100110100100100
000001000010010111
000100010111111111
000000010000011010
111110001001001110
111111011010010111
000001010000010010
000100010010010110
111011001000001010
000011000100110011
111101110111001000
000011000000110110
111101110100010101
000001010001111001
111100011100111111
111101111010001100
000000010100101001
111111001011111111
000001000101011111
000011001100010100
111111110000011001
000010010100100110
000011011001011001
111110000110110000
000000010000101100
111111110010111110
111100110111011101
111101101111011001
000101001100010010
111111011110111100
111101011010110010
000011001010000011
000010111010101111
111000010101001001
111111100111110010
000011110010000010
111101000000100100
111111000101010010
111101010100001101
110010100101001111
000001101100110101
111010010101111100
000001000110111010
111111001101101110
111110010101001010
111111101110101001
000100101000111001
000101111111110101
000000001000111111
111101110111110111
111110011000111000
111111001011001011
111010011000101000
111100001011001101
111100000111011010
111101111011000101
111100000010011101
111111000001010100
000000010001011111
111101010100011110
000001101111110010
000001000010101111
111100011011011011
111100100111000011
111111011001001101
111101101111110111
111101011010000100
000011101011001110
111100110001000111
000000010100111010
000010110000111010
111011110100011101
000101100110001010
000001011000011101
111111000101010100
111110101100001001
000000110111100110
000010010110110111
000001101111110111
000001101101010100
111101001110010110
000110000100110000
000001110110111000
111111001100110000
000001000001000010
000001001110000110
000010100110111001
111111011010110010
111101000111001010
111110101010010110
111110111101011011
111111001101010000
000000010011110000
000101010101001011
111100001101011010
111001101100101101
000011001110100101
111011111101100111
000001011010011100
000100110000100000
111010011010001101
111110110010010111
000001101110100101
111001100101111011
000110010001011111
111100001111100110
111011110110011111
111110001110001101
000011100101001100
111110111100110011
000011100001001010
000010011110010000
000001101111100111
000100100101011011
111111001011011101
111010100011001001
000001000001101101
000010100010111100
000011101000010100
111100001000001100
111110010011001111
111111000000100000
000001010010001000
111101011100001011
111110111000001001
111111011100000001
000010100010010011
000000101010100110
111101111111110100
000001100110101011
111101111101100100
000011011011110010
000010100010100011
111101111100110110
000000001011010110
111010100000100111
000100000101100100
111011110111100111
111111001110000110
000000011010111011
111110000101000100
000010011000101111
111101110001011110
111110111011001011
000001111111011111
000000100111001011
111110011010001011
111111000110110100
111110010011110101
111101010010110000
000101100001110101
000001111011101101
000000000110001010
000001110010110001
111100110111010010
111101100011111100
000000010110001010
000011111100010111
000010100111010001
000000110110011101
000001001010110011
111110101001101011
111111110101001011
000110000101111111
000001111011010011
111101100100100000
000011100111001100
111110101000001000
111100100000001111
111111101010111101
111101111001100010
111110000110011011
111100001100111000
000011101101100101
111101001011100100
000110100010011111
111110100110100101
111011010000011101
111101101010101100
111000011011101001
000011011111110111
000000101100011100
111001111011000001
000011111111011000
111111111101100000
000010110010101111
000000101011100101
000010100110011111
000111010101000001
111011111100111010
111101110010010010
000010000111100001
000010101001111011
111010100111101101
000001000011101101
000011000101111001
111111100000101100
111011101100000010
000010100011110011
000001000101000110
111110000011011111
000000110000000110
111111011101101101
000001001011111100
000001111001000011
000000101001111001
111001001101010111
000000111110111011
000011000011100011
000100001110101011
000101000001101010
000000101010101111
000001111110010000
000011011101000100
000100000110010100
000100000011000000
111110100011001001
000001111101001111
000010101101101111
111011000011010110
111110011101010010
000011101010111010
000000101101000000
001000110001111101
000001110001000010
111011101101000011
111100110011001001
000111111110000100
111110011011010111
000001011101100111
111010111011000001
111110100000001111
000011111011011101
000100111011111100
111111101001010000
111111011100110001
111110110110001100
111101101010010110
000000110001101000
111111000100110101
111110000100010010
000010000010101011
000011101000000101
000001111001101100
110100011010000100
111011111101011010
111110101111111111
000001011001101110
111110110100111101
000011101011110001
000010101001100011
111010010000111110
111110000001100111
000011001010010010
111111111110100110
000010011111010010
000100110101001011
110101000111011011
000100100100100111
000001010101101010
111110110000000100
111111001001000011
111111111110010010
111000000110110101
000011001001110001
000001101111010000
111110001111110001
110110011100011101
000100010111101010
000101000000010010
111010001100001000
000011001010101011
111111111011111100
111101011000000110
111010010110111010
000100001011110000
111111101001110100
000010011101101101
000000000010100100
000010100011100000
111111110101101001
111101010111100000
000011001001111001
111111011011001000
111010110001011111
111101110010011111
000001100011000111
000001111010001000
111010010000010011
000101000011101111
111101110011111100
111011010101010100
000011001000101001
000001011100111000
000001010101001110
000001001011001011
000001110110011100
000010111101010001
000100111110001111
111100101000011000
000001011101011001
111011111100111011
111110001010010101
111110110110100010
000100100011000110
111101100110111011
000001000010000110
000001000001101010
111111000101111100
000100111001000101
000000100101111111
000010010101100110
111111110001111110
111100011010001101
000000110010110100
111100100001111001
111110111100111001
111110110101100110
111110001010011010
111101101100111010
000000011101000100
000000011101101100
000010001001111100
000001110110111110
000010000111000001
000001110100111100
000010110111110111
111011111111011011
111100111111100001
000001101001101010
000010111111000100
111101100111111111
111011101010100010
111110110111010001
000010101010111011
111111110100101111
111100101110000110
000001000001100110
111111010001101110
000000110101111111
111101111110100011
111101011110011100
111101010111110001
111100010100110010
111110110011000110
111110111100101001
000001111111010111
000001101111000010
000101010100000110
111101001100001101
000010100101011111
111111000110001110
000101011100011011
111010101101000101
000000000001010010
000001111101011000
111011001100111000
111110011101010010
111110111000111000
111001100001100000
000101001011001111
111010111101000110
111100100000100010
111111111010101011
111111001011100110
111110001011101100
111110011101010000
111100010000001010
000000101111100001
000000000010111001
111111000100110110
000001110100001001
111111110110000010
000010110101000111
111101101000100010
000100101001111001
000010000000101100
111111010001001100
000001010111011010
111100100001100110
111011011100011101
000010000000110010
000010000000001001
000001011010011101
000010100010110001
111111110101101000
000100001001101011
000110001010110101
111110000000101001
000000100101111000
111110010101000001
111111111010000001
000010111010010101
111101110011010001
111100010110001100
000100101110011001
111100000100001111
000001001110100110
000000111010011000
111011110011000001
111100011010001111
111101010010111010
111011000010010110
000101101010011101
111100011111110111
111011100101110101
000001111110111110
000110111000100110
000001001001010011
111111110100011001
111110000001111010
111101101101100110
111011110111010000
000010011101011001
000001110101110010
111101111111010011
111100110110011110
111111111011000001
000100001111001111
111101011011100101
000001100010101101
000001101011110100
110111100000100110
000000011000101011
000000111011111001
111000011100111000
111101000010001100
110111011011010011
111000010001011111
000000011000011111
000010100100010011
111101101010110001
000000001000110101
111101100100110101
000000101101101001
111010110111000101
111110111001010101
111111101111010001
111101000100010001
000000111001100101
111110010001101100
000000110101001101
111011011110110111
000100011011010000
000101011111100101
111100010101110111
111111010101101101
111101101100100101
000011000111001111
111010011110100011
111110110110011001
111111111101110011
000001100001001001
111011011111100101
000001100111001001
110110001000111011
111110100100100010
111111101101000011
111011011101100011
111111011100110000
000001100010010100
000001000110011110
000001110101000011
000000110110101010
000011010111100001
111111011011100001
111101100001010110
000010111101110010
000100100000010000
111111000001101111
111101101101001101
111001010100110001
000000010110001110
111101111000000101
000000111101000011
000010001011001011
111110101100110000
111011010101011101
111110110010011111
111110000000001110
111100110000000011
000101111101001011
000000011110100010
110101010001100001
111111100010001001
111100101010100101
000100001111010011
111111001010001110
111101011100011101
000011111100111010
000101111111011101
111110110101000100
000010010001100010
000001000000100010
000001110011000110
000010011110011001
000100100100111101
111110011011011111
111100000000000001
111110000111001111
111110100001001111
000011100111100100
000000110011110001
000000001011000010
111111100101010010
111000011111001010
000000001100100000
111101010100100101
000010111101001100
000010100101111100
111111101011110110
111100011100011101
000001000101111111
000010101110001010
111100110101001010
111110111001100011
000010100010111100
111110101011101000
000001010010110110
111000001010001100
111111110011000001
111111011011110100
000011111101011010
000000001001001110
111111101101100001
000001010110111011
000000100111011011
111110100010010010
000011100110110111
000000001111100101
111101001011010101
111100001000001101
000011010101101010
000010101000101010
111111100001001000
111111110010110010
111110010110101010
111100101111100100
111110010001101100
000000111000010101
111111101110111111
000010000100011010
000000111110111000
111011001100011101
111110111010010011
000011010001000010
000101011110111111
111100011110001011
000010000100100000
000000000101101011
111111000111001111
000000100001100100
000001001100001101
000010100110001010
000000001001100110
000010000100010110
111011100101010111
111111010111100001
000111000011010110
111111100000110100
000011010010010001
000000101001011110
000100001100001001
111010111010001100
000010110011100010
000000101010100111
111101101000011110
000000010100011000
111010000010000100
111110000000010100
000011101001111101
111101110100111101
000010111110010010
000100110011001110
000000100001111100
111010010111000111
110110011110111100
111100001110001110
001010010010101011
111110001110111101
111110000010001000
111101111111100010
000001101001101001
000011111011111010
000001001101101101
111111000011011011
111011101001000011
000010000000000010
000100110010011010
111101001111000101
111111111011011000
000000011011111111
111110111111111011
111101101101000000
000000100010111100
000100000001011011
000000100000000110
000001101000110010
111100010110111010
111110010011100101
000001001101110100
000000100101110100
111101100001101010
111011011110101011
111111111011010101
111101111000100010
000100000101000111
111101101110000111
000100100100001001
111100110101100100
000010110000100001
111100010110101111
111111001010001101
000001101001001010
111111101101001110
111111110100101101
111110100011100111
000011000111101000
000011011100100101
000000110111110111
000010001001010010
111101001111011110
000000011110111011
000000001001011101
000011100100010010
111101111001110111
111101100100110001
111111111111001111
110111111001110101
000011010110100101
000000100000111110
111100101000010101
111011000010110000
111101000010110000
000001001101001101
111001001100110011
000100101000010111
000011101101001110
111101000011101000
111011101010011010
111101010001110011
000010100001100101
110110111001001111
000010001011001111
111110010111001111
000001010001110101
000011001111000011
111000000110010110
000110011010001111
000010001000101001
111110111010111010
000001000110011110
110111000111010110
111110011111100000
111111011100000001
000001011000011000
111100100101001010
111100100100000011
000011011100010100
111010011101000001
111011100011010111
111110111110001001
110110000011011111
001001011101011100
111110101010001010
111110110100000111
000101011110110111
000000011001000111
001000010111100010
000010011011001010
000000001001011000
111101111110111000
000100010011001100
110110001110001001
111101011101010001
000101011111111001
111100111100101101
111111000110100001
000100000010110111
110100111111101110
111100011010000010
000011010001000011
000101000100101100
111110101000101101
111101010111100110
111110100001010101
000101111100100011
111100111111110110
000010000110110100
000001111010110011
000000001111111100
000100111111101001
000100010100111100
111111101011011111
000000001111010100
111100001011001000
111011110000101001
111101111001001000
000001101110110111
111100010111100110
000000010111110101
000101001010010000
111110110111111101
111001101110001010
111001011101001000
000001100001001101
000110110111000000
110000000001001110
111000111000011010
000010010011111000
000011100000010101
111111111001011000
000000101001001001
000001110110010010
000000100010001000
111101101010000001
111001110010110000
000011110100111011
111100010011011111
111111001111101001
000011000011010111
111101101110000001
000110010110001110
111110101001011111
000000111101110011
000011101011100000
000110011111101110
000010001101000001
000110001001100100
111111100101000111
000001100100111011
000100000000111101
000110000100101100
000011001010110100
111111010001110101
000100001110100010
000101110101100000
110001001010110111
000100001110011101
000011100100110010
000001101011101100
000001111101100010
000000010100110001
000000001010100101
000011100010101011
111101000011111000
000001011111000101
111010001000101011
