000010010001111011
111001011000100000
000010000110110011
111110100011100001
000000110100101000
111110001001111001
000010110100010111
111101101111011010
000000011110001011
000010001111101010
111110010010101100
111100000011100000
111111000100110001
000011001011110000
111111111000111110
000100100100010001
111111001100111100
111110111100001011
111011111000111100
111110101111000100
000000100011011011
000001011101011100
111011011001011001
000010000101110101
111101111100100011
111101110001010010
000010101100001110
000000010010001000
000100101001011110
000100000001111011
111111001011001101
000011010010111011
111100100000010110
110101100000111100
000001000011110111
000000111000111011
000011100111011110
111101111100100001
111111010101110101
111110110110110100
111110010010001010
000001011011001011
000011000001001000
000001111000001000
111110100101011111
111101111001001100
111010001000011101
000011011101111001
111110100000111010
111110011001011100
111011000110101001
111111111010010010
000001100001111010
000001111011100010
000011011001111001
111110101010111101
111110101000110111
000011110111000000
111110100100101111
000001110001001100
111111011110100011
111100100001010100
111111001001010011
000000101011111010
111100011100111101
111101000110110100
111111001001100111
000010101010001111
111110101100111011
111101110011110011
111111101000001001
111100111101101101
111010111100110111
000000111000010110
111110110101101100
000010000011000010
111111101101000111
000100011100110100
000000110000011000
000010011010100011
111001111111111010
000000000110101011
111111001011010001
111111101101001101
000010001001001100
111101001100111010
000010111101001000
111111101110101100
111110000010101011
111101111100101010
000000000110001111
111001011001111001
111101010101100011
111111100100110010
000000001110001001
111100110100000110
000010011010111100
111011100010010101
000001100010001011
111110100000100011
000010001011001110
111111001110110100
000000001110100111
111101100010011110
111110110001101011
000010110101110010
000100000100101010
000101001011110100
111111011101011010
111010010001110101
000001101111111100
000000101010101000
000001101011111101
000011111111101001
111010001110000001
111111100100101000
111101001011010101
000000011110101101
111100111111100000
111110110001000100
111100010010001111
111111101110010001
111011110101000101
000000110001000010
000000000101010011
111110101000111010
000011100101000000
111100101001011001
111101101110100000
000011101000001010
000000010111100101
000001000010010010
111101100000010101
000010101011001011
111110010001010001
000010000011100110
000000010100101010
000101101011010100
111101010110101111
111110110111101100
111100110111100100
111100101010110010
000010010100001100
000101000010000111
111111101100000110
000110001011111101
111011110010110111
000010111011101000
000011000011000101
000010010100100000
111100110100111011
000010001101110111
000000000101100110
000011110110110000
111101100001000010
000010001000010110
000010001111011001
000011110010010011
000010110001011101
000011011001010010
111111010011001110
111110011101011111
111101111110100010
000010101000010010
000000000111000011
000010001100001100
000000100010010000
111100000010001111
111111111011010011
111110110100100100
000100001110000101
111111001100101000
111111100111000111
111100101101000000
000010010000111110
000000001010010000
000010000011100100
000001011101000100
111011000101001110
111110110000011101
111101010111100110
000010111100001100
111111001110000110
111111001000011000
111110011101111100
000001010000001010
111111101010101111
111011110101011110
000010110001001001
111100001010111011
111101101100001101
000011001001111010
000011110011101001
000010011000001001
111011010110011111
000010000010111100
111101101111000011
111111100111000111
000000000110001001
111101100111110110
111101011111011110
111111011101010000
000100100001000001
111010111101000101
111101100110001010
111011111111100001
000101101110000110
000011101011011011
000011111010011001
111101110000011001
000100110001011110
111111011010001001
000100001001101011
000010011110100010
000010011000110110
111101110010011010
000110111110001011
000101000110110011
111100101011110011
111110101110100010
000011001001100100
111111011011010011
111100000000101101
000000000000011100
000001000101000001
111010111101111011
111100101001101101
111110001001111101
000001000110101001
000010010010110111
111110011110001111
111011011110100111
000001100100110010
000010000101001011
000001101100000011
000010001000111010
111101111011110110
111101001001001011
000100100001011011
000001110010110000
111111100011110111
111100001011101000
111101001101110000
000010100001111110
111111100010101101
111101110111100001
000011100110001011
000001111101010101
111100010110101010
000011010111001111
111111001001010101
000100000001000001
111111010110100011
000010011010101001
000011011101100010
000010101011011111
000010110000011010
111110100001001110
000000101101010000
000010111101000111
111101110000100011
111111011010110001
000001101000100111
000000001000011110
111100110110000010
111110100101101101
000001000110111110
000011100110001000
000100100111001000
111110010111100010
000000000100101000
000100010011000100
000011101101001011
000011001011010011
000010100010001001
111111100001001101
000011001111100001
111111011101010110
111101101100100010
000100010011000111
111101001000110101
000001100011010100
111110100111110011
000010101100000110
111100100101101101
111111101111101010
000000100110110101
111111100100111010
000000110011110111
111010110101111000
111111110000101001
000001100000100110
000000010111110001
000010001101001001
111111100010000001
111110011001010110
111101010001101000
111101111011000110
111101100000110010
111110100111101111
000010001001011000
111100011111010001
000010010011110000
111111100100111000
000101110111001000
000010110010001001
111101001101110011
000001100111010101
000010101011011010
000010101001101001
111101111101111000
000100101001101000
000001101011010011
000001010000101001
111011101110010001
000011110111010011
000001100111010100
000110101110010011
111111110000111100
111111100000011010
000011010100001000
110100111100100010
111111010001000001
000100001011010111
000011011010100000
111100010110011100
000010110101100110
000000011010110001
111010111111110000
000001100100101111
000011010011101010
111110001110000000
000000100011010110
111110110001011111
000010010001101001
000010110110011101
000100010111011110
000110000100100100
111001101011011001
000000111111110000
000001111110000010
000000010110010010
000100110111001001
000001110101111010
000001001011011111
111110011110100011
000000000111110001
000101010010010000
000100011101000111
111111010011101111
111110101000110101
000001100000000001
000000111011111111
111000000001011001
111011101100000100
111110111010110001
111110011101001001
000011000111010110
000000101011001000
111110101001101000
000110010110111101
000101110010001110
000000100100001100
000100101010000011
111101010000111111
000000010010001111
000000010110111110
111110010100101110
000100101000001101
111110111001101011
111111110010101010
000001000101000001
111100110011000100
000011101000110111
000000000101010101
000000111111001100
111101110111110010
000000111010100101
111111110110100011
000011011101000010
000011011001011101
000000010111100010
000101110111000000
000010011011000110
000000001111110111
111111010101111000
111110110100100110
111111111011011111
111101011111111000
000000001110000011
000000000000111000
111101010011000001
000010101010010000
000000011111111010
111111011011101001
000010100101000110
111111110001111101
111100000111001110
000000101101101110
111110001011110010
111111000011000001
000001011111000111
111001001100011001
000010011110110101
000000110000111011
000010010001001011
000000000011000010
000011111011111011
000001011010111101
000001001001110010
111111011011010010
000100010010111111
111111101011011001
000001001111001111
000010100110001111
000010100001001110
111011110011100110
111111001000101110
111100101000101110
000000010000000001
111111010011111011
000001010100111101
111101111011010011
111110010000000111
111111010000110001
111101100010101111
000011010101001101
111111011010000010
000010001110010011
000010100011011011
000011001110110011
111101111011110001
111110000100001011
111101100010110100
111101110100101100
000000000111100011
000101110100100110
000001000010111001
111110111110101111
000100001100101011
111101111010001110
111111011001010110
111101011010101000
111101000110011110
000011111011010100
111111001100111001
111011100100110100
111101101001001101
000001010100010000
111011010010000011
111011010010110010
000001111001101110
000010010111000110
000011010011010100
000010100111111001
111111101010011011
111101001010001010
000001011011111110
000000010101111100
111101111101100101
000011100101100000
000010101000110100
000000110001101010
000010001000010011
000000111110000011
111111011100101010
000001101000101110
000001100011110101
111100100110010110
000001001010100110
000011110111111111
111111010111100011
111110111000101011
111101010111001101
111100100000100010
111100000101010001
000000010100110101
000001011011101111
111100010111011011
000010000111011111
111101011001111000
000001000100000010
111101100101110011
111111110101011000
000001101010101011
000011101101011011
000000101100000111
111001100100111010
000011010001110100
000011010011110010
000101011011001110
000001010010111001
111101101101100000
111110110010010101
000001110000001101
111100110011000011
000001111101000010
111111110010000010
111100001010110001
000001001010010100
000010000000100101
000001011111001100
000001010110010000
000000110110110101
111100100011000001
000010000101111111
000100001110010101
111101101010001111
000001111111110010
111100100010100111
111101011100000100
000001001010101111
000100111101001011
111110000111011100
000000000100100010
111010010011010011
110101011001111110
111011110011010011
111101001111001111
000000101011000000
111110011011111111
000000100001100000
000011111101010010
000010111011100010
111111010010011000
000110110100110100
111110110110001101
000000000110110111
111001100110110100
111101111101111110
000010001010100100
111001110010111100
000000100111001001
111111110000110010
111010001100011011
000100001011011010
000010011111100101
111000011000001101
111001110111011100
111011100100100010
111100000010000101
111001000110111110
110100100110101101
111001010010101101
111100101101001101
000000010000000101
000001110101100011
111101101110101101
111110011100100101
111000001001100010
110110101000011111
000011001111101100
000010101010110111
111101101110100010
000010010110110111
111101000100001001
111110011011011011
111010110001010110
000101010010101110
111011111110101111
000010100011110110
111110111111111111
000001110110111011
111111000101101101
111110000100001000
000001100101010011
111001111110001100
000000110101111110
000100010011111110
111001010000011111
000001011011110100
111111011100011000
000100110111111110
000010001101111111
111111011001100111
111011010101000011
111111001111100110
111101000101011011
111010111010110011
111100000010100111
000010000000011100
000000010000011110
110110111001111000
000000011110111110
000000001011000100
000000101100110011
000011001001101010
000011010101011110
000011110100100001
000010111010000111
000010110000011010
111100000111110100
000001010010011111
000010100011000111
000001111100000100
111110011001110101
111111011101100111
000010010001010111
111101110000110010
000010001011111111
000000101111010001
111111110010000100
000000000100111010
111110111010111000
111100001001001001
111111011011011000
111101010011100110
111110110100100011
111110101101001010
110110001010001101
000000001111110011
111011110000011001
111111010100010101
000010001101101000
111111011111010110
111100100010000101
000011100111101110
111101101111111010
111111000101110111
000000111110000000
000000000101010110
000000011110001001
000000000011110111
111111001101010100
111011000101100001
111101000101110110
000000000101001010
111100010001011010
000001100010110101
000001000111101110
000000100101010101
000011100011110110
111110111001011000
111100000000100110
000010011110010110
000001111001000111
111111111100110111
111110100100110011
000010011100110000
111110011010110000
111100110110100101
000000001011010111
000001110110111110
000100000000111111
111101000011100001
110111011001111100
000010101011111100
111110000010000001
000001011001111110
111011001000001000
111101011010100101
111110000001110001
000000111100000100
111110111101110011
000001001110100000
000000000110010101
000010100100011000
111101101001110110
000001001111100001
111011110100001111
000000110001001110
111111110101111000
111101101110000011
000000100011011111
000001010011111110
111000010100101110
000010111110110101
111111110100011011
000001100110100010
111110011100010100
111011111111001010
111001111101011110
111101010111100000
110111010110101100
000001111011100011
000111000001100011
111011001011000110
111111110000001011
000001110011011111
111010101111101110
000011011001000000
000101110011011111
111101011010100010
000000101001010111
001000010010111001
111111101111001111
110111101100100011
000100011000011110
000011101000111100
000001011101011001
111010101101100011
111101000111011011
000010111000101100
111111010100001001
111111110000111001
000011011001110010
111011110101100101
111111010111011001
111101101011001011
111101001110111001
111101011000110110
111001010101101011
111011110101011101
000010001111101100
111110110010011000
000010110111100101
000000000010000000
000011000000000010
000010000110010010
111110011110101111
000010010011111011
111001100010001100
111100011011101100
000000100111101101
000010000010110001
111110000000001010
111110001011111101
111110110010101110
111001000100111001
000100010000001101
000100011100111000
111100010010111111
111010100000010100
000100001000000111
111001000001101000
111100101110001100
111110110010101101
111001011010011110
000001011001111110
000000000001110010
000011011100010001
111000110110111011
111111000110110010
111100001001110111
111111000100010010
111111010100110011
000000001111111001
000000011110010011
000000001001010011
000001111000101101
111111101101110111
111110101101100101
000010111011001000
111011111110000100
111111010101100011
111111111111100011
000000010011111111
111011011000101110
111110001010100001
110110100101010110
111111011001100001
000011001000111110
000010110111100001
000011000110000001
111110111001011100
111110001001110101
111110011001111011
000011110011111011
000001001000000101
000000001001000011
000011100101010110
000000011101001000
111110010001100010
111110101010001100
000010001101010100
000001001110011001
000011110011101100
111111010010110001
111111001111111100
111100000000010000
111101101000011011
111111001001001110
111111100001101101
111101100000111011
111111110010111111
111101010010000111
111101001100010001
000001100101100110
000101011000010111
111101000001001001
110111010000110010
111110101101001000
000001101010010101
111110111001110000
111100100010100011
111110010001100011
111111000000000110
111100011110010111
000011111100001000
000010111000011101
111100110101110100
000010100010100100
000000010110000110
111111111001011011
111111010011011101
111100010101000101
111101100001001101
111101001010001101
111111100000100100
000010101100100000
111010101110011110
111001011110001011
111100110110010111
000001101010100001
000011001011001110
000100010100100110
000001010100101010
111110111011111100
111110100000110010
000001001100000001
111110011110011011
000000000000000000
111101010001101101
111111100110111010
000100000010011101
111101011001010000
000000100001100000
111111111111010011
111000001010001001
111110111010101001
000000010111001101
000010111001001010
000000010001110100
000000110111001111
000010011000001111
000001000000011001
000000111011011101
000000110111010011
000010110010100110
000010100101011101
000010100000000100
111111111010010010
000000010110011001
000001011011100001
000000100010000001
000000110000011001
111111010111110000
000000111110111101
000001100011001010
111101001101010010
000010010111011111
000101011000010001
000011101100111011
000010001101111001
111110101011011111
000100010001101010
110110010010001011
000011010010111000
000000000111100010
111111000111000000
111001110111100000
000011100100101110
000001111000101100
111011011110111100
000000100010001101
000011110110111011
111101101011110100
111101110011011001
111111101111000000
111101110111011110
000000000011001010
111101001110110101
111101111101111001
000000000011011110
000010110101010000
111010010100001001
000000011001001001
111110010001111111
000100001100100001
000010001100110011
000001110100101111
000001000001100000
000001000110101101
111111100110101111
000000011001000001
000010011011111001
000000010110011000
000010100001101000
111101101011011100
000000111010000100
111011100100000001
000010001001100010
000001111010100100
000001111010101010
000101001011111101
000010101000111010
111111101011100000
000001100011011111
111011110100001001
000000110100011010
000010000010100111
111101111100010010
000001111101000110
111101100101100101
111111111111000101
111111100100111011
000101101011000111
111100100000001111
000010111001101001
111110000111011100
111100101111010100
111110110011101100
111011010111100101
111101001101001010
111011001010000101
000001111011001110
000011000000100010
000110000011101110
111110001100111100
000001001100100111
000110001001010010
111101101111100110
111110011010100010
111010010010100110
111100100011110110
111101110010000010
111110110011011010
000001001001101101
000000110101010011
000000100000110111
111010110011110010
000011011000100010
111100011110110100
111011101001001010
111000001100111000
111011111110110111
111001110010011101
111111010010110001
111011010010110100
000001000100111111
000100110101001100
111110011001100011
000001101011011110
111101001010010000
000011111011111001
000000101001111000
111111011111110111
111100001010110101
111101001100010011
111110100010110101
111111000101011100
111011000000101101
000010011100000001
000001100110001110
000011100000111111
000010100010011111
000000100000010010
111101101111011010
111100011111010111
111110110100000000
111110101011110101
111110100001011101
111110101110100001
111100001001010101
000000011000110010
000100110101011011
000100001011001110
000010000111001000
000101000101001101
000001010010101010
111101101110110101
000100111010001000
000001011010010100
000001010001001001
111111111111000011
000001010100111011
000100001001111001
111111101101001010
001000000111010110
000100001001010000
000110010010110111
000011101011000000
111110110100011001
000101001101101111
111011010010011011
111011010000000110
110101101110010101
000000011011110011
111101101110010010
000000001110110101
000010101001100111
111100100110111001
000001011100011100
000000100001010101
000010001111101000
000001110101101001
111001000011111111
111010010101110011
000000111100001001
000011010001101011
111100111111000100
000000100111001100
111100100001011100
000001111110101111
000101001110100100
111110111000111100
111101110100011101
111111100101110111
000010011110010101
111011001101000000
000011100101000010
000101001010111010
000000011011101010
001000000110100001
000100110010011001
000010111000110110
111001110101100101
111111000011101010
110111011110110010
111101101101110001
111111101010101100
111100010100101111
000101011111110101
111111011010100100
111111101110010110
000010101001010100
111001100110011001
000010110100010111
000010001110101011
110111100001001110
111100101001010011
111100010110000000
111110101100111101
000100001010111110
111111101110010101
110110000101011100
000011011111010001
000000010110110011
111111010000010010
000000001111101111
111110010011100100
111100001101100100
000010000010010010
000000111000100001
111100100010010000
111110000011011011
111110011110011010
111111011101110110
111011100110001110
000010111001111101
000000011110100010
000001101011001010
000011010101100000
111011110010101100
000100011101100101
000100101110001101
111011101110011011
111110101111010011
111101011001010010
000011011101001011
000011000101100101
000011100000111001
000100000000011100
000101010100010100
000001100110111011
111110111111001111
111110100000011100
111010110001000100
000011000001101001
111111100110101010
000011010011010000
000011110100100100
000001010110011011
111110001001000110
111111101010110011
000000111111111111
111111111111011000
000001010011111011
111110101110010000
111111101101010111
111101001000100011
111100110011000000
000001110100111110
000010111011110111
000001010100110111
000000100100101101
000010100000001010
000001001010001111
000010000001110011
111111100001001010
111100100001010101
000010111100011000
111101111110111010
000000000011010101
111101101001010001
111110101011100011
000011010110000101
000011011000111101
000001011110000011
111101101110101011
000011001010100010
000010001001111110
111100110111100010
111011100010010011
111101010010101010
111111001100000111
111111001110011100
000000011010111111
111101111110101001
111111001110101011
000000101100001000
000100000111000111
111111010000010101
000010100111100011
111000100110111011
111100110011100101
111110000010010100
000000101111010010
111110001101100010
111111000010100010
111111001100011000
111111000001101100
000010010100111001
000001011001001110
111100011110010011
111101010101011110
000001001001000111
111010111100011100
111101011111111011
000000000011001000
111111100010110010
110111111000011110
111110000100001111
111101110111010000
000001100111100101
000011101011111111
111111111001010011
000001001100011000
000011100111100110
111111111001111000
111101110101100011
000100111000100110
111100011010001000
000001110001010010
111100000111110110
111110110111011010
000001101001010011
000001111011101001
111101101111011101
111100001100001110
111110111101001111
000010010011100011
000001101000101001
111100001111110001
111101001111001101
111110010010000100
111100111001000111
111110110101010101
111110100010001000
000001001010001010
000010110110110011
111111100110011111
000010000010001000
000010011011100101
111011001001000011
000010011100001110
111101010001011001
000011011001100101
000011001000110101
111100101011110001
000011000001001000
111111010110011010
111011100110001100
111110101001000100
000000110000100011
110110011010000100
111100111111111111
000011111101001010
000010110001010100
000001100101111110
111100001010011000
111101100100101111
000001001110111101
000000111000111111
111010110000100001
111111100111101001
000001000111100111
111110100000101100
111011001011111111
111111001111001100
000010100100111110
000011101110101001
111110001001101100
000010011000111010
111101010111000010
111111000110100011
000001100010000101
111111001011000110
111110100110100100
000000001010100010
111100100100010111
000001001110111011
000101000001011010
000010110010011001
111110110001001101
000011110001010100
111010111001000101
111111111110100000
111010010110101000
000010000101010110
000001001110111001
000001111010111111
111100111100100001
111110100011101101
111111100111000111
111101001110110011
000001000001000110
111100010001000100
111111110011111101
000000101010100111
000010010100111111
111011010101110000
111100100001110100
000001101000101111
000000011100001101
111101011000001001
111111001101011000
111011011100101011
111101110010101110
000001001000011111
000011100011000011
111101011111110001
000000010011001111
000000101001101111
000010000000111010
111111011110011011
000011001101000101
111100011001111101
000100011100110111
111101110101011101
000101000110111010
000100110000011100
000100101010110111
000000101010100100
000010010111000100
000001110111111101
000011001100010110
111110001001001111
000001000111000000
111100101001001010
000010011110001001
000011110000000001
111110000011000100
000010001001101111
000101111000000010
000010110001011011
000000100011110110
000011011100100101
000000001011101101
110111100010000001
111111111000110011
000010101001100011
000011011101000101
000001110111110001
111101100100010010
111110011010101000
000010001111101001
000001111000110011
000010001111001010
000001000100000100
110111110011111000
000100011111110000
000001111011011111
111111101101110101
111111001001100101
111010101001001011
111100110100000100
000000001010111011
000000110110110100
000001010000110010
000011101001010010
111001110011100010
111110111100101101
000001111011000111
111111111100001110
000010011011011010
111101101100000000
000001000000010000
111111000001001101
000000101100011000
000001011011110001
111101011111010101
111111100001010110
111110010101111110
000000010101100111
111111110011110001
111111111110100011
111101011100110110
111110111010100101
000010100001000011
111110001001001000
000011001011101011
000010100000101000
000010010111010011
000010010011011000
111110010010001111
111111100110110001
000001101100110111
111110010000110111
000001001010001011
111110010000101001
111110011111100001
111111101010100101
000001100111100111
000001000001010101
000001100000100101
000000001001100010
000010001000101101
111110100110001100
111101101111001110
111100101010000001
000000010100100100
000001011111010101
111000111110101010
111010101101000000
000000101010111110
111101111110110101
000000101000111110
111110010010110111
111101011000101101
111010110110100000
000010011110010010
111100110000110011
000000111011001011
111111011010110000
111010111010011101
000011011110101101
000000101100100101
000100010010100101
000000100001010100
111111000110111011
111110010110100011
000010101000000111
000000001111110110
000000010001110010
000001100000111010
111111000001010110
111110000101111101
111101000000011010
000101111100010000
000011101011101110
000100110011000100
000000010011100001
000011001000000001
111110001101110001
111010111011101001
000001100101110000
111111010010111000
000010000011111010
111111101000011000
000001000011010001
000000010101001010
111111000010101110
000011110000011110
000001111011101110
111110000110111100
000011110000110101
111111110110101000
111101001101111011
000001000010110101
000011101010000001
000101100101110010
111111001011001001
000100111000010111
000010111100111110
111111000001000110
000000111010001010
111110101010111101
000001010100001101
111101111001000111
111011011111100100
000100101111010100
111111111001010101
000010001111010000
111101100110110110
000010110010010011
000000101100001110
111000101110000000
111101110111101001
000000001111011010
000010011001001101
111111101001011111
000001011000010101
000011101110111111
000110111100010100
000110000101011010
000111110101111101
111111111010010000
111010000111111000
111111100100101111
000000111111000101
111111110101110010
000011001111111101
000010011000101000
000100001101110010
000001101011110111
000001100101000110
111101001110011001
000001011100010111
000010001000101101
000011011000110010
111110001011001011
111111100100100100
000000110110100001
111100001101100010
111101100001100110
000001010111011001
000011010001000110
111111100101100001
111001101000001010
111011011111110011
111110011101000110
000010111111111001
000011000001111100
111100100010010110
111100111001011010
000000110011000011
111110011000001011
000010111001110000
000000011111111100
000001000101000101
111111111110110111
111110011110011101
111101110010100111
111111110000111001
000011001010011100
111100011000010111
111100101101110111
000001110101110010
000001101010100010
000000001000011111
000011010001000000
000010000110110100
000001011101000100
111111001111101111
000101001010100001
000010001001110000
000011000111010100
000011100111111110
000001001101100010
111110111011001010
111001010010101011
111100001101100010
111111101110010110
111110110000001000
000010001010101100
111011000001011101
111011010100010000
111110110100101110
000011000110000110
000100011001110100
000000001001100100
000100101011000111
000011101010000111
000100101000111101
111110100010000100
111111110100100101
111100101101010000
111111011010111001
111110100101110111
000010101111001111
000001011101011000
111111011001110101
000001000100011111
111110000111001010
000000001111100001
111111101010111011
000000110111001000
111101010111101001
000011011110111010
000001111001100111
111111010101100000
111111000101000010
110111100010011000
000001100101010100
000001101100101101
000000010011001100
111110011001010111
000010101110111000
111101011111101110
111100110111111010
000010101010000011
111100100010011000
000001010101110010
000010111010100101
111101100010000010
000001101100100111
000001111100100000
000001010100011010
000011110110011000
000001111101110011
000000111101000001
000001000101110001
111110010100110110
000010010111101110
111110101111110010
111101000110101100
000000010100101010
111101010000101001
111111111001011100
000011010101110110
000010011010101001
111100111100000011
000010110110011011
111100011011010111
111101001011010111
111101011011111010
111111010111010111
000000010001000100
000010001101010011
111110001100111100
111111011011011000
000010011011010011
000100010001100101
000001011101000100
000010010100100100
000001101110110110
000011101111001101
111011111101010110
111101011101101110
000001100001000010
000000110100000110
111010101101001110
111101110110101001
000011001110101111
000000000001011100
111110101011011100
000000110000000001
111101100110110101
111111100101000100
000100010001111000
111100001111101100
000001001010110111
000001110111101001
000000000001000011
000000001110110011
000010101001011011
000010110000110010
000000001010000010
111011111110000111
111101100000010001
111100001101010101
111101010000110011
111110111011101011
111010101111000100
000000111110011110
000000111101011101
000011100101101100
111110101100101101
000101000010000111
111100111000111001
000011011010110111
111011100001101101
111100000011001011
000101000001001111
111110000000111111
000000111100110001
111101000001100011
111110000110101111
000100001110011101
111110110000000011
111101000111101000
000000011011010001
111010000101101111
111100111101001000
110111101000100101
110001110111010111
111010010110001101
111101010011100111
111100001111010100
000001010101010011
111111001111111101
111010100111011111
111011000100001110
111000111110111000
000000010000000010
000011100111010011
111100110111000111
000011001001001111
111001100101011111
111111011101000101
111101111011110010
000010100000011000
111011010110001101
111111011111000111
111110110101111000
000000000011001100
000000101110001111
000001001011100011
000000000110000011
111011101011001001
000000011010110000
000110010010100011
111011001000101111
000011101000111001
000001001001101000
111111111100110100
111110010110001000
111110110110100111
111100110000000011
000001101100101001
111101010010001111
111100011011010100
000001110101110100
111111111000011001
111111010101011000
111101101010111001
000001001000101100
000100101101100111
111111100001010100
000101000001010110
111111111101100010
000000000001100000
000101100110001100
000010000011111000
111011110111101011
111100110111100111
111111110011000011
000010101010110000
111110000111010001
111111111100101111
000010000001010110
000000001110011110
000000111011010110
000010011001100101
000000100011001110
111110110101101000
000010011010101100
000010010011011110
111101100000110001
000000001000101001
111011011110111001
111110001010101100
111001100011100010
000000011101111110
111111000000101101
111110001111001111
000001000010011100
000000011111111111
111101001111010100
000000110011101100
111101101111110101
111011110011000000
111011011000001100
000001001100111111
111110010111000111
111010101010000001
111111010110101010
111011100011100101
111101011010010010
111100001011000010
000000000111100100
111111000011101110
111100011011001011
111100111110111110
111111100111101110
111100011111100011
000001001000101100
000000111010001110
111101101010101110
000001011000111110
111110000001101101
000101000001011100
000010010000010010
000001011010111011
111111100100000000
000011010110011101
000001100011111100
111010111001111101
110110100111000011
000001110101101010
111110111011100110
000100010100011101
111101010111000101
000011111100101001
110111011001001010
000010001001010001
111111011110000000
111101111111011000
000000110010000000
111011101111000010
111010111100101001
000001110110101110
111101110001100001
000000111101001001
111011110000110001
111100010110111010
111111010001100101
111111101111010010
111101110100101001
111111100001011000
000001000010110101
111111101110010110
000001010100110001
111110011001011101
111101000010110111
000011000001110010
111101111000010010
111101000111111001
000101010000000100
000001101000010010
111111101110011011
111110111111111111
111100001110001111
111100101001001111
000110100011010011
111000100111001000
000100100000000111
000101000101111110
111111010110010011
111100011001001010
000000001011001010
111110101011100101
000011011011110111
111010010011001011
000001111001000100
000101001011001010
111010110110011001
000011100000111110
000001100101010000
111010000100000011
000010011101111101
111100010101101101
111011000100110101
000001001010100011
111110000011001000
111100111101100000
000011000000000000
000001110001011101
111101000111011100
000000101111010101
111100110111010000
111111100110111010
000001000000110101
000010100110100110
111110110110011001
000000110001001110
000011000000101110
111110101101100110
000011011000011000
000001000011111001
000000100100100101
110110100111100110
111101111000100101
000000000000100010
000001011010011011
000000000010110110
111110100110110011
111111101001101000
000001101000101001
000011100100011111
111011110100011111
111111000001011011
111101111010010111
000011000011110111
110111111011111100
111101110110110111
000000001001110110
000000011001110111
000010011010110100
111101001111011100
111110011100000100
000001100110001010
000001100011101111
000000001011001010
111110011000110101
000000110011110101
111111101110001100
000001100111111101
111111110000000110
000011001110101101
111110001010011100
000000000000100101
111100111110110000
000010111001111110
000000101111110110
000010100000100000
111111111100101111
111101111101101111
111110001101011011
111100110111011110
000010100101000010
000000011100001000
111101000010010110
000000010111011101
000010100101001000
111111110100011111
000011010010101001
000011110100111101
000000000100000101
000010110010001000
111101001000001001
000000101000001110
111010011111010011
111100011010010001
111111010000011101
000000001011001011
111101001100111001
111101110001100100
000000101101011010
111100000011110001
000010010001010100
111101011110111100
111101010011101100
111001000011001010
111100110101101010
000011101100010100
111111111011111011
111100010110110101
111111110110010110
000000011110000011
111101011100000010
000010111100010000
111111001111111010
111111111101111011
000011011011010000
111111100111000101
111101011110000110
111111010100110110
111010111001101101
111100110100000101
000000110100010010
111101001110101010
000010000100110000
111101111110110110
111111100101100001
111111010101011010
111111001011110000
000010011001011000
111111100010110011
111100110111111010
000001001100010010
111110001100110111
000010000101100001
111110110001000101
000001010100010111
111111110110100000
111101010011101001
111110000111001100
111110001101111001
000011101000010010
000000010101000010
111101110101110111
111101000110111011
111101110011011000
000010101000011001
111111000100110101
000100100011111010
111111110100100110
111111111010100000
000010011011111101
000000101111101000
111111001000010111
000001010010010101
000101011000010010
000010100000111110
111100100010111110
111111110100100011
000011101100001101
111111110110111101
000010111101101111
000010000100011111
000001001110110000
111101011010011000
111111010010101010
000011010100110011
111111011000110100
111111001100010101
111101101111100100
000001110000111001
111000111101110111
111111110011100000
000011111011010101
000011111111111101
111110011011010001
111111101000011111
000000000010110110
111111010011001110
111101001001100111
000011000000100101
111010100010010001
111111000100001111
000010101111110100
111110001101011111
000001110101100100
000000101100101110
111101011010101100
111100101010101111
000000111100000110
111001110101000011
000000010101111101
111101011011110001
000010000110001111
000000011001101001
000000000111010000
111111010000011110
000100010000100000
000010001110001110
111100111111101101
000000100100111100
111110000000010011
111110000111010000
111110000111001011
111100000000110010
111111010010110101
000010000011001101
111101001010110011
000000001001001001
000101011100011111
000001101001110011
000000010010000010
000001110010111110
000000111101100100
111111111110101110
000100001000100110
111110011001010000
111111010001101011
111110001101010111
000011011001001010
000001000100001001
000100000110011101
111111111101011110
000101110010011100
000010001011100010
111100111100101101
111101100100010100
111111011001110101
111100010100001000
111010111111001110
111101101010001110
111111110110100000
000010100000110101
111110000000001110
000010110111110010
000011010111111001
111110111010010111
111010101111101100
111001111010110010
111111110010100101
111100100010100100
000100000001011001
000010001010011000
000000011010010111
000000000111000111
111101010101110100
000011110001011101
111001111001100110
111110110000010110
111010010100101110
111101111111110000
111011011111110011
111110110000100100
111100101110110010
111011001110100001
000000001011111011
000000001000001111
000011101110101111
111110101101101111
000100001111000111
000010000001111101
000000101100011001
111111001010100001
000001001001100100
111011111000101100
000001010110100101
110111100111101101
000001001101100000
000000111110100001
000011000111100001
000010101001011101
111111001100011000
111110101111111111
111111101000100110
111111100100100101
111110110011101111
000010001010011001
111111110000000110
111101011110101001
000010110000000101
000001100100010100
000100101100110001
000001010100101111
000010111010101011
000001101110000001
111011111011000111
111110100010001010
000011001001010100
000011111001100000
111110010000011111
111110110100010110
000000110000111011
111100111001110010
000001001000011011
000001110010111100
000100110110101100
000001011111011101
000001001111110110
000001101010000110
111001100011001101
000000101000100110
110011100110101000
111111011001100001
111100100101000111
000000000111010010
000101100001001000
000000110100110011
111110111111111100
111111110001111001
111100100100011001
000010011111100110
111101001111011001
000011100111001001
000010001011010011
000001100011110110
000001111011110011
000000110101000001
111010000010101101
111010101110001011
000001101010111101
000010110100100110
111101011110001111
000011000011000111
000010000011001000
111111101001011101
000001011001010011
000010010110100110
111111010100101001
000011001010111010
111111110110110111
000011000100101011
111100000000010010
111110101001000001
111000101010010100
110111011010000111
111001101011010001
111111111011111101
000011001110101101
000010000101100101
111101000001101101
000110110010111000
111001001001000011
111100111111111010
111011110101110110
110111100101110000
111100101000111110
111111000000111110
000000000100001010
000001010100001111
000000000101110100
111000000001101110
000001010000011110
111011011110011000
000001011111011111
111111010011101001
000010000100000100
111110110011111000
001000000000010011
000001000101110100
111010110000100100
000010110011000011
111111010111100001
111011000001111101
111011100010101000
111100010100100101
111110010101000110
111110110000110010
111110011110100100
111101110000010011
000000001001101100
000001111000100011
111011110111000100
000010110110111111
111110001011101110
000001110111101000
000011011010100110
111101100100111000
000001001011011100
111111111110111001
000000000001001111
000001111101110001
000000111101100100
111001011111111100
111111001111001110
000010110111001111
000001001011111100
000011001110011011
111101001000110000
111101110010110001
000010101100011100
000001100111110101
111011000101010010
000011001000101000
000010001101101001
000001011100000101
111110000000011111
111011101011011011
000001100000000001
000100001101001111
111010101010110010
000000000110011001
000100101100111100
111111100100000111
111100011101100000
000010010101011000
111110000101000011
111110111110111111
111100000110111110
000000000010010111
111101110011101011
000001000000000000
111110010110010111
000011001001001100
000000011000010001
110111101111111110
000010110111110001
111010010101110101
111011011000011101
111010100100110011
111110001101100011
000010101101111110
000010101110110000
000010100111001001
111010110110100000
000000000101110011
111111101101110100
000011001001011111
000010101110010001
000000100000010000
110001000000111000
111100010000100100
000010001100001010
111101001111001110
111001000001101111
110110110101001000
111101000101011111
000000101000101100
111101000110111101
111101001000101011
000100001011110110
111100111010011000
111111001100001110
111001011000110101
111111111001111000
000001100011101010
000001100000100111
110100000100110111
111110100000000111
000001111101000101
000010100100100010
000011100011110000
111100010100010100
000001100001110100
000011011110100011
000010011101000111
111100001010000101
000010100001110000
111111100000010011
000000111000011111
111011011110010010
111110110100111001
111111111101110111
000001110100110011
111111110010111011
111101010000001101
111110110010110111
111101001101000010
111101110111010100
111110000011011000
111101000101100001
000010100110110110
111100100001000101
000001010010110101
111101000011101101
111110110010011000
111110100100010101
111100100011000101
111111010000010111
000111101010100011
111111100001011101
111111001111000010
000000110000001111
111111110110001010
111101001100010000
000011100110010110
000101100100100000
111111110111001010
111000101000101011
111110010101111011
111110100010111010
111001000000011110
000100011000101110
111111011110101100
000100101101101100
000000010010110101
111101111000011000
111101110101111001
000001001011011001
000100010001001000
111100110110101001
000000101000011101
000100011000111011
111110000111001010
111010100001100001
111111101011101000
000011000001001000
000010110011011010
111100011001100010
111111111110000111
000000001101110001
111100011001000110
111100011110110111
000001011000110111
111111111100101100
000011110011101111
000001010010101010
111100110011011010
000010100011111111
000001010110110001
000000010000001011
000001111010101000
111110111101000000
000000000001111100
111001100010011101
111011011011111010
000100110010101100
111101100000111110
111100101010011011
000000101101110100
000010100100010000
111101000110001001
111111101101001111
000010111111110111
111011011000010000
111110100000011101
000001011101100110
111111000010111010
000010010000010111
111111010000010011
000001010110011010
000001001100100000
000011001011010000
111100010111001111
000001110000101100
000010001001001100
000011100110011001
000011010110001001
111101010101010101
111110001111110000
111101011110100101
111101101110001001
000001111010011001
111110111101011010
000100000110100000
000011110011000111
000011000100000100
000011011111100000
000000010000110101
000011110100011110
111111110001010111
000000011100110110
111111010011011111
000000111011011111
111100111000010100
111101000111101101
111110101000101101
000000101100011110
111111101011111011
111111010011110000
000010100010101010
000010100101000110
111111010100000010
111110010011110000
111111110111100101
110100011001101010
111110000010110011
000000110110001111
000011110000111001
000000011110011100
111011100101110111
000011000111000110
111101101010000000
111111000000101011
111101001011010000
111111101111001001
110110111101010000
000011100111100111
111001111010111000
111111000111010110
111110110000001001
111100110110110000
000001011100001001
000000010111001100
111101010011001100
000011001100110010
000000011101011000
111011110000001111
111000100010010011
000010001100100000
000000011101011101
111101011111110101
111110110010111010
000011000111010001
111111001000111001
000000001100101011
000100100000110001
111100000101001011
111110100111100001
111110001101110111
000001011100010010
000100110101110001
111110010001011100
111011101000000011
000001110000101101
000011100101010111
111011010010110101
000011010011100000
111110100100100011
000000110111100000
111101100111000010
111111100000001011
111110100101010001
000010110111100101
111111101110100010
000001100111001000
111101010010110011
111101101100110000
000000001101001110
111100101110111000
111011110101110001
000101100110110001
111110001100100101
111110011111001111
111111011111010011
111110010100100111
111101111001101001
111101001111000101
111110011111011001
111001110010001100
111111101110011000
000010010000011110
000100111001011000
000110100110111010
111110010100010011
000000110110011001
111101010001011010
111110000100000011
111010100101011110
000101001101001001
000010010001000000
111010110011110011
000010111000110101
000001011110001001
000001001000011011
000011011100011010
111110010100000100
111111111100101000
000011110100100011
000001000001101111
000000001111000011
111110100000010111
111011010011101111
000001110000100100
000000101111011001
000000001010111100
000011010000000111
000001011101100110
000001010011110000
000000001110011000
000001011011101011
111110000000110111
000000111000011110
111111111111011011
000000100111110010
000000101110001111
111111010011000110
111101001101101101
111100110110110111
000000000101110111
111000010011001101
111101100011101111
000110100101110101
000000001101010101
000000001001010111
111100110101001111
000011000010101010
000100010101011111
111011101010010000
000000101000100001
000001001101100000
111111010000100101
000000101110011000
000000001101100101
111101100011110100
000000100010110000
111111000011011010
000010010111001010
111110110000011001
000000100111101010
111111110001000001
000000101001101011
000011011111110010
111000010101100000
000000010111101000
000010110110100100
000010110101001101
000010110100000101
000001101101100000
000101111000101110
000110110001000110
000011111001111110
000110010101110111
111101011110110001
111011111011010111
111010111001010111
111001110011101010
000001100100011100
000001110000101000
000001101100110001
000010010010010101
111101001111010010
000001000100011000
111111000100101010
000000011000001001
111111010000010110
000010100011111011
000011100101011001
111100011011001001
000100101010000101
111110010111100001
000011000010001000
000011101101011111
111110011000100110
111110000110010001
111000001100000010
000000100000110010
111011111011110111
000001110100001101
000100011111110001
111101111011000110
000010000110100000
000001011000100111
000000011000111000
111110111000011011
111111010101111010
111101010101100010
111101110100111010
000010001101100100
000000000001100001
000001101101000100
000001110001110111
111111101110001101
000001000101011111
000011100000111111
111101110000101011
111100111111100110
111100001000110101
000010011011100001
111110101111101000
111111100010010011
000100110111101000
000010110011110100
111110101000100001
000001100011001000
111110001111110111
000000001101101111
111000101011010110
111100001110110101
000000110001011001
000000000111011010
111111101001110010
111101011010101110
111100000111001101
000001010110101101
000010111110110010
000000110000101111
000100111110010110
000010001010010110
000111011100000010
000001010111001010
111101011110010011
000010101001111010
111100101011110011
000001011110110011
111101111110100000
000010111101010111
111111111100001101
111110111100100000
111101011000100010
000000011000001100
111100111000010101
111110010110100110
111110011011001010
111101101111101100
111110101010001011
000010001001100111
111110100011100001
000100001010001101
111000001000001000
000010111010011010
000000101001001001
000001001001010100
000011000000101100
000001010111000000
111011011100001111
111100001000011010
000000110110100101
111001010001101101
111111000011100100
111110010011110101
111111110101000111
111111000101111010
000001111001101000
111101100001001111
000010100011110101
111011001001111111
000011000101111111
111010110011111010
000000110100101001
000000011100100100
000100100000011110
111011100000100110
000001000010101010
000000011001010001
111011001011101111
000001010010111101
000010000010000101
111100100100011000
000000001100000001
000001100100000000
110111100101001010
111011110001100111
000000000111111011
000001111101101000
000100011101111000
000001001100111011
111110111010010110
000000100010001011
000010111010010010
111101011000101111
111111001001101111
000011100010101110
000101010111000111
111001010100111100
000000010011000001
000001110011101001
111111010011110000
111010100100110001
111101100010101001
000001010101010000
000011001101000001
000011101101110100
111010010011011011
111000001011101101
000001110011011100
000010111000010101
111101011001010110
111111101111001011
111111001000000010
111100100000110000
000010110011001100
000110001101001100
001001100010000101
000001110011100000
111101011111011111
111101100100001100
111111001101010010
000100000110111110
000000100001101010
110000011100101001
111110001101110110
000101001101111011
000110111110101010
111111110000000100
000010100000110010
111111000011011101
000101101011011000
111001110100010010
111011110100101101
000000011000011011
000001111100011010
000011000001011011
000000110001001100
000001111100000010
000010101010101101
000001000000100101
000011011111101000
111111001101110001
111101101100010011
111110000011100000
111011111101101000
110011011100101011
111100110011010110
110111001101011010
111010111101000011
000011010101111011
111111010001100101
111001010001000000
111001011010101011
111011100100000000
000100101000111100
111111011110111001
111010011100001010
000000110010110001
111001001111100010
111011100010010110
111011011111111011
000001000101001001
111011001011100111
000010100110010000
111011001111000111
000000011110000101
111111111101110011
111110100010101101
000001011101001001
111011011101001001
000001100110011101
000110011010101110
111000100010101010
000001000001011011
111110101100001101
111111101011001110
111101110110100000
000011111001110001
111100001010000110
000000000101001111
111101011001101001
000001011010011011
000010010111101011
000010010001000100
111100110011101010
111100111100110001
000010100011010110
000101110001011000
000000011101100111
000001111011101010
111110001000100101
111110100101001000
000011000010100110
111110011110001010
111101110000010110
000001110011010010
000011101100011001
000100110101100010
111101101000010110
000100101010011001
000001111110111001
111101111111001011
111100010011010011
000100011011100101
111110111010111010
000000110101011110
000000001011100110
000100010011110111
111111100010100101
000001011100111100
000000100000111000
000000011100111011
110110000111001010
111111010000101011
111110110001011101
111110010110110100
000010010000101111
000010110111000110
000010111010110000
000001001000011110
000001101001101101
111010100001010011
111110011101010010
111110100111000010
111011101111100110
111000011101101110
111110011000010100
000000010100100010
000000111110010111
111011111100111100
111101101110110011
111101111001110110
000000001000101100
000010101111010110
000000110001000010
111100100110101101
111110000101011011
000000011101100011
000011100010000001
111110100101100110
111101010101110110
000010001101110100
111111011001010010
111100101111010100
111100101010111011
111101110001110100
111011100101001011
111010010011100011
111001010001111001
000011111000100001
111101101110100100
000100110011101011
111000110111010100
000100000111011001
110111111110110011
111110001111101100
111100100111100000
111111001110101101
000011101110100000
111000001010101010
111011111111101101
000000110110010100
111101010110000010
111110011101100001
111100011110010001
111110101001011111
000001011111100101
000011101000010010
111110011100101011
111011110110111001
111110001011000001
111110111101111100
111101101001111011
111010010000010111
111111011101001111
000110010100101100
000010110010011101
000011000010010001
111101111010111010
111110110000100111
000100101010011001
000010111100010000
111100000000100110
111100111110011000
000110111001111000
111010100010110010
000110100000100111
000001101111100101
000010111100111110
000000111110001000
000100001101000100
000001110110000000
000101011101010011
110111101100010011
000101100011001011
000010010110010101
111010110100001101
111111011000011011
111110101110001111
111001000101111111
000100111111010111
111010101111011011
111101010111110111
111110001010111101
111101001000011000
111010001001100101
000001110000010010
000011001010000001
111011000110101100
111110011000011010
000000111011010011
111111100000010111
111111000001100100
000010110100100010
000001101011110101
000000000000010010
000001111000110101
000001010100110100
000011110000110000
000000101011000011
111101001001110101
110111110001011010
111110110100000110
111111110110111000
111111011011000110
111110111001001000
111101010010001011
000000001110011011
000000100001010111
000010001001000111
111111000111011100
111010110000011001
111110101110001110
000001110100101101
111010111001100101
000001110101101111
111101011011100000
111000110101110000
000000010000111011
000000001011011110
111110101100100010
000001011111111000
111111011000000010
111110001100100111
111111111101110011
000001001111001100
111101110011011101
000001110111010100
111110011101011110
111111000110000111
111110100010000011
111100111011111001
111011000010000100
000010000010010000
111011010101110101
111111001101011101
111110011101100101
000010111101110010
000001000110001010
000001001010001111
000000011010011100
111111100110101010
111101110011011110
000011100110001100
111011111100011110
000000011110110111
000011001111011101
000010100010011100
000010111010000011
000010110001011000
111111010101001111
111110000101100010
111000001011011100
000000111111111110
111001011100111100
111100001011111111
111001100011011111
111101111100000010
111111101110111000
111100010001100100
000001101110101111
111110001001100101
111101101011110100
111101111101111011
000010010101011111
111111010111001111
000001001000111101
110111110101010110
111100101110000100
111111101111111001
111110100000100010
000010010101111110
111010011010110110
111100010000011110
000101001000111111
000010100011110101
000010011010110111
000001101101101000
111100110110110001
111010101010000000
111101101101100100
000001011000111100
000001000001101110
111011110000001110
000001100110101101
000000011010011000
111101101010101101
111110111100110011
111100111000110110
000000101010000100
000000001100100011
111111000101000100
000010100100001011
111101100001001000
111101100110011110
111110110111001010
000000001111111010
000011000010110001
111110110111001110
000110011001000001
111011001100101110
000001001100010100
000010001110101001
000100111001001000
000000111011110111
000010010000111101
111011110110101100
111110001110000101
000000010001111010
111111000011001111
000011110001100000
000001001110000101
000010110111010010
000001001001100011
000010011110111001
000000100101100100
000100010011000110
000010010001011101
111111100110011011
000000101110011101
000000110111111100
000001111010000011
111110100110001001
000011000001110100
000100000011010111
111001010100011100
000001111111110110
000100010010110011
000000011110100001
111001011100001101
000011100100110001
000000001111111111
000001000000101100
111100101110110110
000010110100001000
000110010011110011
111101111111100000
000010000010111001
000000111011001100
111101111010001011
111110111111010011
000010000011111100
111111110010011011
111100111011110001
000000111100001111
111101111101100001
000010110011111101
111011110110101100
111000001001001100
000000110100111110
000011101111100101
111110001111100010
000000011011110001
111110111010110000
111111011000111010
000011001110011000
111110001000100101
111000101010111001
111011110010101111
111011110101011100
111110111100000110
111110110001010000
111110001001001010
111110001100101000
000011010010100101
000100000000100101
000011010100011100
000010110110001010
000011001100011100
000001001001110000
000101010110010001
111110000011101111
111110011111111110
000000110000110000
111111010010111101
000001100110101011
000001100000110101
001000010010100000
111111110000101110
111111101001100101
000011000010000001
111110101000110010
111110101011111111
111101010100000100
111111011100101001
111111011011101100
111100000100001001
111000001100011100
111100011100100100
111101100111110001
000001010010010011
000001010101010010
000101111111110000
111011110101011010
111111101000011100
111101001101010101
111110100110001001
111001110101011001
111100100010101011
111111111011011111
111101111010111110
000001010100010101
000010001001001010
111000100110110011
000001101000111010
111010101100001001
000000000000010111
111000101000001111
000000001111001010
111100100101111001
000000111011000011
111111000111110010
111101100111000010
000101010011101000
111100110111111101
111100100001011010
111110101101100000
000000011010010110
000001010100110110
000010100110111011
000001011111010000
111111011100001010
000001000001001100
000010100100000101
111011000011100110
111101110000100000
111011110100001001
111101101010011111
111111110011000001
000001111110111100
000001111001111011
000001110010101010
111101101111111100
111110110001100011
000001010010100101
111110001100010011
111111010010111101
000010100100001001
111100001111001111
111111001000111101
111110011111100001
000011100101010000
111011111010010110
111111011100100110
111110011101000101
000000100001001111
111101011011011110
111111011011001010
111011001010001111
111111100010101011
111111101110100000
111110110100111001
111110110001101100
111011100000011111
111110000111011110
111110011000011100
000010111100010101
000001000110101010
000000000111010110
111101001100100101
111111111101011101
111100110110011001
111110110011101010
111111101101010110
000000110011010100
000000111011000011
111111100111110111
111000101110000001
111011101001100100
111100000110001000
000001100110000011
111110010101011111
000001101110100010
111110110111101100
000011011011001010
111111011100011001
110101111111111111
000010001100110001
000101001011110101
111100011010100000
000001011100111011
111100011111000011
000000110000101101
111011010011011100
000001101010011011
111000100110110111
111001111100101111
111101101010101110
000100011001010111
111011100000111011
111111001101100000
110101001010000100
111100100110101011
111100110010000000
111111100010001111
111111001101101000
111110010011100111
111011000111101111
000001001101001011
111110001010100010
111101111111111001
000001111110101011
111101111011111001
111110010101101101
111101000011010111
000000111101010101
000000110010000010
000010010111111011
111010011100100000
000001111001000001
000001110011110001
000000101111110111
000010101000001011
000100001100101010
111011101111100010
111001100101000111
111111010000111111
111111101111100110
111000110101001111
111110000100101000
111110100110101100
111110111000100100
000001001101110001
000000110101001110
000011101001100010
000010101011000010
111101110111000001
111111101010110100
111110001001101101
000000111101110111
000000111100110010
000000001110010111
000011110011010001
000001101111111100
000001111001110111
000100110111011111
000010100100001000
000000011000110010
000011101101100001
111110110010011100
111101111101000001
000010001000100111
000000001010010000
000100001111011111
000010011111011110
111110101000010101
000010000100101010
000000010011100100
000100000001101011
111110101111100101
111100111110100100
111101100011110110
000001111111010111
111011111111001100
000010101011111011
000010000000010010
111111110111000110
111101111001111101
000001011001011000
111001010010111010
111110100100001111
000000100010101010
111110111000001011
000001111000111010
111111110110110111
111110001110001111
000000010110101001
000010110010101000
111111011010110101
111101101111100100
000011000010011010
111011101000011011
111110110110000010
000010101000101100
000011011101011101
000001010110111100
111100101111010100
111101101111110110
111011110100110100
111110010010011111
111110001000110011
111111001001100000
000100001001000110
000100000011110001
000010100101100110
111111001101000011
000001000000110011
111100001000110110
111110100010001011
111101001000110110
000000010110011101
000001001000101011
111110001001100101
000010101010101011
111101000011110011
000000100010011100
111111111001111100
111111111000001001
111101110111101100
111010101001110010
000000010110001000
000001000000111001
111111011011101011
111101010000011010
111100010101000000
000001011101101111
111110111101010011
111111010100010001
111111000011001101
000010000001110000
111110001101011110
111110010011100011
000010110111100101
111110111100001000
000011010010001111
000000110110001101
111110011010010010
000001010010000001
111111111010100100
111111011011111001
000001110111110001
111011111000101111
111101001100110010
000001001111100101
111111000101101010
000001010011000111
111110110010000011
111110110110001000
111111110110110000
000000100000111011
000010100000001110
111110011001001101
111111011110101010
111111110010110100
000010101110000111
111111001111000110
000010000100111110
111011101110101001
000011011110101000
000001000100110010
000010110110111000
000010110101011110
111100110101001001
111000000010101110
000011110111001110
111101000001010111
111101000010011110
111101011011001111
111111011001010011
000001001001001110
111110101101110111
000100001100100000
000001110111010111
111110111001011111
000000111100010000
111111011001110101
111110100001010001
000001101110010011
000100111110011000
111110000000001001
111110101111111110
111101101110000100
111110110100101000
000000101000011001
111101011011011011
000001010010100110
000000101011100111
111110100010111111
111001111010001000
000010101000111001
000001010011110010
000010000111010000
000000101101010000
000100100101100101
111100111111010000
111100010010000110
111101110101011111
000011010011001111
111101000110111011
000001011110110010
000010111000111010
000001011101101000
000001000000001101
111111000011011110
000010100101001011
111101001000011111
000100000111000010
110111011011010111
000011000111101001
111111110001001110
000001000100110101
111110000011101101
000010100101001111
000000100010000000
111011100110110110
000000000001111001
111101101010001000
111101011111001001
000010001010000100
000100010110000110
000000110001000101
111110111100110001
111111100101100011
000000011011111000
000000100010000001
111011001110001010
000000001000001101
000100001011100000
111101010100100110
000101111101000001
111100101110111011
111110100011111011
111101111011001000
000000010110010001
111100101100000100
111011100101101110
111100110000010000
000001101100100101
000000010111110000
000100110110101001
111101011111110111
111010101001101001
111110111101001111
000001010010000101
111110011000101000
111111010001101111
000001111100000101
000011000010101001
111110110111100111
111011001101000111
111100001100100101
111111110110110000
110100100101110011
111100101011111111
111011101111010000
000000010000010110
000100000010010100
111110001110110111
111011000101010110
000011101101011100
111100010001000111
000000011101001000
000010110100111111
111000110111101000
111100100011010000
000000001011101110
111110110001101101
111100101101110111
000001110001111010
111011101101100010
111110001001110011
111101100111010001
111110011001011011
111111001110100001
111110101011001011
111110001011111111
000001001100101111
111111001001100011
000011010001101101
000001011110111110
111111100100101011
111111001111110111
000000001010101011
111111010111101101
111110111011110101
111011010100110101
111110111111000100
111111101000001110
000010001101010001
000000111011100101
000000100000100000
111110000011111100
000011011101110010
000100100010001100
000011000001100010
111111011000111111
111101110011000110
111101001000001100
111111101010011000
000010010111000100
000000110001100111
000001010110000110
000001001011001011
000100010111001001
111101111100011011
111110011000010111
000010110000010110
000001011010001010
111101011110011010
111011011010111100
111111100110101110
111001111111100100
111100001101111111
000010010011100101
111110010010101100
000001010110100010
111111010110010000
111011101011010001
000000101011111100
111101001000000010
000000100000011001
000001100000001110
000000101110101110
111110100111000010
000001001110101001
111101110111001001
111011111111100101
111101010101011100
111100010110011000
000000000011111100
000000101010100111
111111110011101110
111110110001010001
111111111000001010
000000110010101111
000000111100101001
111110000110100010
111100101100001011
000010010111100001
111111100100101111
000010010110111000
000001010110011100
000010011010010100
111110100110101001
111111000001010100
000001010010110001
000011100101010110
000000000101011100
111110001110110001
111011001101111011
000011001100000010
111100101100100011
111011010001101101
111110010010101010
000011001110000100
111110010111011101
000101011000000011
111101011101001111
000001100110000110
000001101100010110
000001001010010100
111011101000110110
000100111001111110
000000111111011000
000001011011100110
111100000010110111
000100110110001010
111010011111100011
111111011100011110
000011111101111100
000001010011111001
000001001010110000
111111111011100100
000001101010100001
000100001001111111
000000000110101001
111111110101000110
111010111110101000
111111011100011111
000000101111111011
110011011001000011
111011011101100000
111110110100110000
000000010001101100
111111100100010111
111111001011101011
111111100111010110
111110100100000100
000100000111101111
111110010100011100
000100000010101111
000010000011111110
111111111000010110
000001100110100000
111101000110010000
000100000111100101
111111001001100000
111110000100101010
111100100111100110
111111101110000001
000011001000110000
111100011001110010
000000100111100000
111110001000000010
111100011000001011
000000000000010001
111110010111111101
111110000100100100
111110000101001011
000010101001100110
000001000010011100
000011001000001001
111101010100001001
111100001011111011
000001010010011010
000010111010000011
111101000001100011
000010000111101001
000000001010011011
111100001000010001
111111000000001111
111001010011100111
111100010001100010
111011011000010001
111010010100110011
000000000110011011
111110011101101011
000001110001011010
111111001100011001
000000101000100010
000011011110001111
000000110001111100
111101111111101000
000001111010011101
000010101010100100
111101000100110110
111111000111111101
000000000101010111
111101111011110111
000011100110110011
111101111010111011
000000111010010000
000100010101001100
111110001100010111
111100100010011010
000000001110011110
111110111010111101
111100111111011100
000000001101000010
111110111001101001
111000101110001001
000011110001010000
111110111110000001
000001000000010011
111111011000001110
000000111011101001
000000101011111001
000000100010111000
111011010111011010
111101010010110100
111111001000100110
111101111111101101
111101011000000111
111111011001110110
111110000101101011
111110100010101011
000100100110011010
111100111101000001
111111110001011001
000000010111001111
111011011001000011
000000100000010110
111110110101110000
000000000011111010
000001010000000011
000010000000001011
000000110111000110
111010011110010000
000000011111000101
111101100010011111
000000001001101101
111111011000000000
000000001011011011
111011101001001010
111100000001110110
111111101100000101
111101000010101011
000010111101110110
000000101011010101
000101001001101111
000000100010011101
000001101101000011
111101010000101101
000000111101111010
000010101010001111
000000100011100000
000001001101100011
000010101010000011
111111111110111110
000010000011111101
000000000100001010
111111010111000111
000001110100100011
111010101001101111
000010101010110111
111011111101101111
111101011010101001
000001001110011110
111000001111111001
111111001110110101
111101111111101000
000000110110110001
000010101110010010
000010100111100101
111011011110111111
111110110100001111
111111101010001111
000101001110001110
111110101100101111
000010011010011010
111110100110011101
000010000010101011
111110001011010001
111111001100110100
111110100110001010
111001110110011001
111110000001111101
111000110001100010
111011011000101101
000010100010101011
111110001101000000
111111000001011000
000011011111011110
000011111100111010
111100010101001100
111100110010100101
111101001000010110
111110101101001010
000000111111000110
111110110000001001
000000110000100010
111101010101000010
111101100001010110
111010011110000111
111100101011010100
111111000100101011
000000000010001110
111111110111100100
111110011011001111
000110101010000001
111101011101001111
110111110010101001
000001000110111111
000001010110011110
111010111110011010
000001110000111010
000001011011110010
111111110111111100
111010010100010011
000010100100110111
000010111101010111
111010101101110110
111111101011011100
000000010000001010
111010110010001010
111101011100110100
000001011010011001
111111011001010101
000000101110001100
111110111100100011
111100010001111110
111011000110111101
000001110110100110
111110010111011000
111111111100100001
000000111001000001
111110011000101000
111011010000001010
000010110010010111
000001010100000111
111100011010000110
111111100010111111
111101110000011000
000100011010101101
111011011001101000
000100011011111111
111011001010011111
000001101011010010
111111101111011101
000011000010001111
111101000111100010
000100011111001100
000001110001111101
000010000111001010
000000100001111101
000001010101100110
111101010101110011
000010001011100010
000010011111110010
000001110010011001
000010001101000011
111111001010111000
000000000011000110
111011101111111010
000001111010110101
111101001101111101
111001101111101001
000000000011100111
000000111010101111
111100010011010110
111110110001010110
000000001101111010
000011110101111000
000000001101100011
000010000110001100
000001101100100000
111110111010111011
111111111101010000
111001111010001101
000000111011110100
000010110101010001
000100101010010000
111011000011110000
000110011110000011
111110010010011000
000000100100011101
111100111111110111
111111100001010110
111011101010000110
111101010110010011
111111011111101010
111101010011010111
111111110111111010
000001010111011100
111111100010011010
111101001110001111
110011110011100011
111110100011111010
111100110110010111
000100110011010000
000001100010011011
000010111011111111
111100011100111101
000100011000101000
111100011110100110
111010111110001110
111001111110111101
111111110010000011
000000001001010001
111101001010000011
000010110110100111
111101110001000001
111111001111011100
111010110011000011
000011000001000010
111011101101011011
000001100110011100
000011101000111101
111110101110011111
111111101001000000
000001111001101100
111111100001111001
000001100111101001
000010101001001100
000010100111101011
111111111011011110
000010010110000000
111110111000101110
111111101111110101
000000011111011100
111110001010101001
111100101111111111
000001011110111000
111111100000011101
111111100101110100
111110011010000111
111001111100001110
000010010011111000
111111100110101010
111100101101101110
000000101101001001
111100101000000110
000000001011110000
000001101100000111
000000011001111011
000001101010010010
111101111011011010
000001101110110010
000000011111000001
111101101001011110
111100110100000000
000010101010011001
111000010100000101
000011001010111011
000000011011101000
111011000010110011
000000110000110111
000000111001001001
111100011100111001
111101110010100011
111010000110001111
000001110110101001
000101001000000100
111110101100111000
000000101101101000
111111000100111000
000010011011111000
000000101000110111
111111001101000100
000000000101111010
000100000111011001
000011100101011011
000001110101110010
000000101110101101
000011100111110010
111111110011000010
000001000100111100
000001100101000001
000011001101111001
111011110110101111
111010110001001100
000010010000101101
000011001110001001
000001000011101001
111110111001111011
110111001011010000
111011111100110011
000000001110001101
111101011111111100
111101000101110011
111100111011101100
000100011010011011
000000101000110011
111011001000100110
000000100111000110
000001111010111110
111111010101001010
111101001101010010
111111001011110111
111110101110001001
000000010100001010
000011111110100011
111100110011001100
000011000001110100
111011110111111100
111100100111101110
000011100010111010
000100100110011110
111110000001101000
111111100011010101
000011111111000101
111101000011100000
111110001111001101
000101111100111001
110110110011111111
000000010000111110
000000111000000110
111111010110110010
111011011100110010
111010111011000111
111110000110000001
111111010111111110
000010010110000110
111101011000011011
000010001001000000
111111100100111111
000011110111110110
000100010000001010
000000101110100010
000000100100000000
000010000000101111
111101101111010111
000001011001111001
111100011111011011
000001000000110111
111111110011101110
111100111111010111
111011111101011100
000011110001011111
000011110111011011
000001011110100001
111111110010010110
000100000100101101
111101100011010110
111110001010110010
000011000001010101
111111111000101001
000000111100110111
111110101111100101
111111110110001000
111110000001000111
000000001011011010
000010100001110111
111100110010101110
000001100011101100
000001001001100110
000001000001110111
111110000110011001
111111101110101101
000000001001010111
111100001010001101
000000111011011010
111011011000110111
111111110111111000
111111101111001010
111110000000100000
111001111100111111
111000111000111111
111100010010110001
000011111000001000
000000010110111011
000000101110000101
111011110110100011
111111111001110110
000100011101000110
000000000111110100
000110000100110010
000001100010101011
111111110111110011
111100000100000000
000010001001010010
000001111001010101
111111001010001100
000010110010110010
111110110110100111
111110110011101010
000100101011100101
111101111000011110
111010010100010011
111111000001010101
000001101111101101
111101111000001011
000001010001011110
000001011010000010
111101011100110100
111101011001000110
000100001001010001
111111010010010000
111100010100001011
000000000110000010
111011011110111010
000010010010101011
000000101101001011
000010101111110100
111110100011111011
111011011111010001
000011011100101010
000000101010010110
111111011001011100
111111000010011111
000101101000010100
000000110110000010
000010011001111011
111101101010011101
000001001100000101
000000010110101111
111111110010110111
111110101011100001
000100110110000011
000010000101111100
111110110000110001
111110000011100100
000001001001111000
111101010100000100
111111010000011001
000011100000101001
111101011010111101
111110101111011110
000000100010001110
000010001010111001
111111000110101101
111101110101001010
000001101100110011
111010101110000011
000001000100001101
111111010000000100
000000101001001101
111110110101110011
111111011101100000
111110011100101100
111101000010111110
111110100110001100
000000110001001010
000001100001001011
000001100000101001
000001011111010111
111101010101001001
111100010010101000
111011111101101100
111111011000000111
000010111010000001
000010010010101010
000010001011010000
111100101000011111
000000011100010110
000100111011101010
000000101101011101
000100001101001110
111110010000111111
000000011100001111
000000101101010100
000011000011000110
111111001011011100
111011111111001100
000000101001001001
000001011110100001
000001110100111010
000010010001001110
000000100000101110
111110110010000101
000010000111100100
000010011000111100
111110011010110101
111111011010101101
111111110100110110
000000001101101101
000001011001101111
000000100111010001
111100011110110011
000001100000010010
000001100010101000
000011100011000011
111111111110011101
000010011110010010
000000101011100010
000011011000010000
111100011101110110
110111111101000010
111100001010100011
111110100101000001
111111101011000101
000001100110001000
000011100110001011
111111000110110000
111111100000100010
111111110100111111
000000101000010011
000010110101010111
111101010100100010
111011010110011010
111010101000101110
111101000110100001
111101101101111111
111010001011001001
000000000101001100
000001010111000001
111110111000000100
000000110110000111
111101001001001111
000010101101101000
111111001101101011
111101101101110001
111011000110100001
000001001111110001
111100100110101001
111110101110111010
111111111000010101
111111110100010010
000001001101000110
000100101000101101
111110011100011100
000010100010000001
111101001000111000
111010100010001110
111111011001001100
111011111100010100
111011010001010010
111111110111101101
111010100100110011
000010000110110111
000010011011000011
000011110011100000
000000100011101010
000001001111001011
000100110111101001
111101000101100001
000010000110011001
111111100000000010
000001110010101001
000011000011010010
111101010000000110
111100110110011111
000011101101010010
000010100000000100
000011100001011001
000001101110000100
111111111011110100
000010011110110101
000011011100000111
000010101100001000
000000100010011011
111111101101001011
000010011101001110
000101010010100001
111110100000001111
000110110100111001
000011001100011111
000100111101001011
000100100111010100
111101000001111110
000001111011000010
111100110010110110
000001111100101001
111000000001101001
000001000100110111
111100000111100111
111111110111111110
000001011101100010
111011010001001111
000000101111001001
000001101001010001
000001010100110010
000001010001101101
111110110100110110
000001100001111000
000010101010100000
000010110111111001
111100111101001110
000010010100100100
000000000001110110
111110010101101111
000011000010111001
111100101100101010
000010100100000111
111101110100011010
000100111100100101
111011110001000000
000101100011011110
111110101100001110
000100001000000111
111110000111101001
000010010111011110
111101001000110011
000001110010100000
111111111100100001
110111000100011000
000001100001010100
000000110111010111
000100011011111100
111011100110110100
111111110110101101
000000001000010110
000000110010011110
111111101101110001
111110010100000101
111110000110001001
111011000111110000
000010000001001101
000010000100100110
111110110110100101
111110110011011011
000010001010011011
111011001100010111
111111111100101000
000001101100110111
111110001011100100
111111011110000001
000001010100000100
000000000011101100
111101010101000011
000010100000000001
111100111111101001
111010001010101100
111111111101111101
111101111000001111
111101011001000001
000000101011001000
111100010010100001
000000101011011000
111111110111011001
000010011101111000
111101100101111101
000001101000111011
111110110001001001
000000101110100100
111111010100011010
000011110000010010
000000101111010011
000011010101001110
000000101010110011
000011011110111011
000000000111100010
000010100100100111
111111000010000110
000000001000000000
000011000011011000
111011110111010101
000011000011111111
000010110011111001
000010000110101100
000001101011110001
111101001000110010
000000111100110101
111110011110100101
000000111001110100
111111011110110001
000000010000110100
111111110001001001
111111101110001000
111110111111101010
111111010001111001
000010011111000011
000010001111010101
111110111100001011
111101101110101010
111110100001110010
000010101111000110
000000001100010000
111111000110100101
111111101100001100
111110000110000100
111101110110010010
111101000011100101
111101100011101000
000010010101100011
000001111010100011
111111101011110111
111111101010010111
111110000001001101
111110111011110011
111111000011101100
000000111101010101
000010000101011101
111101110110111010
111111010101010010
111011001111111001
000001101010010001
111111000001110111
000011011010111010
000000110110010011
111111111110000101
111001100001101001
000000001110001111
111110001100011110
111101011100001010
111111110110101011
111110110000111010
111011111111000010
111110101011000101
000011001011100001
111110011011110110
111111010011111000
111101000010111001
111100110110100110
111100111010101010
000000101010110011
000001001000101111
000001110011001000
111101110110011100
111011101111101110
111101101001010100
111100010100000111
111111011011111011
111011101000100111
111111111110001101
000010100100000000
111101011010001100
111001011111011100
000000000001010011
000010011011101111
000011000010001100
111111101100101100
111110111111011000
111111001001101010
111111101001111100
111100100011101111
000001111110100001
111111101000010011
111100101001001110
000011001101111110
111011101111011111
000001101001001101
000001101010110101
111101000111010101
000010001101000100
111111110100111111
000001000101101011
000001101011011100
111110111110011101
000010001000111110
111110000101000010
000000000110110011
000000100111011010
000000111100000111
111101110101000001
000001010111000100
000000110000101000
111111100101110100
111101111110001000
111110100010011001
000000010101010110
000010010011011010
111100100100000010
111101000011111000
000001111001100100
000010110111100001
000011001100000010
000010011001111011
111101100101000000
111101110011111100
111101111010101110
111101001000100110
111111001110101010
111101111111110110
000010111110100110
111110000000111011
000011000110000111
000000110111111111
111101100101100110
111010100101111011
111110011100101010
111101011110101111
111101111011101111
111110100101000010
111011010001010011
111101010010001101
111111000101011111
000000001010110000
111111100111011100
111101101001110110
111111001110011001
000001111101101110
111110110100101100
000001111010010101
000001101000100111
111110010111011011
111100110100101110
111101101010010001
111110110010110010
000000100001110101
111111110110110110
111011101110001101
111111001111101100
000010100000110100
000001010110010111
000001101101001011
000011000100001000
000001101111011000
111110111111111010
111110001101001011
000000111110011000
111011110000111011
000001010110010001
000011110000001100
111011100101001110
111100101010110001
111101111010110010
000001011110101100
000001111011101100
111101101011100110
111101001101101110
000010110101101110
111010100000000000
000011110001011010
000000010001001101
111101001110011000
000010010010111100
000010101110001111
111111111101100111
111100101111001110
111111111111101000
111111000010101101
111100100010011110
000100000110110100
000010111101100011
111001011011011100
000001110010101011
000010011010100100
111110111111101111
000001111100010101
000000110001011000
111110011011100010
111100001110101011
111101100111011010
111011101111101000
000011000010110001
111000110101111111
111100011101101111
000001010010010100
000011001111101011
000010011110110110
000000001001011011
111101000010100100
000000000001011111
111110100000110001
111110101111101010
111111111011111111
111001111101001110
111101110101011101
111110100111100011
111011000101100011
111110110111100001
111010111010110100
111110110100111011
111100111001101001
111110010000001101
000001011111001001
111111110001000111
110111100110111011
111011110100011110
000101011100110110
111101101001100100
111111100110100011
000001111101001000
000011011001100111
000001101000101010
000001110110011111
000001011001011101
111110100111110000
000001000110000010
000001010010100101
000000011101110100
000100011001101000
111101111011001111
111111011111110000
111100101101100101
111111110111110100
000010000010111100
000001101000101011
111101011001000000
000011011110101011
111101101001000110
111101101110100110
000011111111100010
000001001010101110
111100010000001100
000000001111011101
000010000101100001
111010011101001011
000010011111101010
111110001000000110
111110110000110010
111101111111101100
111101000000101101
111110000010111110
111000111001010001
111101001100111010
111110000111010101
111100101010010101
000001000111001110
000010000100111000
111100110110010110
111111101101101111
111110000011100111
111111111110110110
111111110101101011
000001100010010100
111110001100110100
111101101110100111
000000000110100101
000000001101010111
111100110101011100
000001001100110100
111111111000010111
000000111000000111
000000111010101000
111100001011101110
000010000100010110
111011100100010000
111101011101110110
000001010100001010
000000100011110101
000010111000011010
111101100111111001
111111010010010010
111111001000111001
111111100000001010
111100101101000100
111111110011001010
111111000000100001
111110010110000101
111100010111110001
000001110110100001
111101011111101111
111101011111110010
000000111101101110
000001100111010001
111100010001101001
111101010001010111
111011100101110100
000010111101011011
111110100001111000
111111110001010100
111101110001110001
111110110001010001
111100011111111011
000010100111000010
000010011001101000
000000010000010111
000001000010111111
111110011011101011
111011000100101110
111111101101100111
000010010011110010
000000010111111010
000010100010000110
000001010111011000
111111111110011000
000011111100100010
111101000001101010
111100000010011110
111011001100111000
111111101011000111
000001100110101010
110110100111001111
000010010110111000
111110001100001111
111101101111011111
111110010011101110
111111110010010100
000001101100010000
000101001011110110
000000000100010100
111100110010010111
111111000010000001
111111100100010111
111110110110000111
111100111010011000
000000101000101001
000100011101111011
000000111101001010
000101100011110010
111101000110010010
000010011110011001
111111101001110110
000010010000101011
000100100111000111
111110011001001011
111111111110000101
000001011111100110
000100111011110000
111111010101011100
111110111001100111
000000111001100000
111110111100111111
000010000100011001
111101100000100110
000000011110101110
000001110110000010
000000111000110110
111101110110010011
000000001111101110
111101110111011011
111100101010000010
000000000101100111
111000101101100110
111101000111011111
000000001000000011
111111010010010101
111111110000011010
111101001100101110
000001000110010001
000000101100001010
111111110111001110
000000111100101011
000001000010001110
111101101110011111
111111110001100001
000001110101101010
000001001000100000
111101111100001000
111110010111000111
111111111101011011
111111101001111010
111111101011101000
000001110111001110
000000000101001111
111101010001000111
111110010000111001
000001010111011101
111101101101010001
111101100101010100
111100110100110101
111100001011001001
111100010001011100
111101001110110101
111101011001000010
111110000111000110
000000000101010111
111111110010111001
000000001100101111
000100000001001001
111110001001001000
111110000010000101
111111010001011001
111111011001011100
111101001001101101
000010111010001111
000011011101110100
000001111011100101
000010100011111000
111111110011110011
000001100001000100
000010010010000111
000001110011011011
000100110100011001
111111110000100100
111100110011000111
000001100100001100
000010010101110110
000001110001011011
111101010001100111
000011111000101100
111110111001010110
000000110001100011
000000011011000110
111101101111000111
111100101000100111
111111010011001000
111010001100100011
111110100010101000
111101101011000000
000010010011101000
000101001000101001
111111101111101001
111100110001101111
111111010001111000
000000001010110010
111111011111000000
000000110110000011
000010000011000101
000010011010110000
111110100001100110
000010101111110110
111100100110011000
111110000011001011
111100110000001100
111100000111010000
111110101000101001
000010110011001001
111101110001101000
000001010011101000
110110101011010111
111100101000000011
000011011001011111
000001110011011100
111110011010010011
111110101001101000
000000100100111101
000010100011000000
000001001000110110
000001001111010010
111011100110000101
000001011001111011
000000101001010010
111010111000011100
111101010110001000
000001111001000111
111100000011011100
111101001011011111
111101010010100001
111100011111100011
111011010000111001
111110000011111001
111101100100010111
111100011011111010
111111110010001010
111110101100110010
111100111101010000
111110111100000010
111101000110011011
111101001100111100
000011000001110111
000000111101101010
000101110110000100
111101010001110100
000010100111010110
111111001011101011
111001011110101100
111111011101100110
000011100010011001
000000010101110010
111110001000001101
000001010111011000
111111011011110001
111100010011011010
111101011111010001
000100101110111000
000011011100000001
111110001010111110
000010101010100101
111101100111010011
000000111111001100
111111011111100011
000000101001111000
111111001000101101
111101100110001111
000000010000110000
111000100010111110
111101110000000011
000000011101010000
111100101101011101
111111111000000001
111100101001111101
111110000111100110
111010001100111000
111101101001110101
111110010011101111
000001010000100010
111011010101101110
000000011010011000
111110101000100100
000010110000001101
000011001000000110
111010111000100101
111101010101010001
111110001110110011
000000011110010111
111111110011011100
111110110111111011
111010001110010101
000001100010000010
111111010110001010
000100100111111010
000010010010001010
000000110010011101
000001010110010001
111100001101101110
111100111000110000
000011100101000110
111010111011010101
000010111011111110
000100001000000100
111111011100111100
111111010010111011
111101111010000010
111111011101011010
000001110110111001
000000001011011101
000000001111111110
000010101111101001
111111000100111101
000010101101001101
111011110011000110
000001101011100001
111110011101111111
000001111011110000
111111110000001100
111011100111110100
111101101101000001
000001111100001100
000010001101111010
111011010101110001
000001110101011100
000000000010011001
111110101100100001
111110011101101111
000000010101110110
111100001110101011
111101101100000101
000000111111111011
000001000011101010
000001011001110110
111000101100100110
000010011011010100
000000101111000111
111100101010011000
111101101011000110
111111001011001100
111111000100111001
111000010111111000
000001001100001001
000001010001111001
000100000100110101
000011111110001010
000001110000110010
111101010111000011
111100000000000001
111111111011001000
111000000100011010
111000110100000100
111110111110101001
000001111011110110
111011011110100010
000010111011011101
111110010000000001
000001101101100011
111100100100101000
111110010100101010
111100011111000011
000000011100111110
000100101001010010
000001000010110100
111110110110000011
111111011001011111
111110000100100100
000100011010100000
000011101000000110
111100001000001000
111111000111110100
000001011001011111
111101000000111110
000000011100101101
000010010000101011
111101110111011000
000000000101101001
111101111000101100
000101000011001110
111100001111011111
000001011000101011
111100110100111000
111110000011110010
111010001010101110
000010111000011011
000001001001000101
111011110001110001
000000011011000101
111110001111011101
111111111010011110
111100000101101000
000011010101010001
111110110010001100
111100110100001111
000000011101011011
111111101001011111
111110000111111110
000000001001011000
111111000110000101
111111010110110111
111110101111110011
000001111110011011
000011000111101111
111101100000100101
000000110110011011
111101001001111001
111101111000001011
111101001001100100
000000001110010111
000001001011001001
111111011011000001
111101101100100100
111010101101000011
000000011001100101
111100011110010001
111111010010101110
000001011101001111
111111101001011001
111010100100001011
111111100110001011
000011100010100000
111101010000110011
111110000111101011
111111000110110010
000010101011011111
111100000111110011
111111110010011000
111100100111100011
000001101100101011
111110101111011010
111011010101011111
000000111001110111
000000101110010110
000000110000111010
111111101110011000
000000010101110010
000011011011110000
111100001111110110
000000111100101110
000001010100111111
111101011010100011
000000111011101010
111100101011100011
111110100100000010
111110100000010000
111110000111110100
000000110000000111
111111101010001100
000001110111001010
000010101100010001
111101000110110011
111111001011011001
111111010110001111
111101110100111111
000011010110100001
000000011011110110
111111100110111010
000001000111010111
000011110100011101
111000011100000001
000000001110001001
000100110001001001
111110000000011110
111110111110111000
111111001101000100
000001001010111011
111100111100110000
111101010110110010
000000011000010001
000001110111010000
000010001010100100
111101011010111111
111110001101110110
000010000001000000
000001110001111010
111111101111101011
111111100010011110
000001101110110101
111110110100010000
111111000101101111
000001100001101101
111010110001101100
111011101100001001
000000111110111111
000010011100000100
000011100110111011
000000101111101110
000001111110100010
111100110000110111
000001100101100011
111111000101010011
111101110111011101
111101110001100010
000001010000100111
111011100100000011
000010111001000010
000000011011101110
000010110010110011
000010000110101111
111110111101100101
111110100100010011
111110111110101011
000000111100010100
111101000010100000
111101100110111101
111111001001111000
111100010110001100
111110110111110110
000000100100110001
111110101011010111
111110110110001011
111101100111111011
111101111011110000
000001001001100110
111111111001100101
000001111101101110
111100100110101000
000010001101011100
111100010010110010
111110000010010101
000000110001110010
000000001101101010
111101010011001010
000010100111101100
111111001111111101
111111010110000011
000001011101000101
111110010010001110
111110000001001000
111011001011100100
000000001110101001
111110000000111110
000010101101111111
111100000110011111
111111001111101011
111110001110011000
111111111010011001
111101110101011111
111111101101000010
000011101100100011
111010100110111100
111111100100001000
111011111111101000
111110100101000011
111100011111011011
000011010111000011
111110001010101010
111100101010111011
111111000100100000
111100011011011110
000001000011111011
000001001001010001
111100011111101000
111011110010101011
111110010110011001
000011011100010011
111101001011000110
111110110011000100
111010111110011010
000010100111000010
000000001010001100
111111101110100101
000001100101110101
111111001101110001
000011000101011001
000010101100100000
000000111110111001
000001100110001101
000000110000001011
000000000000111100
111100101111101111
111110000101000011
111110011101101111
111110110111011010
111111001011110000
000001111100101010
111110111001010110
000010100011011000
000000010101001100
111101100100001100
000010111000100011
000010111000110110
000001000011111111
111110001000010110
000000011101110100
111110100011110101
111100111100111100
111110101110111111
111101011101100000
000010001110000001
111100110101010011
111101010110100001
111101011111111000
111101101101100000
111110100001110011
000000010101101111
111110011100000001
000010001011001101
111101000100101000
111111000100010000
111101011111101111
000010111110111110
000000110101011010
000000011111001010
111110010100001010
000101000000011001
111111110011110100
000000100110010111
111100011001100010
111111111011001101
000001000001101101
000000101110111011
000010010011010011
111111011010101010
000000000001101000
000011001100010100
111101110101101000
000010100000110010
111110110011101111
111110111000010110
111111111110110101
111111100000111111
000001000100100110
111110110111101101
111111010000111111
111110011101101101
000100000110000000
000011001111000100
111110010001000100
111110010111010011
111110010010010010
111100101000110001
111111011000010100
000001001010011010
000000101101001010
000001110110011110
000000110101010000
111100000101001011
111101101101000110
111111100010100111
000001100111111110
000010011000001001
000100111101111001
111100010100111100
111011100110010011
111100000110101111
000000111001011110
111011010000010010
111111011100010110
111111000101100000
111110101110001101
000011101100010101
000001110000010010
111110010111111010
111010001010010001
000010111110000011
111000110111001110
111100111010110101
111110010000101011
111110110001000011
000000000101100010
111100110000001100
000001110110100000
111101101010010111
000010010010011101
000001111000110001
111111000011010011
111111101010000110
111100000001110010
000010001101010010
111111011010110100
000000001100010000
000000110110001111
000000010011110111
000001101101001111
000000111100010010
000001011110001010
000010011101101011
000010011010111011
000011110010000100
111110111001000110
000001010111100010
111100100011111010
111110110010100010
000001101001101011
000010001101001101
000001010111100110
111110001000010000
111110010100110001
111111011000000101
000010000110011001
111110111101000000
000000111001111110
111110010100000011
000000100010011011
000110011100111001
000000011100011001
000001000011101101
000001001010101000
111100011000011110
111110110000110011
111110110001001011
000100111101101100
000001000000100010
111101110010111101
000000101000001110
111110100100100001
111101001110100001
111011011000010001
111110000111100001
111110000001000011
000010100111010000
000000101111100101
111011101010010001
000000010011010001
111111100111110011
111101010001101001
000010111000001010
000001101110101101
000000101101011010
000011011011100100
000011000100101010
111110010010110110
111110010101110110
111100000000001111
110101010010111000
000011100101101101
000100010110110101
000001110000010101
111101111001111001
000000100100111000
000000000110001011
000010010000010101
111110100100100000
000001000000011000
111101110011001011
111101111001101110
000001101111010101
000011110110111101
111010010010011111
111011001111100000
111100101110010000
111101101001001101
000011001010001011
111111101010000001
111111100110110111
111110010100010101
000000011101000101
000000110100000111
111101101110010101
111101111110000011
111101001010100010
111110001000101100
111110000011111001
111101011000001010
111111100111111001
000000100000110000
111111100101100110
111110001101010100
111010100111001010
000011001110110010
000011110010011110
000001001111100110
111011100101011111
000110010000011101
111100100110100010
000000010101111111
111110000010011000
000100010100001100
111100000011110101
111100011010001001
000000111011100000
111010001110100100
000011101010010001
000000010010111101
000000001011110110
000000101100010010
000001101101111011
000011000010101001
000001100001000101
111110100111111110
000001000000111101
000001101110011110
000001110111110001
111101110110110001
111110000000110010
111110100100001111
000000101101001010
000001001001000001
111011110110001110
000100100010010111
111110011010010101
000001111101001101
000000111001110111
111011110111011011
111111001000111011
111111110000100001
111111010100110010
111011001100100010
000001100001111111
000010111111011010
000000101110011000
111100011010001110
111110110101000100
000010101010011110
000001111110010111
111100000010100000
111111101111000001
111011111100010011
111110001101101110
111110010101011110
000010010000000100
111101111110001001
000001110101100000
111110100111111001
111101111101111000
000000011011100000
000001011100010001
000011101110011000
111101101110100010
000010110111110110
111110010101110101
111101011000011011
111010111110001101
000010000001010110
111010010011011110
000001101101010100
000000111100011110
000001101101101010
111111110100001010
111100001110100111
000010010101001100
111111001100001111
111101101101100001
111101001101101100
000010011010101000
111001111010001001
000000100011010011
111111111011100000
111111101000011101
111001100011111011
111001100000001111
000000001000111011
000101011010000011
111100010100111001
111100000000000001
000011111110101011
111110000000011110
110011110101101100
111011011110101111
000000110100101000
111111001100101110
000011100110000000
111111011101010001
000000011101101000
000000100001111101
000001010011001110
111110101001101111
111111001011000010
000010001111000101
000000000110100010
111111111000100011
111000100100101101
000011111100101111
000010001110000101
000010001010111111
111111100100001111
000001110100010000
000011011010100010
000000110100101101
000010010010000010
111111110100010000
000001101001100110
111100011111000111
000001111100110111
111010101011000110
111100001000010100
000000111011110101
111111011010010000
111111111000110101
000001100010100111
111111010111101010
111101101011011110
000000110001101001
000001000001100011
000001100000010000
000000110111101000
111111001010100010
111110011011110101
000001110000100001
111111111111011111
000010011011011101
000101011001111100
111011111110101011
111011111011001000
111010110110011000
111110111101011010
111101011011001011
111100011000100000
111101101110011100
000001111011100000
111101110001101001
111111110111111000
111011100011010101
000001011101101110
000001000010101111
000000101110001001
111101101111100000
111101011000101100
111111101110110000
111101100011010111
000010001101010000
000011101010100010
000001101011010100
111110000101001111
111101101100011101
111101101011000000
111111001001110101
111111011101010010
111101011111101001
111111001000111111
111101001100100010
000000001000010100
000001000010010101
000010000101001100
000000000001010111
111100000111100011
000100110111101010
000000011000000000
000010000001011000
000000111100110110
111101010011100010
111110010111011010
000011111011010100
111101011101010100
000000000000011010
111100011011001100
111101110110010111
000010010000010110
000010101011111111
111111011010010101
000000011111001000
111011011110010010
000000000110010010
000011001001101010
000000100001000000
000001010010010110
000010110001000010
000011010111001110
111111101101000000
000001100111011110
000000010110010011
000010111000001011
000100001010000011
000001011111111101
111110001000000100
000100001110110000
111101001000001100
000001101011101111
000000011100100111
000011010011001100
111110010010011011
111111110111101101
111110101000010100
000001010010001110
000100110110100110
111100100000011010
111101111110110110
111111011111001000
111101011111110111
111101010110101000
000001111111100011
111101011100001100
111110001110000010
111111001101100011
111110101110000101
000011100111010001
000000111010000110
000010111111010000
111101110101111101
000000011111000010
111010001111000000
111110000110100001
000101011101001011
000000000111011111
000010010011010101
111100110011100101
000010100100011001
000000110110110001
111110101101011001
111010101101111011
111101010000110000
110111001011101110
000010100011101000
111010001110110100
000010000000101000
000001000101110101
111110000100010101
111101100001000100
111110010001000000
000010010111100111
000010001111011111
000000100001110011
111001101111001010
111100100000101110
111110000010101100
111100010001010010
111101011011110001
000000011101110100
000010001110010111
000100001010101010
111111011101101011
000000011000111011
000100110111100010
000011010110010011
111100000000110111
111111001101011001
000010110010011111
111100101101011111
000001110000101011
111111001011010110
000001010001101111
111100011110111010
000011001111001001
000001100111100111
000011101000100011
111011101111111111
000000011110101010
111111010111110110
000101001101110000
111100111110010010
111111110100111101
000010111110110011
111100111010001001
111101011001011001
000001011001001101
111011001110101010
000001100111100101
000000100011111111
111101100100011100
110111101011111011
111100010110110100
000001001111001010
000000110111000011
000011101001100101
000001110101101011
111110001000011000
111110011100110001
000010111011111001
111111110001110011
111110011000010011
111110000101100101
000000110011101100
000000101010110111
111101101001111011
000100100010100010
000010101100001110
111111010000100000
111100000110111100
111111111001011001
111111100001110001
000001110110001101
000001110111101101
111110110100010100
111110000101110000
000000110010011001
111101011010011011
111111001001011010
111110000001011110
000101000010111101
111110100010100110
111101111010111010
111100000010101011
111110011001101100
000000001000011110
111100101111010111
000000011001101001
000110100101110010
000000001101101011
111010101101000111
111100011001001101
000010010000000011
111010011110101010
000000100001000010
000001100011001100
000001010100010100
111101000111000011
000011100111110011
000000001000110110
111100100101000000
000001000010101111
111100111111100000
000000001101100111
111110000100000001
111111110010010001
111101101011011100
111110001111001100
111111010100011111
111110001011010010
000101010100000100
111101110001011000
111101001110001001
000001111111100001
000010000111110011
111101000100001010
111011101010001011
111101110001011001
000100000100101011
000011111100011001
110111100110011010
000010110110010001
000011111111100011
000011000000001101
000010000110001111
000000010101111011
111111011100011100
000110000010111001
000010101101111101
000010011111001110
111110101000101011
000010000100001001
111101001111000100
000001001000100101
111100111100100100
000010011100100100
111111100101010100
000001011001000100
111110010111111001
000101111110100101
000010001000101100
000001100010010011
111101011001111101
000101100111010110
111110010110111010
111110011011011001
000100101111011000
000000001110101010
000011010000010010
000010010100110101
111100011110111101
111111111110001000
000001100100101100
111110111010110001
000010111101100101
111100011110110100
000011101101110001
111111100111100011
000001010000101001
000000000010010111
000000100111001001
111111000011100100
000001110111110001
111011011001101011
000001010000110101
000001000111010101
111100111000011001
000010100011111110
111110100101000011
000000100011010000
111110101110010001
000000110101101111
000011100111000001
111111111011111110
111111000101001101
000100000101000101
111111011011101001
000011000100101001
000000110001000111
000011100011010100
000010110100001000
000011000110001010
111100111000101110
111100101001111111
111100111011100000
000001110011110110
111101111001100111
111111110100100100
000000111101000000
000000100110111111
000011011001101000
111110001000100111
000010111110010100
111010100011010011
111111010110100101
111101001111110110
000110011001101100
111110011001001101
111100111110110110
000100011010100110
111001100001100011
000010100010101000
111101001111110010
000010101110011100
000011010111011000
111111100010010100
111001110101100101
000010010010010101
000001001100100111
111110000110010100
000001110011011001
000110100000110010
000010110001101111
111111010110000010
000000011101111100
000001000011110001
111110000000111001
111100010100011110
111111010111011000
000010100001110011
111111101110100011
000011001110111010
111111110110110011
000010000100011111
000000111110101111
111101000111110101
111111010100110001
000000110100111011
000000111111001010
111110011100110100
111100100101101001
111010110010010001
000100111010001000
111101111010000110
000000110100010100
111010010010001100
111110010101100000
111100010100001001
000011110101100111
111110011010011011
111101100000011011
000000000110110001
111010001110010010
111001111000011011
111011000001001001
000001110010101010
000010011111111110
000001000010000101
111011001011101000
111101101000000111
111111011111010010
000010101100110101
000100011100101010
000000111101010101
111101111001111100
111110001110010001
000100110000101010
111111000101101011
000001100010111011
111110010011101111
000011000100100000
000000101001001000
000000001100101101
000100101110010111
111110111110010001
000000110011000010
111111011000010110
111011010101111000
111101110101010100
000000010010111111
111100000000110111
111010110100010111
111110100001100110
000000110000100000
111110011111010010
000011111000001010
111101010010100001
111111111001000010
111110011100101111
000001101111010000
001010101010001001
000010000011100011
000101001011001110
111101111001010010
111011001001001111
000000011001111011
111111111110111110
111000011011001100
111100011000100001
000000011010111001
111110110101110001
111101010011101010
111110100100111101
000100000000010001
000111000101100100
111110111000011110
111110101010000011
000001101101011001
000010010000100011
000011001100000000
000000010100010000
000010000101011111
111010011110110001
000000001000100111
111101011100001101
111001000100010000
111110000011111101
111100110000111000
111110001001100111
110110100110000000
000010111010101010
110111101000000101
111111100111001110
000010101001100111
111110111110001100
000001001010010101
111100010000011001
000000001101101111
111110000101001101
000000111000001010
111010101011000000
000100011101100001
111010000011110100
111110111011111010
000000100011100110
111100010111110000
111001101000011011
111101100110111111
111101011111101111
111110100100111110
111011111110001101
000011011111101110
000001000011011010
111110100010001100
111110000011110010
000011111111110110
111110110101110110
000100101000110111
000001000101000010
000000000011011110
000010011010110101
111100111110101100
111011101110010101
111110100011100011
000110010000010000
000011101010000001
000001101110110000
000100000001001001
000001110001000011
000001111011100100
111110000100111111
000000110001011110
111101110101001001
000001110000110110
111101100000000111
111111101011100110
000010110001101001
000001111011110001
111101110111000100
111101001111000110
000011001000110010
000000100001010111
000001010110101101
000010000010111000
111110000110110110
000011110100100000
111010001000100101
111111000010100111
000001101011111100
111011111010110101
000000111011101000
000011111001100010
111111011000000011
000000110001000000
000010100110101111
000010110101000110
110111110110001000
000010011010101101
000001000111101001
000011001010010000
000001000111011010
000010100100100111
111100101110110010
111110111111110111
000001000110101100
110110011011100100
111001011011001010
000011001000011100
000000100011011100
111010100011010010
000010011001101011
000011001101011110
111111010101001001
111110010101010111
111111111100100101
111111101011001110
000000100001010100
000100111111001011
000010111101110100
111111010100111010
000000000110001011
000001111011001100
111101110110110111
111100111110101111
111100011011111011
000010101100011001
000011110111110111
111101001100110101
000001011101000101
111110101100000110
111100111111111001
000001010001001110
000001010111000110
000001111001110100
111011110000101110
000000000100010011
000001011110101001
111101000010101101
111110000000001001
000000010100000110
111100000111000101
111000000110010000
000010110010011000
111010001101100110
000000110101101110
111110011011010110
111110011101111000
111111000100001111
111011011111010000
000000111100101010
000000010110101101
111100010110010001
111111101110001010
000001011101101001
111110100101011110
111010010001001000
111000110110000000
000000011110001110
111111111111010101
000101000110011100
111110111000011110
111101101011010101
111111011101010101
000001011010010100
000001111000100100
111101101010110111
000010111011101001
111011110100100101
000100010111101101
111101000011001100
000011110011000001
111111000011101010
000001101111010011
111110001001011100
111110110111100001
000010011000100010
111100111001000110
111100011101111011
000011101110111111
111110000111100110
111111100101101110
111110101111101101
000010101000100000
111011100101001110
000001101001000111
000001010000000101
111101110011001100
000000100101101111
000000011101010110
111001011110010000
000000010001111001
000101000010011001
111100001110101001
111101011111100000
000011101010111101
111100110101011011
000000011011101010
111100100010100111
111111010111111101
111101100010110101
000011001111111011
111100011001001011
000100100001111011
111110101000010100
111111101001111100
000010001110100010
111111110100010001
000101011010111100
111110011011011111
111101011110001001
000001110100110001
000010001010010001
111111111010000111
000100111010100010
111110011000111001
111100011111101101
000011010010011010
000001110100010001
000000001001011001
000001111111110111
111110100111101001
111011100001011110
000001110101010010
111101110100000111
000011011110101101
111101101011111011
111110101010110111
000010000110011111
111111011010001101
111110011111110101
000010010010101100
111111111000000101
000000101000011000
111101011001010101
000001110011001010
000001001111100000
111111111111000100
111101101010011011
111101000100001000
000000000010000001
000001000001100010
111110111101011111
000001001000010001
000011111001000110
111111111100001001
000001011000100111
111010001011000011
111101100110011101
000010010111100010
111011000100110011
000010011111110011
000011000111110101
111101110001100101
111111101011000011
000000011101101000
111101011001101011
111000111100011110
000011001011011010
111101010110010101
111101111100011011
111100000011010001
111100011011000110
000010101100001000
111111111101000001
111101100111110001
000000000110001000
111100111101000011
111001001101011001
111111110001000001
000000100010001001
111110010100110001
111100100001010101
000010001000101110
111100111011010100
111101110001110101
000000110000010001
111011000011110111
000010001001101000
000000011010000111
111110011101100111
111101010001100101
111110101011100111
111101101100111110
111110011010000111
111110111010100011
000011100011011101
111100111101100101
000001011010001000
111110111011000110
000001010100011000
000010001111101000
111101110111101001
111110000000010100
111110010001010000
000100100000110101
000000000011001000
111101001110110001
111100011111111110
111011010011001111
111001111101010001
000010101011000100
000000010100101000
111110001100110101
000001011111110011
111000101100110111
000010110111010010
111100000010000101
000011101111101111
000010011011111010
111011111010001010
111110110001010101
111110011100001100
111101100011110100
111101101101110101
000001001110001001
111101111100000000
000010001000010101
000000011000100010
111101010011110000
000010000101101101
000011000010100101
111111100000000111
111101100001101111
111101101111010011
000100000101001100
000001010000100100
111110011101000010
111101101011100011
000010011000110110
000000001101000100
000100010000000010
000011101001010011
000000000100001111
111100001010101100
111110110010110100
111111101110000111
000001001011100000
000000100010101000
111111111000010111
000000110110010110
000000000110111111
000010001101111011
111110101001010111
111110001100110001
000100000000000101
111011010101100111
000001110010010011
000001111010110011
000001110010000010
111110010011110101
000010010110010111
111111101011110010
000011000010111010
000011111001011010
000010100100010000
111101111010100010
000000100011111010
000000101010001001
111110000100001000
000001010110000110
000000100100100011
111100010100111011
111111110110101010
111111000001011001
111111111100111001
000001010000111001
111111001100100111
111101011001001111
000000010100000010
000011001101111111
000000101110000001
000100000010010011
000000001011110000
111101100001110000
111110000010000100
000000011001010100
111110111111011111
111101110001000001
111111000100001100
000010011100001011
000001110011100111
000100001111011011
111110010100000101
111111011101111011
000010001000000100
111111010001001000
111110110011001100
000010001111110110
000010001111001101
111100001100111110
000010011111110010
000000110111011111
111111011000111010
000001000111111101
000000101101001110
000001000110100011
000001011001000110
111100001110010101
111011010110100000
111101001011001000
111011000000011110
111100101011100101
111101111110001001
000001100111111011
111110010111010011
000001111001101001
111110110011001110
111111010110001010
000001010100111010
111001011100111010
111111000000110101
111001010101111001
111101110110011011
000100011000100111
000000011111010000
000000110001000101
111011001001001101
000100100000100011
111101100001001110
111101010111011101
000100111100001011
000011110001110110
000010000000100010
111110100101010001
111110111011100011
000001100110001110
111101101010101100
111111100101011111
111101001011100011
111110111110111010
000010001011101011
111110101101010010
000010111110000101
000001100100111111
111111001101111010
000010101110011110
000000011010100111
000010101101000010
000010010010101111
000000010000100001
000011010101011011
111100111101100000
000010001100000011
111100000001101111
000010101100100000
111111101111000001
111100110011011111
000100111011110010
111111110000100111
000001100111001111
111110111100100111
111101100001000110
111111101010110011
000000100010000101
000001010111110110
111101000111000001
111110101100101100
000000100101101000
111011101110010110
111110100101110011
000100001000100100
000100000111000111
111111111001110001
000010100101010011
111101011011111011
000001101101100011
000011010100010001
111100010111101011
111111110101100001
000000010011110100
111110010011111000
000001110101010110
111111110100000011
111110001110110000
000010101101011111
110110111111100000
111101100110010000
111110001111100110
111111111001101101
111011011001101010
111001010011000001
000000000000111101
000100010000000011
000000010111100011
111110011001100110
000001101011000111
111100010101111110
111101110110100001
111111001110101111
111101011101011111
110111111101110000
111100101010000010
111101110101010010
000011011100100111
000010011101111001
111111110100100110
111010010100001001
111100001110000001
111100110101011101
111011101110101010
111110101111000001
111100110011100010
000011011101111100
000001111011110100
000001111110010110
111110101111011101
000101001011010000
111101110000011001
111010110101000111
000011010111100101
111111111110100001
000001001011110101
000001111110010010
111110111110110001
000011101001100011
000100110110110001
111110010100001110
000101000110100011
000000001000101100
111101001010111100
111111001100001110
111111000100110001
111110001010111111
111111001111100001
000010110010001111
000001100100010110
000101001000001110
000000110111101011
000011010101010010
111111000011011001
000010111000011010
111100010000001010
111100110001000010
000001101101100110
111111101101011011
000001001101010000
111111101110111010
000001101010100011
000001001110110010
000010111100010110
111101100010000000
000000000100010110
111111101110011000
111110100010110010
111110011011100011
111111100100100111
111110001110011000
000001001001101000
111100010110101000
000010101000110111
000000000001110110
111010011101100110
000011010100011101
111101110101001101
000000100100100000
000001011011011101
111010111011010001
000001101000010000
000011110000100000
000000000100111111
111101110010001101
000001001010000101
000000111011101001
000000011101101101
111111111010101000
111111000011111110
111101100110001110
000100010000101111
000010001110011000
000010000010001100
000010111111111100
111111000010010100
111100101010011010
111111001100100110
000001111101101001
111011101010000001
000110110000001100
111101000111101011
111111111100010000
000010111100100111
111110010000010101
111111111010100011
111111001100001010
111100101100100010
000001110011001011
000001111101000011
000011010100111111
111101101001111101
111100111011100101
111001110001100111
000000010000100000
111110111110000100
111100110011101101
111110010011101101
000000001010110000
111100011000100000
000000111111010110
111100111101011000
111111101000011001
000100000011111010
111111100110001001
000000111100011001
000011110001100000
111110011110100010
111111100000110111
000011110100100011
111111110100001101
111110100111010010
111100001111111001
000011010011111110
111100100110001011
111101101100011101
000000010010000100
000010101001110011
000010010011111001
111010100101010010
111100001111011010
111000101111111000
000010111111101000
000010110111101100
111111100101101011
111111001110001010
000011010010110101
000011100001011111
000000001000001011
000001111001001110
000010101011011100
111111010101011111
111101101011000111
111111001110110011
000000100100000000
111101101100111011
000011100001101100
000011001000101010
111110001100011110
111110011111101110
000001100111010100
000010000100100100
000001101100000110
111110100011111101
111101011110100110
000010110101111011
000010101100100000
000011111110101011
111111110111011101
000001111100110100
000010110000110101
110110011100001010
000011111011010010
000000100100100111
111110110001001100
000001011001010000
000001000101101010
000100000010101011
000101000001110011
000100001110001001
111111100010110000
000000000101010101
111111111100010011
111010001010101100
111111110100000100
111101100100101101
111111011001100001
111101101001010010
111111011100100000
000011110111111110
111100110101011110
000011101110000000
110111111011000101
111111010001010001
000010011000100001
000011100010011001
111110000100000011
000000001111011110
000010100100001001
000010111001001001
111101000110110011
000101000001101101
000100000010111111
111000101111000000
111100011011011101
000000011100001001
111111111100111010
000010100011011100
111101101110011110
000100100110110111
000001100110011010
111110000110010100
000010001010010011
000101001100111010
000011010001000100
111011101000101011
000001100011010011
000101000101100111
111010001001100011
111111011000010010
000101011100111000
000100011011111011
000011001100111000
111100111100001001
000000110011011111
111101111011000101
111111001101011010
000001111100001011
000011001101010100
110110000001001101
111000110000101101
111100101100000100
111100111010010100
111010011010101000
000011001000010111
000100011101000111
111111111001101110
000110110100011000
111100001110000000
111010000101110000
111001101001111101
111011101011001010
000000001011010011
111110000101011010
111011001110011100
111101111001100101
000000001111010010
111110001001010100
000000110111100100
111110110111111100
000110110101001001
111110010010101100
000010001000100111
111011110111011010
000011001111101100
000000001100011111
000000001000000010
111101110010000100
000001110100101100
111111001101011100
110111101111110010
000001110011011101
111101101101101010
111100011110111010
111101101011110110
111100101011110110
000000010000001001
111111110010110100
111011101011011100
000000001101111001
111111101100100001
111100000010100110
000001111010011101
111100010111100100
000011001100011000
111111010000100100
111110100011101111
000000010110010011
000001010100101000
111100100001111000
111100010110010111
000001100111110010
111110100100000101
000010001011100110
000101110111101111
111110111011000010
111110110000011011
000001011110100111
111010100000101110
000010111100101010
111111100000101000
111100011110100001
000001000111000010
111010101000001110
111100110001011010
111011011101010101
111101110111000000
111000111111111100
000000110110000110
111100100100000001
111111111111100100
000000000111001011
000001111001011100
111101110111011101
000000110110111010
110111110010010010
111101100011000011
000010011101001010
111111101101101010
000001101110000100
111111010000000010
111101011111110101
111010111110000100
111111111101100110
111110101001101000
000000110011111001
111110011111110010
111010111100100010
000000110010100110
110111111001100100
111010110101100110
000001011110110100
111001111101110011
000000001000101010
000000100101010111
000000011001011110
000000100110101100
111100101110000101
000000011001100111
111111000110110111
000100001011011011
111101110111110000
000100010010010100
111001111010011001
111100100010011001
111110110111001010
111011111110010000
111011111111100001
000001101101111001
000001101001011110
000000111101011110
111011101110011001
111101110001110101
111110001011111000
111101100110110001
111111111001101110
000001101100001101
111110010101110110
000001111011010111
111111111011001111
000001100101111000
111111001001000111
111001110010100110
111101101011100101
000011111000100011
111101011100110101
111101100100011111
111111100011111101
111110111111010111
111100001010001011
000000001010111100
111110110101000010
000110000110101011
110110000010011110
000010000010010101
111111001010111101
000011100111100110
000011010110001010
111101001001100110
000000101111101000
000001110110110111
000010100110100001
111110110000010010
000001011110100101
000010001100000001
000000111101010100
000001111110101110
111100011101110110
000000111010011001
111110101111101011
111111001000011001
111101100000101011
111110000110100001
111100111010111000
111100100011101111
111001011001100010
000010010011000101
111110110000000101
111100100100000000
111110001100100000
111011111100001001
000010000101100000
000001101101110010
000000011010111110
000000110010011100
111111001000001000
111111000010101100
000010100101100101
000010100001000110
111101111011110000
111110000110011110
111101011101000100
111110100000101000
111110110110110110
000001010100101111
000011000000110011
000000100110000011
000100001111100111
000000111110011001
111101011010011110
000000100101011110
111101000101100011
111100111110000011
111101000110010000
000010010101110110
111111111010011111
000010101010010101
111101011000110100
111101111101100111
111101101100011000
000000010001100101
111111011001001110
111101101111100110
000000101001111111
000001110111100111
000011001110111110
111111000010100101
111101110101111001
000001111000000101
111000011001101010
111101011011011001
000010011001100100
000001100101110000
000010100100110000
000011101000010111
111101010110001000
000001111110000110
000001111111010011
111101100001011100
000001011011011111
000001010001101101
000000111010000000
111111011100111011
000010101011111110
000100011010110010
000010011101101111
111101110011101101
000000000110001100
000000001011000000
111111000100100000
000001011000100011
000000011011000011
111000010101000001
000110000101101110
111110100101000001
000010111000100000
000000010101100001
000010100011111000
111011010011000110
000000001011001111
111010010100100010
000110000100100011
111000101110010000
111111100110001110
000000100110011111
111111100111100101
111100011101011100
111011101001010010
000000111010110010
000001110111110000
111111000001111011
000000011100000000
000001101111101010
000001001110110110
000001011110000101
000001001001010001
000001011000001011
000110000010000010
111110101011000011
000111010010000100
000001001001011111
111100111110011110
111111000111101010
111111111010111000
000010100011011000
111011011001000011
000001010011110100
111100111111100011
111101000100011111
111100000001000011
000000000010001110
111100010011110100
000000010111101100
111110110110001101
000010011111111011
000010011110001000
111101001001010001
000000111011010000
111111000001110111
111100011011011001
111100010111110000
000000011010011011
111101010110010010
111100110011001000
111101011100011110
111110000000100101
000011000100101001
000010001011101010
000010101100000010
111010000111011000
000010010100001100
111010011000101111
111101010010000010
000100110111100101
111101100101100011
111110110001000101
111001011000100001
000100001100101110
111101111110000111
111100011001010110
111011110010000110
111101111110011011
111111010010110110
111110100110110001
111011000111010011
000010111001111111
111100111011111010
000001110110001000
111100101101011100
111110110101011001
111110101101010101
111101001001011100
111111010011010101
111110110110010000
111110111011010011
111100110101100000
111100011111110110
000000000001000000
111011001100100110
000011001101111111
111111111000100001
111110101000001101
111101100111011000
111110000010011111
111101000011100001
000000000000001011
111111000111010110
000001110110110001
000010010011101111
000000010101001010
111101101101000111
111110111001110001
000011000001101100
111010110011000111
111101000000110111
111111110101011011
111100011001111010
111110010001000000
111100010111110100
110111100110111001
000010000110011000
000001101000001101
111111100110110111
000100001111110001
111111101001001001
000000000110000100
000001100111000110
111110001111000110
000100000001101100
111111111111010100
000000100110001100
000000010101010001
111101010000000001
000000011110111101
111111010000011101
000001101101000111
000001110001110010
000010111100000101
111001001100110110
111011011000011001
000001011000001101
111101011010010001
000001100011100010
000000111001000111
000000001011001001
111011100011101010
111101000101010010
111101111111000000
111011110010101100
000010011001111010
111100110001011011
000011011011000101
111001111100001100
000001101101111000
111111101111011110
111111011111110110
111111110110011000
000010010101001101
000001000101111000
000010100001100010
000000100101010111
111111101010010100
111111000000000011
111111001000100000
111111010000001100
111011101010011111
000010100000000110
000001110100101010
000010010101000100
111011010000111111
000000011000110110
111101010011100100
000010001000101011
111101110111010000
111100101101100001
000000001110111010
000001011111100001
111011000010011101
000000000110001100
000010000011111100
000001100110001101
111110000011110111
000000100011010010
000011100010110001
111101110101101011
000100001000111010
111100001001001001
000011000111010110
000010110100111110
000011100010110101
111011101111101010
000101101011010100
111100110010010011
111011111101101010
111110110101111011
111101100011110000
111100101100111000
110101000010011000
000001011101111000
111110010110111111
111011100010011111
111101101011001110
111100101110101010
000010100111011011
111100010111110111
000010011100111010
111101100111111100
000010011100110100
111110010111000010
000010110011101001
111100110100000011
000011010000000110
111011100000100001
111010010100111110
111011101101010000
000001001011101100
000001110011111111
000000000011100101
111110001101110011
111110100011000000
111100111010011100
111111110000000101
000010001011001101
111101001110111011
000011000000000001
000010110011110101
000011100111100000
000101001110001100
000001011110011110
111111001101011111
000010111000100010
000010101000101011
000011001011101011
111111010100010101
000000111001100111
111111110000100001
000101111010011111
000000010110110001
000010000001100100
111110110000001001
111110111010000100
000000100111100111
111100101100110001
111101011000101100
111111010111011001
000101001010010000
000000101111000011
111010101101100110
000011011101101011
111001111111011110
111111000110011000
000010111111001101
000010010111110001
111001111110110100
111111010010111111
000000011010011100
000000100011101011
111111101011110011
111111100110000101
000000010100011111
111011100001001010
000100010101100010
000000000001001000
111101101010110101
000010111110010000
000011110001111010
000001010110001111
111111100101101011
111101101000101000
000011100011101101
111110010000100100
111111101111000010
111100111000101000
111101001010100101
000101000100000111
111101011110011111
000000100001110110
000100001110010011
111111100110101101
111110100100101101
111111111101100011
111101001100011101
111110011110000101
111110111100100010
111110011110001100
111111001011111111
111011011110010111
111111000001011101
111100000101001010
111101111001110111
000000110000111110
000010000011010011
111111101000111110
111001000011010100
000011011000001010
000001010011001111
000000001101111000
111111110101100111
000000110011110001
000011101001001101
000101001101001010
000001010001110110
000000101110110010
111110111001100110
111110111110100010
111110111011100000
111111100111111101
111100011110111101
111110110100100110
000010110111111101
111101101100110011
111111110101100001
111100101001100101
000001100000000001
000001010001001111
000000001000111000
111101010111000111
000001100111101100
000000110001110100
111100111111010001
111001100100110001
000011101110010101
111000111101011100
000010111111101100
000100001100110100
111111010111000110
000001011000000110
111111001100000100
111111101101101011
111011111010001010
111100011000111101
111110110001011001
000000111011101010
111101001000001010
111101111101101010
000010111010001011
000000001101010110
111111000100110011
000010000010110000
111001011101101011
000000100000100110
111101011010101100
000001100000110000
111111110000011011
111101011001101100
111110001000111110
000100001100010010
000011110001101110
000001100000010111
000101010100110011
111111110101110100
000010010111111101
000000111100100101
111111100000101000
000010001101000111
000001100111101110
000100001011111111
111111100111100111
000010000100100101
000001101111001100
111100101110001011
111110011100010011
111110011110001111
000011011001101000
111101001010000100
000001110100000010
000101010111100110
000101011111101010
000000100101011001
000101110111001000
111110111100010100
111101001100001111
000001011101101001
111101110000111000
111100000001110001
111100101101000110
111100110001011110
000011001100000100
000100100100101110
111111111110011101
111101010111101001
111100110011100100
000110010010101011
111101110110111100
000110100111100101
000101011101011001
000001100101111110
111110101111011101
111111000001100101
000011100100111111
111110011101000101
000011100011010101
000000110001111000
000000000011011101
000101101111001011
111111010110101001
000001011001001110
111111011111011110
000011001110001111
000011001100100000
000001101010110001
000000111011001011
111111100100011010
111100010100001100
000011000000101110
111110011000101101
111011011010010110
111010101111111000
111010110000111001
000101101000100101
111111100101100000
000000000100101110
111010110110000000
000011100010011110
000100001110101011
111100110010011111
000001011110111000
000000010010000110
000010010111011110
000011100001001000
000000001010001000
111111010111100110
111111110000100111
000100000110011010
111100100110010110
110111111100000100
000000110111111111
000010101110011110
000000010001100010
000001010011101001
000000100010111010
111101110010001101
000000000010010010
111110100110110000
111111000101011011
111110001100110010
111111111011110111
000001011100101000
000001101000100101
111101011111011101
000000100100101011
000100010101001000
000011010001001110
000000101110101010
111111001101101000
000011101000000001
111111101111111110
111101101000001101
111011100100110001
000001000010011100
111101110100000100
000001000010000011
000001110111101110
000010000011111000
111101100100100111
111100110110111001
000001011011011111
111101110100111010
111110111101001010
000101001001010100
111111001010000011
000000111110010011
000000111110110111
000000011101011011
000011000001111100
000101000001111000
111111100010000000
000001010110001011
000011001010011100
000000101111110111
111101100010010111
000000101000011101
000000100011100101
000000000110011100
000001010001011001
111101001001100110
111110101011010011
000101011101010001
000101111111000011
111001100010011110
000001101011001010
000001100110000010
111110010001110111
000101000110011111
000001101001111010
111101101011110101
000010001000001000
111011111101011111
111111110110001101
111100100000011000
000010100110111100
111101111110010010
000010101010100000
000011110101110110
000000001110000010
110111100011010100
111010001110100010
111011110101000110
111111001000101100
000100111111000010
111110001101001101
111110101111101100
000001101010110010
000001111101011000
000011101100001001
111111100100000101
111100100110100011
111011000111011011
000000011111110111
111010101000010100
111011000010011110
111001011100010000
111101010100000010
000000010100001101
000100011010110100
111110111100101100
111101000111010100
000001110010000100
111111001111011001
111110001101000110
111111001010111001
000010110100111011
111010101101011101
111011100110101111
000100011110100100
111101000000100010
000010000101011001
000001000110010010
111111011110010110
111110100111000000
000000101011100110
111011110100100110
000000010110001100
111101010011010010
111100001100010000
000100100111000100
111010011100010010
000000101110011110
000010001011000100
000100010000100000
000000000000101000
000011010011000101
111101110110001111
111110100011101110
000100010110100000
000001001111101001
000011010100101000
000010101100111111
111110010001001111
000010010001010111
000010000111100000
000100010000110100
111111001001111101
000011101001010000
111111110001011111
000010001001111010
000110010110101000
111111011000011110
000001000000010111
000010110110111011
111110001110101011
000010001000110101
000000100100111011
111111000110000100
000000000000111110
000111001111010101
111110101110111111
000010000101111111
111100000001100100
111110010111000010
000000101100001001
111011101100010111
000010011101000011
000001000111001000
000010110101110110
000000010011000110
000001100111101010
000100100010101100
000101100001100111
000010110010110010
111111000101010001
000000111111010100
000100101101010100
000010100100110010
000010100000010111
111101000110011000
111110101001101101
000001010100010111
111000001011111001
000110010101100010
000010010100101111
000011001110110000
111101111000001111
000110100011101011
000000000110001001
000011110001010111
111111100011001101
111101011000111010
111010111001100010
111110011100010111
000000111001001110
000101110100101101
111101000100110100
111111001011010001
000101000010100100
111110110111101111
000001011000111010
000001000110001001
000011011100001011
000011010001000101
111101000111011001
000011001110101100
000100100100101001
111000110110110011
111101110101001110
000010100000000000
000110000100110001
111001110000001001
111110000101001011
000001100000011100
111111000110001100
111111011101100100
000100000111111001
000010111101100000
000010000010111101
000101000010001001
000001010101111011
000000110100110001
111111001000100101
111101000011110110
111100110111110000
000010011001000000
111010000110111001
111000111001001101
000011001011101111
111101110010010000
000011010011011110
000000001110111010
000011000110010101
111110100010100110
111110100110001101
000011111010111000
000000110100000011
111101001110100010
000001000101100011
111100010001101000
000001100101100001
111011101100110100
111111110001101010
000010000111001000
111111010001011010
111110000110001001
111101111011000000
111111110100110100
111011001001111010
111101100010000101
111110000101001000
111111100110111010
000001001011110111
111110011001000111
111100100110010110
111011111100001101
000001011011000111
111100011101010100
111110101011101101
111110011100001111
111101110000111101
000000000000001101
000000101000111010
000001111110111011
111100001111010001
111110111111101010
000010001010010011
000001111101001001
000000110000010001
000010011100101000
000001011000111101
111101001001010100
111111111110111001
111101010111111100
111100001101010000
000001100100011010
111111011111111000
000000000011011110
111110010100000111
111011101010010111
111100000011010001
000010100101011001
000000111101100011
111101001101111101
000001110110100000
000000010010011110
000001011100110111
111110100001001111
000011001001111100
111110110111010111
111101101110110011
111011000100001111
111110000011000110
111100100010011011
000010010111001100
111111001000101100
111101111011110001
111100010111000110
111110111000100110
111110000111010010
000001011010010001
111110001000111100
111001011000011000
111111111010011100
000011110000000010
110100101100010011
111100000111100011
000011010111110110
111111100001111101
111101110001100111
111010101100101101
000010100110011101
111101100010110000
111111010000110110
000001100100011110
000010001111001011
000011100010111000
000000100110001001
000000110010100001
111011001110110111
000000001110101010
111100111111011101
111100111100110000
111100000101101110
111101100000000100
000001011010001001
111110100011010101
000001111010010110
111101001010011001
111110111001111110
000000001010100111
111111011100100110
111010101110100000
111100110110001011
000000010101001001
111101010010110111
000011100011101110
000010010111101110
111101011101011101
111110111111010010
111100101110011100
000001100001010110
000000100100010110
000100100101000000
111101100101001111
000001100101110010
000100010110111100
000100110100100110
000001001110000000
111001111010111111
111100101001100100
111100011000000111
111110111101111101
000111001011010111
111110010110011110
111110111001101001
000000111011010110
111110110110110010
111110111100010000
111111010101110100
000011100011101010
111010110111101001
111010010000111100
111111111010000111
111010010001011010
111001111111001011
000110100100110001
111110011001110110
000011000010110001
111111011000110111
111000010111000001
111011111111000110
000011101001100100
000011011000010110
000000001111100101
000011011010111111
111110111000001000
000001011010100001
111101010110011110
000100001011100001
000010000001010001
111101011110001011
000000000010100110
111110001110011111
111111001100101110
000001101101001000
000011000011010010
111111101111001100
000011010111000110
111111101110011000
000011101010110111
111111001010111101
111100011101000110
000000000101111110
111110111001011101
000100001101101111
111111001000100010
000000101101101101
000100011111011100
111100110111110011
000010011011011000
111100111010100011
111111100111010111
111110000101101101
000001110111100110
111110000001001001
111111100110110000
111010001010110100
111110001010000011
111010100010000111
000001110111110011
111001111110101110
000000000001101111
000001101110110000
111110010011110010
000100010111101101
000011101010100110
111011001100010111
111011100111110111
111011001010100011
111100001000010000
111011001101100110
000001110101001110
111110011000100001
111101000010100000
111111000110100111
000010100101111001
111001011110110000
000000101100111011
000000101111011000
111110011010100111
111101011100000001
000010111011101010
111111101111001110
111001110000001110
111110000111010011
111011100010100110
111110111010001100
111110011011110111
111110010000000001
111101011110001010
111110010101011001
111101001110011010
000001011100001101
000010010010101100
111111001100100110
111100101011101010
111100101001110101
000010101101011110
111010101001101101
111101011101101100
111011011010001000
111110110010100110
111101111101101001
111011101101101101
111100110010111100
111100010011111100
111100001100110100
111100010101110110
000000101000111010
111000110101111011
000011001111101010
000001101100000000
111111001010111100
111101111100110010
000010011100001000
111101110110000110
000011000100111010
111100110001110010
111101101011101000
000011100010101111
000010001100011011
111111111100011101
111111011101011000
000000001001100010
111101000100010000
111110011100111111
000001111110100011
111111010100100001
000011010111011101
111111011110110000
000001110010001101
000001000100110000
111011000101000010
111010011111111111
000101000111010111
111110001010001101
111100111111000000
111011110011101001
000000100011000111
110111111000110011
000001110001011110
000000011001001001
111101111001100000
000000011110011010
111111110110011010
000010000001110011
110101000001010001
111110010100110100
000100000011100101
111010000100001111
000001100110101100
000001100100110010
000000110111011111
111100001101100101
000000001111101010
000100001101100010
000011010100000011
000011010101111101
111101010001101000
111101111001110010
000000101001011000
111100101000111101
111100001111010100
111011110101010000
111110011011010011
000001001111101001
111110101001111101
111010110001010110
111111000000111111
000010011101101010
111100101000010110
111110011101110100
000001100110110000
111110000010010001
000010101001011001
000000100011000001
111111110010011100
000010100000010111
000001110000110111
111110000101001100
111010101101000010
000000010110100100
111101000111011110
111111010011111010
000100000010100110
111110010110000100
000001011001110110
111111100011001110
000000010111101101
000011010100110011
111100000111011100
000001101110010110
111110011101000010
111100111010011010
111100001010110101
111011000010000101
111100010101010001
111111101101010101
111110101010000001
000000000011110100
000001110101111111
000000010000100100
111100000011110011
111111100011001101
111010010110111110
111111111101011010
000010011111011001
000000100111011110
111100100100010000
000000100011100110
111101010110001110
111010000011010011
111010111011111111
000100011101010011
111110111000101001
111011000011101110
000000011001101110
111011111110000111
000000101011010100
111110011000101101
111101110011101001
000101001010011110
000010001000110010
000001000111011101
111101000101010010
111111010010111100
111110010111010111
111101111001000001
000010110101101001
111110100001110010
000011101101110100
111101001100001100
111111110001011001
000001110010100000
000011011000001000
111101000110111000
111110111011110011
111101010001000101
111101000100011001
111110110001010111
000000111111100001
000000111010111111
111111100100101001
111100110110001000
111011111000011100
111101010110011011
111110100100011011
000001011100111001
000001100010101110
000100000100010110
000000111000001111
111111111110000111
000100100000001011
000010000111010110
000000100110010101
111111011001101001
000001011100101000
111110010001001010
111111100001110011
111111101011001110
111100100110100100
000011001100010011
111111001111110010
111111111101101111
000010111011000110
000001110000001101
000001001111100101
000010001110110011
000011010011100100
111101011101010001
000001011101101111
000001010100000111
111101101001101110
111101011011101001
111111011001100101
111101110000001011
111100000100111111
000001100000110011
111101011000010001
111100010000010011
000000010101011001
111101110110110111
111110001100000100
000001000001001101
000011110000011011
000010011111101111
000010110001101010
111010000000011111
000000100010110101
111010110101010111
111101100101110000
000000110110101010
111111010000110000
111110110010111110
111111011010001111
111101001111100100
111111101101101001
000000000100101010
111011111101000100
000001110101011011
111110101101111010
111010110010000010
000001100000110110
000001011001011011
000000011001001110
111110000000111011
000101101100101011
111111001001010101
111101110011000011
111110010110011101
111110001111101101
000011101011101000
111011100010000010
000010111010000001
111111010100101011
000001101011000011
000011010100111111
000001001011111010
111110100001101001
111110001111010011
000000011100011010
111111000101001101
000000000011100011
111110100011001100
000001101011011000
111111001110011010
111101011100111110
000010110011001001
111111100000110100
000000010100111001
111001010110110111
000010010111101011
000001010011101101
000000101011011000
000010001101010111
111110000110001111
111110111010101001
111101000110111010
111010100110011111
111011111000101010
000000101011100000
000010001010111100
000011001110000110
111110011000100000
111101010010011100
111101100110001000
111010101100010010
111111101111011111
000001001001011100
111101010101011100
111100011101101111
111101011111100101
000010011010000000
000000111101111001
000001110011001101
000001011011010000
111101101100011000
111110101000010110
000001011111010110
111010001110001011
000010110011110101
111101010110100010
111100010101011101
111111101101101011
111111000000111000
111001011100100111
000101000100010100
000010110110100010
111111001100011110
111101001100101101
000010100001100011
111010101110010101
000000000101000111
111110000000101000
000000100111010011
000000110101011011
000011101101011001
000101011000101001
111101110001000001
111110010010101011
111011010011010100
000011011000011001
111111010100100001
111110111011000101
000001011010110111
111101001010011111
111110001000000111
111110100100101000
000011100110010010
000011110000111101
000110111000110011
111011101010001101
000010110111110011
000010110001001111
000001101010100101
000100011100010101
000000110011101110
111011011000100100
000010111101010000
111000101111110000
000010001010000101
000001001000100101
000001101101100110
000001100111000111
111111101110100111
111101010101000000
111110100100110011
111101000001100100
111110110110101011
111111011110111101
000010011001001111
000010110010011101
111111110000110001
111110010001111010
000000111111011110
000010000010110010
111111111011000011
111100111101010101
000010010010110101
111110011010011101
111110011000000110
111101111010110111
000001011000010110
000011110010011011
000000000000011101
111101000001101000
000011111001100110
111100101000000000
000010010101101110
111111110111101010
111111111010001001
111011010111010111
111110100000011011
000010100001011000
000000000000100100
000001011111101101
111111000110110110
111101001001101101
000000110111000101
000011110101101101
111011101001100011
000011110100011011
000100100111100111
000010001001100110
000000000110000111
111110100100110011
000000100111001010
000011001100010000
000010101111100110
111010011101011000
111111111110001001
111111000110110101
000000011100110001
111110000111010000
000011110101100110
000011001100011100
000000000101110100
000001111011101000
000010001001011100
000000110001111110
111101110111000000
111101100011010011
111100111001000000
000001000101010011
111011010100011000
000100001101000101
111110001110010100
111011111110101110
000000011010110101
111110100001011100
111111100001001001
111001010010110111
000001110111111100
111111000111001100
000010101100011001
000010010010010000
000001010110010111
111101110010000000
111111110111010101
111011110011000011
111101101110001001
111011001100110110
111100000011110011
111110100010001010
111100100110010100
000110000100100000
000010101010110001
111101011110011101
111111100011100000
000001000001100000
111111110000010000
111111000100100100
111111001011111110
000010011110010010
000011100110001010
000000000000001001
111101011000111010
000000101111111101
000101000101100010
000010011001001000
111101010110011001
000010011011101011
111100110000101000
000101111001100001
111100011000101000
111101001111101001
000100000001101010
000000110100001001
111111100101010011
111101010010110011
000001110010000000
111111101110000110
000011011001010101
000010001110010011
000010110101001010
000001111100010000
111100001011100000
000011101111100110
000001011001110001
000000100111100100
111000110010001011
111110011010010101
111100101001101100
111001100000110101
000011001010110000
000001111000010000
111100110101111111
000000001010010100
111111000101111111
111010011110000110
111010011110010011
111101011011011100
111111110001000111
000010011100111110
111100110101000001
000000000001001110
111111010011100001
111001010101011100
000001011101000111
000000000101110100
111111111110100111
000001011000111010
000000010100110011
000000110100001011
000010101011001001
111111111101000000
000000001001011111
111110001000101010
111011110000000110
111101010000001010
111101000101100010
111111110011111100
000010111101111000
111100100010111000
111101111000101111
111110100110001101
111100110000010101
111101001011001000
000010000110110001
111110101010100111
111110111001001010
111110000011000100
111010101011111001
111101011101010011
111101111101100011
111110101000110000
000000111101101000
111101100100101001
111111111011110010
111110001100001010
000000111100011010
111100100111001100
000000100100011000
111101111001111101
111010111010000010
000000001011001010
111110111100101110
111111011101100100
000001100001000010
000000101000011000
111010011111011110
000000101001110011
000001000111101101
000000111000001001
000001111100000110
000000010010000000
111100111100100111
111100101000101101
000010010010000011
111100000110111100
000010011001010010
000010111001111111
111111110111101000
000001011011011111
111101101010110110
000001000111100110
111000000000011010
111110011010110110
000001100000011101
000111010101111010
000011101000001101
111110101010100110
000001100111100001
000100011111111000
000001111110110010
000000100000101101
000010011111011010
000010001110000010
000001010101001110
111111111000110000
000001000111111010
111101101010111010
111111010101111010
111101110100111101
000001001100010101
000100001110101000
000100101001001100
111110100001011111
000001000011111101
000001001011110001
111110011101000111
111110001011111100
111110000010101010
111111010101000011
111101001101001101
000010111010010001
000001010110111110
111111110111011001
000000111100100101
000000010010101100
111110010001101000
111111100001101110
000001010100100001
111111010111111101
000011111001101011
000001110101100101
000001000110101111
111111111110000101
111100100001110010
111100110010100011
111110000101001110
111101000011010110
111101110100110000
000011010111100111
000010000000110111
111111000110010010
000000010011100010
111111000011010010
000010110000011100
000010001111000010
111110111101110110
111110001001101101
111111101001100111
000001001111011110
000011011101011001
111111100100101111
111111111101111010
111111100100011010
111100111101101100
111111011000110001
111101010011111111
000000010110101010
000100001110011010
000010011101100101
000010001010101011
000000110010011010
111010110101110001
111111111010111011
000010010011111110
000000000000100001
111000111010011100
000000000110010111
111110101001101001
111110010110010101
111001111110010110
000000001000010111
000010110100101011
000001001110000110
000010001011111100
111011100001001111
000100001100000100
111111110010010001
000000101110101001
111101010011000100
111100011011100011
111100011111100000
000000010000101111
000001101101111001
000000000101100111
111110110011000011
000001101111100001
000001111001100110
110111111101110101
000011010101100000
111111011100001111
000011110010110101
111111011101010011
111101010001000010
111101111101110100
111100010011100001
000001100110111100
111110111010110100
000011000100000110
111111101100111010
000011111011010101
000010010011101011
000011000011011010
111011101000100011
000001101100000100
000000000111101101
111001100001001101
111110101101011110
000000100001001011
111101001010001111
000000100110101010
111111001101000001
111101111010001110
111111001110101101
000011111110001110
111111001100010101
111101100001110001
000011110011110110
111101000010101111
000000000111110001
111100100010010000
111101111010001110
000011100010100100
000011111101110101
000000111101100111
000011001011000111
111110110001010000
111110000100111010
111100111001000001
000000001011000101
111111001000101000
000100001100010110
111111100111000001
111111000100010010
111110010010111011
000000000000111111
111101101111010001
111110101001010011
111101000110111110
111001101011111100
000000100001110010
111111000111110100
111100010111011100
000100010010001001
111100110111111010
111111111010101001
000010101101001010
111101100010110000
111011111111011101
000010111011100010
111101001100110110
111110001000101110
111011111011001101
111101111101000000
111010111001000011
111110100011011100
000000001000111110
000001101101000110
111011001101110000
111101010110001011
000001000011000010
000100010001011100
000000000010111101
111101101111011011
111111010001101000
111101000001110100
000000011011111010
111111110111000010
000011001011001011
111011010000011000
111111100010000001
111010111011111110
111110101100111100
111110000100000001
111100110011011100
111010101001110101
111111111000010111
000001010010101001
000100101000001101
111110001101010101
111101011000110011
000011100101010000
111010000010101110
111010101110111001
000101011101100000
000000111010110011
000001101110111110
000010011100100010
000001101001111010
111110001101011001
000011101000011000
111111110110101001
111101111011100001
111111000101110011
111110001001011010
111101101111101000
111111001111001000
000000110111111100
000010100000011000
111100011101100110
111110111110111010
111101010011000001
111110010100110101
000000111111110010
111110110101001011
111110100100010001
111111011111011001
000010010001000001
111101101010101101
000010001101010000
111110011001110011
111101100110001011
111110001001000100
000010011111001100
111111010100100011
111111100011110111
111110100101011001
000010001111000101
111110111101011111
000010011001111111
111010011100111011
111111101111100011
000000001000100000
111010111010011110
111110100011000011
111101000001011011
111111001100001101
000001110011000011
000011011100011011
000001110100000001
111010101100010000
111111010011111001
111110010000011101
000100100111110101
000000011101000000
000001000111000001
000000101101100100
111110111110100111
111110111000111101
000011011111101001
000000001110111111
000100011101111001
111110000100010101
000000111001001000
000000101110000010
000000011100111111
000000111011110001
000000011010011100
111101110000011010
000011000001001001
111110010010011101
110110110001010111
111110101011110011
111110111011100100
000101010101101010
000010000110010000
000100000000011101
111100001101111010
111011100000111101
000000010100001001
111111101111111001
111001110111000100
111101001100110001
111101111001010011
000101110011001011
000001111000010100
000001111001011101
000000000100110011
000000100011010011
000011101010001011
111010100001101111
000010000100100010
000000111010010001
111110110110010001
000001100010111110
111110110110000100
110111010100011010
000100010111011010
000100011010011111
000110100110011011
110111100100101001
111111111000111100
111110100111011101
000011101011010111
000001001000000010
111101011100000110
000101110011001001
001000100000011011
000010011111000101
111100000010001101
000010001100000010
111100010011010101
111100001111011101
111110110011101110
000001111110010001
111101110100001101
111010101110111110
111101100101110000
111010001101100010
000011011110101111
000011001001101000
000010110100100000
111100111100011011
111100010111010011
000001001110111110
111110001110000110
111011011000101011
000101011010000010
111101111111101100
000011000001001111
111010111011100000
000001011101111110
000010110101001001
111110110000010101
111111000101100001
111110010111000001
000001001100001000
111100110010011010
111100011010000001
000000010111000011
111100111010100100
111111100011011111
000000000110101101
111100001011100011
111101010110010010
111110000101011010
111111111001000101
111100111010101110
111110011110011101
000001000000011001
111101111101110110
000001101100111101
000000100010100000
000010001101010110
111100011000101100
111111011101001010
111101111000101010
000001010011100110
000100000101011001
000000111010110110
111101101110101010
000100011111111011
111110010000100100
000000111110111010
000011100010111110
111100111011111001
111100101000101110
111111100100001011
111010111110100011
111011110010001010
111101101110001001
111111100100001000
111011001111000010
111111010110110101
000000101001000101
000000010111110001
000001101010110000
000011100111100111
111111100011101101
111100110011011010
110101111010111110
111111000001011000
111111011010000111
000001111111110001
000000010011111110
111100101101010101
111000011111001111
110100010100001101
111100000111110100
000101001111001011
111101001111111111
111010100000111100
000011011101111100
000010010001000100
110000101110110001
111000011000010011
000110010011111001
111100001000010000
111100110000100011
111110100011111001
000000001100100000
000000100100100001
111101011000010000
111101101111000101
000001001100000100
000011000100000011
111111001010111110
000000101101001110
000001000001000110
111101110001001000
111101011011100011
111101101110110110
111100100010011110
000001110011010110
111101000100010001
111110000001100000
000010001001101011
111111000100000100
000010011010110101
000000011110110100
111111100000001000
111011101100111011
111111011100100001
000100100100111011
000000110101001010
111111111000010100
000100100111100100
000010000010110111
111101101100111011
111111000000101110
000011110001100111
000100101010011010
000011011110000100
000000100000001111
000011010001000000
000100001111000110
000100001101110000
000001100110000010
111110110101101011
111001011100010110
111101111111010000
000000001101010001
000011001010110110
000000001101111111
000001110111100101
000001011011111011
111111101100110101
000001011010010000
000100100110010100
111110001011111100
111110111000100010
111001100110000100
000100000000010000
110101000011100000
111101000100010110
000110011110000000
111001101101000011
000000110100100011
111110011110110101
111110100110000101
000010010011101111
111111001011011100
000000100100100100
000000010000111010
111101011011101101
111101101000111010
000010110010110000
111011111100000110
111100101100110111
000001010010110001
111110001111011110
000000010111011111
111001010001101100
111110010001100000
000000111101010010
000000110111000010
111101110011110001
000011011010110100
111010100111100001
000011001000001011
111110110000001111
000001110000010010
111100011011101101
111110111010011101
111111010001110010
000011000100000011
111100110111111111
000000110000001111
111101100111010111
000011011001001010
111111110000111000
111110111100100011
111110001111011111
111101110101001010
111100000001100111
000101000110111010
111100111000001001
111111111001000000
111100101011001011
000011000001110010
111100111001010001
000001110111101101
000011001111101011
111101101000001111
000001010111010101
000001110001111100
000001111111101001
111100001101111110
000001101101001010
111100101111010110
111110010001110001
111110010111101011
111100010111010111
111010111000101011
000000010011000101
000001010000111000
111100001111011111
111101001000110111
111111111001100110
000000000010100010
000001100111111001
000000111000011000
111110011100110111
111101110100101011
000100000110110001
111011110111000000
111111010000111100
111111011000000011
111110011101000100
111111000111011101
000100010110010010
000100001001101000
111110101011011010
111111100001101100
111100010101011100
000001111000011100
111101101111110000
111101101010011010
111101110111100000
000011001110000110
111111000101001011
111110101000011110
000100100110101100
111111110111011100
000010110011100101
111110101010111110
111010101110010111
111101100000111100
000000100110011000
111110011000000001
111101111011001011
000101010011010000
111101111101000001
111101110011011010
111111111001111110
000001010101011011
000100001010101101
000000111100110001
111101001010011010
000010010011011110
000010100001010000
000011011101111110
000011101110001001
000000011010000101
111111010010011011
000001001100101010
111110111101000001
111011100101101110
111110100100001011
111100111101111011
000010011110111010
111101101010111110
111000010011000011
111110010101001001
000001110101100000
000001100000111011
111111001010010011
111011101011010110
111101111011111011
110111000010010100
000001110001011111
111111010111101010
111100101100010001
111111101001101101
111110000110111000
000000111010010001
110101110011010100
111000100000101010
000100110100101110
111100101000011011
000010011101110011
000100010101010100
000001001111000100
111110110000100000
000010111011001001
000011110101101110
111101111101111001
000000110011010011
111101001011000011
111101000110110100
000010001011000111
111110000000001011
000000011001010001
111011100100100000
111001100100000001
111111011111001001
111111001111001010
111101001011001110
000010100011000111
000001101001000010
111011001011110101
000000000101000111
000011001100101110
111111000110110100
000001010111110110
000110000101110010
111110001110010001
000000110101110110
000010000011010011
111111000001101101
111100111001000001
000001001101011000
111101100101110111
000010011011010111
000101100011011100
000000001000110010
000000010110111011
000010100101000000
111100011110010100
000001100110101110
000001010011111100
111111010111011000
000001001010111000
111101000011010001
111110111110110000
111011001101010100
111101110111001000
111011001010011010
111010110010011100
111010011000110000
000001101110000001
111111111100011000
111111000001001100
111101010110100010
111011000111000000
111101110101101100
111110000000100000
111101110100010010
111110111010011000
111111100111100001
111001111111111110
111011000011100111
111111001110011100
000001100011110101
000010101000001001
111010111001101011
000010000110011101
111011110100011001
111110001001011001
111111100101001101
000000000100100100
111110111101110101
000100000001101101
111111000111001101
111010011010000111
000000001001111101
000000001010111100
000100000100000000
000010001110111110
111101100001110001
000110000000011101
111110111010111100
000011111100011100
111110000111011010
000001000011011110
000001011000110011
111100000100001110
110110101010010110
111111000110001011
111101100001001010
000011101101011000
000001011110101101
000001100101010010
111101111110100111
111110100001011010
111101111100111100
000010111101100001
001001101110001010
111111011010111011
000000000011001011
000010101000100110
000001001001010010
000010001111010000
111100111001101100
111101000111110101
111001111110010110
111111011110010011
111110000001110000
111011000001010000
111100101111110010
111110101100010000
000001101110011000
111111110010011001
111100011111011101
000000101011001001
000010010110011101
111110100110010011
000011100110111011
000010100110111000
111100110000101011
111110101001111011
000100100111110110
000000000110111000
111110111111100001
000100011010001101
111111111110100100
111111011101101001
111110101111011101
111011111111111110
000001000110010001
000110110000001000
000000001001110000
111110010000111011
000001100001111000
000001000001100001
000010100100000000
000011001100101001
111011101111100110
111010111100010000
111001011001110110
111101110010100100
000110001000101111
111111111101111000
111110000101111101
111111110011011011
110111110000110001
000101010100100000
000000111000011011
000010011101011100
000100010001110001
000001100010010010
110101100110110000
000110101110110010
000011000110011101
111111010011010111
000000011011010001
001000000111110101
111111110000111111
110111100001111110
000000111100100110
111110000001010100
000000100010001111
111110010100101011
000011011000110011
000000001000101010
111111101011010000
000011000101101110
111110101000111111
000000110011101111
111111110111001010
111111000101101001
111100111010011100
000001101010101010
000000000101101110
000001011101011101
111110110100100101
000000000111000010
111110011000000011
111100001110101010
111101111101010001
110111001111000010
111111010011010101
000010111100000001
111111100001111110
000001111101101000
111101110111000011
111111011100010010
111111110011011110
110110011100110111
111010101110001101
000110001000011111
111100111111111010
000001001100000101
111010001010111100
111011000011000001
000000011010110001
111111000001100101
111101110000011110
111110111111001011
111111111101110011
000000100001010100
000001110010101001
000000111000111101
000100001100001101
111110001001010011
000100000011000111
000001001011101101
000000101010110110
000000000000010010
111001101011101101
000000011000100001
111011101100001000
111001110011011101
000001100101000100
111110101011101001
111011100100000111
000011111110100100
000001001110010100
111111110100100011
000000001001000101
111110000100100010
111100011110100100
111101101100001100
111010011110010110
111110110000110100
000101011001111001
000010010100111001
000111010100100101
111011001001011001
111011100100011000
111110110001000010
111111100101111011
111111010101001001
111010010001101000
111110010111111001
111000110010100110
000010001110101110
111101111111000010
000101100101010101
000100101010010010
001000011011111010
111011000001011000
111101111101000001
000110100001010010
111110101110110100
000010011001001001
111111001011111100
111011011110100001
000011011111101100
111100001001001101
000001101011000101
000011101000111100
000100101110000111
000011101101001010
111101110000111011
000010011101110011
111111100000001000
111111101001010010
111111101100001001
111111111000100000
111110101101101110
000011110000001101
111101101000000001
111101110011010001
000001000011001111
000011101001110100
111101111011010010
111101011001100100
111111010000100001
000001111110001110
111101101011111111
111111111110100001
000010011000001001
000001001111011001
111101110010011000
000010010001011010
111111111111011010
000000100010100111
000011101010001111
000011001001011010
000001001001001111
111111101010011000
000000100001001100
111111101111000011
111101010100110010
111110101001110010
111111001010011001
000000111111001101
000100001011101011
001000001001000100
111110001001100101
000100011101101100
000001111011110100
001000110011111000
000011100010101111
111111101101101110
111100010001101100
111110110111000111
000100000000011100
111010110001001011
111101010100000011
000000010110000111
111110010101100010
000011101000001110
000100001010011001
000000001111000010
000001011101110110
000101110000000011
000000110111100110
000000011011000001
000100100110101010
111000010111101100
111110100011100011
000100011010011011
110111101011111010
111100100111000100
111111110010001000
000010001001110110
111110010110101011
000011001011011001
000001100001101010
110111011000011011
111110011110110111
000110000011011110
111110010101110001
111101111001110000
000010001001100011
111111011011101111
111011000000011100
111100101011101000
111110101110011001
111010110100111101
111001111111100111
000001111110100000
000001011110001000
000001011101001100
111111111011010101
111111101001101100
111111111110001010
111110101101011110
111100100011110110
000010010010010111
000011001010000110
111101101110011110
000001000110101100
000011011010111001
000010010010111001
000010101110101110
000011100111011110
000011100110110101
111011110001101101
000010001110100110
000000111101100001
000110010101101101
111001101111011000
111011100001101110
000101010010101001
111110100011001011
000010100001001100
111101011101101001
000001100011100010
000111110100111110
000010011111011001
000100111010111001
000010110001000100
000011001011011000
111000011110001010
000100000011101111
000010000100110100
000101100001111001
111011010000000111
000001010010100101
111110001010000101
111001000011110111
000000011001110000
000101000111010101
111010100110101111
111110010010011001
000000001100011110
111001000010001001
110101011111100111
111001110011100011
000011110100011011
111101010111100100
000001100100010111
000000101110110011
111110110011010010
111011110001100111
111101101110110110
111111010001011010
000000110101000101
000000010011011011
000001011100101101
111110101111001000
000001001011100000
000001010010111100
111110000110010001
111011101101100011
110111110100100110
111110000010100110
111010111010100100
111111010001001001
111110110011010111
111111111000101110
111101110101001101
111101100100100001
111101010111001011
000001001111101011
000001010111110001
111111000000110100
111110011110001011
111101110001111100
111110000101001100
111001111111100111
111011111110011011
000001011011001111
000010101101010110
110111111110110101
111011100100110010
111110100100001100
111101011111000111
111100110001001111
111100110100000100
000001001101000001
110110101111100011
111100100011110110
111110110111100001
111101100111001101
111110011101111011
000010010101011101
000010110110000100
000010000110010010
111011010111100000
000010110010110101
111111001110101111
111101100010110101
111111110000111011
111111101010010000
111101000000111101
000000110010001011
111011101110001011
111111111011011001
000100001010011010
111101111000111101
111111000001111110
000011111100010100
111110011100100010
000000110100101111
000010011010101011
001000100010011001
000000011101111011
000010001001010011
111110000110111110
000100110101110100
000000000001011110
111111100100010010
000000111001000010
111111110110010010
000000010010100100
000000110111010110
111110001001001101
111111100010010010
111011110101110101
111110010011110101
000010001101000011
000010011111000001
000101001001001001
111110001011001010
000001101110010111
000100011101111010
000000100111110011
111000000100101011
000010010011110000
000100011010010001
000001011011110011
000010001011111010
000011010011000000
111111001010110000
111101000110101000
111110001001011100
111101011010010010
111011010100110010
000010001100010001
111010101100001101
000010111101011000
111100011100100000
000000000011100000
111101101000101001
111110000111010011
111110010010000011
111111001111111110
111010100011100010
111010100010101010
000000100000001010
000000001010111101
000001010000011010
111010110000001110
000010100000001101
111101110100001011
111111111111100000
000001010000101111
000000101001000011
000001001110100010
000010000101111100
111111001110110111
000000111110111000
000100011001101000
000000000000010000
110110001000111110
111111110110110000
111111100111111101
111110011011101000
111111110010100000
000011000000101001
111110110011110010
000010110011101111
111101101000001101
111111001010111010
000000110110011010
000011110101001111
111100100001001000
111100011001000100
111110010010011100
000000000000110010
111001100010101110
000011001011000000
000101111000000111
111100111010100111
000000000101111110
111010011011101000
000100111100010101
111110000101001010
000011011110110110
000001101111110010
111101010010110000
111001100010110101
000011111111010011
000011000001110101
111011100000001110
000000101010000000
000101000101110100
000000100010101011
111101011001011001
000010110111001001
111110101100000001
000011100111110111
000001001101000110
111111110111001111
111101001010101001
000000101101101010
000001011010110000
000011110101100010
000010011100101001
000001100001011000
000100110110110000
000011101000010100
000010011100110001
111111011100010110
111100101101001110
111101111111010011
111101000100101110
000000100110101000
000010011000010001
111111001100111111
000010000011011000
000001010101001111
111111111110110011
000000001100100101
000000101111011010
000011101001010111
111001111100001101
000000010000111110
111101000000110000
111110000010011100
111010101110000110
111110010000000110
111101001000000100
000100101101111101
000011110000110011
000000111110011100
111101110101010000
000000110100011110
111101111011001110
111111001001101101
000010111111000001
000010001100000001
000001000001010111
000000111000011010
111111101111100010
111101100001101111
000000011000011100
111111000100010000
111011110010111100
111100001111110111
000010111111100000
111100101010011010
111101011101110100
000100000000110010
111101111000111111
000000011001001010
000000110101100000
000001001111000000
111011111011101011
111111000010001001
000000010000100110
000011001011010100
111110100011110011
111011100110101110
111010100001000011
000001001011111111
000001101111100110
000010011010100111
000001111001000001
000000010110100100
000010001011010101
000001011111011101
000000101100001011
111110010011000011
000001111001001110
000000000010010110
111100100100110000
000010011001010010
000000111101111110
111010000111100111
000100100111011111
111101011111010010
111111101101111010
000001111110101100
111101110101111110
111100010110100110
000001101111011101
000001001111001100
111111001111111111
000011100010101001
000000000001110110
000001100011010010
111100100011110000
111110000110001010
000010100101110111
000000100110111000
000001000101011100
000000100101001000
000010001100101101
000001101101110100
000000101010000000
000100011010010111
111110110101000101
000010000010010111
111100010100111111
111010101111110100
111101110100101011
111100011010010111
000101100100111111
111011001101101111
111110101000100110
000000110000011011
111111001101011101
000011001000110001
000001110010000011
111111100100001000
111111010010101110
000001110110111011
000001111011011011
111101010000011001
000001110100110101
000010011000100011
111110001100110111
000010011111111101
000011000001100100
000010000011010100
111011101010101101
000000001100010100
000010101010001001
111111101111100011
111001011110010110
111100010110100111
111011011011111000
111101001100101100
111010010000100010
000001101001000001
000010010111000011
000000010110000001
000001100101101110
000000000110100000
111010100110100010
111111110000000110
000001011100101000
000010101100111100
000010100001011110
111111110001010011
000010010011001110
000001001000101101
111101000100111111
000000101100001110
111110111100110111
000001010011011011
111101000011100000
000000010000010110
111111011000000011
000010110111001111
111110011010100111
111110110011000111
111101000100001110
000000101101010110
000000111011111101
111100111000001011
111110101111111111
111110110000011111
111101111111101100
111100110001100010
000001111010010001
111110010001100101
111011110110010010
000001111011110001
110111010001100110
111010001011011011
110110001110001111
000001001000010011
000110110010011111
000000010110101111
000110011011100010
111001001111101010
111111100101100000
111111111100011011
111110100111010111
000010001111111010
111110011111111001
000010011110011000
000001111011110001
111111001100010011
111100001101111110
000011111000110110
111010110001010010
111111011101110100
111101011101000011
000000111001110010
