000010011000110100
000000011000011010
111110001100001000
000000010001111001
111100011001011110
111111011011101101
111110111110001001
111101001111101111
111001001110011010
111101111001100101
111101111010000001
000001000100110100
111110101101000110
000010011100000001
000000001000000010
000001110010001000
000101011111011101
111001111101111000
000010000111000011
111110111000101000
111111110001001110
000001011011001101
111001001001100100
111110100010111100
000010101110111110
111110101111111111
000011101110010100
111101101001011010
111100101111000111
000011000010001000
111101010010000010
111110111110001010
000100010111001011
111101000100011011
111110111111100111
111100011010100001
000000100110011000
111101110011100001
000011110000101011
000011000000101001
111110111100001000
111111111010000011
000011010001000010
111010111110001110
111100010111011111
000000001010100111
111101100100010011
000001000001110110
000011010010011110
000001011011111110
111111111101101110
111100101111110110
111111010110111001
000011011001001000
000011001110100011
111111101011100001
111110010010001101
111101111011110101
111110111100000010
111110100101111111
000001010110001011
000001010100001101
000010110100100011
110111110001100010
000001100010010000
111110110011010101
000001000101000001
000100011100001110
111110010100100100
111111111000111100
000100000110111011
000011010100011000
000011000101110110
111101110100110010
000000010011101101
000100001100011000
000100000010010001
111111001110111111
000010010111111010
111011010011100100
111011100101100100
000010001100011110
111100010001110111
000101010101001001
000011000000001110
000000011111111100
111101100100011110
000010010001001101
111011000011111010
111110100100101101
111101101100110100
000011100011000110
111110101010111000
000001100111001011
111110100100000111
111111110101100010
000011010101001011
111100000010101001
000100010010101010
000000101011001001
111110010010100101
000001110011111011
000010110001101000
000001110000100000
111010000011110000
000010010000000010
000011001001101111
111110011100000110
000001000010110011
000011101000101010
000011100111011010
111111111000110000
000001000001000111
111100011011111100
000010100011101001
000000010000101001
111010110000111101
000000100110000100
000011101011011011
000001000000101111
111011111011110110
000000100001000101
111101101001001110
111111011111101101
111101101101000011
000010100011101111
000000001010101100
111011001011100011
000011001010100100
000000100111001011
000011110010000110
000000010111111000
000011000111111111
000001100001010101
000010001111110110
000000101000011110
111100110011010000
111010101111000000
000010011111010010
000001101001111001
111110101111110000
000011011111001011
111111101101111010
000000100001010101
000001110110011101
000001001001010010
111110010111110110
111011111100110100
000010001100111101
000011100000111011
111010011001101000
000000011010100100
111110100101111001
111110000111100110
111101100011000100
111110100100001111
000001101110000101
111110101001100001
111111010110111001
111000011011010011
111110010000111111
111110010011100011
111010001001100010
111100010101100101
111100100100110011
000010110011110111
000010111010010100
111111011010001110
000011100110010010
000011100111101000
000010011111111100
111110111001100001
000000100010100001
111110101100100010
111110111011100001
000100000000010110
111110000000001101
000000010001100010
111111000110100101
000001001000100000
000000100101010000
000010100101110000
000001000100010001
000001101100100110
111011101111111111
111101101110100111
111101010111001000
000001100011011110
000010000101000111
111110110110100111
111101100011111000
000010111001010001
000000110101101001
000000110101000011
000000001110010111
111111011010011110
111101011010010001
111100110010101000
000001001010011100
111010111101100000
000000011000001011
111100110000001100
111111001011110010
000010011000010001
111010100001000111
111110100111110100
111111100011100101
111111100001100011
000011010111001101
000000100110100000
111101011100011001
111111110100110100
111110110010001010
000001111111010010
111010110100101011
111010000111001110
000011100101010110
111110000111110011
000000101101101000
000000000111101001
000001110101100010
111011011000001111
000001111011110001
111100010000101011
111011101011001001
111110001101000110
000000110011000101
111100111101011101
000011000010101110
111101111000100011
111111110110100101
000101110110001110
111100011010010000
111110011100111101
000011001001101100
111111110111001001
000101101110001001
000011101001110010
111111111101111001
111100101111111110
111110011001110100
111100110011110011
000000101001110101
110100010010010101
111101000111011100
111101101000101001
000010101110101000
000011010011000000
000000110010111011
000000011110111100
111011010101001100
111100000000010101
111010001111000001
111100010111010100
000010101000100110
111100001000101000
111100000000010111
111011000111010010
000100001010110000
111100111011011000
111010101010110000
111100000101000100
111111000000101001
111110110101001100
111111100001000111
111010111110101110
000000101011001011
111110100111101101
111110100111100111
111101010101101110
000100100111000100
101111001001011000
110000011000011010
111111011000101110
111101100000101010
111111101011110100
000001010010101011
111010110000011100
000010110011000000
111101000001101110
110100111010100000
111011010110101000
111011110010110101
111011001101111100
111111000110110000
000101000000011101
111100000110111101
111111110001001100
111101000110110110
111011101111101010
111111110101001110
110111100100110000
111101001011011111
111111000100001000
000000010100111000
111101111010011000
111101101000100101
000001001010110011
000000101111111011
111110111001101100
000011001000001011
000000101100101011
111111001100001100
000011000010100101
111010110000100110
111111010011001100
000101001010101110
000011101110111101
111110000010011001
000011000001011101
000001110100100000
111101000010011110
111101000100111010
000001001101110011
111111001110001111
000011001111000011
000011101110000001
000001001010100011
111110011101000101
111010010000100001
000000100010100001
110100010110111000
000001111110001110
000001001111111111
111111010000110101
000010010110010100
000011010010100111
111111010000010101
000001010110001110
111010000111010110
111011101010000011
000011111010011001
111010101100000011
111100110101101001
111001011011010101
111110000100111011
110101110001010111
000100111101001100
111101011000101101
000000001011111110
000110000101110100
000000110100110110
000001101100101100
111111101101100001
110111110111001110
111100111111011110
111101100000011100
000000111001100110
000100000101010000
111111011000100001
000000010000000000
111110100111001001
111111111001101010
000101010111001111
000101000011011110
111011111001110111
111101001100000000
000010000010000111
111010110000000101
000010110001111011
111011011001010100
000011000101111011
000001010011100000
111110100100010010
111111010001011011
000001110001101010
000000100110001001
111111010011000110
111101000011110100
111011011000100100
000000001011011100
110101111100101001
111101111010011000
000010000011010000
000011101001010000
111100000101001110
111111110111110100
111011101010110110
000001100001011110
111011000011111010
111110110101010000
111011010110110100
000001110110000000
111010001101000011
000010001100001100
000000110001100011
000000001011111000
111001011110011111
000000001101000010
111111010010110010
111011001010101110
111101111111011001
111110001010001100
111110001011101010
000010000101101001
111011000110011011
111111011100011000
111111111000011011
000001110000111111
000011101011110111
111111111101111001
000010101000100011
000100100100000010
000001011001100111
000001111110011100
000000111011010000
000000000011000110
000011100001000100
111110111101011001
000001101011010010
111110110100000011
111111001011001110
000010000101110010
111110000100010111
000011100111100011
111111111000001000
111101110101110100
000010000110110001
111110001010001101
111011110110001110
111010011111100111
111100010010100101
111100011011011000
111111110100111001
000011000101101011
000001100000101111
111110111100110010
111111011011101000
000010011000111011
111110101010110101
111110011101110110
111110100000011000
111011010101010111
000010001110111001
000000011100110000
111101110011001111
111111110111100111
111101011111001110
111101011111001000
000001111111000110
111001110000101000
000010011011100110
000010011001001010
111100011011101000
000000100010001000
000001010100011011
111110101011000000
111110111000111100
000101010111100101
111101100101001011
000000001101001001
111101101000001100
000011010001111111
111111001111111111
000101010100111101
000000101001111010
111101010001111111
000000110110111000
000001111111000100
111111011111000100
111110010101011100
000011011010000110
111011110000011110
111011011110011111
111101110101111111
111101001001001100
000010111111010110
111101111001010011
000001111100010001
000100001001001010
111110110111010100
111100000011010011
111010001010011001
111110011101110110
111100000010010001
000001000110100001
000100111000110001
111111000100111101
000100000001011100
111010100111001101
111101001001111001
000000110111111000
000110111000011111
111001100010001101
111111100000110010
111110111111001110
000000010100111101
111001111010110011
111101110110000011
000010000000101011
111100111000010011
111110010111000011
000010111110011000
000100010000001001
000011100011010001
000011101000101000
111111111010010000
111100100100111010
000100011111110011
000110110010010000
111011111101111100
111111100001010111
111101101100110011
110110101111011110
000011101000001101
111111110101110110
000000111101101000
111110101000110101
111110100001101100
000000000001010010
000101010010000001
111110010000011111
111101000001010111
000011011001110101
000001001110101011
111100101000110101
000100101101110100
000001011100110101
111101110010101111
111111010101001111
111110011000101001
000001100100011001
111111000001100100
000010101101010111
110111000101011101
000010000101110111
000000100011100000
111110110010001101
000000001111001011
111111000100100111
111111000001100101
111001101110110011
000000110010000100
000001010000111111
111110110000001101
111110000010000010
000111011111000001
110100010100000011
000010011010010011
111011110101000101
000010000001111000
111001111100001100
000011010000101001
111011100010110111
111111111111101101
111111010011101011
000000110110111101
000000101010011101
111100110000011100
000001010100111111
000100010101101100
000000011011011110
111111101101110110
000011001111110011
000011000110100000
111110001110101101
000011101111110100
000001000001111101
111100100001110111
000000111010101000
111101010011100111
000010011001110011
000000110111101010
000011101100010000
111111010101101111
111111101010101011
111111000011001110
000000010001010111
111111001101010100
000010100000010001
000011011001000110
000001111011001001
111111010000001110
111101100110110000
111111110010101011
000100111000100011
000010100001011001
000000110111001001
000001011110101111
111111011001101100
111111100110011100
111100101110010001
111111010101100100
111101010101001100
111110110011110001
000011011011111010
000000100011111100
000001101001000010
111100000110110100
111110010111001111
000010010101101011
000010010001000001
111110001000000001
111111100010010110
000101001111001011
000001101001100100
111110001010010011
111100111011000011
000000011101101001
111110110110101100
111100000011111101
111110001110111001
111100011001001111
000011010011011111
111101101001011000
000000001111100010
111101000011110110
000001000001100011
000100011101000000
111011000011000111
111110100111010100
110111111100001011
000101100001110110
000000111011000101
000101011011101111
111111111110000001
000010100010111001
000000010101100111
000100001011010011
111000001011010100
111110100000011101
111111000110101011
000011001101100011
111111010100001111
111110011001000010
000011111011101100
111111110110110100
000011001000001100
000000010011001011
111100110001111011
111111111000100110
111011110010000101
111100010011111101
111100111011110110
111101101100010100
000000101000110001
000000010111001011
000011000010100101
000010111110100001
111100101001111000
111110010011011101
000001111110110010
111110111110101000
111001110110111100
111101011001011110
000001000111001011
111011101100010001
111011010001011001
000001000111111010
000000010010100011
000000010110011000
111001010101001110
111110110100010000
000011101110111010
000101000000110001
111110101111110010
111100110110110010
111101001000010100
111100111011011101
000000110111000110
000100101010111110
111111000001010001
000001110110001111
111101010001010000
111111101010011100
111011110100001001
000001111010010010
111110100011011001
111100000010010011
000100110111100010
111101101011111010
111011111110011011
111010010010011100
000101110010110000
111001010110100101
111101000111011111
111010111000100110
111100001001110101
000000010001100111
000000101101101110
111111110000100101
110111111110010001
111001101100010111
000011100110001100
111010010101110110
000001110110101010
110110100110000011
111101101101110001
000110010010001010
111101011011101001
000011101110010110
111110000000011001
111101110110000100
111110000110001100
111001000010100001
111001010101010000
000001101001101000
000001100100101010
111110011010111001
111010100111010000
111101100111000101
110111110011000011
111110110010010101
111000110001001001
111010110110010110
111110111001101011
000001110100010111
111111001101011101
000000110101110100
000000111101010111
000001100111010101
000010100111011110
000010001110011000
111100110010000011
111110010010011001
000110101110100010
000110101011111000
111110101111101111
111101000001010111
111011010111000001
000101111001110111
000000011100110111
111010010101100101
111111111000101110
000000000100010111
000011011010111110
111101100001000100
000010010100011111
000001011000101010
111110001110001101
111011101111001011
000010011101111111
000011100101101100
111111000001011101
000111011100101100
000101110010001111
111100100010001011
111111110000111011
000000101001100000
000000111101111100
111101011100110011
000001011101110000
111000101000011011
000001100011100100
111101111100001000
000000110011010000
111101110000101100
111110100010001001
111100110010000000
000000111100011100
000110111011010110
111111111100011001
111101111010101000
111011101011010011
111011100111101100
000001010001000100
111001110001101001
111100011000001111
000000101110100111
000011110011010001
000010011011001101
111101011001110011
111111111010110110
111010111000010110
111011011101011111
111011000000010010
111110010101011010
111101110101010111
000000001100011000
111100101100111011
000000010010110110
111011111010010101
111101001110000001
000001001100011111
111100010111001011
000001100111011110
111010100000010101
111100101101110101
000100011110111100
111111000010010000
000010011110101101
000010000110010001
000001100000110010
000001010111101110
111101110100101100
000000111101110101
000011101100010110
000010010111100100
000001010000000100
000001111000000101
111111000011110011
000010111110101110
111011101111001010
000010110000001001
000011001111011011
000011101101100010
111101101000011110
000001110101110101
000000000111000010
111111100001011001
000011000000101110
000000100100100010
111101110111110000
111011101101001000
111100101010111101
000011000100101101
111101110101110001
111110010110111111
111111001000010101
111111110011000001
000010110110010000
111110001111110001
111111001111110101
111111011011101110
000000011110000100
000000001110100100
111111001111101100
000000010101101101
111111010010110101
000001110010001000
000000001011110110
000010111101100101
111101100100110011
111101111001000110
111101000010111110
000010011010111011
000010000110000100
000011110001000100
111111110011010101
000001011001111101
111100010110011111
000001100110100000
111100001000001011
000010001001001011
111100000100001010
000000110001110110
000001011001011101
111100110100011000
111101101010110101
000110001010101100
000001100010011001
000000000011010000
111100101000001100
111110010001101111
111100111110110000
000011111100111111
000101000000111110
111010110011011100
000000100100010001
000011000110101110
111011000011110011
111111001000010000
000001100001000110
111010100100010001
000111010010100010
000010111101100010
111011111100100011
111000101010101000
000010110111110111
111010000010100010
111110101100010100
000010101101101010
111110000010001010
111110100010110111
000001111111011000
111100110001010110
000011010010011000
111101110100100111
000000100110101101
111100001110101000
000100010001010100
000011000011111111
000000110000100001
000101000110100100
000000101101100100
111111010010010000
000000100110001000
111000010010011110
111101111101001111
000000100001100001
111101100100111100
111110110101100110
111110010100110110
000101100010101000
111111111011110000
111010111100101001
000000101111110010
111101010010001100
110111111010101011
000000110111010011
000010110100111111
111000101110111011
111110011010101111
111111110000000100
000101000011110110
000001100101011001
111001001101001001
000100000111000001
111110111001110100
111100110111000000
111100110000101000
000010101110010110
000000100110001011
111110100100000110
000000010100000110
111100010000011110
110111111001110101
000100110110010100
111100001000100111
000000001001101000
000001000011010000
111011010101100011
111110110101101111
111111001100010010
111101011000010101
000000101101001110
111110011000000001
111110100110100011
111100001101010111
111110101110000001
000000000111100111
111010000111001100
111011100111011110
000001001001111001
000000010001100010
111111001001101100
110111010101000100
000010101001110010
000010100110000111
111100010110011100
000000010001010011
000000101111110111
111001000010010001
111111101100000011
000000011110011101
111110011000011101
111100011010000100
000000011110010000
000000010011000000
000100010011110101
000000100011010011
000001010000101100
000001010110110101
000110001010011011
000010011110110000
111000110110010101
111111001000111111
111101110100110110
111101001000011110
111101110111010011
111110100010010101
000011111000001101
111111101001000001
111100111110011100
000001010101100011
000011101010010110
000001100011100011
000001110001010100
000100001110100101
111100111010011000
111101101110100111
110110001101110110
111101000111011001
000000010100111000
111100000000010001
000001010111110111
000000000001010011
000000100000010001
111101110110011100
111111011001100111
111111111001100110
111100001101010011
000100010100000001
000010001101011001
000000000000000011
000101010100010110
000011101001000001
000000110110111101
000001011100100010
111100011111100010
111111111110000111
000001111111000100
000000101100110000
000010111101100101
000100001010010111
000001011011010000
111111010000111000
000000000110011000
000000110110100101
111110010101110011
000100001100010011
000001010011011110
000010111111000001
111111110001101110
111111111000001100
000100100100010110
111001111010011011
000001011110100111
111110011000000001
111111010000010010
000001011101100011
111101000001101111
000001011001110000
000000100100001010
111000101101000000
000011010110110011
000001100000011011
111101111111001101
110111110010111010
111101011010011001
110101111011101101
111101101001010010
000001010001111100
000011000111101000
111111101000101100
000001100001101000
110111100001101010
110111110011100011
111110001100011000
111111101000000000
000000101011010111
000110001010000000
000001001101001110
000010001111100110
111111001100101000
111011011111111110
000000110111100101
111100100011011111
111110111110011111
000000010101000101
111110111001111111
111010101001110010
111111101011010111
111011000110111100
000000100101100110
111010100111010001
000010110001111000
000010110101110101
111110110000111100
111111000111010110
000000110010011001
111011110101101100
000100001111111000
000010110001010011
111101110011010010
000010001011011100
111010010101001000
000001011010100100
111010001000011011
000010110111110011
000010100010111100
111110010011101010
000000010000011111
000101101001001100
000000001001110111
000010000000100101
000000111001010000
111110001000111111
111111000010110111
111010100110001000
000000101011111001
000010101001010100
000001001000001100
111110000101001000
111010010100110110
000000110001001100
111110010011000000
111100010100010000
111111011110100110
111110001110100000
111100111101010001
111111111100010010
111111100111000000
111111011001010110
000010001000101110
111110011101111100
111110100011011000
000100111001001011
000100001100110010
111111100101010100
000011011111001101
111111111001100110
111110000001111111
000001010110011011
000001001101010110
111101101100000111
111101010100100001
111011011001010110
111110110000011110
000000000110110011
111011011011111110
000000110001111001
000001100101110000
111110001001010100
111111001001011001
000001000011101011
000011010110110111
111110011110010111
000010101110111111
000100111110000001
111111000001010001
000000101010100010
111110010001110100
111011101001100101
111111110011110111
000000101011001100
111100100011111100
111111100000100111
000010001100001101
000000001001001001
111011011110001000
000100111111100101
110111010100001001
111110010000001110
111111101111000000
000000101101111001
000011011110101000
111111101000000011
000001101010101110
111111011101100001
000010000101110100
111101001011101011
000000101111000100
111101111111111111
000000011111101011
111101000100110110
000010111100101011
000000011100100111
111110011110111001
111111100110111110
000001000011110001
000010011010011100
000001010111000011
000001100111000000
000010111001111001
000011111111100010
111010010110011110
111100111100111110
000101001110101010
000001000000110011
111111100111100111
000001101010111000
000001000010011001
111110110101101011
111111010000111000
000100000110110011
111110111011000100
111100010110101010
000000101011010000
111111010110011010
111100010111001001
111011001110010110
000000111110000001
000000001110000111
000001110111101111
000010010000101010
000000110100011111
111110011011111111
000010001011000011
111101010110111100
111011010110101000
111110101101011010
111110000110000011
000000111100010010
111101011001110110
111110110011001101
111010011011011001
000000111010100100
000000100000011100
111101100111011010
000000011111101101
000000110011010110
111111100101100010
000000010111011111
111011000001000100
111110010001000011
111010100011100011
000010111110111111
000001100010011111
111101010110011111
000001101110001110
111010101011011100
111101010111110110
111110110010011100
111110100100001111
111111100101100010
111111010101111111
000010010001001011
111111101110001001
111100100010000000
000011011001001101
111111011110010100
000001010101000100
000010101110100110
111101111100011000
111101010100101111
111101110011110010
111110000110110010
111110001000111101
111101100101110110
000001011011111001
111110110000000101
000011010010000111
000100010010100111
000011111101010110
111111011110000010
000010100001101111
111000110100001100
111110010010111000
000001100000000101
111110000001101101
111100010101101001
000001100101110100
000000110011001100
000011010001001111
000100110000100100
000011000110001111
111110101001000111
000000011010110111
111101010011010010
000011110010010010
000000111101100110
000110010000100110
111101010010011010
111111100001000110
111011101011110010
000001011100101011
000011010110000001
111111100110100000
000001001111001111
111011101001010000
111100101110111011
000011110110101000
111111000011001010
000001001100011110
111110101100110110
000000010110000010
111101110100000110
110100110011001011
000000101010100001
000011011110000111
000000000101011100
111111100011010001
000000010110110000
000000111100000110
111011101000110100
000000010100000111
111111000010101000
000001001000011001
111101011100100010
000001001100111110
111100000110000010
000000010100011000
111110011010101000
000100000000100101
000010000101010100
000000111000100010
111101111000110100
000010001100000111
000100000001111110
000001101010100110
000000011100011001
111111011100111011
111101111101110011
111110000010010101
111100010011000011
111010110000110101
111101010011111010
111110001101011010
111101000000010100
000101010100101110
000000101101110010
111110001111001001
000000010010111110
111111100111011110
000001110011000011
111100001000100100
111101110010011001
000000001001111110
111001001000101000
000000111101100011
111001111110100111
000000001110000011
000000000000010001
111011000011010111
111111100010011100
000000000001010001
111011110110001111
000000101000000000
111001010000101110
000000000010111110
111010000000000010
111010010000000101
000010010100110011
000000101100010111
110111010001011001
110010111001001010
111111111000100100
111001001101111011
111111001100010000
000001011010001100
111110011101101010
000010010100000111
111100011101001111
111001001100001111
111010011110011110
111010111100000000
000001001110100100
000011110000001001
000000011001100011
111000111011110001
111101110110011010
000001101011110101
000011001111001010
111100101101001111
111111111010000101
111111011011000001
000001111100011011
111110001101110111
000000001101000011
111100111010100011
000000101111101110
111110100110010000
111101110100011101
111110010101000101
000000111100101101
000000111001100110
000010100001110100
111101101100000101
000100001111010000
000010111110010001
000010000001001011
000000000101010110
111110000000111011
000000110101010011
111101001000011101
111100101111100000
111110101110010111
111110101011001101
000000010101101100
111111001110000001
111110100101101111
111101111111010101
111001110011000101
000010100111010110
111001100111110010
000001100101101110
000010011110111111
111100101101001010
000100001000011110
000001001111101000
000011011000100001
111100100111111010
111000100110100000
111111100010111010
000001011010101110
000010001001000111
111011101011100000
111101001110101100
111110100100110011
111111011110000011
000100011100000001
111100101100100100
000010000001110000
000100011110110000
000000110000100001
111010101010001111
111101100001100000
110111001101010011
000000011100000100
111101000011000101
111110101011010001
000001010001111000
000001000001100111
111111001100000101
111111110111110111
000011111100010011
111110111000111111
000101110100111000
000000000111110110
111111001011011111
000001101111001001
111100001111100011
111111100000101100
111111011100110110
111110111110100110
111111101001101110
000100001010010000
000010001110111000
000010010100111110
111110010011111101
111110101001000011
000011001110101110
000000111101110000
111110100010100010
000000011011011010
000001001110110111
000001000001001010
111100100011000010
111110000100100111
000010010001011101
111110001110111110
000001111110001001
111111100010000001
111110011110111000
111010100010000111
000100100011101001
000010100110101011
111101100110010011
000001100100010011
000000000100111100
111010001101111010
111010001110100010
111111110111010001
111110010101111000
111111011100001110
111100000011100110
000011001011011100
111010011010010110
111110000000001011
000011001011101110
000011111011100010
000001000000011000
000010000110000100
000000011000010011
000000100101111011
111111001100110001
111111011001100111
111101011010000110
111101100000001101
000000111110001011
000010111110011001
111110010110100001
111101100101010110
000010001101100000
111101101101100101
111101101111001110
000000101011011000
000011011011011011
111101101001001001
111100001100101111
000010011101111100
111111110001100101
111100110100111011
110101111101110111
111101011010101110
000000011100010110
111101010111000010
111101000101100010
111110110101011101
000000100011001010
111011110110010110
111110000100000111
000001011000110001
000000000100010010
111101001101010010
000100010010111101
000010100111001110
111111111000010101
111110111011000010
111110010000110000
111011001011101011
000000100110001010
111111100101101000
111111100100000111
111101100000010110
000001001000011011
111100010110001100
111110111000011100
111110111010010011
111101010001100100
000001011111001001
111111010110101011
111110001100000011
000011111000000101
111101100101000101
111110111100011100
000010110010101110
000000100001101100
111111000000010101
111111000111110101
111111100101110011
000000011111110111
111110000001100100
000011010011100000
111110100101010000
111100011110011000
000000010101001010
111101100101001011
000011001000101101
111110110001101110
111111100101100011
000010001001010001
000010011101110010
000001101100111111
111111110010000101
111111010000111110
000000100001000010
000000001001001010
111111111000100010
000000010101111000
000000110011001011
000011101110100000
000000110000011000
111101110000001001
000011100000001100
000100010000011110
111100110010110000
111110100110001100
000000000111101000
000010101001011110
111000100100110000
111111111100001111
111000101000110101
000001000110011000
111000010110001100
000100101011110011
000010110010100000
000001000001010110
111101101011110010
000010011010011001
000001011000110111
000101010011000110
000010001010110001
111011101110000001
000010000111010110
000000000010011111
111100101100000101
111110100000010001
000011100001011011
111110110101101010
111111101100101010
111110111100000010
111001001010100110
000011100000011010
111111000000011011
000000001111101000
000100011011101101
000000000011011110
111101001101001001
000011101101101100
111110001101001011
000010110010000100
111111000001111110
111000100011101001
111110010100000100
000011110100111110
000101010110011111
111100011111101101
111110011010111101
001000100111111000
111111001110110010
000001101110101110
111101001001010011
111110101010111101
111110100001011110
111100110101100011
000100010011110111
111010111100111010
000010000110001111
000100111110010111
110110110010001001
111100100010111001
000000010000011010
000110001110011100
110110000000010000
000001101000001110
111110110000100010
111011000111111111
000000111001100111
000000110100110010
000000101011111100
111011100110110001
111110100011001001
111111100110100000
111111001001111110
111111011011011011
000010011100110011
000000100111110101
000001100101011110
111110011010101011
000010101010001010
000010100110100110
000000101110010101
000001111010001111
111110001101101101
000010111101111010
000010011100011111
111100000001000001
111100011010111110
000001000111100101
000000001000101011
111101000011000000
000001011001000010
000000000100001000
000001011110110111
000001011010110111
111100100000101110
000010111001100000
000000010110101110
000000000000010001
111101011001100100
111101110101110111
111011000001000000
111110111100010001
000000110010110111
111110011111000001
000000100011101111
000000001011111010
111110100111111110
111110000110110010
111100010100111001
111101101001001110
111101011110101010
000010000001110101
111100000111100011
111110111110111011
111111111110101111
111101000110100000
111110000110011100
111110110001110111
111111111010010011
111011111011101011
111101101011110100
111110000001001110
111101100100110100
000000001010011111
111110110001111010
000011110010111011
000011110100100100
111111010011101110
111110101101001001
111111110010100011
111100100101000001
111101000010001010
111001011110010110
000001100100000000
000000010101011001
000010010110111111
000010101110110001
000000000001000001
000011010000110000
111111010101110100
111001001111111101
000010110111011101
000001000111110010
111101110110000111
111101110110100011
111101100110010000
000010110011001100
111110011001010000
000001000000010010
000010111110000111
111101111011111100
000000000010100100
111110101100101010
111010000000111111
111110110000111000
000000000101010110
000001000011100000
111110110100111101
111101110011111100
111110011100111000
000000110111001011
111101001100111101
111111001001011100
000010100011000110
111000100101101101
111000100110011001
111101011010000111
000000011000110111
111100101001100110
000000100110011000
000001000110111011
000000111100111111
111111100101000001
000010101001001110
111110011101110101
000101101100110011
111000111101001010
111111001000110010
000010101000100001
111110011110110000
000000011011011001
000011000011110011
000000100010011110
111111001111011010
111110000111101110
000001011000110110
000001000001111011
111101110001000010
111010100100001001
111111110000111000
000010000100011110
111101100100101101
111101001111101111
111001011101010111
000010011111100000
111001000001101101
111011001000001111
111001000001000010
111111100010111001
000011001110011110
111110011111100001
111001110100001010
111010000000001010
111001110111110010
111100101100100111
111011110101010000
000101111011000111
110111111111101010
111111000000011000
000000001010110010
111101010010010110
000000111000110000
111101101000011010
111100110111000011
111101111100000010
111001001010001001
111001110101011011
111101100110010010
111101000110001010
111010111011101001
111101100010010110
111110111100110010
111001101110101111
111011111111110110
111110000111001100
111101111000111111
000011110001000101
000010101010011011
111110011110111110
000001000100001011
000011001001001010
000011001111110011
000000101000000111
111111011010000000
111100101111011011
000000100010101110
000111111001101100
000011101111101000
111010111101100111
111011111101110101
111110110010101110
000011110000111111
111110001101101011
000011100000111001
111101110110111000
000001110101010101
111111110110111110
111101111000011000
000001100100000001
000001100101000111
111110100110011111
111100110001100010
111111011110111011
000001001100100001
111111111100000111
000100001000100010
111110110010100000
111011001001101110
111100100100000100
000001110000111100
000110011001001110
111111010000010001
000010101000111101
111100110011011110
111010101110010010
000000011000001010
000010001000001111
000011011110101000
111111101010011110
111111001011111101
111110111000101000
000100011000101111
111101001100101011
111111001110010000
111001111100110000
000000011010010000
111011101111011000
111110010111111011
000000111000100011
000000111011001101
000001011000000110
111111111000111010
000000101111001011
111011101101110111
111100111001011010
111101011110101101
000001010110000001
111110001101011101
111111010111111011
111111010000111100
111111001111000011
000001010000100111
111111001000010100
000000001011010011
000010000110100100
111011111100100101
111111001011111110
000000101000010001
000001101011100000
111101011101001000
111101010110110111
000000101110010100
000010100001010010
000011000011001100
000011001101101110
111101111111100111
000011001001111100
000000000010011101
000011000101000011
000011101011001001
111111001100000110
111110010101001001
000001010100000110
000000010010000111
111111011101011010
000010100001101101
000001110001010110
000001011001010111
000100100001011010
000000001110100001
111111110110100000
000011000010110110
111011011010010001
000000010100100100
111011000101100010
000001000101111001
111110100010010111
111110100000100111
000000101000101001
000010000111010111
111110000100100000
111111111110010100
111110101010101110
000001001011110101
111111110000101011
111011110101100001
000000111000110110
000011011110110000
111011111111001111
000001100101101010
000010110010101000
111110101111101111
111101111001110101
111100110010011000
111110101110001001
111110101011011110
000000110001110111
111100111000001110
111101100000100000
111111011000001011
000000100011111000
000000100100111000
000001011010100101
111100110110011101
111110101111011101
111110000101110110
000000111010110011
000000001011111110
111101110110001101
111111100101110011
111110010011110111
000011101100011110
000010010011111101
111100110000100111
111111000111101111
111001100000111110
000000101010101111
000100010100110001
111100101010110100
111101101011001000
111110111100010101
111011010111100000
111011000101101100
111111111101000011
111101111011011001
000001111011110011
111111010010000110
111111110111111100
110111110111100111
111111111110000110
000000101011001010
000001001110101010
000000010011000011
000010010000000001
111110000100011111
000000100101011011
000000011101010010
000000011100111001
111000111010111011
000000010001110100
000000010100101001
000010001001000111
000000101100110101
000010101111110000
000101100001011001
111101100111111100
000011101010111111
000000110011010000
111010100011000011
111010101110100101
000000000111001000
111001011000000000
000000010000010011
111101101101001100
000010101010010011
000001100010111101
000000111111111001
000011000101100111
111101111101101110
111001110001111111
111110011010100000
111100100001110000
111010001101101001
111111000111111110
000011010110111000
000001001010000111
000010110000000111
111101100010001110
000010111001100101
111101111111001101
000000000000111010
111011001010001011
111110000111110010
000100011101100111
111001001001010001
000100010111011001
000000000101101101
110010110100110010
111011011111100101
111010101001011010
111011111101001101
111010101101011011
111110101101100100
000000111011101011
000000100001110011
110111101011111100
111100111100111000
000000001001110100
111000011100010010
000000111000000011
111111110011001010
111110101101001101
111100010010010010
111010001110101110
111110000000001101
000010111000011001
000001011001000101
110111010001000011
000010001111110101
000000010000100110
111101111110011100
000000000100100011
111001100100100000
111110100101011011
111100010101110010
111011100011001110
000011110101111010
111101000010010100
000000000100110000
111111101101110000
000000111111011001
000000111110000010
000000001001111111
111101100110010100
000011101000010001
111010001100001000
111111001110100100
000100000010000100
000010011001110100
111100010101010101
000001101000101101
000000100011000001
111110010001010010
111111011001101100
111111101110101001
000011100110100111
111101001011100101
111111101101101001
111101101000111110
000011000000011010
000001001001100011
111111000010000000
111011101010111110
111101101100110000
111011101110001010
111110110001001010
111111001100011110
000000100100111001
111111101100001100
111110000011011010
000001011101100000
000100011100010111
000000010010011110
000010011101011110
000100011110101110
111110010111011110
000001101100010110
111100100011101110
000010100111111000
000011001111100011
000011011011101110
000010111111010111
111110110010111000
000000110110000000
111100010101000010
111110110011100100
111110100001111101
111101001010000111
000001111111001111
000010000111010111
111100100110111000
000000110100011110
111111101010011000
111101010101111001
110111110100110000
000000000000001010
111111001100111110
111010000011011101
111101100011010001
111110111001111001
000010100010110000
111111001000111100
111001111101000001
111111010101111100
111111110100000000
111101100111000110
111101101100111100
111100001100110110
000000001001111101
110011001011000100
000000001010000001
111110010101011001
111100011010001010
000010111111111111
111110110110010000
111110110101111111
111101110111011100
111000000000000111
111111000010010010
111110001000101011
000010010111000101
111110101110111011
000001111110101111
111010111100110110
111110001111010111
110111111110110011
111011110110101100
111111001001100011
000001001011010011
111001111000110010
111110101101000100
111011101001100101
000000111100001000
111110101110110011
000011011110101101
111010110111101110
000010010000000010
111110111001100010
000000000011110011
000001101001101101
111101101000001010
111000101001010000
111100100101011011
000010010011000001
000011101010100011
000010000010100000
111111001011011110
111010110100101100
111101000110010000
110111111011111011
000101110010110101
111110010110011110
110111110101001101
111101010011010110
111101101010101001
111110011111011110
111111010101011110
111101101001100111
000010111011010001
111101010101111000
111111011000010111
000001001101111100
000010000100011100
000000010000101111
000000001110101000
111010110000011011
000011101010100001
111010011110100001
000010110011101101
000011011110010011
111111101100000011
111100100110100000
000010001111100011
111101000111111111
000001000100100010
111110010010100011
111110110001111111
000010100101110000
000100100111111001
111110101101100111
111011101110000001
111110111100000000
000000101011011011
111111101100000100
000011010100111111
000101100001011010
000000111110000010
111011011110111011
111011100100111000
111110111110010010
111111110110111001
111110000010011011
111110000100111111
111100011100011110
000000111001001111
111110011101000101
111110111011101110
000100110010000010
000010100101010011
111101101101011000
111100010101010011
111010101101010100
111101100100100101
111011001001111111
000001001000111111
000000011011010010
111101001110100001
111110011100001011
000001101011010011
111101000110110010
000000100110101110
000001000000001101
000001101001100000
111011010001110000
000000001100111010
000000111110101000
111100111001000001
000010100000011011
111101111111101101
111101101101110111
000001010011100011
111100000000100100
000000111011101000
000000111111011010
111111101010111001
111101000001111001
000001100100010100
111011000111101100
111111100110001011
111101110011110000
000000111101110110
111111011010101101
111111110011110001
000001011110111011
111111110001100100
111100100010010111
000011110100010111
111101100001110100
111100111100000001
000011111111111001
000010110011000010
000011000110111000
000100010100111010
111110101101011011
000001001101011000
000010110100100000
111111100110011110
111111001110101101
111110011011100101
000001010110001011
111110100101100101
111111111011101001
111101100001000000
000010001111110110
111100001011000111
111101111100011100
111101010001001100
000010111001010100
000000100110100101
000010001000101010
000000001010101100
111001110001000000
000000110111101101
000010011000011001
111101111010001000
111111010111000011
111111110011000101
111101011100110100
000011000011001100
111101000001010101
111111001100111100
000000110110111001
111110111010000001
111100011101111001
111110111011111011
111100111011000101
000011100101000001
111010110101011101
000011110011111001
000001001110101001
000000111111101101
000011101010011011
000000110000000110
111111000101000000
111010111010100110
111010011010010010
000011110100011101
111101101111111111
111110010110001001
111101111111100101
000010000110011100
000000101010100111
111101100100111110
111110100000010000
111111011111110001
111010101111010110
111100101110000111
000001100110010011
111111111101011110
111011101000101100
111110111100110110
111110111101011010
000100000101001000
111111110010100000
111100101110000100
000000011100001111
000000001110010010
111111101100110011
000000110010100110
000010001010100011
000000000100000101
000000110110111001
000001100111011001
000000110101110111
000001011001111000
000100000001010010
111110101011001011
000100111001100101
111101010000111001
000000010000111001
000000110100100000
000011000010101001
000000110101100011
000011110010110111
111100110101101100
111111010101111111
111100101011000110
000100000100011111
000000010001011100
000011100000111111
000000110100100001
111011110001011010
111100111010110011
000001101111001011
111010011000111110
000010111000100101
000001011011010011
111110000111010001
111101010100101110
111000000011010010
111101111111000111
111101110010000101
000010000011111010
000010010001101010
000010111000010110
000101010100101010
111011101100110000
000010001101110111
000010000010001110
111111100011001110
111111001011100101
111111111100100010
000001111010010110
000100110110100011
111110001001001100
000011010111110000
111100001110110010
111101010011000000
000000100101100010
111110100101110111
000010111111111111
111011001000101000
111001010001111111
111110101000011011
000100111111001111
111101111011100010
111110100100000011
111100000111010000
111000100000111110
000001110110110101
000010110110101010
111111111101111000
000001001010101010
111111001111111000
111001010000101110
111101001001000011
000101100100110000
000000100011110111
111011100110110101
111101011110010010
111001111011100010
111110111011110001
111010111000100000
111101101111110010
000011000010111101
111010100011001111
111101111010000111
000010001110110010
111101000010100011
111000100000001101
110101010101000001
000011101100000000
111101000100100001
111110100000110101
111110101100100101
111110000010010010
111011000100000001
110111110110010101
000000010110101101
110101101011011100
111110111010100011
000100001110001001
000000110100100000
111001001001111010
111101010101011000
111001011111011011
111101010111001010
111111010000100001
000100010111011001
111111010011110011
000000010000111010
110111000111101001
000010110111011000
000010001101010111
000111011010010111
111101010011001100
111100110101111000
111010111100110100
000000000001100011
111101001100111001
000000011111101000
000000111100101000
111110100010110010
111100011100100110
111100100011001000
000100010000010101
000001111010100011
000000110000001110
111110010000100000
000010111001010111
000101011110111010
111101010111001001
111011011011110011
000011010010001101
000010011000101111
000010111001010010
111110110111011011
000001010110010110
111110111100001001
000001011000111000
111101100001010101
000010000011011111
000001110101101010
000100111010010110
111110010111010001
000001100110110010
111100001111110100
000010001100111001
111111110001111011
000001011111011011
000011011101101110
000001110101010011
000010100011110000
000000011011001110
111011100100001001
000110011100110010
111101100111110000
001001000100001111
111111100001111010
111011000110101010
111100100011011000
111011111110010010
000011101000001100
111110110101010110
111101110000010010
000000110010110110
111111100010111000
110100010001001111
000100000100000110
111011000000010111
111111100001100011
111011101010110001
111111001001010101
000011010111110010
111111000011111110
000011000100010011
111110001101101011
000001011010001000
000000011111010001
000001100111111100
111110100001000100
000010000011010100
000001110001010010
000000110100001101
111101000000000100
111111110011011000
111011110010010010
000101001110101010
000011100111101010
000010101101100000
111111110011101110
111101011111111001
000000000101011100
111111010011010101
000001011000100011
111110110100110111
111110011001110011
000100001000100110
000001110111111101
111101100101010110
111110010100010110
000011101000101010
000100000010111010
000000101010001011
000100000101100001
000010001100101101
111101011101111000
000001011101011100
111101110000010001
000011001101100000
000000110110111001
000010010110101101
000000101110010101
111100010110001101
000010010011000001
111111000101101110
111111001001100001
000000111101000111
000011110100110101
000001111011011100
000001001000001100
111111011001111010
000001001001110011
000101110001101011
000001111100111010
000000101100000000
000001001111010011
111111101111101101
000001001110001100
000001001001110101
111111011110101011
111111100100100001
000001000011000010
000000100001111011
111010111000000100
111111111000101111
111110100100010000
000001001011000011
111111010111110000
000000000011101111
000000011000000000
111110001100101001
000010100010110100
000000011011001111
111011011000001111
110101110001010001
000000110111000100
111110100101100000
000010110101001010
000001010001110001
111111000110111000
111100110111101000
111010011111101101
111011111100111001
111101101011110011
000100011011011111
111100011111100101
000001111101011011
000000101101111110
000010010110101110
111110111000111011
000001011110100000
111111100110100111
000100011001001010
000010100000101110
111110001110110100
111100011101101000
000001001100010110
000001010001100111
111100110011010000
000001110101110100
111110011100000100
000001010000101111
000010101111111000
111101111100100011
000001111010100110
111011110010011010
000000111111101110
111101111111011111
000001101100011011
000011010001000001
111110011111111011
000001001110100110
111100010111101001
111101110011001001
111111110010100101
000000001101100001
000000111010100000
111100010111001111
000000001001110011
000010100111001101
111100100100111000
000000010010001010
000001111001101011
111110011100000110
000000000000101000
000010110011010111
111101101111111000
111101110011101010
111110110111010100
111111111010101001
000001011111110101
111111001101110000
000000101111100010
111101100010010000
110101110101010110
111111000001100000
111101110111100000
111001100100010100
111111100010011001
111011000011001001
000001101100110000
111001110100011011
111100101111010101
000010101001110010
111101101001110000
000010010111011101
000000010110100101
000101100000111000
000000101111110010
111101110010110100
000010000111001001
111100001001010100
111111110011010110
000110010100101010
111001101011101011
000000010011100100
110000100010001010
111000001010010011
111100110110101001
000100001011001000
111101100001000101
111111001010011100
111110101100110100
111100000100100010
000001110101001011
111011100011001100
000010000010110001
001000001010011110
000000110010000011
000001110101010101
000011110001001000
000101010111011110
000001111101100110
111111110100100001
111010000101111010
000000011011001101
000101111100010111
001001010010001010
000000111011001101
111101010011100100
001001001010100000
111001011101110101
000100010111110111
000000010111110100
000001000101010001
111110111000111111
111100101101110111
000010110000101110
111100011010101011
000110000110001101
000100000110100100
111111111100101010
000000000011111000
111100111000011110
000110100111100100
111011101001111011
000000101101001100
000000110010110101
111010011100000010
111110101001000000
111100001011001101
111110011110010010
111101100010101101
111111010000110010
000001100001101001
000100010011110011
111111000110111011
111110110111001111
111111001110011000
000001100110010100
000010010011011001
000100110010111010
000000011111111110
000011010000001011
111110010010111010
000010110101101110
000000001111111111
111100100011101001
111110111010110101
111100010000110001
111101111000100001
000000101011111001
000000110011001111
000001110001011100
111111001001000110
111101011111001100
111110010101101111
000000101010111011
000000000111010111
000010101011011011
000000110101011101
000011000001110010
111110100011111100
111100100010110010
111010001110000010
111110110001001111
000000000110100001
000000001100111000
111110101100110111
000001011010010111
111011110000010011
111111110111000110
000000000011000111
111111110011100110
000000111110110100
111110011101011010
000001010111101110
111111101001011101
000011111011111100
111100001000111100
000000010001101001
111110001100111010
000011111010000000
000000010011010001
111110000000101100
111110001010010011
000000000100100010
111111010010010010
111110111100100101
000010101000110111
111101100000110100
000010110111001110
000001001110100011
000000100101111000
111100011111101100
111101010010011010
000000110010111101
000011101010101110
000010100011001011
000000000011101011
000010001111100000
000000000110111000
000001000111000000
111110111100101001
111101110110011100
111111010000000101
000001100110001110
111011010010001110
000010010101101011
000001000100010011
111110111010100101
111111010110000111
000000110111101101
000100000001111101
111110111001011100
000101001001000001
111101011111000100
111101001000111001
000001110110001000
111101000000110100
000011100000111100
111111010100000100
111101101011100110
111110101010101011
111101100100010000
000011111101111000
111101110001001111
111110100100111110
111000001010011101
111100110001001111
000101011001010010
000000100111111110
000100010000111101
111100011100001000
000011011000101100
111101110001100011
111011001101111101
111001001010000010
000100000011010011
111100001100101000
111111100100111101
111111011100101010
000001001010111101
111110110011111100
111101010001111000
000010110011000111
000110101000010110
000000001000110010
111111000111010100
111111000110011000
111011101000000100
111111100101111110
111110101101100010
000101111101001011
000000110111100011
000001010001001100
111011101010100110
111011000000010110
111001101010111011
111111010111000110
111011101011001000
110111000110000111
000110000011010011
111000010010010011
111101111111110000
111110100100100010
111110101000010001
110110100101010011
111100110111000101
000011000011101010
110111000100101010
000000000110100111
110111011010100100
111110100011001100
110111011101001100
111011001110111111
111100000111100001
111100010010001001
111111000001000010
110111101111001101
111101000000001011
111000001110100000
111011001010000110
110111011100111101
111011011111010101
111111011100001100
111000110000011000
111111000101011001
111101100000110010
000010011110000111
000001111110011110
111110110000010000
000110000111100100
000101100100110100
111101100110110111
000010000111100101
000000111001011101
111101100011110001
111101001100010001
000111000111000111
000101111100010011
111100000111110100
111001111000001101
111111001011110011
000011111110101000
000011001011001000
000100001101000001
111010111100000101
111111111011111110
111010001100110101
111110011000111111
111100110111000111
000100000001101000
111100000110010110
111100001100101111
111110110000010100
000000110100011100
111101010001000101
000101100110011110
000011110000101111
111011111111101110
111111100000000010
000001110100010010
111110011110110001
111110000100110101
111111000111110010
000010101011001100
111011001000101110
111100011001100100
111101100010000010
000100111101111000
000101010001101101
000000111001001001
111010111011000000
000110100001001101
111100001110100101
111111111001001001
111001101111100101
000100010110011010
000001111011001100
111010101011111101
000010011101111001
111110011111111010
000100100110110111
000101001110100000
000100010011011000
111011001101011100
111111110111110010
000101111101001111
000010010110100000
111010100110100110
111111100110000100
111110001110000000
000000101000110000
111110001100110110
000100011001001000
111010110001110110
000010011000010010
111111100110101000
000011110111110001
000000111010110010
000001110011001011
111100000000010011
111111000100010111
000000100001111001
000100000011100010
000100011001111001
000000000111000001
111100110001101111
000101010100001100
111100110011000001
000000011101000110
000001011101011111
111110101101011000
111111101010100111
111111110100100100
111101001110110111
111110011110111100
111101011101101010
000000110110110111
000001000000111000
111110010010010000
111110110000111011
000010101011101101
111101100100010110
111101000100101010
111111010101000110
111101001100101001
111011110011000111
111100110001010110
111100101010001110
111110100101101101
111101111111011111
000000111000100111
111111010111010001
000000110010101001
111110001001011000
000010101110001111
111110110110111000
000011111000111100
000000110000110110
111101001000110111
000000110000000010
111101100001000110
000010110100100100
111011111110001100
111110111011010010
000001011011011010
000010000001011101
000010111101000000
111101011110110110
111101011001000101
111100110000010010
000000100001101001
000001000111100011
111111110101111011
000010000001010001
111100110010010000
000000001000010011
111110101101011011
000001011001010011
111101100000001011
111111000110010011
111011100101000010
000000111010011011
000010001011010000
000010110110000000
000001001101111101
111100010011011100
110011111110111110
000100011010000110
000010000101101101
111100011100101110
111011100011010000
111101001011100100
111101111111110100
000000110100100011
000000001011000111
000001010001101100
111110100010110100
000100100100011101
111010000000001010
111100110000110110
000010100000101011
000001010011110111
000010101001111101
111111100010100100
000010100100011111
000000011001101011
111011001101010101
000001011100010001
000001011111101101
111110111010010100
000100100010101101
111010001001001011
111100101000111110
111101011101001001
111011110010100101
000011110101110100
000100110011100110
000011100101111101
111011111011100000
000000101100110000
000000011001000001
111110000111011010
000011010010101000
111100100100010111
000000111001100000
000010011100010101
000100010001110100
111011011001001110
000000010110110110
111010101000011100
111110010011111000
111101101100111101
111100000000101010
000101110001101011
000100101111001100
111100100000010011
000000001001011010
000001101111110000
111110110100100000
111101011011000110
111110101010110001
111001110011011100
111011001000110011
000000001110110001
000001100011100011
000001101001111101
111010101000111111
111001100111001110
111000000000100100
111000101110110110
111010000011000001
110111001110101100
111000000101111110
111110010110001110
111010110001011010
111101111000111101
111101101100010011
000011000010110001
111010100011100100
111111001110100001
000000010010110010
111101110101011100
111110110011010100
000001101101111101
111111100011011111
111110000101101101
000010011110101011
111101100010011000
111101010010001110
111110010000000011
111100010001010100
111011110011011101
111111100101101000
111101101000100110
111111011101000001
111110010110100100
000001000100000011
000000011111100010
111011101101011101
111111010101101110
111100111000101010
111001111111111011
111111010001100110
000010111101011011
000001011111111111
111111010010000010
111011010100101110
111110000010110101
000001110000010111
000010100000011110
111011000110101010
000000010011101010
111100011011101001
111110001111001001
111101101011000101
000010010011101101
111001100001001000
111100001011101110
111100111010001000
000100000001001010
111111011001101011
000001000110011011
000010000110111100
111110001010110000
000001100111000110
111001100111110100
000010000011010111
111011010011000010
111111111110010001
000001111010100111
000011111000010111
110111000001001010
000001111011011000
111110101001010000
000101110100001111
000010011011000100
000000001100000101
000000101011100010
000000100001111011
000010000111110100
000010000010110000
000011111110001110
000010011010010000
000011111001001010
111101111001010000
000010010111000001
000001101000100100
111110111001011110
111100101110010111
000000010110111100
111110011011110110
000101100001111010
000001011110001100
000000100001001001
111000010101011110
111101010100111100
111110001000110010
111011100111111111
111110110100010110
111100101101000001
000100011011001011
111010110011101111
111110011000100010
000011111011110001
111010111010111111
111110100010010100
111100000100011100
111110101110011000
000100110010110111
110101100101101100
111010101110000100
000100001111110100
111110010111011110
111111110110010001
111111010011101101
000001111110001111
111110111000111000
111011010001000101
000000101010110101
111110001111111110
111111111101100011
111111011011111000
000000011110110011
000000100000011000
111111100110100110
000001100011101110
111111111011101101
000101010110011010
111110111010001110
000010010011100000
111111101010101011
111110100011101111
000000000101111111
111111010100001100
111101000100010100
000010011100010111
000000110100101010
111110010111101110
000001110111101011
000000100110101100
000000001100100100
111111101010011111
111100010011101110
111110110100110101
111111011001110011
111000110011001010
000001011101011001
111001001011001010
111110000110100001
111110100110000111
111101100101110001
000010110011011010
000100010000000001
000001011100000000
000001010011001010
111101100110110000
111111001000101010
111100010100100111
111111011010011000
000000101010101000
111000101111110011
000000001110110111
000010011010001001
111110101100001010
000101100010010101
000000101100010110
000001001111110001
111111000100010011
111111011101100010
111101011110001001
000110000000110110
111110011000111010
111010000010010101
111111011111101111
000000011000111010
111100111011111011
111101010000111010
000001010011010110
111111011011111000
000010010100000101
000010010001000100
000000000100110001
111101010101000101
111101100000001010
111100011110100001
111000011111010111
111111000010000111
000001100000000001
000000110100101011
000011101100000101
111010010001011100
000000010100011010
000011001010100101
000000110111010000
111100101100101011
111111110001010010
111100100101010101
111011110010001111
000000101110000000
111111011111001110
000010100000010000
000000110010010011
111110010000111111
111111101100100100
000000000100100111
111001001111100010
000001010010001000
000001101101010100
000000010011101100
111101011101101001
000010001001111110
000001100111000010
111100011101000010
111000101011010101
000011000011011110
000001110011010101
000011010101010011
000010110011011110
111110000001101000
000001000101111111
000001001011100000
000000100000101011
111011000010101111
000000100110001010
111110011111111110
000011001001001100
111111010101111100
000001100011101101
000011000000000000
111100101011011010
000010011000101010
000001101111011001
111110111101011110
000100001100110100
000000110000111001
111111011010100111
111010111011110011
000010110011000011
111011100101110100
111110011101001011
111101101100010100
000001011101000000
111111111111100001
000000101101110011
000010111110001110
111111100111011111
000000101000100011
111101110111110010
000000000011000001
111111010010111001
111101000111000111
000011000100101010
111110010001110010
000000010111100101
111111100010110011
000010111000010110
111110111010111000
111011111101110110
000001011111111010
111111110111010101
000011101011011100
111101010000101000
111111100110101101
000010000110111100
111111000100111111
000000110010010000
000010000001000000
000001000111111101
111111100010101000
111011101101010110
111111100110100011
111110010010000100
111010010000001111
111101010101010110
111100111101011010
000010010001000001
000001110101000001
111110111101100010
111111000010011010
111111110010101111
000010001011101101
111110111111111100
111101100011100100
000010000000101010
111111010111101101
000000011111110111
000001010111010111
111100111100100001
111000110010001110
000000001010110011
000001010100110000
111111101101110111
111010010010010101
000001110111100101
000100100010010100
000011000100010010
111110011111011100
000010100110000011
111111010000000010
000000110100000010
000000010100000100
111100010100000100
111101011110000110
000011000100011001
000001010100011110
000000111001110011
000000101000110010
000010001101110000
111100010110011100
111010010011110000
111110010001001001
111011000101000101
000101001111110011
111110111000001000
000000100110110010
111100101100100110
111111011111011010
000001101000101011
000000101110101001
000011101000110010
000000110110101111
111000001111000000
111100110101111101
111011010001001100
111010010110110001
000000100011110000
111111110100001101
000000010100111110
000000100011110111
111011000100101101
111110111111111001
111100000110001110
000011110000101100
111010011111110011
111101101101010101
000000111100001111
000000011001100011
111101010110100001
000010010101100100
000000101111101000
111100100111000110
000001010010010101
111110010011101010
111010111111111111
111110111110011100
111101111000100110
000001111110001001
000011001000111111
111010001011110000
111100111010110100
000000101101101010
111100110111110011
000000111111110011
000000100100111111
111100100100110101
111010111100100111
000010011010011111
111101011101010001
000001000110011010
111101010100000100
000100110100110010
111111101101010010
000001000010000000
000000110011011110
000000111000100111
111100010011100100
111111100000110001
000000100111011111
111010010100111011
111101010100001010
111010111000011110
111111000000001100
000010001011101101
000001000111101110
000010010000000011
000011101101111111
111101000101111110
111111001010001000
110111011011000000
000001100011000001
111111101100010111
000010001001111000
111100011000011111
111101010100001100
110111010101111011
000100001010001001
111111101001111000
000000010011111100
000001000001111100
000001100000110100
111111111010111010
111110001101110011
111101011000100010
111110100110000111
111011110011110000
111100110100110100
111110100001000010
110111101101111001
111100011110100101
110011110101011000
000000110110101011
000001011010100011
111010110010111100
000001100101011110
111011100101001110
111100110101000100
111100100100110111
000001110101111000
110101011001111100
111110010000011001
000001010011010011
000000111001101111
111110110100100100
000011100101110100
110111111001001011
000001001010110001
111100101111010010
000010111100110111
000011110101100000
000001001011001101
000001000101000100
000001111110101101
111100100101001010
000011100010011100
111111001111001000
000101110001011100
000010111001101001
111111010111100110
000010000000011101
111010110101010011
111001101011110101
111110001110010111
111011101010111000
111001101101010010
000010001110111001
111111110111001110
000000000001101110
111111001101010010
111110110110100011
000010010111111001
000011010000001000
111110100110101011
111010000011100111
111101000101001100
111111011010010100
000001000001001010
111100001110010101
000000000010010111
000000100101110110
111110010111100111
000000111100001110
000001001011100101
111111000100101100
000001100100010101
111010011010000010
000010000101100001
000100101001001100
111000101011010011
111110000101011100
000000000011001000
000010011001100101
111001001010001000
000000110000110011
111010000001110010
111111110110010111
000000010100100111
000010000111100001
000011101010010011
111101011101001000
111000011011010010
111110110010110101
111011101100001010
000001110110000000
000101101111101001
111101011110000100
111100110110101000
111010000110000101
111010001010110100
000100111000000111
000101001111011010
111001001001011110
111100001011110101
111111011000111000
111110010000000010
111110111101011001
000011110011010101
111101101101001110
111101010100111101
111111100000101011
111100010101001100
000010011000110001
000100010010011010
111101110010001011
111100000110101011
111111100100001101
111000011111100011
111010101011000100
000000000100100000
111110010110011010
111110110110111100
111100101000011100
111101010101110000
111011000010110100
000000110010101111
111010111101111101
111001010111110010
000000110111010010
000101011010101111
111111100001010101
000001001100000100
111001101010000111
111111011011110001
111001110000100010
000010111000110000
111101111001100010
111110101100000101
111111010001001101
111110000110101101
111011110100000101
000011000111111110
111100111110111100
111111101111010010
000010100101101010
111111011011100001
111111100000011001
111100111001101011
111111101000010011
000010010000110000
111110001001111010
111011101111111100
111110010001110011
000000110011111101
000010001111000100
000001111100101110
000100101101101011
000001110010101011
000010001000001010
000100000011110100
111110110001000011
000010000001111001
111111010010001011
111101010000111111
000001100001100110
111101001000001001
111101100110010010
111111110111101010
000010011111010010
111101101111010010
000011111001101101
111101111111100010
000011110000111001
000010011100100000
111100001011011101
111101001011001101
000000101001111111
000000011010101011
000001110001100100
000000100011000000
111111101011111000
000010100001010011
000001110100010011
000000101011111100
000000100000110010
000010100001000100
000001010111101010
111101111100111000
000001111000011111
000010110010011111
000000010010101001
000000111010001100
000010000110010000
111101101011010101
111100000100100001
111110100101001111
000100111011011110
111110101001010101
000010011011000010
111111001111110001
000010111101110011
111101011101111011
000011001100001000
000001111100110101
111110011100100101
111111001010011101
111100011101000101
111100110101101000
000001011000110101
111111111100000001
111101001011010001
111100000001000001
111111001001010100
111101111010000010
111010110100101111
111111011111101110
000010100111011001
000011100100110111
111110101101001001
111100100111111111
111111111001010101
111101000100011100
000001101101111000
111110110111101011
000001101101110000
000001011110101010
111101100010010010
111001100001110110
000101101000001011
111100101110101111
000100000001010000
000000000100010010
111101101011111110
000100001011011000
111110001001110101
000001010111011011
111101101110111000
111110010101010110
111001000000010011
111110111001011100
000001101110010111
111010110101000101
000011010011011000
000001111101111010
111011111000011110
000000100110011100
000000111110111001
000000010000011110
000001101001100101
111101110110001110
111010110010110110
111111100010000110
000000100111110011
000011000011010111
111110101001001110
111111110110010011
000010001000010011
000010101110011111
000011111011111010
111010110110010101
111111110000101001
000000011011000110
111100110001001110
000010100010011100
111101001001110000
000000001000111010
111111100100000010
111101010010011110
000001110100111111
110100011010111010
111111001001111111
111100101111111111
000000000000010000
111110001000111001
111110101001101111
111110001110010000
111110000101000000
111100011110111110
000001011100001111
111100010110110110
111101010000101101
111110100011110101
111100111110001100
000001010000010111
111010101110010000
111001111001110100
111010110011011010
000000001101100001
111010101000010110
000000111111010101
000001110111011011
111111111110100101
111101101010010111
111110101110000101
111101101110101110
111110111000010000
111111111101001000
111110101011001111
000011011000110000
111011100010110101
000010011100011110
000001101011110111
111101111000101110
000101010111001011
000001111100011000
111111000001100111
000011110000110011
111101111001000010
000010101110110101
111101110010000101
000011000110000111
000000011011110010
000001000111000100
111101101000100011
000001100000100001
111111010000100000
000011100010000100
000010101110110010
000001010010000111
111101111110111001
000001100100100110
111101010100100101
111111101000010100
111101010110010101
000000100100011100
000010010000010000
000000100010000001
000010100000100101
000001111111010011
111100011000000110
111110011000100101
111110100010010101
111011100110010000
111110101110110000
000000011101011111
000010010111110100
111101010101011111
000000111110000000
000001010101101110
000011101111111000
111111010010110000
000000010010010110
111101100010000001
111100100001010000
111110000111100001
000000101001011101
000000110010110110
000010000001010010
000010001001101101
000001011010110111
000000100011101101
111110010100111100
111110010000110011
111100101111001000
111110110110100101
000010010100111101
111100000110100010
000001011110010100
111111110001100111
000001000110011011
111011011110100111
000001010010100011
111110100110101011
111101101110110100
000001111011011010
111111011001000100
111110000100110100
111111000110110100
111110101000100110
111110010100110111
111111000100110011
111100110000000011
111100011010110101
111110000110001111
111110010111110110
111111100101111010
111101100100010000
000101000001100011
111110011001101001
111100111100011011
111111001010011010
111100110101111000
111101111011001010
111100000101101101
000100000110110110
000000001111011100
111100001100101101
000010001110011011
000010000001001000
111001100101101101
111101001000010111
000011111011000011
000001000110001011
111101110110011100
111100001001101001
000000100111101000
111101100100101010
000000110011100101
111000101001110101
111110111001111011
111011010011001111
000001101001001101
000010011110010110
111100110010001110
111100100111010010
000001110001000101
000000101110111010
111110011000001001
111101100101101000
000001100101101010
111101110001110000
000010100000001000
111111100011011110
000001000001010100
111111001010100101
111011100111011011
000010000111001100
111011000111000101
111111111111011000
111101001001100010
000010001011001010
111111000100101011
000000100001111110
111011001011101100
111110100011000000
111100011000100110
000000110110001000
111000111110101010
111011101011000000
110111011100100001
111101111110001001
000000111111010000
000010010000100100
110100100110010001
111110101101001010
111011111111101000
000000001001110100
111110000010010111
111001100001111100
111111001010111011
111011100010101100
110101110001000010
110110011000000010
000110101100010000
000101011101110100
111000100000111011
111100001011101101
111010100110011010
110111101011100110
111010000011110101
111100100111110110
111001110010000000
111101010010111001
000101001111100010
000100110100111001
111110011010100101
111111111101101101
000010100100001101
111100010000101011
000000000010001010
111110000001010101
000001100010011001
000011001111001011
000101011011011101
111100111010000111
000000010110100100
000001100001111010
001000101100111111
111111110001011111
111111100000000100
111111101101000000
000010010100000010
111111101101110110
111111110000000001
111100011010000100
000011001111000001
111100111100011101
111101111010110110
000000010110010110
000010010000100010
111010010001001101
000010011100000010
000001000110000110
000000100001101011
111001111011001111
111111110100010101
111101101100011000
000001010101110000
000001010110110001
000000110111110100
000001011001100001
111111001000001101
000011001100101111
111100010100101000
000000011010001011
111101101111101001
000010111000100001
000100111101001001
111100010000111100
000010000110011001
000000010100100111
111001100001111001
000011110010110001
111111101110010101
111110010111101100
111111111000111010
111111101101100110
111111100001101001
000001111001101110
111101010110111011
111100100010110100
111010011010000100
000001101100100010
111110011010110000
000011110110111111
000011011101001100
111101101000101000
000001101010100110
111111100110111011
111110000001101110
111111100111101110
111111110100000011
000010000001111000
111111010011010000
111011110000101000
000011100011010100
000000000000111111
000000000010101001
000000011101100010
111101011011000011
111100011101001001
111100000001100101
111110010100111110
000001101101000110
111100100100011100
111101000111110011
111110001110111101
111011010011111101
000100001110101001
111110011101111000
000001001001100101
111111100100111010
111100101011000000
111101100001111110
111111111110110011
000010100100001000
111011100100111011
000010011000101000
000010100011010100
111110110000101011
111100101111001001
111111000100101101
000000011111010001
111101011101011001
111111011000110000
000000010110011010
111111100011011100
000010000110111111
111011101101010111
111111010001100100
000011110010001100
111111001111100000
111110001100011111
000000000001100110
000010100101001011
111101101100101001
111011101000100000
111111110100101010
111110000010011001
111010000001101100
000000001101111001
000000110001101110
111100010000010000
111100111010100000
000101010101011011
111110100101110010
000010000101011011
000001010011101001
111110010100100001
111100001000001111
000000010000100100
000000010111010011
111001100100110111
111101100110111001
111110010010111111
000000001100101000
111101110100011010
000010100001010111
111011011111011100
111001111001011001
000010110101111000
111100001000101011
111111001110000101
000100111001011010
111100110101100110
111111101100001001
000000001111000001
111000100110001100
000001110101101100
111111101011010011
111001101101000100
000010100110000110
000100000000010000
000001010001010110
110110100001011100
000001100111000110
111011100011010001
111101011111100001
111101011000000111
111100010010100001
111110110010100010
000000010010010100
111110010100111110
000000010010100001
000000111001010011
000001100101110010
111100011000111000
000001111001110101
111111101000001101
000010011111101111
000001001101100111
111111100101110111
111101001011011000
111010000011111000
111101100111111100
000001101101000101
111011100010010100
000101100001100111
111101111110110110
111100101011101110
000011010001100001
000000010101010100
111010110111010111
000000110100111001
000000010011110101
000001111011101001
111111110010001001
111111011010001000
111101000110100000
000001001111100000
111111111001111100
000010011001001110
000000000111111100
111101101111110101
000010000000101110
111111000000100101
111010101101001101
111101001010111110
000001110001100011
111111111010010110
111100111110001010
111100011011101100
111101111000001101
000000001001010001
000111010100010111
000001000011101010
111110111100100011
000011001010101001
111110101101110011
111011110000110001
111101010011010011
000010110001000100
111110110000111010
111111111101101101
000100010001001010
000011011111011000
111101001101010010
000000000000100101
111111010010100001
000000011010110111
000011110111100011
000010010101010001
000000111111010011
111011000011001000
111111110000101101
000100101011000101
111110110010110010
000010100111101100
111111011101000101
111110100101011101
111111010011000111
111111010101101010
000010000110010100
000000001011010111
111110010011000101
111101011000000011
111111000101110001
111101110110011101
000101001011110111
111101100010100101
111100100001010001
111000100111110110
000000010101101000
111111100000101010
000000000101011011
000001100010000010
000010011110010011
000010100010011010
000010001110111001
000000000011101100
000000010001101010
111011101010011101
000001011010110111
000010100101011001
000001011011111110
111111011001100111
111100111111000000
000000000100110001
111101101100101010
111110000110101000
111101001001110101
000010001000100110
000000000101110111
000001001010101010
000010010100000101
111100100100110101
000000110010010100
111111010001100110
111110101100101000
000010100111000110
111111010001000101
000011110001010111
000001111011010101
111111000101111001
111100100100100001
111101000111001101
111001110101001100
111110110010111000
000010110010110101
000001110011110011
000010011001000101
000000010010011110
000011011010001001
111111111110011010
000011101011011001
111110101100010111
111010010010101101
111101100110100011
111100011001011001
000000110000011111
000100101001010100
000001011100001010
111100011110010011
000001000010011101
000010011111001100
111111110111000011
111010101100001110
000100100010010110
111000000000111010
000000111100100011
000010011110111101
110100110101100001
111111001000011001
000001000000010111
111010100000010010
111010100011001001
000001101010000001
111000111100110011
111100110011011100
111111011100011010
000000101101111100
111001000101011010
111100001100100001
111001100001001010
110110010111011111
111100110100111000
000000111010101110
111101000101111111
000010001010110001
111101001010101011
111111100101110010
111111000110001100
111100100010100001
000011110110001011
111100010001010111
111101011100011111
000001101110100001
000010101001111010
000001110100111001
000001010100101110
111101000101100001
111010111010100001
111010101111100110
000001010001101000
000011001111001010
111111011101000101
111110110101100001
111111111011011111
111111110010001010
111111001011110000
111100110100100001
111111101001101001
111111111011101010
111011010000010101
111011100100111000
111110100100001000
111110010101110000
000001000111111001
000000100100001000
000010011001000100
111101011000010111
000001101000100110
000000011001100110
000000101000111010
000010000101000100
000010100111101110
000010110011110001
111111001111101011
000000110110110000
111110110000011001
111110010110001010
000010101011001101
000000010001111010
000100001000000110
000011010100000111
000001001010001101
111111000100011100
000000110001010101
111101100101110111
111110101011001001
111011111111100110
111101110110110101
111000101111111000
111101101000001100
000000011000101110
111110100010001101
000000110011110000
111110100110110011
111110001011001000
111111100011001110
000011111001010010
111111110101111110
000000110011100011
111110010000010100
111100101110110000
000011001110111010
111110010101010110
111110000010110101
111011110011101011
111100100101010001
000001011110001110
000000111100110011
000011100100111000
111011010100111101
000001010011111110
111111100110011001
000010011101011000
111111001001101011
111011111100101000
111110111100100111
111101110110000111
111000011111000101
000010011000011111
000010011101010111
111110010011011100
000000100010010101
111110100100101000
000000010001110011
111011111100001100
111100100110111111
000010000010110001
111011000000010100
111111110001111010
000000110000010110
111011110100011101
000011100110110100
111101011010101010
111101101000001110
111001011001001001
111110011011111001
111101110001000011
111111110100010001
000010111000111000
000000010111000010
000001100001011111
111101000111010100
111101001000000000
000000101000010001
111111001100111000
111101001001101100
111110101010010111
111101100001100000
111100100111100010
111110111101001111
111110100000111011
000010101111010111
000001101101010011
111100000000110110
111111000111001111
000101000101000110
111100110101100010
000010011101100010
000001010111011100
111111100100100011
111100110010001011
000010100110101100
000000111101100111
111111100011010111
000010100101110010
000001111001111101
111110111101111100
000010101111111110
000000011001000000
111100111111111000
111101010101101111
111110100101111111
000001011000100100
111100100111100011
111110011100110010
111100001010010010
000011111101100111
000010011111110011
000010010000110011
111101000001011011
111101001010010100
000000110100101111
000001110101010010
111110010000011001
111100110111011100
000000101011010101
111101101100100010
111111101100000110
111110011010011111
000001000101101100
000011011010100000
000000011111110111
111100100111110100
111011100010110100
111110011110110111
000001001000111101
111110110100011111
000010001111110100
000001010001100100
111110011010111011
000000001010111100
000010111111111111
111100011011111000
000011010100101011
111100001111100011
000001011111111010
111111100011100111
111100111011011110
000000001100000101
111111111010101111
111110111011100011
000001110010101101
000000001001000001
000001110000110101
111101100001011100
111101110011100011
111101000110001101
111110111101001110
000010001001010101
000001000000111100
000000000010111111
000000100001010110
111101010101101011
111011111001010011
111100011010000010
111111101010100100
111111010111100010
000000111000001000
111100111010000001
111110111110100111
000001011110110100
000101010100001110
111111000001000111
111100111010101111
000001010100101100
000001011111100000
111100100001001000
111001001001001110
111011101111101100
000011000010111000
000011010001000101
111101000100100010
000000110100001011
111110101101000110
000001010000111010
111111110110010100
111100000000000101
000011110011110001
111101000000010111
111111010101111010
000001110111010101
111010101010111001
000001000000101011
000001000111011001
000100011111110011
111110000011101010
111111110101111011
111111010100101110
111101011011101000
000000001001100011
111011001001011101
000001000011011011
111101001001010110
000000111010101101
111110110100010011
111110111110110001
111110000111110111
111110100011101000
111100100110011110
111101011100111010
111111111001000010
000001101001000010
111101011011100110
111110100000000000
000001110000000000
111111111010110110
111100100101010001
111110011101000110
111101011001000011
000001010001100110
111010001101101011
111111100000101100
111110100011010100
000000111010001011
000010111011001110
000011110111010000
000000000100011111
000010000001000101
111110101101101000
111110000010101101
111100000000010001
000001101100011110
111110111010110101
111100011000100101
111101011111001110
111010110011000100
111011011011101100
000010011111100011
000001011110101111
111110110000001110
111001110101010110
111110011101001111
111110001110110111
000001100110010100
111110000011100101
111010110111001010
000000000111001110
111100010111100011
110110001100111100
110110110010100111
111101000110011010
111010100100000110
000010111001000111
111111011100100101
111110000001111010
111111101100011011
000001111100011110
111010100001000001
111111101111111100
000011000000111010
111101111111011011
111110011011100010
111110100000011000
111101100011010101
111100111010110111
111101110001000110
111001110011111011
111101000001110100
000001101001001100
000011110101101100
000010001011110010
111111000100011110
000000000111110100
111101111110010010
000010011101101000
111011000111100100
111111001000101101
000001011000111101
000010111110111100
000001001001000001
111111110101111011
111111101111100101
111010001110101100
111011000111000101
111010111001001000
111110001101110111
111111000000010101
000011110001111011
000000011100001011
000000010011010110
111101100010000001
111101110011101110
000000110101111011
111011101110111110
111100001100010011
111100001110000010
111011011101101010
000010010101010111
111101111011101010
000000111101111111
111101000101101011
111010100001111000
111101100110001100
111101001001001101
000100111011110001
111111101100011010
000001101101011111
000000111011000100
000011010011000101
000001001100110001
111110101101010001
111011110010011101
111110111001100101
000001000000111011
111100011100000011
111110000111000101
111100101001100100
000010000110000110
000001000010011100
111110001100000011
000000100111111100
111010110101011101
000011011011001000
111100001110101010
000011010111110100
000001011100111110
111111101101010001
000010110010110011
111011011011100101
000000100110001010
000001111010010111
000000100111110001
111110001100010011
111101000101110010
111111101010011010
111111100101110011
000000011101000100
111111001111100111
111101001111101101
000001111001001111
000000101100100111
000011101110010011
000001011011010001
000000101100010100
111111111100110100
000000011110000100
000010001001100100
000000101110110010
111101111010011001
000001001110101011
000010001001101110
111111000000010010
000010011100100011
000001110110110101
000100001101011110
111101011011010010
000000100001110110
111001001010100110
111110110000011100
000001010111010101
000000001001000100
000011010010011110
000001000001011110
111110001110000101
111110000001000011
111101010100010101
000000001110001101
111110110001111010
000001011000000010
111101010001101101
000010000000001101
111100100100000100
000000011101100100
000000111001101111
111111011111000010
000010111110100001
000000110001111111
111101110000000111
111101110010110111
111110100100101111
000000010100011011
111110111000110011
000000010000100101
000010001001010100
000001111000110111
000001001010000110
111011111010101010
111100001011011111
000000000011101011
000001110010010001
111110111001110011
000010011111001010
111110111010111100
111110100110001100
000001001101011100
111100110011110101
111100011101010110
111101111111100101
111110111011100001
111111010000000011
000010011000000011
111110011010001111
000001001000001010
111011111110111101
111001001011110111
000001010110110100
000000011001000111
111110011100101101
000011011000111001
000011110001110010
000010000011100100
111110110110010100
000001001111000101
000011001010000100
111100001000110001
111110011111010111
000000011001110110
111111011110001000
111001001001001100
000010000011011110
111110101010011111
111110010011011111
000010110000001010
000000001101100110
111111110010011101
111100101101010110
111110111101110111
111110100111010110
111111101111000010
000011001011101111
000010111101010101
111111100001111000
000011010110011010
000001111011001011
000000111001110111
111101001010110110
000010101110101001
111101010000000110
000001100100110010
000000010100110101
000001110011011001
111101001001001101
111101111010100111
111111011100000010
111111011111111101
111111101100000010
000010001010011000
111101110110010100
000000100111010001
111101110110010110
000001110111111111
000001111111000011
111111010101011110
111011001011100111
111101110011011001
111110010111101001
111110101011001010
110111010100010110
000011010100010100
111010101111101001
000100101101100101
000010001111101011
111111011100111110
000001100110010111
111001111011100111
111101010110011100
111011110111010100
111101100011010000
111000111100001001
000000110101101011
000001101101111100
000010100001111000
111011001001000010
000101000011011110
111100110011010011
111100011111110100
000101010101010000
111100110101011110
111101111010010011
000001100010101010
111101000011101001
111111010101110101
000010010100001000
111101000100011001
111001111000001001
111100111101000111
000011010011101011
000001000100001111
000000111100001101
111110000000001011
000010011001100001
000001111110010010
000100001011111110
000001100001110101
000001101100110011
000000010111110110
111011000100111010
111110011100110011
000000100100111110
111001011000000000
000010001110000110
000101111011000100
111111010010111100
000011011101100010
000011001010111100
000100100011000110
111110010110010010
111011011101100011
111101110010101110
111111011011000000
000000111111101011
000001000111110011
111101111010100001
111111011111101000
111011011011111010
111101001111001101
111101011101000011
111011001011100111
111100111000110100
000000111000010000
000000110011011001
111110111100001010
111110111110000110
111110011011000011
000101000100111001
111100100101011010
111110011100000001
111101010010001000
000011100100111000
111101011101000000
000011100101111011
111101111110101110
000010110001110100
000001110000001011
111111001000110111
000001001011010011
000010110101011000
111101011110000101
000011101011110100
111110000010001011
000000011010100101
111111010001000000
111100100111111001
000010011100101001
111111111111001101
111100000011111001
000001111101001100
111110001111110111
000000000110110100
111111001010010111
111111101010011011
000001001100001011
111101100110111110
000010010000100010
111101111111011110
111111110101001100
111000100000010001
111110010010011011
111110001110010000
000000000000001111
000010010110101110
111111010000001101
111110101011100111
111101011011100011
111101010010000101
000000000111100110
000000010010001011
000010010011001001
111011111010010001
000011001110101100
000000110101001111
111101100101101100
000000011100101000
000000000101101101
111110100010100011
000000010000011010
111101111010110011
111101001011000010
111110000001000010
000001000100001011
111111001101010001
000000000001101111
111101101100111101
111101001010010101
000010110110000000
111111001011110011
111110001010100010
111111010101010110
111101101101011100
000000000000111000
000001110001101010
000001110010010101
111110110001111001
111110001001111011
111110111001011110
000001100000101000
111110110001101011
000010101111100001
000000111100000110
111111010110110101
111111001111101010
111001111010011101
111110000011110110
111110111001001101
111100010110111111
000100100010001111
000000100001010000
111111011100000011
111111111001011110
111000011010010110
111110110000100010
111111100111010001
000000011111101100
000001000111011011
000011101110100000
000001000101110101
111101000100100101
000001101000010000
111110100100101001
111110111010001110
111110001001010011
000000010000111001
111100011110110010
000000110101111010
000000110110011100
111101110010001000
111011111011100011
111011011101111110
111100110101111101
111110100010110001
111111011000111000
111111010011100000
111100001100001010
000100001001110100
111100110001101000
000000000011100000
111101111000111100
111111000111101101
111100000001010101
111111000111000010
111010100101111001
000010010010010111
111100011011001011
111111100000110001
000000011010101011
111001100100010110
000011101000010110
111100110101110101
111101010111011011
111110110000101000
111111101010100101
110111110001111111
000010111011100101
111011100000011111
111011101111001101
111111000100100001
000011000101000001
111101010000101110
111001000111010001
111010010100110110
111011000111010010
000000101100011110
000101100100000011
110111101100011000
000010101011100010
000000101010110001
111101010011010111
000001110101011000
111111011010110011
000010100001001110
111011111101110110
111100100100111010
111011000000000111
000011001000001100
111110001101110001
000000100011100101
111110010010010001
111100000001001111
111110001000010000
111111101011100011
000000001101100111
111100010111110110
000011001010100011
111100001111110000
111011010011001001
111110000001011110
000010101010001000
000010000000011110
111110100110011011
000011010010011001
111011001011101110
111111110010010101
000101001101111110
000001110010100010
000011110010100101
000101000000001010
000000100111000000
111100111000100010
111110100000111111
111011001100110001
000100001100000000
000010000000000111
111110001011101101
000011110001010010
000001011111101101
000101001100011101
111101110110101001
111101001010010011
000010001110001011
000011101100110010
111101110100001111
000011110010110000
111110110010111100
111111001100011011
111101110101101000
111101101100111000
000010100001000111
111111101010111110
000001010010010001
000001111011100110
000010110001000011
000011001101000001
000000110011101010
111111110100111001
111110000010110110
111110010101000111
111100111111000001
111101111110111000
111010001010101011
000100011010100111
000010000100101100
111110000101001111
000000001000011011
111111100111010101
000010000000110000
111110000010011101
000000010111100110
111110101101101001
111110000000110110
111101110110000100
111011001010010101
111100101110100111
000000101100010111
111110011101111011
000010011100010010
111101101000010001
000000110010010100
111110010110111110
111110001010001110
111101101110000101
000000010001101000
111100101100011001
000011011100000101
111110011111011000
000000001000010100
000001010000111011
000010110100110000
000000000110100100
000100101110011100
000100111101010011
111110010111000000
111100100101110000
111110011101101000
000001101101111011
111111110001111000
111111101111111111
111110010100101101
000010010010000011
111110100001000011
111011010110111100
111100110111001011
111101010101101101
000001011100001111
111101100000101110
000001010000111011
000000000111100000
111101100100001100
000010000000000001
000001001111101010
000010100111001000
111010000110111110
111111100010000011
111110010011000000
000010000011111000
111110000011111100
000010111000100011
000001011111111100
000000101100111010
000000101110110110
111110101000100110
000001000001101011
111111000000001100
111110011001100111
111101100001011100
111100011111010011
111111011001001110
111110011000011101
111110100001011110
111111101000111011
111100100011110100
111111111011100011
111111101000100100
000010010100000101
111110100000101000
000011010011110000
000000000100110000
000010001010101000
000010101001000111
111111000110010110
000000010011111000
111101110001001001
111101101100000100
111110101000100100
000011101110010100
111100111001110001
000010010100110011
000000011111100100
000011100011101110
111100110000011011
000000010010000000
000100001101100000
111111110101000011
111101101000100000
111111011011100010
000001110111000100
000000101011001001
111111101011010111
111011010001000010
000011100111101110
000000100000000110
111101010010001110
111110011011111100
111011101100000010
000010011000111111
111000010111000101
000000100100110110
111101111100111100
111111100010111101
111101111100110011
000000111111110001
000011001011110111
000000101101110110
111111111011110011
111011101110110010
111100001001110111
111101010100101100
111101001001101100
000100000000010101
111101001010111000
111101110011101110
111111011000010011
111100000000110010
111101100010101000
111100001010011000
000010100011100110
000001111000001000
111001100110011100
111101101001010100
000000000010100011
110111101111110010
111111000001100111
000000110110101000
000010010101011110
000000011001110101
000001101111110100
111110011000000011
111101010000100001
111100110000001100
111110001010011010
000010111011101011
111110111010111110
111111011001011110
111101101111001001
111100101010001110
000001111101011100
111011110001110101
111100111001100111
000010001111110010
000000000111111111
111101111001010110
111110001011100010
111110101111110010
000000111100011001
111111110010000110
111111001100110011
111111010001111111
000001100100011010
000000000001010111
000011000001011101
000001101000110111
111101100011100101
000001010100110110
111101111101010011
111111110000101110
111011100000100111
111110011100001001
111110001111110110
000001111000001111
111100110010111100
111110101000111011
111101101110111001
000011011001011001
000000111111001011
000010000001000001
111011000001100100
111100111010011001
111101001111101010
111111011110100101
111101101000001010
111110011101110010
111111110110011000
111100100001101110
111110000101000100
000010100001111100
000011110001011001
111110011101010111
000010110001101110
000010101101010001
111111100011101011
000000100100000111
000000011010010111
111110100011010011
000000000101100110
000010011000100010
111011100110001111
111111001110010001
000001011000010110
000000001100001001
111100011110000011
111110100000011000
000010100001101011
111110101001011011
000001101110101101
000001011110101100
111111010010001110
000001010111011001
000011000100010111
000011011000110111
111010001011000111
000001000000101000
111100100101100010
111110000011001011
000000010000010000
111100101011111111
000000110011100011
000011100100011100
000010100111111010
111110111110000001
111100101001011000
111111001011011101
111110011001011110
000000100101011111
000011101100011111
000000000111011001
111110100100000110
000010000000001111
111011000111001000
111100000101011001
000000001100101111
111111100011110100
111110111110010001
000000001101111110
000001111101010000
000000001111100111
000000100000100001
111111110000000001
111100101110001111
000010100011111000
111100010010011101
000011111100010100
000000011111000000
111111001100011001
111101111011101001
111101011111001011
111100101111001000
111111000101100110
000000100011101010
000001011001011001
111100010111101100
000010100000100010
111111110100010101
000000001110010001
111100111101011011
111010100001010011
110111111000100110
111111001100010111
000001010111111000
000001011001000100
111101000000100011
111111101001000101
111111110000111101
111011101000100000
110100001101001110
111100111110101111
000000011110110011
111111110001001010
000000011101011001
111011111111110001
111110110101010110
111110001010110100
000100001101100100
111011001001011011
111001001101100010
111100100000010011
000001101100001000
111011110101010101
000011111100111000
111111101110000000
000001110001110000
111111100001111010
000001010101011101
111101100000000000
000100110110111110
111110011100001100
000101010000000110
111110010110100111
111011101100010011
111101101011110000
111100111111000111
111100001111100101
111010110001010111
111110100000011010
111100000101011001
000001010010010100
111010100001010100
111011010101100010
000100011100111110
111100011111001101
111011010001100001
111110101011110100
111111000111101100
000001110000010111
111101000001001011
000001001000011100
000001000000000100
000001101000010011
111101010100100110
000001010101100110
000001010000101010
111111010011100001
111101000010001011
111111000100000110
000000001001101011
000010100000110011
000010111100010100
111011101110101001
111111110111010110
000010101101111110
111111101101000011
000001110010111000
111100101101111101
111101011110000010
111110110110010111
000011100111100110
000000001001011000
000001100010101001
111111010011111001
000000101110000010
000001101010101011
000000001100100111
000000011111011010
111110110101111100
111101011111010111
000000101001001000
000000110101010000
111111010000010001
000001010000001101
000000000010101111
111000010100100100
000000111010101110
000000000010110100
111111010101101100
000011100011111101
111111010001110110
111110111110110110
111100001111011011
111110010001010011
000010100011001111
111100010110110110
000010011101011000
000011110101111000
111110101101010011
000001010111111001
111101111010000111
111010110111110100
000010100011010011
111100100101111100
000000010000111010
000000010011001000
110011111111111000
111110111110101110
000001111001001000
000000010010100001
111111101000100011
111011000110100111
000001100001101100
000000001111101010
000001100101001111
111100001010101110
111101010011111000
000000011000101110
111101011100010001
111101110111010001
111100011001001000
111110101111100011
000000111001101000
000000110100101101
111011111110011110
000001110000110000
111101101010000110
000001011000110000
000000010001011100
000000100010101110
000010100101110011
000001110001010001
111101100001010000
111110000001001001
000010100011110110
000001100010100000
111101011100111100
111100101011110100
000010010101101100
000001100110100110
000011001011110010
000000010100011110
111110010111001001
000010110101111100
000010110101011111
111101111110111111
111101100011010000
111000110101001001
000000010001100001
111101111001110000
111111110010110100
000001010111000110
111100100001011010
111101110011111111
111100010111110010
000001001001101010
111110000001110011
111101111101100011
000100000010000000
000000001000101101
111110110110011110
111111010011111111
111101101000000010
000011100010000110
000011001101110000
000001111111111010
000000010010100110
111111110001101011
111101111010001011
000011000000011001
000000010111111101
000000011001001100
111110101011011101
111111010100100110
000011001100000100
111110100001000010
000001001010011100
111101000001110000
000000011001001110
000001111111111000
111111000110111001
111111010000001101
111111111101101111
111101010111101100
111110010001010000
000001111101101111
111111001000000000
111011011001011010
111111001111100111
111100111100101010
000011101100110110
111110010111011110
111110000100010011
000000011001100010
000011100100000010
000001000001011011
111101101100001001
111110100100001000
111111000011010011
111101110111001001
000100011111110101
000000001111000110
000001010001010100
111011101001011000
000000110100100110
111101111111100011
111110010010100110
111111011011110010
000001110100110011
111011110010100000
111111100001101110
000000100101000110
000011010111011011
110110001010100011
000100011000100111
111011001100101100
000000110010011110
111010000111111101
111001011010100100
000000100110111010
000100010011011000
111010111110110011
000000110101101011
111100010001110101
000000000011010111
000010111010111001
111111011101011101
111100011101000001
000100000111011000
000010000100000100
111011110110100001
000001011101000111
110111010110010100
000100100011011111
111101110100111010
000011110100001011
000010111001000110
000001001111100011
111111110000000101
111011101101110010
000000111001011001
111110110100011111
111101001111101011
111101100011011011
111110011011000111
111011111000000001
111110100001011010
000000010001110011
111110111111111000
111000000011010110
000001100100010011
111111101111110100
000011101001101101
000001011110100011
111001100100000001
111101001110101110
000000110111000000
111110101100010001
000011010111111111
111111000001101001
111101110110010011
000000001101111101
111100110010001110
000011110001100011
000001101111000110
111100101110000000
000000100000101001
111100111010110011
111011110100111111
000010111011101010
111110001011110010
111010011000101101
111100011000111011
000000001110111111
111100101111110101
111100010011010101
000000000001011010
111100001110000000
111101111000001000
111110000001110101
000000010110011110
111100000000001101
111001110000100010
110111000011011110
111111011000000110
000000010000110111
111110101010110100
111111000101110110
111100010000010111
111000000001010101
111000010001110000
111110011110100010
111000110000010000
111111010101000110
000010001111001000
000001011001101110
111110000001010001
111010100100000011
111111100010001111
111110001110010000
000010000000110000
000011010011110101
000010111011110100
000001101111101000
111001110101010111
000000111100010100
000000100110000000
000100100100100001
000010001101110100
111110101111010001
000000111100111001
000000010100010100
111101111010011100
000000110001011001
111111100000101111
000001110001001111
111111110101010011
000000110100011001
000000101100010100
000000100100010100
111101010000100100
000000101110011111
111111011011011100
111100111100001011
111001100100101101
000000001100010101
000010100011111100
111100101000001101
000011010011111101
000001011000101001
111111011100010010
111101000011001101
000001101010001001
000010100011100001
111100101101111001
000001110011101100
000011110101110101
000001101101001100
000000100000110000
000010110110101110
000010101000110010
111000100101100111
000001010101101100
111110001111100110
111111111010100101
000001000111100011
111010011101010011
000001001111101101
000010110001000111
111111000011000001
000100011011100100
111100111101101010
111101111100110000
111111111101011110
111111011100111001
111011100101001000
000001010000100101
000001000001110000
111111100000101000
111101111001101110
111001001000111011
111111100010111101
111011001010111100
000011011100101101
111011111000111111
000100001100111100
000001000011110001
111100111000100000
000001001111011000
111110101000110110
111111000000000100
111101010010101001
111011010010011000
000001000101001101
111110010101000100
111100001001110101
111100010110110111
110110001000110001
111110111010011110
111110111110010001
000011010000001110
000010010111111000
111101010101000111
111110101111100101
000001011110010110
111100100000111111
111100101001010110
000001011010101111
111111010011100111
111110100010011011
000011000011001000
111110101011000000
111111110100000001
000001101001011101
000001111000110111
000011101000110000
111111111100000000
000011010101100100
000001000011100000
111101101111001001
111001100000010011
000011000100011111
000010000010001000
000001000100001110
111101100110000111
000000010111110110
111101101111001101
111110000000001111
000001000101100111
111111101011001101
000000001001100100
111111010110101010
000010011101111010
000000010010101101
000001101001011110
111011101011101111
111101101101001011
111110011010111101
111111111011110100
000000100011001011
000001100010110001
000001101001101110
111011110111001011
000001001101111101
000101010001000011
111111001110001101
111101100101110100
111001110001001001
111110011010111011
000100111110011011
000011010101110111
000100101010100110
111101100101011001
111111001001111000
000001010011010111
000010110101001001
000001110011101101
111010001000001111
111111111011011100
111110100011010101
000000110100111100
111111101110000010
000001011010000111
111101000111101001
111011110110111000
111000111011111000
111101110110111111
111001111001110100
000001101110111000
000100110100000000
111111011110010100
111111110011010010
111110111001111101
111101000111110001
111111110011111111
111101110101000000
000011101011001110
000010001001010100
000001000111101101
111100100011110000
000001010101110111
111111100110110010
111101110010101101
000001100010101110
111111001011010101
000010010011001101
111110001000010011
111111100111100111
111111011111100001
111010101101110100
000001100010000101
111110001101100010
000010110111110011
000001110000100000
000001010000010001
111110110111001010
000001111100000000
000000000100001100
000011011001000111
000010110010000100
111101001010001111
000001100100011110
111101010000010101
111110100000111000
111110011101000111
000000001100101011
000001111011010111
111111111001001100
111110110001101001
111101010001000110
111110100001010110
000000010110010100
000010000011001110
111111010011000010
111110010110101100
000000001100101010
000010001101011101
000001011100011001
110111001110101011
000010001100001000
111001111001011101
000000000011111111
111010101001001011
000000011110011101
111101100011011001
111010011000010010
111111110110000001
111011011110110111
111111111100101010
111101110110101001
111101110001010110
000100010111110001
000000111100111010
111000011000010100
111110001011011001
111010010101111101
111001010000111000
001001010001010001
111001101100001010
000001010101000110
111001000000100010
111010010100001011
000011011111010101
000010001101000010
111111000110010011
110111110011101010
111001000011000111
111111110100111110
000010111011100101
000010001011111001
111100111011101010
000001001101100100
000001110100100100
000000000001110101
000110000111111101
111110100101010101
111101011010101100
111100111011010010
111110101110111110
111010101101001010
000011100100010101
000101000001100011
000100010111011001
000000001001001010
000011000101111011
000010011001111010
000011111011000110
111110111101011111
000011111011011010
000010000111111010
111100000000011100
000000110010110001
111001110000100101
111101010101001001
000011001111010100
111110111000000100
000001000110100110
000001011000101111
111110010110101101
111010000010100011
000010111011011011
000010101010001110
000000100101011100
000001101010110111
111110101100101111
000000111010101011
111011011110100010
000001000001000110
111100110000110111
000000111111001100
111111000101100110
111111010001111011
111111100001001101
111111111100011100
111111100111001111
000001101100010100
000001011001001110
111111010101100101
111011101011111111
000011100110100000
000001100100011011
111010100111000111
000001110011001101
111100010010011000
000001101100101100
000011011100000100
111111011000111000
111110111000100111
000001110011100110
000001001100010110
000010111001101000
000001001000100101
111110111010111011
000010001110010010
111110010011110101
000110010111000100
111111110111100011
111011001100011010
000000111011000011
000010110100000000
000010111101001110
000001100010100101
000010011010110011
000001000100010101
111011111010010001
111111100100011010
111111101011111100
111110000001000000
000001000000111011
111111111001011000
000000111100110001
000011000101100000
000010111111101000
111101110010100001
111110001010011011
000001100011000111
111111001100010000
000011011111101001
111101100011101000
111110001011100101
111111100110000011
111101100101011001
000011011011001111
000011010110101101
000001010010000100
000000000011100010
111110001011000001
000001110110110101
000001010100010101
111110000010110100
000001100011001010
000011011110010111
111100100111011111
000010000111000101
111111101100101000
111100100110100111
000001010110011111
111101000111100101
111110111110101011
000001001101101010
111101101100100010
111111101110101111
111111001111100100
111100111110000100
111100100011100010
111101001100000110
000010100110110011
000000011000010110
111100110011110111
111111011101000001
000011010001001010
000001100011001101
000011000011100100
000000100010000110
000001000011100110
000010100111111001
111100111100110111
000010110110001111
111100111011111000
000000101100011011
111111000111010111
000010111001000001
111111001101110001
111101110110100111
000100001001111101
000000100000010110
000101000100100001
111011000111001010
111100111011111011
111001111111000011
111110100010010001
111000010010111101
111010000011100010
000000101000010010
000100110111101011
111110000110010010
111100001101110001
000000011011000001
111011110000001011
111110101100001011
000101011100111110
000001111110010001
000000000101011101
111010001000001001
000000011111010111
000000111101111111
111110111011010010
000110001100110110
000001101101011111
000000000010011000
111010010000001000
111111100010001000
111001011100110011
111101001000011111
111010011010110001
111011100001110000
000000111010110101
111110101110110100
111101101111000111
111111100001111001
111011001011101110
111001011010010101
111011100111010100
000010010100111010
111000000001011010
000001100111110001
000000111010100011
000011000110100010
111100110100000010
111110110111101010
000011001010100010
111100110001001001
111010111111001101
111101110111000000
111100111100001100
111100010100001100
000001100010100101
110111011000100100
111011011001001110
111011100011101011
111101000011011111
111110110110111100
000000101100010110
000001001101101000
000000100001010111
111111111101001011
000001100101111101
111111001100110000
111101011111011010
111110000010100111
111010110101101110
110111011110001101
111011101011010100
001001011010110010
000011000110000111
111010111110100100
000010110001011110
000010000000011010
111101110000001010
000001001101011111
111110111110010110
111100011111010010
000100100001010110
111001100110001010
000001010110110010
111110010100101001
111111111100000001
000000011011011101
111110100100001000
111101110100110010
000011011101010100
111110011001100011
000000001111110010
000010011100010001
000010010011011101
000001001000110000
111110001100101110
111011110101110101
111101000001000100
000010100010001010
000011001011000110
111111110110101101
111110011101010010
000000010011101001
000011111100101000
000100001000010001
111110111010100111
111111100111011110
000000100001010101
111011000000100011
000001111101011011
000000111111110100
000101110110001011
000011101010011001
111100110111001000
000110001011110100
111101011010010111
111111100011111110
000010000101001001
000000001000101001
111101000101110000
000001011001000001
000111100101111001
000000011000111101
111001110001011011
000011011111010000
000001001010000110
111110111011110010
111101011000110001
111101100110011110
000001001001001110
111111101110110001
111110011110110100
000010011001000101
000000001100011010
000010111101000110
111101010000100010
000011011010010001
000000111000111101
000011111011101110
000001010001110010
000010010100101101
111110101011100110
111100010111001111
111100010111010111
111110111100010010
000011011100000011
000000001100011110
000011010101111010
000000000000001100
111111001110110101
111011011110110101
000001001100011011
000100000011110100
111110010010001101
000001010001100100
111101001000101110
111101101110010010
111111011010000011
000000011011001100
111111001001100011
111101001111001101
111100110010110101
000011010100001010
111100011100010101
111111100010001010
000000010011101000
111110000111111100
000000011100111101
000000100011000001
111111010011101010
111111111100101110
000000100110000010
111111010110101111
111111110001010110
111110000001100010
000010001110100000
111011011000001000
111111100110010110
000001001000101101
000011011101000111
111111100000110111
000010011001111110
111110001110001010
111100111001100010
111110001111111001
111110100100001001
000001100101011010
000000011000001010
000100011101010000
000010110001010111
111100111010011111
111100011100101100
111110100101011001
111111110001101100
111100000101001001
111110111011000100
111111000110111000
000001011110101110
111101010111111000
111100111100000101
000000111010010000
000000100001000000
111001011101110110
111101110110010110
000010011010000101
000011010101100100
000001100110001101
000001100101100010
000000001010011100
000010011000001000
000011101011111110
000010011001011101
111101100111100111
000010001010111011
111011010010101011
000000100001000011
111110101110101101
111110100011011001
000011101110000111
000000101100010111
000011010011111101
111111110101110010
111111110101110001
111001110110101110
111000110010010010
111011111111111111
111111010111011001
111010101001000011
000000101101010010
111001111110010001
111100000111111001
000001011100010101
111111100101111001
111101100000010000
000100000001000000
000010111101011111
111000111100000011
110101000101110010
000100110010010110
111010001111010111
111100000101001000
000100001001001011
000011000010001100
111011101001000001
111111000110010001
110111100100011011
000000100101011100
111100111000011001
111111100101110010
000011001110111010
000001110111001110
111100011100101000
111110110001011111
000001001101111101
111110100001101001
111111100101011101
111110011011110010
000011000011111110
111111001110000101
111110110101011011
000011110110010011
111110001100000000
111101010000100100
111111101001001101
110110100100000011
111011110101100010
111011001000001110
111101100111101101
000001010001111100
111111110011110110
111010101110110110
000001111000101011
111001101011110100
111101010100010101
111100100000011111
111111000011111101
000010100010101011
111110000001100001
111100111001111101
000011001001010010
000001001010111100
111100111101100010
000000110100101000
000110111010111111
111101111010110011
111100000100001000
111001011001001000
111101000111110101
000001010100011100
111011110111100100
000001110111011001
111011101011110001
000001000111010101
000011001100000000
000010111110110111
111101110011111111
000011001111110010
111110101100001110
000011000110010101
111110011010010000
000010111100110001
000001100000010001
111111101100000010
000001001001011000
111100000100000100
000011011111010100
111100011110101011
111110111000001110
111100110010011000
111110010010001110
111111100101001010
000011110001000101
111001111110000010
111111010101111110
000000010011000001
111111111011111101
111111110010011000
111111101110101001
111101001001111100
111111100000010000
000010010000010101
111101000101010001
000001111011010000
000000001101011001
111100010010011110
000000101011001111
000001010001101010
111000000011111010
000001101101000000
111110011011110100
111110110110101000
000001111001011000
111110100100100010
111110100100000010
000000000111001000
111101101110001111
111001101110111000
000001001110000000
111011101010100100
111110100001011101
111010101001000011
000001001110101111
111100101110101001
111100101011010001
111101010111111011
111010100010101100
000000100101000110
111111001100010000
000001010011000010
000000110000011100
111001111011111100
000000111011011110
111101000000100110
111000100001101111
111100111010010010
111100000111110010
000010101101110101
111111000000011111
111111001110001110
000000101001001111
111100000111010010
000011010011101110
111100100100000110
111000101100110001
000100100011110001
111100000101110011
000001101001111100
000011001101100000
111011101101010100
000001011110011001
000011101111010111
111101001000110100
111001101010110111
111011101010001000
111111111000111101
000000100001011110
000100000000111000
000010001011001100
000000010110011101
000010111000101000
000010100001000101
000000110111100001
000001011000110000
000011001100001010
111001111010000000
000000101001011001
000101000000111111
111010111011000101
000011101001111110
000001000111100101
111111000111110011
000011100010101010
000001101010000010
000010001100101000
111100110000100111
111110011110001111
111010001001100101
111111110010011010
111000110011111000
000000110101110011
111011000111011110
111000011111001111
000000011011111100
111001001001000011
000010100100000110
000001000110011110
000011000010111111
111010111101001110
000000010011001110
111010011110011000
000010110101110100
111011110100000010
000100101001101100
111100010011000100
000000001101001110
000010101001110100
111111110001001110
111110101111011111
000000110100010011
000000010010000110
000011101001111110
111110110010110111
110111000111011001
000001010110001101
111111100100010001
000001101111111000
000100010111110010
111111011110111011
111001110111011110
111101010001011111
000100000011001001
111111000000101000
111001110101000101
111100001100100001
110111111110110001
111110110100100000
000010010000100100
111011101101101110
000001110100010010
000001000010000100
111001011000101011
111110011001100011
111001011010100111
000000010110100010
111111011000000011
111101101001101001
111110011010110001
000000110101111000
000001100101000100
000000000011111100
111010111110101001
000010001101000010
110110011100000000
111110110101100000
000001100101100010
000001111110011001
111100111101111101
000010110100011000
111111111111011110
000001110110011101
000101000010111110
111011011001011000
000001010100110110
000010000011001000
111110001010000000
000010001111110001
111110001011000010
000101011000101110
111100000010000011
111011100110000001
000001000111100000
000011010110001101
000010000001000001
111111001110010000
111110010011111001
111110000101100010
111101010000010100
000011000010101110
000011010111101010
000010100011000101
111101111001011110
000101111111010101
111110100110101100
111101010100111000
000110101001101110
000001110001101011
111100001110110100
111111111001110010
000000010011101000
111110000110010000
000000000011001000
111110000010110001
110110000000110010
111110001000001111
111111010010101101
111101010010100101
111111011010000010
111101100111000101
000000101010010110
111101111001110110
000000001110001110
111111101000001000
111111101001110101
111101011110101011
111100110000111010
111110111011010111
111001100001000100
000000000001000010
000101000000000010
111110101110111001
000001011101101001
000100110111010111
000001110110110110
000011101011111001
111110010000001000
111001011010011100
000001010111010010
111111100100110000
111010000001110001
000010000010100101
000011010001101000
111100100110110101
111100001100001111
111100000110010000
111011010011000101
110101000110001010
000000011001111011
111101011011101100
111010101110010010
111101011000000100
111110110011110110
111010111101011011
111111001101000000
111110000011101001
111101011000100010
111110100000111011
111111011101100000
000001010111111001
111111000001000101
000011101001110010
000010011101010111
000100101111111001
111100100101110111
000001010110010001
111110011010011111
111011100000011101
000001100000101000
111111011000100010
111001110110101011
000001000000010010
000101111000110100
000000011011011000
111110111110000100
000001111100111111
111100111101110011
111111101011101011
000100010101111110
000000011000101101
111010110001001110
000100110000011111
111100001101000000
000011010011000101
000110010001001011
000111100010100100
111101000100000000
000010001001100010
111110111111011111
000000000111010100
000011011011101110
111110111111100010
000011000011101111
111110101011100101
111011000010011011
000000111000100010
000010101000011111
000011011110110011
111110101101101111
111000111110111011
000010001001110101
111000011101001110
111011100011010010
000010111000011110
000010110001111000
000001110010011101
000001010111110100
111111010101101100
111101101110110101
111001111100011100
000001001111111011
110111011110011100
000010100000000001
000000110110100010
111010100100101110
000010100011111000
000011001001011010
111101011101101010
000001000001001001
000000010101101100
000000001001110110
111110011110100011
000001011011011001
000010100100111001
000010110110011101
111111110101111001
000000101111001000
111110111101101100
000001001011111110
111100001010010111
111101101110001000
000001011110000001
111110110011001101
000001001110001100
000110011001110011
111111110101000100
111101011101110010
111100000101111001
000001101001000010
000000011111011011
000010110100110001
000001101001100111
111000101100100111
111101101111100000
000010111010100101
000001101010010101
111110110110011011
111011110111000000
111011000111100111
111110100011011100
000011111101001101
111011110100001110
111101011111101011
110111100011100100
111100100001001001
111101011001100100
111010101101101000
111100010001111001
000001110101001111
000010101000111110
111100110111110001
000001000111101010
111011110011100101
000100110000101110
111011111001000100
000100100111010110
000001011101000110
000011010110010110
111110000101001101
111010010111001100
111101100101010011
111001111101010001
111110010101101110
000010100010100110
111110011000111010
111100010010001101
000001010100111001
111011011111111010
000000011110111011
000001100111010101
111011100011011001
000010110110101111
000000111010111010
111010011100101111
111110010010010001
000011110010111101
111011101101001101
111110111001100111
000100000000001011
000000101011001101
000000110111101110
000100110101100101
111100010010101000
000100000011111111
111110001111111101
000011101010001010
111101011000101101
111110101111001101
111100000011100000
111110110011100001
000001011101110000
000011000000100111
000000011010000000
111111000011100010
111011100011101011
000010000000011000
111100000100110000
111011001101001111
111101000111100101
000001011110010111
111100001100000101
111001001010111010
111111110010101100
000010000001100100
000011100100000111
000000110110000000
000001101110001000
111100001111100010
111111110110011000
000011001101110010
111000111110110111
000001010110011100
000001110011110000
000001000001111101
111100110110010010
111100001100010101
111001101011000000
111011010010101101
000000001110101101
000011110001010111
111110001110111010
000011000110010110
111100010100111101
111111111111011000
000000111001011111
111101001101111001
111100111110110101
000011001101101010
111110000110101110
111101100011110001
000001010111110000
111111001111010100
111111010111110000
000001101100000101
000001110000000111
000010101010111111
000001011001001010
111001101111001101
111111100011111010
000001101100010000
000001101000000110
000000111110101001
111111001101111010
111010101011111000
111101111010110110
111010010110011110
000010100011100010
000100000111011110
111011010000110001
111011011111100001
111101000000101000
111111001010101111
000000010111000000
000100111101011011
111010111001001010
111111100100110001
000000010001000110
111100111100101000
111111010100101110
000010110000011100
111100101100100000
111100101011001000
000010010011110111
000000000000010111
111111000100110010
111101110011010101
111010000111100010
111001110100110101
111101100111000000
111011100000001011
000001111101110001
111011011110110000
111011010110001001
111100011001110001
111101110001110110
000001100011010011
000001110101011010
111110011101100011
111100101000010111
111110001110101100
111000011101001011
000110101110000011
111111111001001001
000000110010101110
111111110111101111
000001000111001011
000000101111011011
000001110101001111
111111100001000001
111101101100111010
000001010111010110
111110111111110111
111101110111111100
111010001101011110
000010011000001010
111111110011001001
111110101000011011
111110000101100100
111101100110100001
000000110100110010
000001011110011100
111111101101010000
000000100110000110
111101101111001111
000001010110000000
000010100011101011
111110101011001100
000010111001011011
000000111001101001
111101010000010001
111000110100000101
111011110111001010
111011010011010111
111110011011111010
111110101001010011
111111100110100011
000011111111101110
000010011010001101
000001110101111101
000010111000001001
000001100110010110
111101110001100111
111100111110010101
111011100101100101
000010101101010101
111111110100010011
111011111101011100
000000100000111000
111110010010001101
000001001111101010
111110101010010111
000000011100001000
000001011100000100
000001001000011111
111111101001000110
000000101100111100
000000110101100010
111101110110101011
111111010111100010
000000100001001101
111110001001101010
111110001010101011
000001000010100111
111110101100111010
000001100000001011
111111111100100100
111110000100110100
000000000100101010
000010000101100110
000001011001010001
111010001001000010
000010100010011110
000010001101100000
111100000001101100
000001100101001001
000011011101000111
000000101100101101
111010010100000100
111111001000111011
111101111100010001
111001111001111000
000010111000101000
000010010101010001
111010000011000111
000010011011111011
111111101111101100
111101010101110010
000000011100000111
111101010110111001
000001011101001011
000001000100011010
111011101010000010
111111111000010101
111001011010011010
000001100100001100
111100111011000110
000100101011001110
000000010111111100
111111101101010111
000011111100110111
000010001100000011
111010001101011111
111011000111110001
111001011111111100
111100000100010100
111100000111101000
001000011011000001
000010000001100010
111100010010010010
000001010011001011
111010111010111110
111000110111001110
000011010101101100
000001101011110101
111100001010010111
111101010011011000
000011001101001111
000001001010101110
111100101100111010
111111111101000010
111011110111001100
111101001010111011
000111111001011101
111110001001110010
111001110100111000
111100110001001111
111011010111101001
000010001111100110
111111110100101100
000010110010111100
111110011011010110
111101101100111000
000010000000101001
111100010100100100
111111001000110000
111101100011001011
111111100011110001
111110101000110111
111100101111011110
111011111101111101
000001100010101100
111101101100100000
000101011010101000
000010000010010011
000001101010010110
111101011011110011
111111100010011100
000011010011111010
111101010110111111
111101000100101111
111011111101010111
111011101100011110
111111011001000011
111111011101101111
111101001110001011
111110111100011100
111111000011101100
000010101001110110
000001111100011010
111110101110111000
000011110111011111
000100001101000001
111110011001001001
111100100110001001
111110101010010001
111010110111001011
000000100100001011
111111110101011111
000010110100011111
000101101000100000
111100110010011011
111111100110010001
111111100100110000
111000111001011111
111110001001111100
000001001101100011
111111000010001101
000001010100001100
000010100001011110
000000011001001010
000001001001111111
111101001000110110
000001000101111101
111110010011010010
000001000011010100
111100010011111001
000000110101011001
000000011101011101
000010101111101111
000000011000101011
000001010001000101
000000010101010101
111011001100101001
000100000110110110
000001111001100101
111100110101101110
111100111001001000
111101011110011100
111101001100100101
111101110000000110
000010100111110000
111100101101000110
000001011100100100
000000010001110100
111111011111011010
000001001011011100
000001010111010001
111101010110000011
111110010100000011
111110010101111101
000000001001001101
000000011100000100
111100111110101001
000010111110110111
111111101000101011
111111100001100011
111111000000100110
000000101101001010
000001100011011110
000000111110001011
111110001110111001
111111111001111111
111010101011000101
111100000100010111
000011000001001011
111110001111100011
111101101010010111
000010011001001011
000010011101110001
111010100111100100
111110000100101110
000000011011001111
111110110111110010
111110010111000011
000100001101101010
000001101100101110
000001000000001000
111111000111111100
111111111000000001
111101110101100010
111111011101101001
111101100010011110
111100011111110111
000011001101101000
000100000100101001
111011100100110111
000011001001010100
111110101011100101
000000001000101010
111101100110111101
000001000000110111
111110000000111000
111111000101101111
000010000111101010
111011110001100010
111000101000101001
111011101110000111
000100100011111011
111111001010011000
111110001101100101
000010010011100000
000101000010111001
111111101011001011
000000001010001110
000000110011011100
111100010001101100
111100000010111100
111100010011110111
000000000010110010
111100110111110001
111111101101101010
000001011011010001
111111101000000011
000000110101111110
111011101111100100
000100000100010100
111111000111000100
000000100001000110
000010001111101101
000001001001111001
111100001100011111
111101000111101010
000010101110111010
111110101000000101
000000100011000100
111010100001010011
001000011100000000
111110010100011111
000000101001010101
111011100100010100
111011100110100110
111110110001001111
000010000101001100
110101011000111110
111111101111100001
111101100010110000
111111011110001011
000001011010111000
111110000111011101
111101110001000001
111000100111010001
110111011100110010
000011110011100110
000010100110100101
111001010111100011
000100001111011011
111111110101110011
101111111111100111
111000100001111000
000100001101000010
000110010000111100
110101100110011101
111101001000010000
000011111110111010
000000110110000001
111101111010110011
000001111010001000
111000111011101101
000000101001010100
000000101001111001
000100000110100100
111000011110101101
111000100110010101
000001101111011000
110100010000101111
111101001011100101
000010110100110010
000100100110100111
111111111101100000
111111100110111011
000000101010111111
001000111011110111
000011111011010011
001001011001100010
111001101010111000
111110010110010011
000101000110101101
000100011101111001
000000110011011001
000010001100101111
111110101011101111
000100001110000111
111101000010000011
000000110011001010
000011100100010100
000001101001101101
111101111100011100
000000101110110010
111110110100000100
000000011001101010
111100111010111010
111101100111000111
000011001111010011
000001110101111100
000000001100010010
000001101001101000
000010110000111110
000011100100010101
000000000100000001
110111011100111010
000001001010110000
111110001010001111
111010100100011100
111100110111111000
111101111101011010
111011001111101100
111111110001010101
111111010110101001
000001101111101010
111111010011001011
111111011101101001
000011000001111010
111111101000000111
000000100101111100
000001011110110111
111101110011010011
111010101010011010
111000111011010110
000011001111101001
111110111111110110
000001101010111010
000001001111000111
111101000111111100
000010101100011100
111111101000100000
000010000111011001
000000001000000101
000000011101010110
000101001011011101
000001100010110101
111011000001000001
000001110111101011
000010010111111011
111111111111110110
111111010001011011
111110101101110100
111101011100001011
000000100101101011
111110010011110011
000000101001000011
111101111001111001
111001001101101010
111011001100001101
111100010011100000
000010011001110110
111100101000010001
000010111000011111
111111001111000000
000000101001011101
111101110001001000
111011011001011101
111111011111010011
111100100100001111
111111100110000010
000001100000011111
111110101011010001
000010010000011000
000010010011001100
000010000010100110
111101001000001110
000000110000101111
000001011000110011
111101100110101000
000011001111101101
111100101101001100
000001011011101010
111110001101011110
000011001001000010
000000010111010000
111001011010101111
000011001000110110
111101011110011000
111111111010010101
111110011110110000
111111110111101100
111010011110101010
111111001110000111
111110010011001011
111110101101101010
111110001110010110
000010110101101000
111011000010100000
111110010110111001
111101001101101101
111111101101011100
111111110001111111
000001000011101110
111100110010001001
111101010011001011
111100010110111011
111011010010100110
111111101110010011
111100011001100101
000011011101111110
111001001111110100
111111010010101101
000010101000000011
111000000111010111
111001110010110011
111011101110100001
111001010011011010
111001100101010000
000011001010111010
111010001010000101
000010110011101000
000001001110101110
110110001110001100
111101001010100000
111111000111100000
000001100001000001
111000101110001110
111111100001111010
110110110100111010
111011011000000000
110111110101111111
111100100111010001
000010011011011100
111111011010101110
111111111111111011
111111011011001111
111110100100000011
000000110001100000
111011011100011101
111111000110100010
111011001110000101
111101001111011001
000001010010011101
111101011000001110
111011101100001010
111100110001101001
000011101110010101
000100011111001100
000001010110010000
000100001100101111
000000000100110101
111101110111111101
000011101000101100
000110010110001110
111111001101001011
000001000000010011
111110110111111011
000100101001110000
111110001110100110
000010101011000000
000000010011000011
000010101001001001
000010000101110010
111110011001001100
111010100101011111
000000011001111001
111100100001001111
000010001100111100
111110000110000011
111001111101000111
000001011101011001
000000010000100011
111110111011110111
000001101111011101
000001111010110000
000001101010111111
000010001010001010
111110110100100110
111011011010001101
111101101000101111
000100110010110111
000001111010001111
111001111011000000
000100010100100001
111010010011101000
000000011111101101
000011111011011010
000101011111100011
111011011110111010
111110001010001001
000001010001010111
111110101001111101
000111101011111001
000001111101110110
000010110011001110
000000000101011000
111111001111101111
000000110011001111
000100100010101011
000010110101101110
111010111011010011
000100110111010110
111111011111100001
110110111001110000
111101111010110010
000001110110111010
000010101010110000
000000010110000000
111011011111101010
000101010110001010
111011011111111010
000000110101010011
111100011100001010
111001000011011000
111111011101000101
111101011000111001
111100100001000111
000010000011111010
000100001001100100
111110010110111100
111111001111000111
111110000101010111
000000100111110011
111000101010010110
000100010100010100
111110100100011100
111101011110000001
111110001100001011
000101011000111101
000100100100010011
111101101011000110
000011111000101000
000010110110110100
000010000111011000
000010011000011001
111110001000001110
000001010000010101
000011001001011111
000000100110011100
000001010000011010
111111010101011000
000100110111101110
111111010010111111
111111110111000001
111100100011000000
111101100110101111
111000101101010101
111100100110111000
111011000110000011
111001100110000111
000011100100010001
000001011111111111
000101111001001011
000001100110111011
000001110111111010
111101101111010010
000010011100101110
000001101100110011
111100000101100001
000011000001001001
111110000111010101
000000110011010011
000111101011110101
000001000110101001
000000011101011110
000011000111000100
111110000001000011
111101100101000001
111110000011011101
111110001111101111
111100100101010111
000011001101100101
111100110010001100
111000110100011101
110110111000110100
110111001111000110
000000101111010011
111001101110111101
000110110100010100
110110000100011111
111111000110100100
000010100111101110
000000101010011000
111100100011111110
111001101111011010
111110100010111010
111001010100101011
111111011111100000
000001111111001010
111101000110101011
111100111001101111
111001001000000110
000000101110101111
000000001111011010
111101110101000011
000101011000110111
111111011010011110
111111110010111101
111110110000101111
111111010011111101
000010101100010001
000101100010010001
000001010010001110
111101111001010101
000001011011001010
000000001011111100
111110101100101111
111110101111000100
111100100101101011
111010010110100101
111000100111111100
111100111101100101
111011101100110001
111000010100100110
000010111101001011
111011000000100110
111011111001010011
111111000101111000
111111100000011101
111001111100110000
111111010001001111
111011010111010101
111100000001101101
111110011101110001
000000010100101010
111100110011010000
111111110000101010
111110000000001110
111110000111101001
111110110001110100
111111101101110101
111100000001101110
000000011000011010
000010100000000100
111001110000000101
000000011010111010
000010010101101111
000000000011101000
000011101001011100
000000101110011001
111101011011011001
111011111000001100
111110011100100100
111110110111101100
111011011011100001
111101011101111011
111011111001001000
111101001011110111
000001000101001010
000001000111001101
000000010010001000
111110111010101100
111111000101101001
111110101011100101
111011011011011010
111100011000110000
000001110000001101
111101010100000100
111111001101100011
000001000010010100
111111100001011110
000001000000010100
111011111000010111
111111011100010000
111011010011010100
111101011111101001
000101001000010001
000000001101111101
111100000110000000
111111011000010111
111100100001011100
000100101000111101
000011101000100110
111010100010111110
000010110011111000
000010110100110100
111111000001101001
000001101000001100
000000011100000100
000010111101010010
111101100111101111
111111000010110100
111110110001100111
000001010101101111
000000100001101111
000010100010111011
111110010110111010
111101011011001100
000000010001010100
000000010100101110
111110101011101010
000011001011100000
111100100101111011
000000101011100000
000001000101111011
000000010101101010
111101011010101110
000010000110000111
000000000101101101
000001001001000111
111111000110001110
111111101011111101
111100100100001000
111101111110001101
111011011100000100
111101011011111110
000010111100011001
111101111110101111
000010001100011010
111011110111100000
000001110010110100
111100100011111110
111111011101000111
000000101110111000
000000110110010010
111011110101001011
000000111100000000
000000101101011100
111100000111010110
000100000010001010
000101001001011111
000010101011000000
111110011000111001
000001001001011010
111110101001110101
000011101110011001
000011000111101100
111100101001101001
111111000001101111
111101010001100011
111010100110000010
111011101001011100
000001011011000100
000001110010000110
111110000101110001
111111010000011000
111100011000011110
111001011000010101
000001101110001101
000000010101111100
111111000011011000
111111011111111010
111111000001111100
111111110000110010
111110011101001001
000010000111000111
111111100111111010
111011000011110000
111101110100111100
000001000111101110
000000000110010001
000011011010100100
000001101001111100
111111010100001100
000001110110000111
111111111110111111
000010101010101101
111101000000010011
111011010011000000
111110011111001101
111010101010101010
111111000011001010
111111110111111010
111101111001010111
111100001000010000
111100110110000010
111111101100010010
000001101100111111
000000111000110001
111110111110110011
111001011001011100
111110001001001000
111001011010010100
000000011100100011
111101111110011000
000101000001111000
111100110111000000
000011111000100111
111110111101010110
111110001101011000
000001110001011010
000000100101011011
000001001110110010
000000111100010100
111011101110010010
111111000001011010
000011001011010010
000011111111110011
111011111101110011
111111011111011001
111110010001001101
111101111011101100
111100111001111010
110111111111101111
111110010000111110
000001011010010000
111010010010110100
000000000110110100
111110000110010001
111010011101101011
111110011100100001
000010001100001110
000001010000011101
111111110010001110
111011100001011001
000010100000001101
000001110100010111
111110000010001010
111011111000100100
000010011111111000
000010100011011111
000010011001100101
111110011100111010
000000001111111100
000011111110110101
111011001000100001
111110001001100110
111110111010100111
000001001010011001
111100010110001001
111101000111001010
111100110111001111
000010001011101010
111111011001100101
111110111111011111
000000001001011110
111100001100000000
111011100111010100
000011000111111111
000000001101010110
111110001110111010
111110110100000000
111001111110101000
111011101111100001
000010111010010111
000000111110111011
000010111000100001
111101001111000001
000010010101111101
111101100111000000
111011011011110001
111100010001001100
111100101000100001
111011111101100101
111111010101100000
111101000101001001
111000110011111011
111111000011110100
000010100100011101
111101100010100011
000001000101000001
111101100011011111
111000110001001010
111110101000000010
000000111010010101
111101000110110100
111110011101101100
111111011111011110
000011001001100010
111011000011110100
110110110011111000
111111101001010111
000001101000010111
111101110101110110
111100000100000010
111000101110100011
000000101110100001
111100010000101110
000001101000110000
000101101111000110
111100010001111111
000000001011010110
000000100001110111
000000000110001110
111001010110000110
000011111110010010
000001010100101110
000001010000100001
000010001011110010
000001000100110000
111100000111001111
111111010010000100
111000011010100100
000011101010001000
111110101001110101
000000010001100110
000001000100010000
000010000111000011
000010000011101011
000001010101000010
111110011100111101
111101000110011101
111111001011111010
111101001100111110
000010011110001111
111110101000111101
111101100001110001
111010111100010011
111111000110011110
111011010111010101
000001111010110111
111001110111101110
111110110011000111
000001000100100000
000001001011011110
000010101111100111
000001010100000010
111101000000001010
111100000100101011
111101100000100111
111111000101010010
000010100011100110
000011011000001000
000000001010001101
111101010000010111
111110100010001001
000010110110010101
111101101001100000
000001110001111011
111111101101010011
111101000001000101
111111001100111101
111101110111110000
000010001111110000
000010000010100011
000010100110101110
000000100110100001
000100000001011101
111111010001110110
000001001110110010
111110110100110000
000000000011100100
000000000100111110
000010011111110010
111111010101111111
000101100010100011
000010001001111110
111001111011011000
000011010000001011
111101010010010010
111111101100101011
000100001101100110
000001101011001100
000010010101101111
111110001111000010
111110101111100011
000000101111001110
000001001000100010
000000110101101010
111001010101000010
000000010100011101
000000000110010110
111101011110111011
111111001001011111
111111111110010111
111011100100001100
111110101110110001
111101001110000000
111100110001100010
000000111010111100
111111010111110110
111111010110000100
000000100111001100
000011011001000110
111101010101011010
111010011111111000
111111001001010011
000000100001110101
111111110011101110
111100011010101010
000000000011101101
111010110000100101
111010100101110011
111111001010110010
000000111011000100
111100011001100110
000001001101001111
111111111100010101
111101011001010001
111111001110001100
000001101110100110
000011011010101110
111110101101101010
111111110110100001
000011000000010100
111101011101110101
111110100111010010
111110111101011011
000010000110110101
000000011000010001
111101010100000100
111100011011000010
000000111000011101
111111100101111110
111111111110101110
111101000111101010
000000010001011001
000010111101100000
111111000011100110
000001100101101110
000010010000011000
111111010011110110
111010001001110001
111100010101100001
111110000111111101
000000111011011001
000100010101111100
000011000101101100
000010000100000110
000001011101010110
000001100011001000
111101001010011110
000001001010000001
000010111100000111
111111110011010110
000010000101001001
111110110011011000
111110111101001010
111100100011010110
111111100010101100
111111110010111101
111110000010101011
111100001110010111
111011101000110001
111110110011110010
111111111100001011
000000001110110110
111111111011011101
000001100101110000
000000011110100110
111110001110001111
111110101001001100
000010110011011001
000010111110010111
111101000111100011
000001101101111111
000011110000011100
111010100001011010
111101101000000000
000000110011011101
111111001011000111
111101011010000011
111101001110110110
000001011111101101
000001010001101111
111111011011010111
000001010000100101
111101100011100100
111111101101110010
111110110100110010
111100100011110110
000001110000001010
000010011011111100
111111011111000011
000010111111101110
000010010001011010
000000111000111100
111111010010010110
111110100101111001
000001001011111100
000001101010000001
111110110110110010
000010000000000001
111011011111011000
111110000101001100
111100001101000101
111111000101110000
111101110011110101
111111100000110001
111111011011110010
111100010110111101
000001000111110101
000001011100100101
111000000001100010
111011010100100110
111001110110111101
000010010101100000
111001000100001001
111110111111110110
000110100110001101
000101111001111001
111110111000100111
110001000100100010
111010010011111000
111101110111101010
111111100101010001
000100011010001101
000010100101011000
110110001100110101
000001000000111110
111011110110001100
111101011111010100
000110110011000001
111101001010000110
111101101010110001
000001110001010110
000000001000010110
000010100010111000
111111000100100101
000000011010010000
111100011011001000
110111000110110100
000100101110111101
111101010110111111
111101100110111001
110111111110101110
111101110000101001
111101010101101000
111100110010110110
111110100111111000
111100001110010101
111110100100111000
000010101101011010
111111001011010101
000100110111111010
111100001110111100
111101100011110011
111011111001001001
111100010111000010
111010111011011111
000100011100011010
000010110011111101
000100010011000010
111101001101110100
000011000000101100
111100111101011110
111101000101000000
000011000000000101
000100010000011000
000010111010101000
111110111111100110
000001010100110100
111010100100100101
111101001001100010
000010101010000011
000011101100101011
000001110101011010
111110111111110000
000011000111101100
000010111110111100
000001100011101010
000000101001100100
111100100001101011
111110001011000110
111110101100110000
000000010100110010
000001101110101110
000001100101011100
111110011110000000
000010111110101010
111100101011011110
111111011110100011
111111100010100001
111101110101010100
000001011101011100
000000100000101000
111010011110001011
000001011000101000
000100000001000100
111111100111000110
111101101101111111
111101000000000110
000000110001111011
111100101110100010
000011110010100100
111110001110000100
000001101110011001
000001101110110101
000000000000010011
111110111110110111
000011010010110010
111111011101101001
111011011111111110
000000100011000100
000010110001001101
000010010011111010
111110101000001011
111101001001011011
111111010001100011
000000110110111011
000011111000110110
000000000101000101
000000111111101000
000010001101001111
111011110101000001
000000100010111100
111101000000110110
111110110111000111
111110010010101011
000000000000100111
111111000111011010
111111101010110001
111100100111111000
000011001000011101
111110011111100011
000001000110101011
111110101010110111
000001101111001110
111110110000010010
000001010000001011
000010010111001110
000001110101011010
111011000110100010
111100000010000100
000001000001001000
000010000010000111
000010001100101000
111110110011000001
111111001100001001
111011001000101010
111100011101111110
000101011101010011
000010011100000001
000010000001100110
000011111000111101
000001001111011010
000011011000101101
000010110111010110
000000100111110111
000011000101110010
111100001011011100
000001101101010010
111101011010010111
111110110101101000
111100111111010001
111001110101101111
111110001000110001
111110110000101110
000000000111000100
111100010011100110
000000111111001110
111011110101111001
111110010000000111
000001111010111010
111011110100011110
111011100010000111
000100000000101001
000101111000000101
111100111100111011
000001101000010011
000101000111111011
000001000011111111
111110011100111100
111011101100000110
111001011100101111
111100000001011010
111110100100110001
111100010101010000
000001111110101110
000100000101000011
111100111111010100
111111100000111100
000011011000001100
000010000101111101
111011101101001010
111101010001000111
000101000110111011
000100011101001111
111101000101000110
000000001110011000
000010001101000111
111111101000110010
000000100000100111
111110011111100000
111110100011010001
111100101110011111
000011011000011011
111010000001011100
000100000111111100
111110001001001110
111110000100111101
111100111101101111
000000000011101010
111010110011111101
111110111000000101
111111110101111110
000001000001101101
000011101010001011
111110100101101100
111101001011010011
000110011111100000
111001011010010111
000000101011000001
000000101100110010
111010110000111110
111111110100100101
111011111101010011
110101000110000111
111111010101011100
000011101001110101
000001111100001000
111100011101001010
000001101111100101
000000111111011001
111111110100111010
000100000011100110
111110000000001010
111010010100001111
000100011111000110
111011101111111011
111011011101110100
111110010110001000
111000011100000100
000001001100001001
110010101111110101
111011111001011110
111110111101011100
111110011100100011
000000010011111001
111110101111101111
000001001110110111
001000010001110011
111111011001101100
000000101110111001
000000011010000111
000000101001110101
000011110100011010
000010110000100110
000100001101110100
111111011111110101
000000001110011110
000100111000010111
111101000111100111
000001010110101010
000001110011000011
000001110110011100
000010101101000001
111111100111110111
111011101110011010
111110001101110101
111001111101000000
111110111111000100
000100011011011011
000001010010110101
000000001010000110
000001100001100100
000001011001101111
111110101100110001
000000000111101000
111011100000000101
000000100111010110
111101101101011100
111011100001111110
111110010101000111
111010011010000110
111100111110011010
000001001110011101
111111100000101110
000011101000101110
000000000001101100
111101001100001101
111110101110000100
111110111110001010
111101110101001111
111110111010010010
000011011111000011
111110000100101111
111111000111110111
111110101001100101
111110100111111101
000001000000000001
000010100010100011
111101011000001100
111111101100011111
111011100100001011
111111010100011011
000001010110001110
000010001001011101
000001011101010011
000011100011100111
000001001001010111
000001111110011101
000010101011011010
000010110101100101
111111111010010010
000001000010101111
000010100100111111
000000101011101011
111110111100010001
000000100100111000
000011111101101101
111010000111000101
111111001100011111
111111010100111110
111111001101101000
111100011101101010
111111000111101011
111101001101001111
000000110110000101
111100011001110111
111111000111010111
000010011010100000
111100101001001010
111101010001101100
000011110110001001
000011001110011000
111110110101100001
000001101101010010
000010110001111010
111100001100011110
000000000000010001
000001010001110110
111111100000100011
000000100100111000
111101010001101011
000000001010111110
000001001010101100
111101100000111100
000001101100010100
111101001010011001
000010100010000000
000001011000101100
111100110010110000
000000101011101010
000011111010101110
000000111110101010
111101101010100101
000000100000001010
111111111010100110
000001110111000111
000000001110001010
111110100001010100
000001110011011111
111101001100001000
000010100101110100
111101010111001111
111101011010001010
000001000010011101
111110101101110001
111111110000010111
111110111111010110
000001110111010000
000001001000110111
111101110011101101
111011110001011011
111011011101010110
111111100101111011
111101111000101001
111010111111101111
111100000100010011
111110000100111000
000000011110010110
000011111110011011
111011001010110011
000000110111000001
111110111110111000
111101011101100000
111011010001000101
111011100110010001
111100110110010001
111001000000010001
000000110100000001
111001101111100010
000000001110101011
111010111101110111
111100000011100001
000011010001000110
111011100010100010
111111110101011010
111010110111101000
111011100100011101
000000111000110111
111010010100001111
111110111000101010
111100100111111011
110110111011100001
000001111111001011
000000110111101111
111110100000110010
111100100000110110
000010100110100111
000001100001100000
000001000101110010
111100100110000011
111100001100000100
111011100001100001
000010000001010100
000000111111001111
000001001100111110
111110111100101100
000000010010111001
000011101111001011
000000000101101111
000010101010010000
111110001011110010
000101010111110011
111111000011100100
111111010000111000
110111110000001111
000001011100001110
111111101010011000
111100111011000101
111101100010010000
000000110000000000
000001100001100110
000010010110010111
111011110110010111
000011100000000110
000001000010011101
000101110001110001
000000010010110101
111111011100111100
111100011100111111
000000011011010011
000101110001101010
000010110101011110
110101010000100101
000011011001001001
000000101011101011
111011111011001110
000000100000000110
000010111100110000
111011101100110011
000010010111101100
000000101001001101
111101000110100111
000000010010100001
111101110100001011
000010001110111010
111110100001101010
000011111011000011
000001100000100111
000011111010010001
111111000100011001
111011111110011001
000011011010111111
111101111010101111
111110001011111010
000000100011000101
111101101101110110
000000110101111101
000000100111001010
111101100101011111
000010110011010101
111100001111110011
000000111001100110
111101111000111011
111100011011101111
000001100011011000
000000010111111111
111101001010111100
000000000001000110
111100010100010011
000001110100001000
111101011010110010
111110110110011111
000001010111101111
111001010011110001
000011111000010010
000100000001001100
111011001100010110
111110100010110000
000100000010011001
000010001110100101
111000111011001110
000011001001110101
111101010000010011
000100001001101110
000011110111110110
000000011011000000
111011010000101011
000011011101001011
000001111111100110
111101001110100100
111111011111110010
111100000011001111
111111111110101001
111110110100010110
111101010000101100
111111111010110001
111100110000111100
111100100000111001
111011110010111111
110111110110110111
111110111000111111
111111101011010101
111100111101101010
111100010001110100
111101000011100010
111111000100000101
000001101001011001
111100111100011100
111110000001011100
111111010100001011
111110001100000110
000010100011000111
000011010100001110
000000011101111000
000001001100110011
111111001001010110
111111100111110010
111001011001111000
111101001100100110
000010010011110011
110110111010110100
000101001110010101
111111101100001100
000000001100110000
111011010011110011
110111010110000000
000010000001000110
111011111011001001
000010010110010110
000011010101010011
111101001001101101
000011100010011001
000100011000100010
111010001111110110
111011111101111111
111110000101110001
111111010011100010
000011110000111110
000100101011111101
111111011000010010
111100011111110101
111101111010100100
000011010110010100
000000001100100110
110111000000011100
111101000111000011
111110110000011001
111111111000001001
111111001100111001
111111111010000100
000011111000100101
000000101001000011
000010111110101111
000000110101010001
000100010110110110
000000100110001001
111111101100011010
111110000101111000
111111010100100111
111110010000100011
111010100000110001
111010101000011110
111010110011111011
111000100011001010
111110010111000011
111111111000010101
000001001100001011
000001100111000011
000000111111011001
111111110101101100
000000111001011001
111101001101011000
111011001001001101
000010101100101101
111101101001011101
111110100100011111
111110110000110011
111101100110100000
111101010111011111
000010110010011110
111101111011011001
111011100101101001
111001101100011100
111110110001100011
111100100110010010
111111011101011000
000000011000000100
111110100011101110
111010110111110011
000001101100101110
111111001111001100
000000100101011011
111101001010101001
000000111010001001
000011011110101000
111011010001110010
000010101101000111
000000000001001001
000000000010000111
000100000110100100
000000111011101100
111100001010001110
111110101111100011
111100101011010010
111100011110101011
111011001101100100
000010001101011010
000001111100011000
000010001100000010
000001010111000100
111011011111100101
000000110000010110
000001001000110110
111100100101011001
000001111000101000
000001011000000010
000100101111100001
000100001111010110
111011001000110011
000000110011100111
111111001000111000
000010011100100011
000100010111111110
111110011110010011
111101100001111110
000010000000001100
111101110111100000
111110010011010011
111101111001000111
111110011101001000
000010100001101100
111000000100111010
000001111100101111
000000111100110110
111110100110110011
111000111011011100
111111111111111000
000010001010110101
000010011000010111
111010111100010101
111010101010110000
111111101111101101
111101011000100010
111100100000001110
111110010100101101
111110001010111000
000100010001011111
000001101001001101
000010000001000010
111100010010000110
000100000011000100
111100111110000111
000001100100100000
111011000001101000
111011100000001110
000000100011001010
000001010101111011
111011000111111001
000100010000101111
111111110101101001
111101101110101100
000001011011111101
000010011010100001
000000111010000000
111110101100011000
000010110110110000
111011101001101001
111110011001000111
111110111011010110
000010001110000111
000010111011111110
111111100011101000
111100010010111011
000011111101000010
111001110111101110
111111011111010111
111110011011000110
000000101011011110
000000010110000110
111111011110001111
000011001001011111
111100111111011001
111111111011000101
000001000001111100
111101010100011001
111110111010101110
111111100010110111
111110001011100010
000011011011011011
000001001000001010
000001101001100110
111110000100110101
000011000110110000
000010110111101110
000101000000101000
111101110001010110
111111100100111001
000001100000001010
111100101000010111
000010110110010011
111011110111100101
000010111010110010
000001100101010001
000010100110111111
000100010111001100
111110000101010000
000010010100001000
000011110100110110
111010011111010000
000000111001010010
111111101010000010
000000011110000100
111011101000111110
111110010000001111
000001100001010001
000001100010110101
110110100100110101
000101100100010010
000100111100111100
111111010010100001
111110011101011001
111101011100011000
111011101010011111
000001101000100011
111010011111101111
000010000110110010
000000011001101011
000000010101110100
000000110001111010
000001000111011011
000010100101110110
111111000011010110
111101101111011011
000011010011110011
000001010110010100
111100000001100000
111111111010001110
000010101000101010
110111000001000001
111100000001101101
000000000101100110
111011000110011000
111111001000100011
111011010001010000
111110111010101010
000001001010111100
111011101110010110
000000001011101110
111111100001110110
111000100010111000
000011001110001000
111101101010000111
111101101000010011
111111010110010000
111011110001000011
111110011000011011
111101011001001011
110110000111000101
111110110111101001
000100000100001100
000000110011111001
111111010101100101
111101001100010101
000010100010111001
110111110100100110
000001101101110101
000001100100110001
111111110101010001
111011010101001100
111101001011101101
111110001101001100
111101100010010101
111101110111000001
111110111110110000
000010000111111110
111111010011001101
000000001100100100
111110010010101100
000010111110101111
111111100100110111
111000100001100100
111110010101100101
000000001100101000
000000000010101010
111111011000000100
111111000101000001
000011001000111100
111111000100010010
000000001010010000
000000011111000111
111001110010100111
000010110011110000
111111101001010110
111111011110011010
000010001000111000
111101001111010101
111111011111110001
111110100110011101
111110111111100000
111110000010011110
000001110011010011
111001010001010110
111100000111000001
111101010001001000
111111101000010000
110111101101100011
111111000000010011
111100010010101110
111111110111010010
000000100001101111
111010100100101111
000000101111011100
000011011110101111
000010010110000110
111101101111001001
111010111100000100
111111011100010011
111101110111100000
111101111000011000
000110000101110111
000011011001100011
111000011010100010
000010100010111010
111101010000111101
000000011000010000
111111110011101000
111110101111010010
000100001101110110
000011011100110101
111011111011101110
111010101111001010
111101101011001011
111100110101100111
000000101100001000
000011100101010110
000010001011110001
000000100111100010
000100011010110100
000001000100111110
111110111010011001
000001100101000010
111100010010111000
111110101000101111
000000100100010000
111110100011111011
111100001100101010
111100111100111111
111101110111011111
111100111111110010
111011001101110101
111101111000011000
111110100011110101
111100011001111001
000001010110100011
000010111111110100
111111110110101111
111110010110111100
111011101010000011
111101111000110011
111110001000110001
000000101000100101
000100001111101100
111101101001010110
111110110000100000
111110110111001010
111101011110011100
111101011111110101
111000100110100101
111101011011010100
111010101011110001
111110000010011110
111100111011110000
000011110010111000
111111001010000010
111110111011000001
000110111101010111
000101100100110001
111110011100111011
111101000101111000
000000101000100100
111101110110010101
000101011000110111
111110100001111011
111111111100111011
000010011010001010
111111001100000010
111111101011000101
111101011110110011
000010001000111000
000000101111110011
111111000111011001
000001101011111111
000001101100110100
111101011111111100
111101110010010001
111111001001000000
111111010010010100
111101100100100100
111110101000001011
111110001001000000
000001010101100010
111111011100111111
111101010101010110
000001010100001000
111010010001110111
000000111100111011
000000001111110110
111100001110111011
111011110011000100
111110101110111110
111111110011110110
111110000110110111
111101011110011111
000101001101000010
000000111010111111
111101111010000010
000011100100101001
000101011011011101
111011111100010001
000100100011011110
111110110000000010
111111100000110000
111110011110101010
000000100011011101
111111101111000011
111100111101111000
111111000101111101
000011011000100011
111110010001110100
111100001010100100
111011111001010010
000010010000111000
111111010110101101
000001101100111000
111101001000101011
000011000101010111
000001001110011011
111111100100010001
111101011010010011
000011001000001111
111011100001000110
000000100010000000
000010101010000011
000011000111000111
000000010001101000
111111000001101100
000100000110111011
111110001101110000
000010100010000000
111111111111111100
000010111010011100
000010110011000000
111101001001010000
000001110111011001
000001000100010000
000100101101001101
000001011101111100
000010011010100010
111110100001000000
000011101101001000
000010010101011111
000001100000101001
111111111110010100
000010100011110000
111111011100101000
000010110001111000
000000001010011011
000001011011101110
111110101101100001
000010011001001000
111100110110100101
000001000001110101
111100010000111010
111110011010001011
000000011101001100
000001111101010101
111111010101010110
000010000111110100
000000101101100001
000001100001001111
000000000100100011
111101110110110000
000001011110101000
000100101010000001
111011001010110001
111110110010011111
000011101110100110
111111101110101000
111111000001111010
000000010100110010
000010011100101110
000001011100110001
111011010100010011
000000100010110011
111010100110111011
000001101001001101
000000100001001000
000000101001101111
000000011010101001
000000010010111011
000010011001010100
111101010010111111
000011101010011101
000000110000101000
000000000111001010
111111000100110001
000001111111100000
111101111111001010
111100001001110001
000001100110011100
000010011010111000
111100100011001111
000001111011111110
000000011110111010
111101111011110000
111110111001001010
000100011001100001
111110000100111101
000001111001110100
111101001110010000
000001101110010011
000001011111011001
111111110100011110
111010010110001011
110111100110111101
111000001010101101
111011110111101110
111100100111110100
111110011000101100
000100001101000101
000010110000001111
000001110000110001
111110011011000011
111001010101001100
000011010011011010
111011011111110100
000111011110110010
001001100001101111
111001010010110001
000101100010111001
110011101100011111
111100110011111011
000100001100111111
111110010011110110
111011110000010100
111010111100000010
111001001110011011
000011110000110110
000001011100111101
111010110111011001
110101101110011000
110100100110000001
000001001110110010
111101111111100101
111111011000111111
111101000001001100
111011000100010110
000010110010111110
110111111000100101
000011001111100101
111111010011010001
000011101101000111
000000111010110110
000000011010101000
111110101100110011
000011010010011100
000000110010001110
111111111110000111
111111101101101100
000000010111001011
111111100000010111
000110011001011110
111111110011010001
111101011111101101
111111110101010001
110111100010001010
111101011101110101
111110010100001110
111111001110100110
000110100100110100
000001100110011111
111110010100111111
111011101011100111
110110111001110101
111000110100110001
111111011001101101
000010001100111001
000011110101000001
000011000011001101
000001110111001011
111100001111010100
000010101100010011
000000110000000000
000010111111001001
111111000000010111
111111110111011110
000010100100011011
111111111000010000
000011001010000110
000001101010100011
111100101001101101
111111110100111111
000001000011101101
111111001100100110
000010101001110001
111100110110011111
111010010111101110
000010100100101100
000000111010100000
000100011111101010
111111011111110101
000010110101010000
000010110000101100
111101011100000101
111111110010110101
000100001111110101
111110111011110110
111110111010011000
000000010011001001
111101101110001110
000000101000100100
000001111011101000
111001110111011000
000101000010101100
111111011100111111
000001011100001110
000001010111010101
000000101010011101
111110100011110111
000010111100110010
000000011101111011
111110100001110110
111111110010111011
000000010011011100
111110110011000011
111111110001111001
111100010000011110
000010100001011011
111110100111000101
000000000001110010
000011000110000011
000100110000110000
111111111110111110
000010001101111001
000001100001100011
000001001011110111
000011111111011001
111101101001011010
000011001001110111
000010000000101111
111101111000101001
111101100011101001
000001010011111111
000001110100000100
111101001100111011
000001111110110011
000001110010010000
111111011111110001
111111010011011100
000000110000010000
111010111110001110
000100101100011111
111111011000110101
111101011101101010
111100000000100100
000011010010001100
000100010001110010
000010110100011111
000000101110101010
111111010000011101
000001001100101111
000000111101100111
000001011010100010
111111101101000110
000000101110001110
000000001100001000
111111000011111110
000001101110010010
111111000110110111
111101001010100111
111110110110000111
111010110101000111
000010001101001000
000011111111100001
111101111000110000
111110010100001010
111110011101001101
000001111100011011
000001111101010011
000110110011010000
000010011100001000
111111111010000101
111001011111001010
000010001100100010
111010110010010111
111111001100000000
111100111011111100
000000101111111100
000001001111011001
000001111010111011
111001110010110110
111000001110101011
000001010010100101
111110101100100101
111100001100101011
000100001011011000
000011001010010011
000101010010011001
111001111011010000
000001110100000010
000011011111110000
111010011010011101
111111100111101110
000100101000010110
000011001000101000
111111111111010000
000011100001110111
000000010101011111
111100001100110100
111101110101110010
000000100111010010
000001110000100101
000000100011011111
000100000111000101
000011010001010110
111111111110111011
111011001001001101
000011011110001110
111110010000100111
111100101100001011
000100101010101110
000010000000010011
000101101101011100
111110110110101001
111100111001100100
000100111010111010
111001010000101111
111010100100101011
000001000000010101
111100001001110000
000000100101110000
000000100001010100
111010000100100100
111010110111010111
111000011010100101
000111110100100000
000100011011101010
111111011111100110
000111000011100001
111100111000010110
111100100011111100
000001000111000000
111001011011000010
111000100000001100
110111101111010010
111001100011000000
111110010100001100
111111110010011001
111101011000011111
000001101111110110
111110111000100100
000100001110001001
000011111000000110
000001011110001110
000011000111101111
000010001010001000
111110011001111000
000100001111100101
000000001001001011
000100000110110011
111101110010111000
000101001001111011
111010001111100001
000000010111011011
000001111111101101
000110111011010110
000001010001000000
111101100110010010
111011110011000101
000000110111101000
111001100111100010
000001110110111000
111001011110010000
000000110111000101
000011111101111101
000010100100100101
000010101001000110
111010011010110101
111101100000010000
111111101111111111
111111110100000000
000001011011101000
111101000010001101
111001101011011010
111101001110100000
000011011101001010
111111101010001101
001000000101011000
000011101000100111
000000100110010010
000101010110000001
000000010011011010
111110000001010110
111101100110001010
000010001110010011
000000101101011100
001001001101000000
000010001100010010
111101111011110110
111000100011000110
111101000100111010
000101000001101000
111111110001011010
111111111011000111
111110100111111110
111111111000110011
111111010010111110
000000110001111001
111110100111000111
111110111100100011
111101101011010101
000000001010111111
000100000000101111
000001011010001100
111100101110000000
000001100111010100
000010010011011000
000011010010001111
111100111001111010
111110010001011111
000010010001111110
111101101111101110
111101101111111111
000010100110110110
111101101110000000
111110110011110000
111100001111101110
111110011000010000
000100000010101000
111110110000011101
000000111110001001
000011100101001000
111111111010110001
111111000010011010
111110111110001000
111100100111001000
000000011010011100
111111110001001011
000011110011011001
111100001001111001
000011111011011101
000100001100010110
111101100111000010
111111111111010001
000011100100000001
000001110101001010
111110000010011100
111110000111111110
000000000011100100
111110100011101000
000100110000010010
111101101001111101
000000100111111101
111110100001000110
111101000101110000
000001110001110000
111101010111110010
111110110110010000
000011000000010011
000001001011010111
111011011010001011
000000011111001010
111110110010110010
000010000001010100
000100100111011110
000100010111010101
111010111000010010
111111111111010101
111110110010100011
111101101101001110
000000011110000000
111011001010101100
000010000001011001
111011011011011110
111101100001000011
111111110111000111
111100001111001111
000011011100011011
111011110100001001
111110001100100100
111100100101100010
000001110100010101
000001011100010010
000001000010001101
000100110110101110
111011101101010111
000011101101110000
111111011101111111
111010101101111011
111111110100100010
000001000011010101
111100110111100010
000100111100101000
000001001111101111
111111011010111000
111100101000110111
000010000010101011
111010110001111101
000101110100011110
111011001000101000
111110000101101011
111111010011101100
000000111111110011
110011101011010011
111111111100101011
110001011110011010
000000001100000011
000010011111101000
000000010111010010
000100010000010111
000000110010001110
111110110000110111
000011110000000011
110110100101010110
111111101000110110
111111000011111110
111011110101101001
000001110111111001
000101011011011011
111101100100100101
000001100001100000
110011000100111000
000001111011001011
000010011000111100
000001010111111011
000111101100010111
000101000100011111
111000100011010100
111011100101100110
000000100000111101
000001111100100001
000001011011000100
111110101101011010
000010010101000101
000010010100000000
000101010010100011
000100001110000100
000001001001001101
000011110010000100
000100001010111101
000001001111100111
111111100001100011
111111010000111100
000001001110100010
000110000000000001
000100011101000011
110110100011001011
000001110111110000
000011100111111010
111110011111101100
110110111111011100
000010001011001011
000111011100111010
111111101010010001
111110101000101010
000010000110010010
111101010010000011
111001101101000111
111011001100011000
000110101101010101
111111101111010100
000011100100000111
111100000110001000
000101111011100010
111101000000111001
111111010100100110
000000101011001001
000000001011001101
111110000111100010
111101111000101110
111111110000110101
111110001001000000
000000101000001011
000010001110100001
111111101101111000
111011010001100111
000011011110100000
111100101111010001
000001011111010001
000000010000100110
000000100000001010
000000101100011111
111100000000101100
111111011101101000
111111101101000110
111111101011010010
111111111000101001
111100111010111111
111110100001110101
111111101101011000
111100011011000111
000100100110100100
000101001100100111
000000011000101000
111100100011100100
000001110111010100
000111011110001001
000000100011110011
111101111001110100
111111010110111001
000001011000100010
000010100000100000
111111010101100101
111100001101010110
000000011111110100
111111001111010010
111110101000110101
111101100111101000
111100001110101101
111101001011101000
000000111010010100
111011010010111101
111101001010011010
111011111101110010
111101011001110000
111111000011001011
111100101000100001
000000000011101011
111101011000111101
111110111110111110
111110101010100110
111011000001110000
000001000111111010
000100010011111011
000011001001111110
111111110110000110
000010011100100101
000011110000000000
111101111101010001
111110010110001101
000001011110000011
111000000011011001
000000001011100011
111111010010010000
111110010001101010
000000010011001100
111101001100100001
000001111110001110
111001010101001110
111001111101101000
000000110000111000
110110111001001010
000010110111100001
000011111110110110
111101011100100110
111111101011101010
000100000010011001
111010110111100001
111001101001101000
111010001001001110
000001001111101100
111111001000011001
000010000000111001
111111011111111101
111101010000101110
000001000011010110
000100000001011111
