111111100001100101
111110000001101001
000001001100110100
111011100100001011
000010010010101101
000011110010110100
111111101111001011
000001100001000100
000000000001100011
111101101110000001
111010111100100100
000001001111110000
111100110001110110
000011000010110101
111110110101001100
000001011001000011
111110000011001011
000001001010111001
000000001101001100
111100101000010101
111100001010101000
000000101010010011
111110010100000011
111111110100100110
000000110110000101
111111000100011100
000000100000110001
000000001011101001
000001110101111010
111110010111010001
000100101011101101
111100111110111011
111101010011101100
000000001000100101
000010001001101111
000101010100000010
000000101001001011
110111110010100111
000001001011000011
111011101001001011
111110011000011111
111110010010100100
000010101101011010
111111011110000100
111001101110111101
111101100001110000
111100101110100111
111111111011010100
111000100101010001
111110011101000000
000010000010011111
111110111000001001
000001011111001110
111111101011000101
000000101010011100
111100101010001001
111110111001010001
111101101010110010
000110000001100010
111110001010100111
000010100101101111
000011111110100100
111011100011101000
111100100001100010
000010000000000011
111100000101101101
111110101011100101
000001001000101100
111110101001010111
000000000001000101
000000001110111111
000010001011001110
000001011010000111
000000000110110000
111110100100100010
000010111001110111
111110001010101010
111101000111000001
000001111010000110
000000011000001110
111010111110101010
111111010101100010
111011000111001000
000100101110110101
000001011001000110
000010011000011110
000001101110011010
111101000100001101
000000000101101010
111100000010000010
111111110101000011
111111111100111101
111110111100111111
111111010110100101
000010001000111111
111101110010101100
111101011111101001
111110110101001101
000001010001000111
111110100010011110
111111100000000000
000110111001011010
111110110111110001
000001110111011100
111010100100000110
111010001111110011
111010110110011001
000000110011011110
000100101100110000
000010001111101011
000001100011111010
000001001011111100
111011110000100100
111111101001101000
000000101011111001
000000010011010101
000010001010101110
000000111100111111
111001101010100011
000011111010100101
111111100101010011
111100100001011000
111100110010100000
000001011100001011
000010011001010000
111001111011010000
000001001111011000
111111000111110010
000000101100011001
000000111111001010
111110000110000001
111011001110111000
000000010100001000
111100111001000010
111110001111110011
000000101010111100
111011010110011001
000001110101001011
000100000011101011
000010110111001000
000011111000100111
111101110101100111
000011001000101000
000000010110011110
111111101100001111
111111110111001011
000100000111011011
000000100101011100
111011010001101011
111100010111011001
111111000111111001
111100101011110000
000100000000001101
111111000111000100
000001011001000110
111100100011110011
000000000111110110
000001010011101000
111101000010100011
000001101000101001
000010101010001001
000011001000111001
111110101000000000
000000110101110001
111100110001111101
111101111001111100
000010111011100111
000001001001110010
111011101101001001
000000000111111110
000001100000100111
000001000011100110
000000111100001010
111111111010010101
000001000100010010
000010101000100101
111100111001010100
111110111111100100
000010011010011100
000000001000111010
000011101100111100
000000001111110100
111100101100011010
111100011100111000
111111011011000101
000000000001100011
111110101011011100
111101111000111111
000010101110100010
000010100110110111
111110110100000101
111111011010000010
111111010111100000
111111101100100000
111101000101100001
111010011100101101
111110101100111000
111111101011100101
111111111001000100
111110101001101010
111100110110000111
000011000000101000
000000110101110111
111110111100000111
111101010101100111
111100011101110011
000010011111111110
111101110110111110
111110101110110111
111111010110100011
111111001100011000
000001011000101001
111111010000011110
111111000111101111
111111010001111101
000100100110011100
111111100101101111
111101101110010010
000010001111111011
111101011010000110
000000100000111010
111111101110101100
000011100001011000
111111100010100011
111110010110110010
000100101011001001
000011010000110110
000101101000111010
111110110011111001
110111101110011110
111110101011010100
000001011100111100
110111111101110001
111111001110100011
000011001100110010
111001000111001101
111110100100000001
111001100101001111
000010100011100011
111110110011000010
111101001100110000
111111000101010001
111101001011100010
000010101010100000
111111111100011110
111101111011001010
000001110111001110
111101110100001000
000010111000100100
111110000111000011
111111000101111000
000001011010111101
111101101101010100
111111001000110111
000000011010100011
111101111011011010
000000001110101110
111111010011011001
111100110111001000
111111111011101100
000001111111100100
000000101000110001
111111011111101110
111101001000000000
000000000010001100
000000100000000100
000011110110011000
000010001000111000
000011011000001010
000011001101001010
111101101110111111
000000100000101000
000001000001110110
111111100100111101
111101001001001100
000100110001101000
111111000101001100
111101110101111111
000000111011000110
000010101011101100
000100100110100100
000000011101011001
000010110111100110
111110010111110101
000010000110110101
000010100001001101
111011011000001111
111101011100001100
000011110101100000
111100100111001111
111101000110111100
000001010111000100
000001101000110001
111110100001111000
111100110100111111
111111100110110100
111101010000100010
111110101101001101
111110011010110000
000001101011001100
111110000010110111
111111100100010111
111101100010100101
000010010011000101
111011101100010010
000010111100111011
000011001000001010
000010100000000010
111100001101010100
000000111110110101
000010100010100100
111111010001111110
000001001111111101
000001100111000100
000010110110111110
000000001011101011
111101001101110011
000010111100011100
111111111011100100
111100011010111101
000100010000111011
000101010101110101
111101011010110010
001000010111101111
110110010111101010
110111000001101101
111101001111111111
000000000001010110
000001010000100000
111101000010100111
000101000101101011
000000100101001101
000000101001000111
000010111101111011
000000101111000111
111110010011010011
110111010000100111
000011110010100010
111010111001011110
111111111110101111
111110111011111110
000011001000110011
000100100100001101
000000010001111001
111010011001100110
111111110011111100
000010011101000110
111011011101100001
111011011000010100
000000000001110011
000010111000001010
111101010110101101
111111010010111001
000010011100110001
000010111010101000
111110010010110010
111110110001101011
111100110101011011
000011000010010010
111101001111011010
000000110000100110
000000000100001010
000000001110001101
111111101111000110
111101100111000011
000010010001111001
000011000000100011
000001101000001010
000000000000010111
111101101101001111
111110000100011011
111110100100001110
000001010110111010
000000000000011101
111101101011101001
000001000100000111
111110101010100001
000011001000100011
000000101001001011
000010101001000100
111101010010111110
111111101110010111
111101000100000000
111110000100110100
000000101110010111
000010011011000100
000000010110000111
000110100101001010
111010111110110100
111100010011110110
111101101101100110
111101000001011011
000010000110000100
111100000001101011
111110000100111001
000010001110001100
111100110111010001
000010001101001100
000001001010001101
111110100001010101
111101010011111111
111111011001000011
000001011101011111
111010110010000110
111111001001010000
000001010111111101
111100010111111101
000001001100110000
111100010110000001
111110101111111100
111101111001110011
000000000011100101
111110110011011000
111110011110111010
111111111101000000
000010001101101110
111101010101101000
000000100000110101
000011011111011011
111101011100010111
000010000101110010
000000110011011010
000001101011000011
000000111111100010
111110011111011010
111101111111100100
000001110001101100
000011001101101011
000011101011011000
111101010101000010
000011110000010010
111101111011001010
111111111100110010
111110111000101001
000010110111011111
111110110000001100
111111001111010101
111111000100101100
000011101000001101
111111110101010011
111110111110010010
000001011000001000
111101010100101010
111101110111001010
000011000000011011
000010011010001101
000010010101100001
000000001010100001
000001011010111111
000000111111100000
000001000111001011
111110110000100110
000011000011010011
111111000101011010
111110000100001001
000000000101000100
111111110000101111
111111000011101000
000100010000100010
111111100110010011
000000101100110001
111011101000101011
111110111100011010
111111001100011000
000000111011111110
000000101001111101
111010110110000010
111111110110000011
000001011101011111
111100111010011100
000001010101010110
000101011100101000
111101001001100000
000001101101000010
111001101101000111
000001111010000111
111100000001011110
000001111011011000
111110100010000110
111100101010000110
000011011101011000
000011111010110010
111011010101100101
111110111000001010
000001000101101100
111000100001110101
000001111001000011
000100000011101010
000010011110010100
000001110111110000
000011010001010011
111101110011011100
000001011010000011
111110010101001110
000010010111110010
000001100111011010
111101011100110001
000000110100110001
000010000100010101
111110011010100101
111111101101100100
000000101011011001
000001001111000110
111111011100111101
000010000011010000
000001110110001111
000010001100001100
111101110011000100
111110011111000101
000001011010101011
000100000101011011
111111011001011011
111101011110011011
000000101111100010
111101111001101101
111101101000011101
111111011011010010
000001001000111100
111111100110100000
000000100000110010
111110011010001000
000001000100001010
111110101001010011
111110001101100001
000000110000101001
000010010110010001
000010110010111001
000001011110101101
000001001000110110
111101101001100010
000010011000111110
111100110110110011
000000001001001000
000010111010011101
111111111100000110
111100111101110101
111101100110100100
111111100000011110
111101000111111101
000001110110000100
000000101010010101
000010000001001011
000011110100100100
111110101010100010
111100111000100011
111010011100100001
000000110011100011
111101111001111001
111100110000001110
000010111010001001
111100000000100101
111111110001000100
000000000101011001
111111101001101011
000100101110101100
111110100110110101
000100010111101000
000100111100100011
000100011011110010
111011011110011010
111110100000001100
000010011101001100
000001111110101000
000110011000110001
111111101000101100
111101100000111101
000011011111000001
111111111111011001
111110010101010011
111110100111100010
111100111011100100
000001010011010110
111111100100000110
000010111101100000
111111001100100000
111110011000010001
000001101110101110
111100110110010101
111110111110100101
111110000010011110
111111011000000010
000000100011011010
000000001100001001
111101001101000110
111100000010001011
111110101101100010
000011000000101010
000000011000000011
111111111000010110
111111001010011111
111111011010000100
111101111100101010
111111011000001010
000001001110111110
111100110001010001
111111101001011000
111110001101100110
111101111110111101
000011111111011101
000000110000000010
000000010100111111
111111101110000110
000001010110000101
000010010001110011
111111001111000111
000001010111110010
111111011100110011
000000000001011110
000000101000101011
111101001101001000
000100000100100000
000000011101000011
000011000010011000
000100111100111110
000000110000101010
111111110001111000
000000010010101000
000011101000001011
111010000110110010
111101011000100111
000011011001101001
000001010010101000
000001000110111101
111110110101101101
000000011100101100
000010111001001101
111100110101001101
111100001100101000
111111010001000111
000000001110010110
111110010100010100
111111001110010000
111011111011110000
111111100011000100
111101000011101110
111110010110100101
000001101100011101
000000111111101101
000001011011100100
111111111011010001
111111101110100111
111111010010110000
111110100100010101
000001000011101010
111100110111111000
000010110000101000
111111000011000011
111111010001100100
111101110101000101
000010010010000111
111110110001010010
000001001110000011
000010011011100101
000000011000011100
000001010000100011
000010001010100000
000001001011100001
000001000000011110
000010101000101101
111110010110111000
111101100000111111
000010001000011110
000010110011010110
000000000011101010
111110100100101010
111110100000110010
000000010010001010
111111001101011100
000001000111110101
000000111101110100
000000100101001111
111111100010010001
111110010011011000
111111100111101011
111111011000101011
000011111100111011
111011011010011010
000000111011000001
000010101000111101
000000101110001110
000010101001100000
111000111101101101
111011011010011110
000000111110001000
111100101100000111
000001101010011010
111100111110001001
000001111000011101
000001101101000101
111111101111011010
000010010010101111
111000000001001111
000001100010100010
111100100000110010
111111000110011010
111011110111001010
111110101110011110
111110111011100111
111111101001000001
000010011111110110
000010101010000000
000011101110000111
111010011010001111
000001010100111001
111110011001111110
111101100010111011
111110100100000000
111110111110001101
111110000011111011
000000100110111000
111101101100011111
111110001101001001
000000010001010101
111010001101101100
111111111010010011
000001101011000100
000000001001110100
000010100011010111
000001101110010011
000000111000101000
000010000000000001
111100111111000000
111100101001000101
000100010110100100
111111001111011001
000010100000000111
000001011110011101
000011001111010011
000001100100010111
111111101010111001
111110100110100101
000001110100000001
000000101000110010
000010110010110111
000010000000010100
111110111000000001
000000000001101101
111011010011001011
000011001111100110
111101111100111011
000001111111011110
000101001101111000
111111101011100100
111011100011101000
000000111011100001
111101001011010101
000100101011110010
000001001110110001
000101110010101111
111110100110000011
000010011010111011
000001010100101010
000011000001001101
000001101101110110
111011110010000011
111110000001110001
111111111001000011
111110101010000011
000000010001010110
000000011101010010
000001111101000000
000001111010111100
111111110111010101
000001011010001110
111110011110110100
111110101101001001
111101101001001001
000001100101100110
111111011011111111
000001011010110001
000000010011110101
000001110110001010
000000101110011001
000001000000001010
000000101100111010
111111101111111101
000000101101001100
111101010000110110
000010101000111000
000001000111011110
000001111101001011
000001001101011010
000001101011111011
000000110001001001
111100111000100010
111101100110011100
000000010001101111
111110111100011010
000001100001100011
111100011010010100
111111110101010001
000000100001011000
111111000000110001
000001110110000110
111101011011000101
111101111111110010
111101100111100100
000001010110000011
111110100100110111
111100100100100011
000000000010100000
000001011011001111
000011101001100011
000010001010000011
000011010101000111
111110110011100011
111101010000000110
000010110110011101
000001111100110001
000000001111011010
000001101111100010
111110001000000111
000011010100101001
111111000011100010
000001011001110110
111110111001110000
000000001010110100
000100110101111111
000100010010010011
111111111110000011
000001010110110010
111100110110100011
000000001011001111
000001110010000100
000001000001010010
111100110111101010
000000101100010101
111111101001010010
000100100001011101
111111001100110001
000101010101000010
111011110111110010
111100000111111000
111110001101100000
000000111000001000
111100000011100110
111110111110110100
000000100100111000
111101011001111010
000010101110001011
111111011000011001
000000111100000111
000000100001000110
000000010000101111
111110001101101110
111110011010001010
111111011110111010
000000010110000110
111101100010110011
000010010011111101
111111011001010110
000000010000101000
000010000110010001
111101011101011010
000000011000110101
000010110101111101
000010011010101111
000001111001100101
000100001111010000
000010011011111001
000001101100010100
111111011101101101
000011100100111011
111110110011101101
000001100100111111
000000111110111111
000001010010111011
111100010011111011
000001100111110110
000001101000011110
111100101100011001
111110010011100100
000010000100101000
111101001110000011
111101101010010000
000011110011101110
111111101001101011
111111100101010011
000011011011101101
111101101101010100
000001100001111110
000001110100111111
111100001110011011
000001011001111011
000010100010000101
111110110011001001
000000010011011101
000000001101011100
000011110101000001
000010010011100111
111110001000000110
111100100010110101
000001011111101011
111111001010000110
000001110011011011
111111000001101100
000101010001000111
000001110000000011
111101101010100000
000000111001101111
111100100010110100
111111000101101100
111111010000001101
000001000110101110
000001001001110000
111000011001100010
000000110011000111
000011011010001100
000010001000001110
000001000001110011
000010110010010100
111101001001101100
000001010010100011
111111001110001001
111010101101001100
111110111000000000
111111010111111011
111101100001001010
000101110101110011
000000010000110111
000010001000000010
111101111001000100
111100101101110100
111110110001001000
111111101011010001
111111000100001111
000101110010011111
111101100010101001
000001000111010101
000010111110110111
000000010100101001
111101101111101010
000010000100110110
000010011010111111
000011000101110111
000010001101101011
000000100011011001
111100110011001111
111100110101001111
000001100100001111
000011000001100110
111110111010001111
111111100000001100
000000001011110110
000010010000011000
000000001010100100
000010011010101110
000000100010100001
000010111010000111
000000010111110001
111111001001011000
111111010000001111
000001010111110001
000010000010010000
000011001111001111
111101100110000000
111111111010010111
000010111101111110
000011000101111100
000001000100101010
000000000010011111
111110011100101110
000011010101001001
000000100010010001
111111011000111010
111111001111011000
111110010001011000
111100110011000101
000000011011111001
111011001010011100
000100111011011010
111110111000010010
111110110110001010
111100010000010000
111110111001110000
111110000111011110
111111001000111011
000000110011110100
000000010101011010
000000100000100101
000000100001010100
000000100100111010
000010100100101011
111101001100100000
000001010001100101
000001110111101011
000000111110100010
111011110000010010
111101001001000000
000011010001001010
111101100111110110
000000110010001101
111111010111101000
111110000110000111
111111100000010101
000010000000001101
111110010110100010
111100011011010001
000001000010101000
111111010101100010
111110101001011101
000000111110000111
000001011000100100
111101010100110110
111111010000110100
000001011011110111
111110101011010111
000010010010000010
000011001010101000
111111101100010110
111100100110011001
000000100101010110
111110001100101111
111111011011000011
111101000010101010
000010101010001011
111111011100001011
111100111111110110
000100100000000011
111110011000011011
000000111000001010
111111011011100111
111101110110111001
111110000101101000
000000000100000011
000001010100010110
000000010000110100
111010110000001001
111110111000011000
000000001111100010
000001101111001101
111111011011110110
111101100101000011
000010101010100000
111101000010110100
000001110101110001
000010011000010111
000100000010101011
111110011110110111
111110101001010010
111110011100000000
111101010101101101
111110111000011001
111101111010101100
000010101110100100
000000001010110100
000000110010000011
111111100100111001
000001100000010010
000000010100001011
111100100100111000
111100000111011011
000001111110111000
111111011011010011
000010000111100101
000000011101000110
000000001101011000
000001001101101000
000011110110000011
000110101001111110
111110010011100011
111001011010000110
111100011010100100
000010010111100010
000000011010011001
000000010110111110
000000000111101010
000001000010111111
111110000010000010
000001110110100101
111101111101001101
111101010011110010
111101110011101010
000000110011000111
000100000010110010
111100111000011011
111100111011110110
111110010111010111
000010111001000100
000000111111100010
000011101111100011
000000011011011010
000011001011000100
111111110010010011
000000000100111101
000000000100111100
111010001101100101
111101001001000001
000011011101011100
111010000101111000
111110100000010111
111110100110010111
000001010101110010
111110110101010111
000000010111001000
111011110000011011
000011000000110101
000000110000011011
000001010110110001
000100101001101110
000001101101101110
111110110101000100
000011000011010011
000001111001001001
111010111111010010
111110000111011000
000011011000011010
000100000101011010
111101110110010011
000010110101101001
000000000110110011
111000111000000101
000000000101010011
111100001100000011
000101010010111000
111110001111001001
000100010011111010
000000110000010001
000010011110001100
111101011110101000
000001110101110010
111111001000100101
000010000100011000
000000100011000111
111111000100011101
000111011001110001
000001001010101001
111101101010100010
111110101110000111
000010100011010110
111110101000011001
111111101011011100
000011011010011101
000001011110100101
000010101000110100
000000011100111100
000011100101001101
000000100111000010
111101100100001100
111111000101001100
111101011001000011
111100101000110100
111010101110011011
000010011101111100
111111010001110011
111101111100011100
111101011101001010
111111001100010101
111111010100000110
111100011011011111
000000100010000001
000001001001100111
000001100101010010
111010010010010000
000000000001011111
111010111001100101
000011100001110101
111110100010001101
111111110000000101
111111111111010010
111011111110001000
000001011000100010
000011100100011000
000101011001010110
111111101001001110
111110011010111010
111101000111111101
111100100101011001
111110100100010100
000001011011010011
000011100101100000
000011010100100000
111010001010111001
000001101001100001
000101101101100000
111101111001100010
000001110110100110
111111010001011000
111111000111000001
000000000001001000
111100111100110110
111110011010100000
111111000110011111
111110110011010001
111101111001011101
000000010001100000
000001000100011011
111101100111101000
111101100001010111
111100001100100000
111101111010100111
000010011100110000
111101001001010010
111111010111100001
111110111100101010
000000111101100011
111111001101111100
111100110000010100
000010100101111001
111100111111000111
111110110010000111
000010101000101000
000000101000100110
000000111100101000
000010111010110110
000010101100100010
000010101011010111
111101110110000110
000001010000100001
111101001011111000
000001100111101010
111110101000111100
111101111111011100
111111011000101110
111110001010010101
111110110101001101
111101110101110001
111111011111000110
111101101111000000
111111010010001000
000010110000011010
111110111110111000
111100001011001010
000000111000001110
111111110111001101
111101011111101001
000010110000110110
111111000001011110
111111110101100010
111111001100011111
000001100110111011
111110101011000100
000001000111101010
111110110111001001
111011111001000110
111111101010111000
000000101010110101
111101100110100101
000010110111001001
000100000100100100
111111011111101111
111101010111011101
000000111001010101
000000100101101101
000010101111000001
000011000110100011
000110000000110100
000000111010001110
000010111000101011
000001110101101110
000010001000011000
000100000000001000
000010000100001001
111110000111100010
111110100101101101
000001001011110001
111111000111100000
111111101010000010
111101101001100111
111101100001000000
111111100001000000
111111010100011100
111110101100011011
111101010011011000
000000001011100101
000000101110010111
111101000110010101
111101011000010011
000010100000101010
000000100001111100
000000100111100100
111100111010000010
000011010000011101
000001000100010100
000010110000100111
000010100101111000
000010100101100110
111111001101010111
111111011110111001
000001111001000011
111111010001101001
000001110111010101
111100011011110110
111111001011000100
111111000010101010
000001110001000010
111110100000111110
000010000000110110
000010000011000110
000000111100111111
000011001111011100
000010101110111011
000000100000000100
111110000000110111
111111011010111000
000000110010110000
000001000000111001
000010111011100011
000011000110001101
000000010110001011
111101111011110111
111111010110000111
111100110101111100
000011011100000110
000001010111111100
111111101110100010
000001001100111010
111100010001011000
111100010100110000
000001010100110111
000000111100110110
111110000000001001
000001011100010000
111110001010010000
111110110000000110
000001110111111011
000001100110010110
000010011010100000
111100111111101001
111011110101111111
111111000011000011
000001010011010000
111100100100001011
111100110011001000
000001010011001011
111100000000111010
000001000100000010
111111110110011111
111101011111001000
000100001011111100
000011110010110011
000010000000111001
111101101110111100
000001010101110111
000010000101101111
111111011000001000
000000101001010001
000000101000000101
000011011111101001
111111000101011111
000001010001111100
000000011001011101
000010001000001110
000000111100000110
000011110110000010
000011100101001111
111110011011110001
000110010100011110
111110010001100111
111100111011011010
111110110001110001
000101001000100011
000000010111010110
000010111110110110
000000001110001101
111111011101010101
111110010001100000
000000101110000101
000011001001110010
000000000101110110
111011101100000111
000010111110011010
111110011101100011
000000110011100000
000100100111111010
111110011101000010
000000110010010001
000001100110110110
111101111101010000
000001010000001001
000001011101001110
111111010001000011
111011010100111011
000001110001010010
000010010010100011
000000110010111010
111111110111000100
111100101001000000
000010000011000000
111101110101011100
111111011111011011
111100000010101010
111100111110010111
111100101000111000
111110001101111110
111111110010100100
111110011110110100
111100111010110100
111110101111111000
000000110100001011
000000111000011001
111111111110001011
000000110101101011
000011101111111011
111111000110001110
111111111101011011
111110001001100011
111111101110100111
000001010000111010
000000111100001110
000000001110010111
111110010101100111
000010000001101110
000010101001010000
000000001111110100
000010010110011110
111101100110011110
000010101100010101
000001011001110111
000011101000100100
000100111101010000
000011111000110011
111011111101101000
111011101111101110
111101011111111001
000010110110000011
000010011111100011
111101101110001100
000000111110101100
000000000110101010
000000110010101111
111111010011010100
000000111010111000
000000000011101001
110111010110111111
000000100110100101
000011000010001100
111000011000011100
111101100001110001
111101001011110111
111100101000011100
111101001001011010
111101001010101001
111101000100000001
111101100000100111
111100111111001010
111110010101111000
111110101011010100
000010010110011111
000000000001101100
111110101101010001
000000001001001011
111111110100100000
111100000110000000
111110110110000011
000010000000110011
111011101111101101
000000010110000000
000001010110100010
000001001101101000
000100100101100001
000000000101101011
111101010100011010
000000001011011011
000001101101010011
000000101111000111
111100111101111111
000010111010111010
000000110010111100
000010011110111111
111100111110001101
111101011100010011
111111000001000101
000100010011111010
000000000000000101
000010110011001011
111101000001001010
000000011100010010
000001011001111111
111110110110110010
000010110011110011
111111000111110001
111101011011001110
000010101100011100
000010010100110110
111100001001001100
000000001010010010
000001011011111111
111101101111111000
111101100101010110
111111100011101111
111011000101111011
000010010101011000
000010111011000000
000011000001010011
111101011101011110
000010001000010011
000001001111011110
000010110001000000
111011111100100101
111011010011111110
111101100001100000
000000010111011111
111110110100000111
000001011011100100
000101001101000001
000001011010110101
000010110100000000
111110000010001001
111100000001001010
111110100010101000
000010010110001011
000011100100001110
111111011011100101
000001111110000111
000100001100001000
111101001111111110
000001111111011110
111111001110000100
111010110111010100
111011110100010010
000011100100011110
111101010101101000
111101100011011111
000100000011000011
000010000111101110
000001010100111100
111111011100000110
111110010111010010
111100101000001110
111110110111010111
111110101101001100
111110111111010011
111011101001101011
111111000000000000
111110011001001101
000010001011100101
111100001110011000
111111001101001000
111101111011001010
000100000100110101
111011000101001101
000010011110100110
000001110111001011
000000000111000011
111110001000101110
000010000011101010
000010001010001001
000100010100011110
000010010001101011
111110100001001110
111100111011111000
000000100001110100
000011011111110010
111101111001010011
000001000100001111
111110100010111010
000010101111011000
111111010010111001
000001001110000110
000001001111010010
111111101101110001
000000010000101111
000011100001011011
111111110001101100
000010100110001111
111101001101100100
111101100111101100
000010001001101000
111101011001001100
111110101011000000
111111001011110000
111111110110010001
000001110011100100
111111000001000001
000001001000010011
000011001011011001
000000001000000101
000000111101100001
111011011110101101
111101010001011011
111111000001111101
111110111011100110
000001110100101101
000010001011010001
111101010010110110
111100001000111101
000001010100110101
000001000010111000
000000011001111010
000010001001100010
000000100000111001
000001000011000000
111100110010001110
000010001001010111
000010001000101011
111110001011001011
000011100000001100
111001011101010100
111100011101111110
000010001010000010
111110010111011010
000000000110000011
000000011011101110
111001011110010110
111111110100001111
000000001110001000
000011111001110100
000011110010011011
111110100111110111
111111011011100001
111101111011110000
000011101010110000
111110111001010000
000011100110111110
111101001111001100
111110010001101110
111110011111101101
111111010110010111
111101111110110001
000001000110010100
111111000111001010
000000000101110001
000001110000100001
111101111011001100
000010111000101101
111101100000101010
000001011100001001
111111001000011001
000001001100100110
111110001111011101
111110011101110000
111111100011001011
111011111011110100
000000010001001100
111101100011111100
111101111100011000
000001010100010000
000001111100111110
000010000110000101
111101001101100001
000000100100010011
000011001011011111
000001010111011110
111101011111000101
000010110011011100
000000111111011000
000100100000001110
000010001111010101
111010100111010001
000001101000000110
000011100011010100
111110111010101000
111100011001011111
000000101001110101
000000000110001010
111100111111000011
111101000111110110
111101000110000011
000010010111100011
000001100010101011
111100011110011100
111111010000000111
111101111100001001
111110111101101011
111110000111100111
111101111100111111
111110010011111101
111101111000100010
000001001001011110
000001110001010000
111101011101000001
000001001101011100
000001111111110010
000000000010101011
000000000101010000
000001100111100001
111110001000010000
111111100101101111
111100111011010010
000001011010110001
111100111101111110
111101101011000011
111110011000101100
111111101100101111
111101011100101011
111111111001001011
000000011001000101
000010101001010011
000000100111110111
111101001111000000
000001111000000101
111110000100011101
111111001010101010
000000010011000101
111101010001101010
111110100100000010
111110010010110101
000000111100011010
111110000010001111
111110111001011111
000000100010100001
111110101000111100
111111111110001000
111110000011011110
111101011111000101
000001100111001100
111111100010100111
000011001011100100
000100110110000101
111111100011100100
111100101101101010
111101101101100110
111110100100000101
000100010101010010
111001110001110111
000000011101110011
000011110110100000
111100010000101000
000011110000001010
111111001001001001
000001011001101110
000100011010110011
111010000001011001
000010011010101101
110110000011111100
000100000111101101
111101101110001001
111001110111100101
000000000111101000
111111011011100011
000001011101100010
000000001111111011
111110001010110000
000000000000111010
000000010011001101
111010000101111000
000001110100011011
000000110111000010
000011000111000010
111111000101001011
111110110010111100
000010010100100101
000001111101100011
111111111111110110
000000011110111010
111111110010111111
111100111000011000
000001110100110100
000100010101111010
000000000001001111
000000000111111010
111110011001110010
111100111101101000
111101000100101111
111100111000100001
111100101011011110
000010000011001100
111101001101010110
111110100100000000
000001010100001111
111101100100111010
000011111000011010
111110000110100110
000001011000110100
111101000111110001
000001011110000001
000001101011011111
111100110001001110
111110110110111000
111111000000000110
111100011101010000
000010010111111011
000010100010101101
000010000110000101
111110000011000001
000000000100111011
000000110000010110
000001100100101100
111100000100010110
000011110010100010
000000101110000011
000011011110111010
111100011101110101
000011001101001101
111111011011010101
000010010101100100
111111100011001101
000010010011010110
111111011010101000
000010100110001100
111011101101111010
000000101001001111
000100100000001000
000001100101001111
111110001001010110
111100111110010010
111110010100111001
000001110001000010
000011111011001010
111011100010010111
000010000111110111
111101111000111001
111110110100010111
111111001111000000
000101000010110101
000001011101111100
000010111101000100
111110100101001010
111011000100001110
000100111011000001
000010010100101011
000001010000000001
000000000001010100
111111000111011000
111101011111110110
111110100101000010
111111001001100000
111110101010000010
000011110110011100
111101100010111110
111111010010100111
000010111111100000
000010100010000001
000010000001111110
000000110000001010
000001111100010101
111101010010011111
000000110011010011
000001000010001111
111111110000011000
111110000010000011
000000111011010100
111111010011001010
000001110001111111
000011000001000000
000011100101110010
111110000111110011
000010001001011000
000010111001111100
000000010101001000
000010001110100101
111101000100010100
000010000101111010
000001001001110100
111101011111111001
111110100111110000
111101001001000111
000010110000001011
000001011000010000
111111110001001000
111111000110111001
000001101000000001
000010110001111101
111110001010111001
111111100101001100
000001101011100101
111101011100000000
111101100111111101
000001011110000010
000011111010111000
111111111011100110
000001101111000110
111101110011101000
000100001111011110
111110000001101001
000000000010001111
111110110010011101
000010000110011100
000000010001110101
000010111111110000
000010110001010000
111100111000100110
111111000011111111
111110110110011110
000010001000010111
111101111011100001
000000111111100100
111101100000000100
000000100011000111
000010100010110011
000001001100111110
111110011000000111
000010010010000001
111111111110100001
111101101010011011
000001010111101100
111101001001100000
000010011010110011
111100011101000110
000000011001111100
000000100110000101
111111111011100101
111101001010011110
000000111100100101
111111001110110111
000001110011000101
111111001000001111
000001101001001011
000000100011110101
000011001010101000
111010101111001101
000101100010100010
111111100010110001
000001010101100111
111100111000001001
000000001001101001
000001110111000101
111110110000101011
000010010000111011
111110101011100110
000000000001010001
111101011110101101
111100100101001110
111111111110001010
000000000011101110
111011100101001101
000100010110010010
111111011110001111
111100110000000001
111110101110111011
000010001011110101
111110000100100111
111110111010100001
111101000101011100
111101100001110101
111110110100000101
000000111010110001
111101100011001101
111111111010011010
000001011111101001
000101110111000100
111111100100011010
000101000101100111
111111101001001110
111110110101100000
111100111111110001
001000010011110011
111111001010011001
111001001100110000
111111111000010000
000101011001101111
111110011001001111
111111010010010101
000011001110010001
111100011010111001
000011100011100111
111110110101110000
111011000011010011
111111111110011001
111101110011000001
111101110111001101
000110011000000101
111100010001100110
000010101101111111
000010100001100101
111011011110111010
000001000100101110
111110001001010001
111100010011111001
000001000001101100
000001110100000000
111110101111010100
000010101100010110
111111110110101100
000001101110000011
111110111100111011
000001010100010101
111110001101000010
111100111001100101
111111011000000111
000001001110110111
111111000010101100
000010000101110001
000010110010111111
000010001011101011
000011001001011010
000000000111111100
111110111111111011
111110110010001101
000011000101010000
111101100001111111
111110100011011101
000010010011010101
111110110100100010
000000011111000000
000010110011000111
000000100111100000
000010010110100111
000010111000011011
111111000010000000
000010101110110010
000000011010101001
000000001110110110
111111011110011101
111111100111001001
000100111101101111
111110100101111111
111110000110000101
000010110111110110
111101111110001110
000010001100010100
111110110011011110
111110110001011001
000001000100100011
000100010111100001
000000010100010010
000001100000101011
111101111100010100
111111110010010111
000000010111010000
000001001001111000
111111010010111101
000010001011011000
111101100111011111
111110010010110010
000010001000001000
111111000110010110
111111010110010111
111100110100001001
000000001111110000
000000000010010011
111100101111100111
111111001100100101
111111100011010000
000001101111011100
000000111110101011
111110110110110100
111110100110011001
000010111100010001
111111110000001010
111110011101100111
111111010110110100
000010110001000011
000001100111000001
000010110001101010
000010000111111111
000010111000001001
111101101110000001
000000011000001011
000010100100010110
111100100000110111
111110010101101000
111110100110001011
111111110111001100
000000101110010011
111101101010110100
000000101011010011
111110110100111111
111111010010110011
000000101100011100
111110001001101100
000011100001100100
111100011011000001
000001011110111110
111101110001011010
000000010001101001
111101001101010100
111111001010111100
000010011111001000
111100110101101110
000000000011001010
000001111010110011
000010111010101100
000000001000000100
000010101101101000
000000101100100101
000010000111001111
000000001000101110
111110111110011011
111110011100011110
000001000111111010
111111000100101110
000001000011011010
000000101101000110
000000000111011111
111100111010110101
111010100011000001
000001010010111100
111111000101111100
111001110101000101
111101011010001100
000011001101001011
000000000110001011
000000000101000000
111100010000000101
000010111001100111
111111111000110011
000000101010001011
111111001000010010
000010001000111101
000001011010100101
000011000011011101
000100000111001010
000000010101011100
111110011100001001
111111110001010101
000011101110110100
111110110011001000
111101111001100111
000011011011110100
000001111110100011
111101001000110101
111101101001010011
111110111100010110
111101010000111010
111001010011001100
000000101011110011
000010110111110110
111101000001001000
000000100011110100
000000000010011111
111111010101111101
111100101100111110
000011010011110110
111110001011010010
000001100010111000
000000110001011000
111110010000000001
000000110001110100
111010110011110011
000010010000010001
000010111000000010
111100010000010010
111111001111011001
111111101000110000
111011000111110001
111000100001011101
111110111001010110
111010010010111100
000011100010010111
000100000101100110
000001001001100100
000000011111110010
111110010100010101
111011001001011111
111110100011100001
000001010111011001
111110111010011101
000001101010001011
000100010001110010
000010011010101111
111011100011101100
000001010101111011
000010100001001001
000001010101110001
000011011100011110
000000000011100100
000100001000111111
000000011010111011
111011111100010100
000011011011100101
111110001011100101
111100101111010010
111110110011011100
000000011001100001
000100000010111010
000000100001101000
000000110001101001
000110100101000100
111101110101101101
111100110011110110
000100010011100111
000010100100100101
111100100001000111
111100111010101100
111110011001000001
000000010010110000
000000100011101100
000001011001001110
000110001111000110
111110111000100001
111100010110010111
111101100110100100
111110010101100111
000000111010010000
111100101110101111
000001001110111010
000000001011101010
111101010010001101
111110000011011011
111100110000111100
000100011001110001
111100010110000101
000101010011100111
000000111011100001
000100111100011001
111110100110001100
111111101100010111
111000001100100101
000110000111000111
000001000101000000
111101101000111000
111101001000101001
111110000011110110
000010101000010010
000000100011110010
000101100110001110
111111101100000001
111111101000000010
111110010001001101
111011111100100011
000010001000010000
111101101111111000
000011100000011011
111100111110010111
111011001010000111
000001011100101100
111111001010110110
111001101111000111
111110110101000110
111101110101101010
111101101110001101
111111101000001010
111010110001101100
111111111111111000
000011111111101111
000000010001000000
111110000000100001
000000010100111000
111111111010110100
111111101111000111
000001100101111111
000001001111110000
000000101000101011
111101000110001110
111101100000011111
000010000000110101
000000000001011011
000010111100100010
000010010000011001
111110111101010110
111100010110000100
000001100010110010
111100000100101011
000010101101000000
111100110100101110
111110101010010011
000011000101110101
000001010000011100
111101110110111110
111110011101010101
111111001011110010
111101101001100001
000000010011010010
000000110010100001
111110000110111100
111110111011101011
111111010110011110
000001101000101110
000001111000010101
000010010110000011
111100110101011000
000000000110000011
111101100101010010
000001001111101101
000000101101010100
000010010010010001
111101111010111101
000001101001000101
111110011111101000
111100111010010110
000100101101011010
111010111000010110
111111010000001110
000001001010101101
000000000010001100
000001011011101101
111101111011010101
111111100101110001
111010010010101000
000011111100111111
000010110011111101
000010000010001100
111100100101010001
000001011110100011
111101010100001001
111100110001110110
000010011110000111
000010010011110111
000100100011011101
111100111110010110
111111011010010000
111101000011010100
000011001000000101
000100000010000111
111111010100101100
111011110100001000
000000101000100011
000100011111011010
000011001001101010
111111010011010111
111100101110000101
111111110110110100
000001110001101101
000000110001001100
111010110101001100
111100101011010010
000011000101000010
111110100010111110
000011111010111001
000000001101000101
000000110101110011
000000000100101010
000001001111001000
111101001000011011
000001111101101110
000001100010000011
000010101111000011
111101011111111000
000101000010000111
000011110010001000
111111001010111010
111110011101001011
111101000000011111
111110010000010101
000010101010000100
111101111011001001
000001110110011001
111011001111100110
111101101000001110
000010111100111000
000001100110101001
111110000010100001
000011011000010111
111101000000001101
000000110000000000
000010010110001110
111111110010000101
111110011110010111
000000000101100110
000000110101000011
000010010001001111
000000010111110011
111100100111111010
111100111110111111
000000010111100101
000011110001011101
000001010011001001
111110110101100100
111110000011100001
000001011011011011
111111110101000101
000010011100100111
111110000011100001
111111100111111110
111101100101111111
000001000111100110
111110101101000100
000011101000111111
111110100110111111
111110111000010011
000000011010100011
111111100101000111
000001101000000001
000010000001010110
000001101011100000
111111000110100001
111101011110100111
000000011110010000
000001001011000110
000000010100100010
000000111000010001
000010000111001000
000100101011110000
111111000101111010
111111010011000011
111101100111101101
000010110101100011
000010100100000100
000001000110101011
000001011011011101
000001110001010000
111110110100010001
111101001101010100
000001111110001001
111111000101011111
000000101101101111
000000010100010011
000101110011110101
111100001101111000
000000000001111110
111101101011111010
111110110100000111
000000010011001010
000011100111011111
111111110100101000
111101010110110110
000010001010000111
000010010001000111
000101111101011100
000110101011011001
111111110110000001
111101111111011011
111101101011100011
000010011100001101
000000001011100110
000000110101100101
000001110001000111
111111111111010011
000101110011001001
000001101100111111
000010111010110011
000001011001100010
111111001111111010
000001100101000000
000001001001101001
000011101111001000
000000000110000010
111111001011010010
111111011110101000
000001100010000000
111100011010011111
111100110000100110
111110110011110100
111110100100011100
000000000000100000
111101010110000011
000011011001001101
111111111110000011
111111000100010010
111101000010011011
000001101000111010
111101100010011000
111110000011111001
000001010100100000
111110011011110111
000001101110101000
111101001100110000
000010111001010010
000000101101100010
000001101111001111
111101010100000001
000000011100110110
111101110010010100
000000001010100111
111101100111110001
000010110101001001
111110010111111100
000010001101001111
000001101111100000
111101110010110011
000001010010100101
000010001001000100
000001000110010001
000100111001011010
111100000000110110
111110110110011100
111111000001101011
000001111110110011
000000101011011110
111100110111111100
111110010100010101
111110010101010010
111101001011111100
000011100010011010
000000011101010001
111110100011111111
111010100101111010
000000000000010001
111100101100101000
111001010010010100
111111001000100011
000010001010100010
111111000011111001
111101001101010010
000010101111011001
111111111010100001
000000111100101001
111100111100110100
000001001001101100
000010011111000001
111100101011001100
000010000110000000
111111001010010000
111101000000111011
000000100001111010
111010110101000110
111111101101110000
111111111100100000
111101101011001110
000000110100010111
111100110011111001
000001111001111011
000010111000000101
000010010010111100
111110011100110110
000010110000010111
111110001011101100
000000101010001010
111101101110111010
000000011110110111
111101111101101010
111110110100011010
111110100100011001
111101101110001001
111110011101101110
000000101100001000
000000101110001111
000000000000110010
000000111110011110
000000010000101100
000001010001001011
111100101001101100
000010011010011001
111110100101011001
000010001100011001
000101111000010011
111101000001110011
000000101011101000
000001011100110000
111100001101101101
111100101110110100
111111000100011111
000011111111111100
000000010101001011
111110100010101111
000000110001010001
111111010001001101
111010111110100110
111111110000100110
111110110100110001
111110011100011101
111111000101111111
111100110001100101
000001011000001001
000011001110111100
111011011001101101
000101110110110011
000100100101110111
000010000011111010
111100111010001100
111100111110010101
111111001111101010
111110110000100010
000000111010001100
111110000001001010
000001011010000010
111110101100100011
000000010000101001
000000111111100010
000000011110010011
000000100111010101
000010101010011111
111110001010011001
000010100100101001
000001110000000010
000000111100010101
000011011001110111
111100011111010000
111110110100001011
111101011001000101
000001010001010111
111101100010100010
000001110101000111
111111011101011000
111100000010100111
111111110110000000
000000010001111001
111110101101111011
000001011011010011
000001010100101001
000000011000100101
111111110011001011
000011111000000110
111101001100110001
111111111010000011
000000000100100010
111111001011010100
111110011101011001
111110100011110100
000011011000100100
000001100010011101
111111100011000001
000000010001010111
111011111101100001
000001110101001010
000010011101001001
000001100001111101
000001011110100010
111111011110101101
000001001111001000
000000100000001011
000000001011110101
000001110011100110
000000101001100000
000000011101001110
111110001011101010
000001100101011010
111111100111101001
000010100011011100
111101111011011110
000001111110001100
111101010110101011
111111001111100111
000001000001100000
111111011110011100
000000010100101100
111111011000011110
000010000010001011
000001011101100111
111111101100011110
000010101011001001
111010001010000110
000010110110010001
111011001010011000
111101101000111110
000000110101111100
111101000001010001
111011000010110110
000010010001011001
000011110100111110
000010110111011101
000101010110110111
111111011101101011
111101100110110010
000001101000011111
111010111001001110
000100111110101010
111111110001101101
000011001001100110
000100101101011010
111011100011101000
111111011110000001
000000110100011100
111110010010111111
000100100001001000
111110001111111011
111010110000010100
111101100110100011
111011001000001001
111100101011001010
000010000110111011
111101110000001100
111110100000101111
000001001111001101
000001100101000110
111101101001111001
000011011010011010
000000011000010001
111100110001011000
000000010100001101
000001010100011111
111110111011000001
111110000010100111
000010111011101111
111111011010011001
111101100011011110
111100101111001111
000000101001100110
000011000000010000
111110111110001111
000000001011101011
111111011001110010
111111111011011100
111101111010011011
111111110000001101
111110110100111100
000010000010000100
000000001000110010
000010111010010110
111110101011101111
000001001100111010
000011000010000100
000001101001000111
111111010111111010
000011101111000011
111011010111100101
000001010100111111
111110010111010101
000011001000111000
000100111010100011
111110001110100100
111001111000110100
111101101011000001
111101100011001100
000000000010100100
000000001001011110
111010100010011001
000011101010110010
111100011010001010
000000100011011011
000011010110111001
000001110000010011
000000000110000000
111110010011001100
111100100101001100
111101011011000101
111101000101100011
111101000100111101
111101111010011100
111101011100001011
000010100100001111
111101100111001110
000001001001011010
111111111100110000
000011100011001100
111100100010111000
111110010100010001
111110100010000110
111101010101110010
000001011100011110
000010100100111111
000001111111011110
111101100001101000
111101111100011011
000001110010111000
111111010010110001
000001101101010001
111101110011000110
111111101011011111
111110101110010111
000010100001000101
000010010001101101
111101000111111111
111111000010100101
111101000111000001
000010111011011010
000010011111101001
000010110100010110
000000111100101011
111111000010101100
000000110000011011
000001101001111001
000000111001000001
111110001000110111
111100101110101100
000001111001111000
000001010100001001
111101100000101010
000001000111111000
000000001111011111
000001011000100000
000001111011100000
111111000101000011
000010000000101101
111101000111000001
000011011011101111
000001100101100101
111010100101010110
000001101100010011
000100101100011000
111100110111000111
000011111000111001
111100101111010100
000000100111000000
000100000111000000
111001011111010010
000001001011011100
111011001010110111
000010101101011011
000001011011000111
111100010010111000
000011010110111111
111111001101000010
000000111011011001
000010110111010101
111111000011111111
000011011101101100
111111011100001101
111011110110000111
111110011111101001
111111111100101101
000011011101100111
111111010000011000
111110010110110111
000001001011010100
111110101000111011
000001101100101001
000011011101111100
111111110011011110
000000101110110100
000010010101011010
000001010011011110
000001000001111111
111110110110000001
111101111010001100
000000111010110101
000000001111110000
111110011101111010
111011010110100001
111110001000110001
111100100010001011
111100111110100000
111101011100110110
000000000000010110
000001001111001110
111100111011000110
000000000000101010
000000100111010010
111111111011011011
000000111111010011
000000011100110001
111111101110100010
111111111100000010
111001010101110001
000000100010110010
111110111111100101
111101110001100000
111101111011100010
000010001100110000
000000000110001010
000000010001111100
000000000001010010
000000110111100000
000000100000101110
000010010001010010
111100010101100101
111111101111110000
000010010100011000
111111111100011110
111101010000000110
111111100000111110
111101100011001000
111110101001101000
111101010100000110
000000101110110001
000010101110101001
111111100100100010
111101000000001011
000001011010010101
000001010101110010
111100010111001010
000110000111110000
000000101100101000
111111110111101111
111111110111101000
000001011010011011
000010011010011101
001000000010101001
111110110001001010
111110011010111110
111111110110101110
111100001001110111
000110000000111101
000001001110010111
111111011001001010
111001001111001010
111101110101101110
111010101000111010
000010111111100010
000001101100011110
111111110000010001
000100000101100110
111101000001001100
111111111110111011
000011000110100001
111100110010111100
000111010101011010
000000000111100111
111100101110101111
000010111110101000
111011011000001001
111110110110010000
111010101100110011
000000111001010001
111111010100000110
111100000011111001
000001011101000110
000100110010001111
111100101110000010
000110100110100010
000010001000101111
000100001010110101
000000111010000110
000001101000000111
111111001111101101
111111011011110101
111100011011011100
111111100000100010
111110010110001011
111110111101111011
111111000000011011
000001111110111101
111110011101000000
000011101101111100
000000100101010100
000001010000111100
111101111110110110
111101101001010110
000011011110011001
111101011000001000
111110110011011011
000010011000010111
000100000000000111
111110110111100101
000011000000100111
111110110100001100
000100001101000010
111110100110100000
000001101101011010
111111100110000001
111111101001110100
000010001100010010
000011000110110001
111111110000010000
111110001111010100
111110011100011110
111111000101000000
111100110010101000
000000011001010101
000000001100000000
000000100010100111
000010101010000000
111101101000011111
000010011101011100
000000100010110001
111110100101010100
000000011111000011
111110110001100010
111111110010101100
000001010110100110
111110111110101000
000000010011011001
111111011110001001
111101011110110000
111101100011000001
111101101011111010
111110100110100001
111110100000001010
000000101000111001
111110111010010000
000010010111010101
000011101010101111
111101111011100110
111100011100010000
000111000100010010
000000000000010010
111100101010010111
111011001110101000
000100101111011100
000001000110101011
111100001101000111
111110011100111110
000010000011101000
111110100111011100
111100001101100110
111011111101101110
000001000101101100
111101001001010101
111110101011000110
111110001101011000
111101101000011000
111110101010111100
000001101011010100
000000100101010011
000010110111000011
111110101001101000
000000100110001011
111100110000111101
111111111100000011
000100000101101101
000000101001011011
111011111001111100
000000011111000110
001001000101101001
111101011110000111
111111000110011010
000000001110101111
111110111100101011
111101100101000010
000101010111100010
000000011001011011
111011100011010010
000001101100100100
000011011110110110
111111010110011010
111100001010101011
000100110000000100
000010001100111000
000001100100011000
111111110111110101
111110001111101110
000010100101011000
111111001000001100
000000011001110110
000101001100111100
000010001100000101
000001110000010100
000000101011100110
111100011101001101
111110110100110010
111101101001010110
111101011000101101
000010010110111000
111100111100110000
000001010101111111
000001010001100111
111111011000110110
000001010110010011
000001111101000011
000001101101110111
111101001101011100
111110001001011010
000011001000010000
111111001001110000
111101001110010110
000010111001110110
111111000000011010
000010100010010000
111111111000110101
111101010001000100
000011001011100001
000011010000110100
111100110101010011
111101001001000111
000010010100100010
000010011100011111
111110000001011001
000011000010110101
111111100001111111
000001001000000101
111101000001110011
111100110011011010
111101100100000101
000000110111101101
000010100001001111
000000111111111000
000010100011111011
111101110011101000
000001110000100110
111011100101010110
111111100001110101
000001100010010011
111101011101111111
111101001010011010
000011101100110011
111011101110010001
000010010110000100
000101011111100010
111101100010110111
000011010111000000
111111000101001011
111101011101011100
111101111110111001
111110100010110110
000010011010111000
000001101100100101
000000101101001110
000000100001000110
000100011111111001
111101011010011101
111111101111111111
000010101001000100
000001001101101100
000000110011010010
111110100110011010
111111110101111010
000000000100001110
111101010011110001
111100110011010010
000001100110101000
111101011100001100
000001010101001101
111110100100111001
111111111101000110
111101100101001101
111101110111110100
000000100110101110
000001111010111111
111100110100100011
111110111111101101
111111101010101011
000000111010101011
000000011010101010
000000100111110110
111101111001010010
000010111101100100
111111011111100001
000011000010100110
111010001101101100
111101010000000110
111100010010111000
000010011000101111
000010101110010111
111101100010011011
111101111110101011
000000001011100001
000100110001111010
000000110111111000
111111101101111100
111100011010111100
111101000000011011
111101111010011000
000010111010100000
111011110110001101
000011100000001101
111101101000100010
000000110011100111
111101100001000111
000010011001101111
111111000000111001
111101001000101101
000000000100001001
111111001001110001
000000001111101001
111111111010110001
111110010011010000
000010001111000101
000001011010101011
000000000110010110
111001000111111001
111100001100011011
111101001101001101
000010111010111000
111110001111001011
111100000000110101
111101001000000010
000000110010011111
111100000001100110
000010100000011111
000011111001001010
000100101111110011
111100000000010001
111100101100110110
111101111011011111
111101100010111111
000010110111000111
111111010000110011
111011110110001101
000001010111111111
111101000011011101
111101111011011000
111100011110011001
000101001100000111
111110011001101110
111010010101111000
111111010000001110
000011000011000111
000000011101001010
111110001111111100
111110011110110011
000000110100001100
000000001000011110
111101101111010000
000000000011001001
000010101110110011
111101010101011100
111110101111101111
111100101011110101
000000011101110110
111101100000100000
000000010001011011
111101111101011001
111110001100000110
111100110111110001
000010001111000001
111100000000111111
111101101011001000
111011111101101010
000010000111101100
111100101111100001
111101000001101111
000000000001011110
000000100010100001
000011110100000011
000000000110111110
111111111000000110
111111010101000010
000010000100101100
111111000110110010
000000111110001110
111100001100110000
000001111001010110
111111000111110011
000100000000100010
111100010101101111
111100001000100111
000010011110110111
111101110111110101
000010000110110001
000001010111100100
111111100010011010
111101001110001001
111111111101101101
111111100111100110
000010111011111100
111101100100011100
111101100101110111
000011001011111011
000110100111010010
111110001010000000
111111101110111000
000110010110111110
111101011010101111
000001100111000111
111110010011110001
111101101111000001
111110000101010101
111111110111111010
111101110010101010
000001100111000100
000000010101000111
111100110000001010
111110010010010101
111110111110011011
111110010111010101
000000101100001000
111100101001101011
111101101110001011
000010111001001001
111111100111011011
111001110100010000
111100011110101010
111011011111101111
111101110110001011
111101011010001000
111111011110010110
000001101100010011
000001000000101111
111111101110100011
000000000101010001
000000000001001011
111110101101001001
000001000101000101
000011001100000110
000001011100100011
111111001110001000
111101100101000001
111110101000010000
000101101101000010
111101001100001111
000010101110010111
000011101111001101
111110111110010010
111111010100000100
000011110011000010
000101001010000111
111111011010101110
000000111001010010
000001000110011111
000001000000011000
000000010011100000
111111100010010010
000010011001101110
000010111000001111
000010011010111101
111111111100111011
000101001010000110
111111001110111101
111111011100111010
111110000100011010
111110010111010001
111111100111110111
111101101100011000
111111101101110100
111111000011111101
111111111010001010
000010101101101111
111110101100100001
111110010110101110
000000101101101100
000000111000001011
111110001000111100
000000001110010100
000000111011110110
111011011011010001
111100110101011110
111111110011001110
000011010111110101
111111011110111011
000000110011011000
000001000001000100
000010010100011001
000011111110100011
111111111011001010
000000001111111010
000011000001010111
111111001110011011
000000110001111011
111111101111011110
000001011111010011
111110100000010011
111110101010000001
111111111101001100
111100000010110110
111110011010111110
111110011010111001
000000001010010101
111011011111111011
111110110111101001
000000111111111010
111110101110110110
000001110100111010
111110101001101001
111100111001000100
111100101000101000
111011011101010100
000010101000001011
000001010100011100
111010011101111001
111101000011001011
111110110001001101
111111100111101010
111111100000110100
111111110110010110
111100010001100101
111101101110101100
111100100011011101
000001101000100000
000100010101001101
111101100011100110
000000000110101110
111111111111010100
000000101111011000
111110000110011111
000001110001101111
000001100101100111
111110110100110010
000010000011000100
000100100011111011
111000110110110110
111111101001011110
000000111010111101
111011110000111000
000100100000010101
000001010100011001
111000010101110011
000010100110000010
111100101010000001
000100001010110100
000001000011111100
111110010111110110
000000111010100100
000001001000011100
000011011110010111
000001010110000100
111110111110100101
111110000101010111
111100011001010111
000010011011001010
000010110001010110
111111101001111100
111110101001001010
111011111010010000
111110110000111100
111110111010100011
000001111101011100
111011001011011010
111111111000100111
111111011101010101
000000001111100101
111101111011011001
000010010001010000
000001000001011100
111110000110000111
000010000011011000
000000010010010111
111101111100010000
000101001001101110
000011110000011100
000010001100100111
111110010110000110
111110001110100111
000000001011001010
111111000110000011
111110001100001110
111110101100110011
111100010001101000
000000010001010010
111110001010101100
000010101110111000
000000101001001010
111111111010111100
000010110100110101
111111011100001011
111100001001111000
000000111101011100
000000100001010001
111111111001101100
111111110110101011
000000010001111100
000001100001110011
000001011001111010
111111011110101001
000000000000001011
111101010000011001
111101011011001011
000000101111011000
111101111010001101
111100000001011111
111111010010010100
000000110110101001
000001111100001000
000001110100011010
111100000111100000
111101100000001010
000001010110011100
000011100000110000
111101010000001100
111011111000001100
111101001011111011
111101111001011110
111110001110111100
111110111010111100
111100110010001000
000010001101101010
111011001000110001
111110010111110000
000011010011010000
000001100111011000
000010001001111111
000001001111011010
000011001111000010
111111001100010111
000100001001011010
111010111001101000
111001111100110101
000010000100100001
111110010101110011
000001000000001010
111101001010100010
000011010110010101
111100000000111011
111111000111001111
000000011100010000
000001000010011110
111101001010000010
111100000001110010
111111001001011011
000000000010010010
000100010000110110
000001010000101001
111101111000111000
111111000010010011
111111100111111100
111111110100011010
111110110100100110
111111010101010001
111111100101101110
111101111111110000
111111111001110110
111111101101001010
111110111100010111
111101110010000010
000000110001011110
111110111001011111
111111101001000111
111101111111001110
111101111000001111
000010111011000100
111101011110000010
111110000011100101
111111000110111011
000010100101011101
111101100000000100
000000010001110011
111101010000100110
111111110010011100
000001110010011011
111101001010000100
111110100100110111
000000111110010101
111100101101000110
000010010010100111
111100110001111010
111111001001101010
111110100001001011
000010001011001110
000001001111000110
000001010111000100
111110110010100110
000001111000011110
111101001010111111
111101110101100010
111110101101010110
000010110011000111
000010010111101011
000010010110001111
111101100011101101
111110001010001101
000001101100010010
111111000110100101
111110100111001100
000010110010110111
111110010000110011
111100111111100010
111111111000100001
000000111001000010
111101101100010001
000001111011011101
000001111101110010
111000100101101101
111100110011100010
000010000010011100
111110011111000101
000010000001110110
111111001010110000
111100100001010101
000000100001111000
111111000011111011
000010101001110101
000010010110001000
111100001110111010
000011010011010010
000001101000111000
000010010101110101
111111110011000000
000001101000010111
111100001010100101
000001110000000001
111100101110001110
000001000110011110
000010000000001111
111110000101010011
000010111100011001
111111011111110101
111110110101101011
000000011110101101
111111101011011111
111110011111010000
000011001010011000
000001110100100110
111100001001011001
000000101010011011
111110011011101010
000011110011111000
000001101001001100
111101011110100100
000001000101001011
000011001010110110
000100011110101000
000001110111101111
000010101000101000
111110101100010000
111111010110101111
000001000010011100
000011001000111000
111101101000000110
111101101000000001
000010010111000000
111110110011110000
111110101010100110
111011101001010010
000000000000011001
000001100110111100
111101011110000101
111100111001100100
000001001111001011
000001001111111000
000011110001001111
000001110011011011
111110101011111111
111110000010111010
000010100000100101
111101001011010101
111111111000111110
111101111100011010
111011010001010110
000010100010100110
000011010100101011
111101010101101111
111111010010001101
000001001010110101
000001101011111011
111101110011000111
111101101100010000
000001101010011001
111010110100001000
111111111000111010
111100001110000000
111100100000100100
000010000001101001
000000110101101101
111011111011100001
111110100001111111
111111011110110111
111100001100010111
111111110000000100
111111011110000001
111110010100000110
111111001001111101
111111110101110011
000001110001111110
000000110101101010
111100010011011110
000000000110100110
111110000010101011
111011000010000101
000000000010100100
111101101101000100
111100101110001010
111110101101010110
111110011101111010
000011100111111110
000000001101001011
111101101110011110
111110101011011111
000011110011010001
111101011100010011
111101101000000111
000010100101000100
000011000110110000
111101100101101101
000000110100111101
000001111110001110
000010000111110011
111111011001001101
000000011110010010
111110110001100110
111101010101111100
111111110011100001
111100100100010101
000011000111001100
111111001011011110
000001101000010111
111111111000001100
111110101000110001
000001000010111101
000010001010010010
111111100010110011
111110001110101110
000100000111010001
000000100110111001
000010000001001110
111100110000001110
111111011110001101
000001011111000101
000010111000100000
111111011010000010
000010010111101100
111101110011011001
000000111011010100
000001111110110000
111111110001111110
111110110010011001
111100110001011000
111110100101010000
000001100110111100
000100010001010001
111101100110110110
111110110101010101
000001110011100110
000101010111110111
111100100111010101
000100001101000010
000000100000001001
111110100101010000
000001100111101001
111111111111010000
111100011101011011
111001111111001000
111101111000100001
111110110001010000
000001001101111110
000000101000111011
111100100100110110
111101100000000101
000100001010111000
111100100111100010
111100110111011101
111111101100011001
111100000000110111
111110100101001000
111101100010000100
111111110111011111
000110011000001110
000001100111110001
111111110000101001
000000100100100010
000000100010001101
000000100011111011
111111100111110101
111111101111010111
000010100011110110
000000001110101111
000011100000100110
000001101011011000
000000000110100110
111111000001110011
000001110100111111
111101101001011010
111100110111101000
000001001101010101
111100011110011100
111101001001001100
111101101110000110
111111010100001000
000001101000101101
111111110000101001
111111001101001001
111111001100010001
000000101101011001
111111001010100110
000011000110000001
000000101100111111
000100101001100101
000010101111100001
111110101111001110
111111101111010110
000001001100111011
000010100111000000
000010010111111011
000000100011111001
111101100111010100
000101010001011110
111101110110110010
111111111101111001
111111100101110110
000000010011110110
111111100100010101
111111001100111011
000001011010101101
000000111011011001
111111001110001101
000000111101001101
111111111101010001
000010100010111111
000010100110010000
000000100001111101
111100100001100001
111101110100010001
000000111101110011
000001011111000100
000010000110000010
000001001110111110
111110101011000111
000001111101111110
000010001100010110
000010001111111010
111101100010001101
000000010000011011
111101011111011100
111110101011101111
111111011010011011
111101111001111101
000001011111011000
000001100111101100
111101110110100100
111101000100110010
111111010001100110
000001110000111000
000001110110101010
111101011100000101
111101110101110101
000010101111100011
000001110000010101
111100100100010111
000010001000110111
000010111000011110
111111100110011111
111100101111111100
000001111110001010
111101111011000010
111111100000011011
000000110011011010
111111101110110100
000001000011100110
111111000101010100
111111011011101100
000010110101011001
000001101111011011
111110000010000111
111110101111100000
111110100010110011
000001100111010110
000000010101110101
000001100100000011
111101001000110110
111100101101011100
000000000110000111
000010110100001110
000100010011100011
111011000011010001
111110011011111110
000011111010110010
111101111000000000
000001100111010001
111111001001011101
111100011010001101
111111001001000100
111111000110001100
111100011111011000
111100100101000110
111110011111101111
111100000101101011
000011011101011000
111111100101111010
000010011111001010
111101101000111011
111110100100101001
000001101011010000
111110111111100101
111100010011110000
000000110110001000
111101101011011100
000001111111000010
000000011111111011
000011011001011011
111101110001011011
000001110111110111
111101111001010010
000001000110010110
000010010011111010
000001111000110010
111010110011100101
000001110001111010
000011101000010010
111110000111010100
111110111100011111
111101111110000100
111110000100111110
111101110100100001
111100010111010000
111111001100010111
111100011011001010
111101111010100010
000000000010000110
111110000010111110
111111000111010011
000011001010010100
111100110011010101
111111100111111111
111101110011001001
111100000111110001
111111101110000010
111111000100010010
111100101101101100
000000000111010011
111011011110001011
111111011100100000
111110100011000110
111101100111010001
000101111110110111
111110101001000110
111101010011111111
111110001010000010
111111101111011101
000011010100111100
111111010111100011
000001111010010011
000000010001011101
000011111001001011
111110101111000100
000010101011100010
111111111001010101
000001110001011111
000001101000001111
000000011111010000
111100011111010100
000001111011000100
000011010111010000
000010101010011100
111110010001011111
111110101001001110
000010011011001010
111110011100011101
111110111001100001
111111110011000000
111111000011001001
111110000010001110
000000110100010001
000011111110010010
111100100111011010
000011110011101010
000000110101000001
111100001010111100
111100000100000111
000001101010101000
111111110010000000
111101100011110111
000000000001111111
111110110110111101
111101100010110110
111101001001101111
111100101001111100
111110111100000000
111111001001000100
000010011100001011
000100100000110011
111101011101101101
111111110100101101
111101001011110011
111111000001111001
111101111101001111
000010001110100000
000010000001111100
111100101011001000
000010110000100101
111110010001001000
111111101110010100
111111011111000010
000001101101001011
000001000000100011
111101111111111001
111110110110110110
000001010010100100
000011100011000000
111100110111000110
111101010101000101
000010000111001001
111100000110011000
111101010011001000
000000001011101011
000011101011010010
111100010011111110
000000011001111100
000010000011111001
111110110010100100
000110001000011111
000000100111000101
111111110101100000
000000001001001110
000010001101011100
111101111000010000
111111001100000101
000000111100010110
000000011010110110
111101001011110000
111111000010110101
000011100101000111
000010110011011101
000010011011000000
111111001110010000
111110110000101010
111111101101110001
000001000111010100
000001101100010101
000001001010001000
111100000010001010
000001111011101100
000000001011011011
111111110011111010
111111111011011111
000001011110010100
000010011111111100
111100100110110100
000010001000010101
000001001110110100
000001000101111000
000000001010101011
000010000101010001
111110000110100001
111011101011110011
000000101011110100
000000011010010111
000000110111011011
111110010000111111
000000010011000111
111110010111101110
000010000001011111
111110010000001100
000000100010001100
000011001001011011
111101111000100010
000001010000100011
000010100110110100
111110101100000011
000001101100001001
111110011000001111
111111111110111001
000000011110000100
000000111111001101
000010010110111011
111111110010110011
111011111000000000
111111111100101001
000000111111101111
000011011110111010
000010000000010000
000011101100010110
111111101001110000
000010011101100110
000001011010000011
000000110011111110
000010010000110001
111110011000111001
111011110111100011
111111101001001101
111110110000110111
111110111110001110
111110111110010111
000000110101001011
111101000111101001
111101100111011010
111111101110011001
111101111101011000
111111001011001001
000001000000100111
111110010100011011
000011001011111001
111111100110101101
000010001100111011
000001111000000100
111101010000010011
111110100101100101
111111110100000100
111011001110000001
000010000000001111
000011011001111010
111111000111000011
111101001100000010
000100111101110001
000000101100010101
000100100010000111
000011001010001101
000000101011001001
111101101010001010
000001000010011101
111100110010001100
000100111111001001
000001011001000101
000000110111010010
111110011010101001
111011110100000001
111110110100110010
000000110110100111
000000011111111111
000100100110101111
111100100010011010
111110100000011101
111111011110110110
111101111111101011
000001011101010011
111101111110000010
111100111000101010
000001111011001100
111110101101010100
000011000101110000
000000111010110010
111110111101100010
000010001000011110
111101110000101001
000001010010110001
111110011000000010
000001001010000001
111110100111010111
000010100101000001
000000000000100011
111110011000000010
111111011111101110
000001110001001101
111110100010101100
111101101111101110
111100111111000011
000010110001110010
111101110101000100
000010010011001100
111101000110100011
000000111111010101
111111110000100000
000000000001110011
111110000101000001
111111011010100100
000010011111100110
111100101000101111
111111010001110010
000001011101010110
111101101100011101
000001111110010001
111100110110011000
111110010111011111
000010010111101000
111101100100000001
111111010100110100
111011010101101101
000100110110110111
000000001100001010
000010011001010110
000000101000011100
111111101111100000
000011011111101101
000011010100010011
000000000001010110
111110100001001111
000001100011101111
000010101111110100
111101110111001101
111101111001110001
111100001111100100
000010011111000011
111111001011111011
111110101111011101
111111110000001001
000010101100110001
111110101010110000
111111100101010011
111110001110011001
000010000101010010
000000010110100000
111100000000001001
000010110101101010
000000001001100101
111110000011011001
000001011101001010
000010110000001111
111101010111111101
000001100011011110
111111101001110001
000010100111001010
111101011011000010
111011011011011001
000011100110101111
000001000000001110
111001100111110100
000001110001000000
111100111011110000
111110000111100001
111110100011100001
111101010110011101
111111100010111101
000000010010000110
000000110001000010
000001011010111010
111101111000011011
111100101101111110
111101100010010100
111100110100100000
111101010001010110
000000101111101101
000000101111011001
111110010010110110
111101110111110000
111110000011110001
111110000101111001
000011101111000011
111011111101110111
000000010100101101
000000011100010101
111111101001001100
111111000010000010
000000101011001101
111111110110111000
000000001110010101
111110001101010111
111100110100000010
000000101011101010
000001110001100001
111111111101011110
111101110011100101
111110111101101110
000010101010010001
000001011101011010
000001110111110001
000010001010111000
000010111100110111
000010100100000111
000000001011110110
111110001100100011
111110111010001111
111110101111011110
000001010000001011
111111101100000001
000011011110011000
000000011011110100
111101110000110011
000010110110111010
111101001011111001
000001010101110001
000011000011100011
111100110011100111
111110000110101100
000010101001100101
000001110110010111
000011010111101101
000001110011000100
000011011100101110
000101010001101010
111100100000100011
111111000000001001
111111001010100111
111111011001010001
000001001011000011
111111101101111001
000010101010101110
000010011110110100
111101010000011010
111110110110100101
000000111101100001
111101011001000111
111111011110010011
000000010000100110
000011001011110111
111101111110110010
111111100000101100
000010000101100110
111111010010100000
000010010111011110
000001001111011100
000010101101101000
000001100000101011
111101010100001001
111100101110110101
000010010011010000
111101101101100000
111110000110110111
111111111110110111
000010010110000011
000001000101000010
111111110111100111
000000000101010011
111101000110001111
000011111101110100
000010010110011001
000000110101101000
111100010000100000
111111000101010100
111110100111010001
000010011100100100
111110001011010000
000010110110101100
111110011010000001
111110001001101001
111110000000110101
000010100101000001
000000001010100111
000001001100011110
000010110000111010
000010000010011110
000000011011110001
000001011101001110
000010001101110010
111110111001011000
111111010101010001
111110100011001100
000100011111011001
111111110101010011
111110000100111010
000001000000010010
000010000101010010
000001110110000011
111101010110111101
111011011100000101
111110010110011001
111101000101101101
000010101010110001
111111010000000000
000000001000000110
111110111000111111
111111110001110011
111100101010110110
111111101111000010
000000100111010011
000001001000111010
000001010011001111
000000111111001001
000000111000010111
000000100100111100
111111011100011100
111110101000110100
111110110010111100
111110111111111100
111110000001001101
000011110111111000
000001011011011010
111110101101110111
000010000100011110
111110111101000111
000001010101101101
000000101011101110
000001001011000001
111110101101001110
000010100010101101
000001110010100110
111100111000100100
000000011011110110
000010011100000101
111111000010110011
000000101110010010
000000111011101011
111101011111110011
000001001100011000
111101011010010010
000000000010110011
000011101010101101
000000001001001101
111110010110110000
000011110101010001
000000000100101111
000010000001001100
111111011000101011
111101001110010010
111101011100011111
111111111101000001
111100100001001011
111111110111101010
111101110000010001
111101010101111010
000000101001101111
111111011011100011
111011011110110000
111111011101101011
000011000100100010
000001110011111110
111111100011100010
000001001011000000
111111101010001101
111101111101111111
111111000111101011
111111111100101011
111100011101111111
000001010100011011
000000100110010111
111101111000000110
111110001111100101
111111110100111101
111111111000100011
000010011100001100
000010100010100000
111111101011111010
000000100000110100
000010010000111100
000010110101111011
111101010010011101
111101111111111000
000001000101000000
000000110100100111
000010001110001110
111111110110001011
111101101000001000
111110000010011111
111100100100010000
000000010010011011
000000110000110110
111111100111001100
111111101100110111
111101110011111111
111100101001010111
111110100010100101
111110111011011001
000000010100100111
111101001000101000
111100110011001111
111101110101111111
111111000001111100
111110001000010111
111110100011010000
111110010110110001
000010110110001000
000000110010110110
111111000001000101
000011001010011110
000010101011010110
000101100011111011
111111110010001100
111100110110100100
000000001001111110
111100111001001001
111101000100000111
000001101001100110
000001000011110111
111011001111000011
000001100101000011
111101110110110000
000010100001000001
111110000010100010
000010011110101101
000000001110110001
000001010111100111
111101010111110101
111011111110110001
111100010110000100
111100101000010111
111010001111100101
000000000011000111
000010011110010110
111110111011000100
000010010001011111
000011011100111111
111110101001110010
000001001011110110
000000010110000001
111100101000001101
000010100010110100
000010110010011110
000000111010011100
000011001010100001
000010000011011111
111111000110011000
000000111011101001
000010110101101101
111100101111001100
000001010001101110
000001101101010011
000001010101010101
000010110010010010
000010001100101100
111110010111100110
000000110111001100
000000000110101000
000000011000000101
000000100000101001
111101000110010101
111110101011000100
000011010111010000
000011001000100100
000000001100000101
000001010000100001
111111001000111000
000001100100001001
000000010010010011
111111111000000101
111111111101000110
000000011010000000
111111111110110000
111111010010101010
111101011100100011
111111010101011111
000010001001101100
111110100001000000
000000000000110011
000010111010100011
111111010011010110
111101101010110001
000000110000101111
000000011001111001
111110110010000110
000011011001010111
000001101001001001
111111000110111001
111111001110000010
000001110011011011
111111111110010001
000001001011110111
111100100001001110
000000110010110001
111110011010111101
111101111001010011
111101000110110101
111111010111111010
000001101011111011
000000001110001000
111111000110101110
111100110011010100
111111010000101010
111100011010100011
111110001011001011
000001100010011101
111101001101011001
000010011101010011
111111110000010110
111101101100100100
000000011000100001
111110110011101101
000001000101001111
000000000000101010
000001100111110101
111110011000000100
000101111111111001
000010110011111100
111110110101101001
111100001100010011
111110010101000001
111110011100010000
111111011011111101
111110000010011111
111111111110010100
111100000100110111
111011101110010100
000000100111100100
000010000000001011
000011000110111000
111101011011110101
000001111110101101
111101111111110111
111100101101101000
111101111010100110
111110000101111100
000000011010110110
000000001110110011
111111000001110000
000011000000001100
000001110011111110
111011111011010101
000010000001010000
111101101101100001
111101100111101110
000000000010100111
111111110111100001
111111010011001110
000000001101111110
111110000011110101
000001001101101000
000010100001111110
000001101111001100
000001001010110110
111111110001000110
111110100111100010
000000111110110011
000000001000011000
000001111111111011
000000001010000101
000010100111111000
000000000001100111
111110111010001110
000000111110110011
000000110011111011
111101110100000011
000010111010010110
000010010101100011
000001110011001100
000001110111000000
000010011111110011
000001111110101100
111100101111011000
111100010010110011
111110101110111001
111111110011010101
111111000111101101
000010000111110111
000010101110110000
000000011010111110
111111111110111100
111101000111010010
000011100100111001
111101110010011111
111000011100001000
000010011010000001
111101110001111001
111111001110000101
111101000000001001
111101011000010110
111101100001000101
111111111110010001
000001101101010111
111100100110000101
000010101000101000
111110110111101010
111101111110011010
111111001110111001
111111100010011011
000010010010111110
000010111110010011
000001001101101011
000010101101001001
000000100111101010
111110010111000111
000010001000101001
111111010101100110
111111010110111010
111100100001000011
000001111111001000
000010001011000101
000000010001011001
111111101110110010
000001100010101100
000001110111010100
000001100101111111
111111010010110010
000011101001100101
000000110100000111
111101100000001111
000000011110101100
000000011001011010
000000100001000100
111110000101111100
000001101110000100
111100111100110010
111110111100101000
111111110011000110
000001110101110010
000000011011100010
000001110011111010
111111000111000011
111111110000110111
000001101101011011
111101111111011010
000001111101100011
000010000011110010
111110000111001101
111100111110010101
000001000001110100
000000111101000101
000001101100000010
000011101011100100
111111011100101101
000011001001110001
111100110101000001
000010001010011000
111100100011001100
111111101110001101
000011010001010110
000001011100000111
111101100101111110
000000101101000101
000010110011001011
111111011111110000
000011010101011000
000010001110100101
111100110011000101
000000111001010010
111101100100010100
111110011000001001
111101111111111100
111101011000010100
111111011100110001
000000001100011000
111111011110100101
111110101010000010
111011101111101011
000011000110000111
000000111110101001
111101111111000000
000010011100101110
111110100010010000
111101101010110110
111110000000101101
000001000111000010
000000111101100111
000000111000011110
000010100111010010
000010001010001111
111011011110010110
000001011101111010
111100111001100110
000000101010101000
000000001100000001
000000100111001111
000001000100110011
000001010000110101
000001111011000000
111100110011110001
000001111111011011
111100010011100101
111110101001010110
111110000100101010
000011001001110000
111111110001111011
000011010110101000
111110110000000011
000001101000101010
111110001011111011
000001011110110110
000001110110111001
111100111110101000
111110000010110100
000001010011110111
111110000110110001
111101111100110011
000001100100100100
000000001011000100
111111101111011001
000010000000111110
000001010010010001
000001111101000101
111110100111100010
000000110010110011
000010010001001110
000000110011001100
000010110010000101
000000110100010100
000000011001010111
111110010101010101
111101000010111011
000011100010110000
111110011011010011
000010001011001010
000010001101001010
000000011001110010
111110100001110100
000010101010101110
000000111011010111
000000001000010011
111110000110101001
111101001001011011
111101010110110111
111111001011000011
000001011011111010
111110001001100111
000001100111000110
000000010010001110
111110000110000100
111111101111000001
111101100111000111
111110111000011000
111111000111000000
000000101100000100
000001011001010111
000100000110101100
111110110000111101
111100110001111000
000000001100010001
111110110010111011
000010111110000110
111110001100010010
111111001100101000
111101111011010001
111110011001100110
111100000011011101
000001111110100101
000100110101010100
000001110111110011
111111100110001100
111101001101111001
000000010000111100
000001011100011101
000100110110010011
111100101001010011
000001110111101110
111110001000011001
111110111011010001
111011101111010011
111101101110100011
000001011100111110
000010010111011100
000001000001110100
000010010101100111
000010101110111111
000001111011010001
000000011110100001
000000110010000001
111110100001010010
000001001100110011
111100111100110111
000010000001001000
000001111001111100
000001010011011011
111111011111100100
111101101011001010
000010100011100011
111111110000011000
111111011001111010
000001101101001100
111110110001000010
000000010010110100
000100001100100000
111111111110110111
111110001100111110
000011111011100001
111111010101101101
000001111101001101
111011001001000000
000001000011000010
111100111110111010
111100011110111100
111011110001111110
111110001000110000
000010111011100110
111110001000010101
111101111010110001
000000110101001011
000001001000001001
111101101101101010
111101100011010110
000001001011100100
000001011110101011
111011010100100111
111101101101101011
000001111111100000
000010101101100000
000011011001101001
000000100110100110
111100101101101111
111110001001001001
111111100101100001
000001111010111100
111110100101111010
000000111000100011
111110111000001010
000000010110001100
000001111111100001
000010110001110111
000001111110101010
000000101011111011
000000101100001001
111110001101111001
000011001011101100
111110011110111100
000010011011100111
111111011011010001
000010011010000110
000000111011101001
111101110111100001
111110010110010010
000010100100111001
111100101100110011
000010100100011011
000001000110001011
111110111100010000
111110100011011100
000000011010001010
000000000110000101
111110110011100010
000000110010001111
000001101001011110
111111111011011111
000000101001101000
000010000101011001
111111110000111001
111101011011000100
000010000011011110
000101010101111011
000001011000010000
111111011111011110
111110010111010111
111110101100111011
111110000111111110
111010111010101111
000000001000100010
111110100100001011
000000011110100110
111111000101001001
000011101100001001
000000001000111111
111100001101000001
111110011111000010
111110011101001111
111010100110110100
111101111111100001
000001010101010100
000001011001010101
111101011111011100
000000001001110010
000010101011000110
000011001011100111
111101011001010111
111111101100011111
111011011101010010
000010011001111110
111110000010100001
111111010000000110
000100010000011010
000001001010010111
111111101101001011
000011011100000011
000011101001010100
111101010100010000
000001110101110000
111100100010000010
111101000111011110
111111110000011001
000010001100100010
111101010110101100
000010000101000000
000010001010100110
111101010011111011
000000011001110101
000010001001011110
000001010101110101
111100101000101101
000000000110111010
000000101001000111
000001101000000101
000010000101111110
111110110001111101
000010111000111011
000011010110011110
111111111111010000
111011110100000100
000000001010110110
000001001110101111
000000001011001100
000000001010100101
111100010100011010
000001010100011001
111101111101010111
000001011010010001
000001110100110010
000001101111010011
111101100011000011
000011111000111000
111110110011010111
000010101100100010
000010111101000101
000000011101001111
000010010110010101
000011000011001001
111110101001010010
000011100011101101
000010010100010101
111111000000010111
000001100111011101
000010100001000110
111111011001000100
000000101101000100
000011000011000100
000000100110110101
000000001100101000
111101110000001001
000001010101100111
111100011000010011
000011110001011010
111100101100100010
000001000001011110
111111011111011001
111110010001100000
111110101010100100
111111011110111101
111111001100010000
111110010000000011
000000111101001110
111111010111100001
000010011100001001
000000011000110101
111111000110001111
111101010000001000
111101011111110110
111110111010000010
000010111101000000
000000011011001101
111100001101001100
111101011010001011
111101001110000110
000000101110100001
111110000101011100
111111001100110110
000000011111111011
000000110010010011
111101011001011000
111111000110000001
111101001011010101
111110100000100010
000000101111010000
000001011000110100
111111100111000011
111111001110011110
000100001001110010
111110110110000100
000001111111111000
000001101101100101
111111000001000110
000011001100110110
111110001010000101
111110001010001000
000001001001010111
111011011110011100
111111010111010010
111011110001110111
000000111001110110
111111001001110001
000000101100101110
111110100101000011
111111110110100000
000100100110101001
000010001000110101
000011111001010101
000001001010001111
111110100101011001
000010100101001110
000001001011010011
111110100011011001
111111001111011110
000010011001011010
000000100101001101
000011110010101100
111101110111001101
000001100101110010
111100100111101000
111110011010100011
000000100000011100
111101000011001100
111101010111100011
111111000101110100
000000010101110101
111111110010101010
000100111010111111
000011001001011011
111101101101111000
000000101001011011
111110000011000101
000000011000101111
111110011101001011
000001100111111100
000000101011000110
000001001000011110
000001001100000010
111101001111011100
111100101001001110
000010100111100001
000010101001111110
111110011011011111
111111110001000010
111111011010110001
111101111000001111
000011001100011101
111111101001111101
000001001111000110
111111101111011001
000010011001101111
111100111000010001
111101101110101000
000010101110101010
000001001100001010
000010111101001110
111111001010100001
111111001000110010
000001001001001010
000001011100000011
000001110101000111
000010000100011101
111111110010011000
111101101011111000
000010000001110010
111111100010000001
000000110110010101
000010000100000001
111110111101110111
000011100111110101
111111101010000100
000010100010000110
111100101001100110
000000011011111101
111101000110000101
111110010110110010
000010100011011101
000010000100110010
000010000101000010
111111001100100001
000010000010101010
111101110110001101
111101011000010110
111100010010101010
000001101100001011
111111001111111111
000010101110111111
000000000011101110
111101100101110111
000100011011100001
111111101111011111
000000110100011111
111100100000000001
111101111101101101
111101010111100011
000000010001011011
000011010100101101
111110111000111000
000011101100110000
111110010110100110
000010100110001011
111110100011010100
000011100010101100
000000001111010111
000000111011001100
000001011001110110
000010101010000101
111110101001100110
000001110001001011
111100100001110001
111101010011011100
000001001111101001
000000010010100101
111101110010011111
000000110110101101
000001001010101100
111111111111110000
111101111001001011
000000100011011011
000000010010010011
111110101010000011
000011010000110101
000011000011010011
000000000011011101
000001110011010010
111101100001001110
000001100110110000
111101110111011111
000011000010001101
111100110111111100
111101101111011110
111111101101010111
000000111011110110
111101101011110110
111111011000111001
111111001100101100
000010111110011011
111101011001110000
111101010101000110
000010110011001000
111100110011100010
111101000001011101
111111010110101101
111111110001010111
000010101101101001
000001011011011011
111110001010000100
000010111010001010
000011001100110111
000000111011100101
111110101001101000
000001000000101010
000000111101100101
000001000101100101
111111111000110010
000000001000010101
111110101011001010
000010100111110111
000100010110101010
000010110000100101
111101100100100110
111101100111111111
111110110010100101
111100100101100001
111111110100011100
000000101010111010
111111010110010101
000000110111000111
000010000000001100
111110011111010011
111100101111100100
111101001001010101
111011101011011011
000000101111010001
000010011100100010
111111111011010010
000001000101000010
000000010010010010
111101100100010010
000000101111000101
000001110001111001
111011110000001110
111110110011100010
000001101110011100
000011001001010101
111101110110100101
111101011101000000
111111001000000011
000000101010111110
111110101101111110
111111011111110101
111111111011111011
111010110101110001
000010010111100101
000001111010111010
000001010111000101
111110111000101001
000010011100101110
111111110010100001
000000001110000000
111011001000010111
111111110111100001
111111111111001101
000010111100010101
111101111110100011
000001000011101111
000011011000111111
111111010110111011
000001100010111101
111101100000110010
000010100000101010
111111110110011010
111011100010101110
111110100100001110
000000111100111100
000000101100101001
000000001001010001
111110100010011001
111100100001001001
000001100000010011
111111111101011100
000100110001110110
000001000001101110
111111110101011100
000000001100000011
111101111010110000
111110011011111001
111111101101101101
000011010101101011
000000111011111000
111001100010011001
111011101110011110
000000010000001101
111110111100000011
111100111101000001
111111110101101000
000010111111000000
111111101001000110
000000111011011001
000001100100101001
000011101010110000
000011001000011111
000011011110001011
111110110000100100
111110010000100001
111110011101010110
000110100100011101
000101110110100111
000001010000010100
000001111000000011
111101100110001110
000001100010000011
111100011001011110
111111110000111100
111110111000010110
111110001010100010
111110001100011011
000001010000000010
000010011011011010
111110000111101001
111110100100000100
111111011110010111
000011000010100101
000001100100000110
111100010111111000
111011110100000000
000010011101111011
000001101111101110
000011101011101111
111111000011010111
111110101101101010
111100011100000100
000000111000101001
000011011001101101
000000001011100010
000000000011110111
000011110010001011
000100000011011110
000100100111100110
000000110001010001
111110111010010001
111101110110111111
111111001100011111
000000101001000000
000100110100000101
111110101111110100
000010100100011011
111110001101011111
111110101111000100
111101101001101110
111101011110100111
000001011001101110
111011111100001101
000000111000001110
000001010110000101
111111111100000000
000000010011011101
111100111101010010
000010100001100100
000000101011101001
111101110100010010
000010011110011011
000011001011010111
111111011010100101
000000101010100000
111111001001000000
111110110101101110
111111100100111010
111110010001111110
111101110101010001
111101100010010100
111110011100010111
111111111000111110
000011100101000110
111101110000001011
000010000101100110
000010011010110111
000000101000010100
000001110011011101
111110011010010011
111110011110111010
000001101100011011
000000111001010010
000001001001000011
000011011110001001
000001111000001001
000000101001010011
000001111100100010
111100011010110001
111100001110001010
111110100100011100
111100100001110100
111111010000010100
111100110110010111
000001000101101111
111111011011010100
000010001101001100
111100011101100010
000010010100111010
111100001110010011
000001100000111111
000000000110110010
111101101000100001
111111011110010011
000011010111110001
000011100001111010
000001100100100011
000000101101100010
111110011010000111
000011101100110011
111110100101111001
000011101001101111
000000101111100110
111111111111101101
000001001010110010
000001010100010110
000000001101000100
111100000101001011
000010111001101110
111110001010001010
000000100100110011
000010100010001001
000011011110101001
111110101001111111
111111000011010010
000001001110000110
111101100000000011
000000110000100101
111110001001010101
111111011011100101
000000111111011011
111011100110001000
000010011101001100
000010000001101111
111111101010010101
000010001000111000
111100010000011100
000000011110001010
000000000011101111
000010011100011001
111100000111010110
111110011000011011
000010100101110011
111110110000100111
111110101111000000
111111110001101110
111110010001001101
111111010011011111
111110011011000101
111101101100000010
000001110011101110
111111111011100110
000001110010110011
111110101101100111
111111100101100011
000001111110001110
111100011100000000
111101011000110100
111100111010100001
000010001010101101
000010010111101110
111111001110001101
111101101010101000
111100110000111111
111100111111000100
111100110001010010
000010011101111111
000011001110111110
111011101001001010
111111000101011010
111111100101011000
111101100001010000
000001110000010011
111101101111000101
000000011001111001
000010100110000001
000100101000101011
000001001001011000
000010110100101001
111100110100110101
111110111001100010
000010111001110011
111100100011110000
111100000011011100
111010010010100100
000001011100100111
111101100100001101
000010110101100101
000010011100101100
000010101010111001
111101101000110001
111111001100110011
000011100101111001
111111001101100111
111111000001010110
111100101110011000
111101100011010001
111101101111011001
000100100101111110
000001000110001011
111110110001000001
111110010110111111
111111101010011010
111011111111001101
000100000000101100
111101101000100101
111110001001000000
111011110000101011
000011110010010110
111011101011011000
111111000111100100
111110110001100001
000001101011000111
111111100100010011
111111110110000000
000010001001110011
111110000100000011
111011110101001101
111101101100001100
111001010000111100
111110101111111000
000010001110101011
000010000001111000
000000100001001010
000001101101100010
000010101001000110
000001110101101111
111101111111011010
111100110110011111
111110111101101010
111111001111010011
000001100100001000
000010000011110110
111111100111110000
000000110000111000
000011011000011101
000010101100111110
111110110000001010
111111101011111000
000000011011011001
111110000011101010
000000111111110001
000001011000100111
111110111000011100
000010110000001111
111110101100100111
111110100011010110
111100011000111010
111011110010101000
111111101000110001
000010110010100111
000001100000110101
111100100010101010
111110100010011101
000011110000100100
111100100101001110
111110000101111001
000010000001111001
000010000011100110
000001100100000100
000000100100011010
000000011100001000
111110100010010010
000100011000001100
000000111110010111
111110111110101011
111011100100011010
111101110011010100
000010100110100001
111110100110000000
111111000110001010
111101101010000100
111110100110010101
000000010010101101
000010111011111110
111111101111110100
111111101101010000
111111111111000011
111111000101010110
000010110011101110
111100101100011100
000001100000000011
000000001111001001
000000101110111010
111110001111110111
111101011111111001
000100011010100111
000000010101001110
111111110101100011
000010011110111101
000000110000001101
000001001101111010
000000010011110011
111110100100100100
000000011001110001
111101100011001010
000101111010100100
111110101011110111
111101001111001010
000001101001110111
000000000110111000
111111111100011011
000001011101101110
000000111100101011
111111001111000010
000010000011011010
111111111100010000
111111001000001010
000010010101100100
111010010110101000
111100111101011110
111100111011111101
000000001001001110
000010101100110110
111110011111101110
000100000110001010
111111010111111111
111101110111001110
111100101100101100
000010100010101110
111110010001101010
111101000011100110
000010000111000101
000010010110100001
000011011110010111
000000011110111101
000010011010010001
000000011100110001
111111010001010000
111101101101110011
111101011101011100
000001100111110011
111111000110111001
000010010011010111
000000010101001110
000000011100001101
111011111100110010
000010100011111011
111111101110000101
111111110000011000
111111001011111111
111111010000011010
111110110000111110
000001111101110000
111110100010010111
111111001001001001
000001110010111111
111100100110111111
000010011001110010
111111100101001011
111111000001111011
000011001001110110
111101001101000111
111110000100101000
000001010111000010
000000111110110000
000011000010111001
111101010101100101
111110000101010000
000001000111011110
111101011010010000
000000001111110000
111110001110011100
111110000101000100
111110001110001101
000001011010000001
111110000001101010
111111100110111101
000010110010001010
111111001011010010
000011001110000011
000001011101111100
111001010010110111
111101111101111111
111101010011110101
111111110011011101
111100110111110100
111110011111100011
000001100011000100
000011110000001010
111111010001100100
111110010001011000
111111101111111001
111101011110100111
111111000010011010
111111000111011011
111111010100111011
111101110001000000
111111011101000010
000011000101000011
111011110111000010
111101001111011001
000100000110011001
111111111110001110
000000100101001110
111110111000111110
000000010110000011
000000111010011101
000000100110011110
111111010011101001
000000011010100000
000000001001001010
000000001000010010
111100110101000000
111101000011101011
000001100111000000
111100010111000011
000010100101100111
111101001000011001
111101100010110101
111101110011100001
000010101100110010
111110000100001110
000010010010110101
111110111110100011
000000111100101000
000001010111011101
111101110000000111
111110110010110000
000000100110111001
000010011110101111
000010110001010001
000001011011101011
111101111010011111
000000111011000010
000001110010111000
111110011001001001
000011010000101100
000010110101111100
000001001111001101
000001000011100010
000001110111010000
000011001111010010
111110010101111000
111100111100000011
111101111111000110
000010011000111111
000001111100010101
111110001011110001
111111010010001011
000010101000000010
000001011000101100
111101111001001101
000001011010111101
000001000001010010
000011001000000111
000010110001111101
111110001111000010
111110010000001110
000000000011101111
111010100110001000
000000101110110000
000011001101111111
000000011100101000
111100011001010001
111111100111010010
000001100111010110
000011110001101010
111111010011101111
000001100100111011
111100011010011001
000001011110011100
000010001101110010
000010001100010110
000100001110111010
111111110001101001
000000011101011000
000001011000101001
000001001100100001
111101111100011110
111101111110010111
000010001110010111
111110010001100001
111111100101001000
111111010101100111
000000110111000110
000011100001010110
111110110010111010
000010111001110010
000000110010001110
111111011101010111
111111010111110001
111111101100000010
111101101101100000
111111010111010110
111111100111001110
000011000011111010
111111000110101001
111110010001011101
000001111011010001
111111110001110010
000001100101010110
111110000011110001
000000110101101001
111110011011010001
000010001010001011
111111101011111100
000000001100101001
111111000011010000
000001010101111011
000011101010100100
111111111010110001
111011111001000101
000001110100101100
000000100011101001
000010011100111001
000001110110010100
111110101011000101
111101010000100001
000000111101111111
111111111010000001
000001101010001010
000011010010110101
000010000111110011
111101110111001110
111111001101111110
111111011010101100
000000011100101111
111110011001110000
111110101001001110
111111001011010110
000010111000011001
000010111101110010
111001101000110000
111110000001010001
000010101111110000
000011011101111000
000000000011100010
111101011111001010
000000111001001100
111110111011100101
111101101010111101
000001111100100101
000000101101000110
000011000110110010
000100111010101001
111110111010011101
000010110000101010
000000011010000111
000001001000100111
111101011100111010
000000111100011100
111011011111100111
111110011110110001
111101111101010110
111100110010010001
000111110101110011
111111011011001110
111110100010110100
000000100011100111
111111011011111110
000000101111100101
000011111111101000
111111000100000100
111110011110010110
000011000011100011
000000000010011010
000001001011111100
111100111100101101
000011100110001101
111111111100000001
000010101001001011
111110100110101100
000001010010110011
000001111001011001
111101011000000011
111101110011101111
000001010011010101
111011111011000110
000001000001101001
111111000011000111
000001000101010111
000000000111011101
000001001111110100
000000101110010111
111110011010001011
000000110101000000
000011011011001011
111110001001111000
000010001011101001
111111111001010001
111110101111000100
111111101100101010
111100010100011100
000100000110001100
000011110010111100
000000100000000110
111100000101000101
111101100110110110
000000011000101100
111011100000010011
000000011011101000
111001100011011110
000000000010111101
111010111100010000
000001000001010011
000001111000000000
111101011100110001
111001111100111101
111110001010001100
111111101000101011
000001001011001100
111101110101111101
111101101101110100
111110111001000010
111111101000101111
111110111001101011
111111101011110000
111110100011101100
111100110011111100
111101110010001011
111111001011001011
111101101100101101
111110100100100111
111101001101010000
111110101100101001
111101101111011011
000010000100000100
111110000101001110
000010101010000010
111110110010001111
111111101010101010
111110010010111111
000001010110111011
000001010110011001
000010110011100111
111100110101111001
000001011111111111
000010100000010101
111111101010001000
111101010100100000
000001000100100100
111110010001001111
000010110000011100
111110011000101000
111101101110110011
111110110001011001
111100111001010111
111110011100110011
111111001101101010
111110111000111111
000001010100100010
111101100110101101
000000011110000011
000000111111110001
000010000110111011
000011001110101010
111111010000000000
111110000110101001
000000100010101000
111101111110010111
000010000110000111
111101010010101110
111011011000010100
111101100101101100
000010000001010000
111010100011001100
000000111110010000
000011111101000010
000010001010010001
111111000010110110
111110111101111111
111101011000111010
111101011000110010
111010101010010000
111110110100010110
111111011110001101
000000111000011010
111101100101011011
111100010100111000
000000111000000111
000001100101010100
000001011101000010
000000110111001111
000010110000000010
111100100110101110
111101101001010111
000001001011011100
000010101010000110
111111000000001110
111110100001111110
111111010010001011
111110100101011100
000010100101100101
111111000011100111
111101110100100010
000011000001000100
000001101011111100
111101110000111001
000001000110000101
000010001001011110
000010100111101010
111101111001110000
111111110010101100
111100100100101010
111110100010010010
111111101111000111
000000110011011000
000001001011011101
000000000001010001
111111110100001011
111110101001011011
000010101001000000
111100010010010001
000010001000011110
111101110000011101
000001001010100100
000000110000000010
111101101100100100
111000000110111010
000100101111010001
111110111101101011
111011101111000101
111110111011100000
111101111011010000
111011111110100101
000000111001010010
111111010001111110
111110110110011110
000001010011010110
111111011101001100
111100101001101101
111110001001110101
000010110000101001
000000000111011101
000011011100111110
000100101101111000
111111010001100110
000001010111110011
000001011011000111
000011010101100110
000011100110110010
111110001011100010
111110100110001110
111100010110011001
111110100111011110
111111001001001011
111111010100000000
111101111010000111
111110011001100101
111101111000001101
000011011011110000
111110011000101100
000001011101100011
111011111111011101
000001100011001111
111110011111100010
111111000111111100
000010101110110010
111101001110010100
000001001101110100
000000001011001000
000001110110100100
111101110010001110
000011000001111100
111110110111010100
111101011000101000
000010110100101000
000010100100111101
000010011000101110
000001001110111000
111101001111000100
000001100100110000
000100011101011110
111101111010100000
111110000101000001
000001101001100100
111011000111000011
111111011110100010
111111010111110100
000000001010101100
111111011100100100
000001100110111100
000000000001111011
000000000100101000
000100001010000101
111110010011011011
000001011100111001
000010000110000000
111101110100101101
111110001111111100
000001010111001011
000001000111111101
111110110101110010
111111110100100001
111011011111011011
000001000001010010
000000000000010010
000000110000101010
111110101110011011
000001011100110000
111110100001011000
000011001010010000
000010101011101100
000001001101000000
111101100001000001
111100001100101000
111101111000111111
111111000000000100
111101100010111101
000001100110011111
000001111110001010
000010110100101101
000001000110001000
111101011000011011
111101011100110011
000010010111000101
111111111001001100
000011011001111101
111011100011001000
111111011010011001
000010001010110101
111110001010101100
111101111001110001
111111000011010001
111111111110110111
111101000101100001
000010011101000001
000100000101001111
111100110100110111
111101110011111010
111110110100111000
111110111110111100
111100010000100001
000010000110101000
000010011001110001
111110001100000111
111110010101110100
000000111011011111
111110101110100010
000001110111000110
111110100000011001
000001110011110000
000000000011100100
000000111011101110
111111011101001001
000001110101101011
000011010010101111
111110110001101011
000000011000110110
000011101010001011
111010100101110011
000001111110001110
111101000110011000
111110000110111100
000000110111101010
000000110000011000
000001111011001010
111100111101001111
111111010010101001
111111000000010100
000000001001000000
111111110111110010
111101101001000111
000000111111011011
000000110100111101
111100101110110101
111110010000111011
111110011011111010
000000110100001010
000000010100100000
111110011111110101
000100000011010110
000001001010000110
111110011110101000
000000111100110101
111110000101111000
000001000111110000
111111111000110000
000111011110100111
111101001111100010
111111100101100001
111011110100000011
111111010111111111
111110110100101111
000010001010010010
111101100011100111
111100001100110001
111100101110010011
000001000100101011
111011001110011110
111111001100111101
000010110001000010
000001001011010101
000010000001010101
111011110110001111
111111001101100101
000000101100000000
000010000011111000
111110001001111111
000101001001001111
000011110101101111
111100111100101111
000000111000100111
111111011011110100
000001011101101111
000000110110010110
111101001100111110
000000110000011110
111110100111010001
000001011001000010
111111100111110111
000000001000111010
000010010011100110
000010000010101111
000001100010011100
000000110011101111
111111111100000001
000010001101000101
000000100011110000
111101011010110001
000000110100110000
111101111110100101
000000101000001110
000010111000111000
000010101000101011
111110111000010000
111110111011000011
000011010000101101
000010111010010000
111111110011110011
000000001100101101
111100111111011010
111111001001010111
000001011111100011
000010100000100110
111101001111011000
111110101111010010
111110100111110010
111101111010110101
111111110111011011
111110100110101110
000100000001010000
111101010000101100
111101010010101100
111101110101101111
000010100011101010
111101101010110100
000000111010011101
000010010110110001
000000101100010000
000000110000111001
000100010011110110
000010111101110101
111111011011001101
000001000100011100
111110110001110011
111101001100000010
111101110010100111
000010001100001000
000001001000001100
111111010001101011
111111001111010000
000010010001110111
111111010110000111
000000100111111000
111111110010110110
111100101100100111
111101011000111111
111100110011011011
111101111100001001
000011010110100011
000010000101100001
111111111000011111
111111101101001101
111100110001111000
000001100011000110
000001110000101111
111100001001110010
000010000111010000
111101010111101000
000001011111011101
111110111111100010
111101010100001111
111110110100100011
111110111001100100
000001110010010010
111110000100010110
000001111011011100
111100110110101111
111001010101010011
111111111010111010
111111010000111001
111110011111000111
110111011010111111
000001010001110000
111111001110000101
111110111111000000
111110110110011100
000000010101001011
111111101111010010
111111001111010100
000011011011101101
000100011110000010
111100111110100000
111110000101000011
111110111110000011
111111101011000100
000011010111000101
000001010001001100
000000101111111111
111111110001100110
111110000101001010
000001100111000011
111101101100011110
000001101111101010
111110101001111111
000010001000001011
111010010100100011
111101000101101001
111100111000101110
111110110101000000
000000100110000010
111101101010101101
000010110101010110
111101001010111101
111110111111000111
111110100111000101
000000111110011100
111111000101011010
111110101101011111
111110010010010100
000011101111001101
000001001110111011
000010100110001100
000010010111101100
111110111111011000
111101100010111100
111110011000000111
111110010001100100
111100101101110011
111111100110100011
000000100110111101
111111010010101110
111101111100110011
111110101010100110
111100000001000101
111110001001111100
000011010000011110
111110010001000110
111001110101101111
110110111010101100
000010000000000111
111101001001011101
000011110011000001
000000100000110110
111111111011100110
000010010011100110
000000011001011101
000000110110011100
111110101001100111
000000101111101100
000100101100101010
111111010000011000
000001000011010001
000001000111100101
000010001100010110
000110100101110001
111111110001100111
111101000100000100
000101000110010111
000011011000010010
000001010010101100
111011101111000001
000001111110101011
111110100100100100
111100101100100110
000100001010111111
111100100001101111
000011110101010001
111111101100011100
111110001111111001
000001000000010100
111011000101010100
000000111100010111
000000001100110110
111111101100001100
000001001010111010
000001011111100100
111111000011110000
000010010010001100
111110001111101010
111100101100001011
000011101000110011
000001000111110111
111100111101001111
000001100110010100
111111001100011101
000000100001110001
111010011010011000
111101101111110110
000001001101011111
110111001101101000
111111000101100101
000010001110001000
000001010010111101
111100011100000011
000001100101000101
000000110000010000
111100011111110111
000000010111001010
111110000000101011
111110010110100000
111111111100011100
111101011101010111
000100110000010011
111010111001000101
111111001101001000
000000011001010011
111010110110001101
000001101100000100
000001000110010100
111101010001000111
111101111101000110
000100110110100100
111100101111010110
110111110010000100
111111111100111100
111111000110111010
111111110010011110
000010000010101011
000010110011001110
000010011011111110
000000110111111111
000011010110001111
111110111010101000
000001101001111110
000010010111010111
111111000111010000
111110010000001000
111111010110111000
111101101010001111
000100011000110011
111010101001000011
000000111011000101
111111010101010111
111101011000000001
111111111010000101
000000100010100100
111100000111010000
000101111010010110
000101100010101011
111101101111110110
111110101100100000
000010101000001100
111111000001011101
111111111000001100
111111101010111101
111111110100000100
111110000100010011
111101000101010010
111100101110110010
000001000000011000
111101011110111000
111111000010110100
000000010111111011
111101011111111110
111111011010101011
111111111011011000
000100110010101100
111111110000101110
000010010111111100
000010000010101011
000010010111011111
000110000100001000
000001110100111010
111111000011111001
000000011000100000
111111111100010100
000000010101100110
111011000110000001
000000101001111001
000011011011110001
111111101011101111
000011111110000110
000010111000010000
000101010110100010
000000001000011111
000000011110011010
000011011100110000
000000010101010000
111101101100001101
000000101100101101
111101010010011001
000001111010101001
000000000100101001
111101110011110100
000010001110011000
000000110101011111
111001010000000110
000100000111001000
000001100110101011
111101010101011111
111110100000001100
111110101010100101
000011001100000110
111111001101011000
111111110100011110
000010111011110011
111111100010100101
111110111010011101
000010010001010010
000011111000001001
000000101100000001
111110010001000110
000010011101000010
000000111001011100
111100111111000101
111110000110110100
000000111101000000
111101100111110111
000001011010011001
000000110010110110
000000010010000101
111111001111101100
000001001000000111
111001010001110010
111110100111101011
000001000000001100
000000100110011100
000110001111001100
000011100111001110
000001100101011011
000010010111100011
111100111010000101
111100111001010010
000001010000100110
000001010101101100
110111000010001101
000011101101110001
000100001011100011
111010111000110000
111111000110100111
111001000010000101
000010000011001010
000001001000101000
000000111010111011
111111010001101101
000011101011101010
000000100001101000
000001101111000011
111111000001011100
000010110001011011
111011101010100000
000100000100110000
000010101111100010
111100000000010011
000001001111001000
110111000100011001
000100000000011111
111011101011101011
111101011101010011
111100111000111111
111111111000011001
000001110011100001
111110001111010011
111111111001011000
111111101100101110
111110100100111000
111110100011010000
000000010110000111
111010100001001000
000001011011011000
000000011001011011
000000100111011111
111111000000101001
111011011100000010
000001011011111101
111100100111011010
111011000110001100
000010010101011110
111101010100101011
111110000100000101
000000011010111110
000011111010001101
111111101011110011
000001110010111100
000000101000000001
000010011011011011
111110110110010011
111101100111111110
111111001010011111
000010011001010111
000000111111110010
000000011001111011
111010101100000011
000010000010001000
000011100101111101
000000101110011010
111111000000100111
000000110011101011
000010100101001001
000100111101111110
000010100000010111
000000100100001000
000000000001111011
111111111001011101
000010010100111000
000010000110000110
111111000000000101
000000110010110101
000011001001111001
000000111000000101
111110000001001001
000000010010101110
000010010100011111
000001010011001100
000000110011101001
000011011100111000
000001000110110001
000100100010001010
111011101100100100
000011011011101000
000001001110111111
000001100011000000
000000011010101000
000110010011000001
111010101100010001
000010101000111010
000111010010101111
111000100001000101
111101001000100111
111100001001111101
111010010011100011
111100111011010101
000010001101101110
000011101110010100
000010011111001101
111101010011000001
000010111111111000
111110100100000110
111110110101101100
111101111101100001
111101010000110110
111101101111001101
111110001010110111
000100011000000101
111010101000101000
111011000010111110
111000000111000000
111111100101010011
111111010111101100
000001001100000100
000100011000111110
111011001100000001
111100011010101010
111100000010100100
000001101111010010
111110111110001010
111111100011010001
000000101100010101
111110111100110001
111100011000100100
111110000101100011
111101110000100100
111111000110100000
111101100110110010
111111000010001010
111110001100111010
000010001111001100
000010001100110101
000000011100110110
000000111000110010
000000000001011111
000010010011100000
000001111010101000
000010111100000110
111111010110101000
000010111100000011
111101000010010101
111111111011110100
111101110101001111
000010110001011010
000001111110111000
000000111001100101
111101010001001111
111100011111001001
111110001101100101
111101100000010000
000001101100000111
111110011100001100
000011110000110111
111110100100110011
111100111010001100
000000011010010000
111101100100111111
111101001101111111
000010010100100011
000000001111000101
111111100010001000
000011001110010010
000000011010111110
111100001011100000
000000100011010101
111100011011010011
111101010000110000
111110010011010001
111101010011101111
000000001001100110
111100111000000111
000000011101110011
111110101111111010
000101101001001011
000011100001110001
111111001010000110
111111000011101011
000001110001110110
111011110111001000
000010011111011100
000001100101010011
000010110101000000
111101111110100000
111101001010010110
000011001100110011
000010011011001100
111101110011000111
000000100011001011
000001100010110111
111100101111101000
111111010110110010
000011001000101101
000000111001111001
111110111010101011
111110101000111010
111101110001000100
000000010001001011
000100011001001000
000000110110110101
111111111100011101
111111111110001110
000010101001010001
111110110100010001
000000110101100010
000000101001011110
111100110001101110
000000100001101111
111111110000000110
000001010111000100
111101001010100110
111111100011100011
111111110111110001
000001100011010100
000000111010010001
111100110110100011
111111010001000110
111101110010000010
000001000001000000
000010101100100110
000001000101100001
000101101110010000
111101000011001110
111101101111110010
000011101110101011
111110010001100010
000010100101111011
000001111111010111
000100011110110001
111111100011011100
000011011111100111
111111101001001101
111101001100110000
000010000101011110
111010101000101001
111100110010000001
111100110100100001
000011100101011110
111001010101011110
111101001011001100
000100110000101011
111101100110010111
111100111111010001
111111100011100011
111100101001101101
000010101101100100
111100111011100111
111111110010011100
000001100010011111
000000011111010011
111011101111111001
111111000111000111
111100010101011101
111111001011111100
111100101011001100
111111111011100111
000010001110011000
111111110010101000
000000001010001000
111110101110000000
000000110010101110
111110100101001001
111111010001010111
000001011101001010
000000010101011100
111111000001000000
111100000001101111
000001100100000100
111100011110110000
111100111011100100
111101111011010111
111100111011010101
111111111000000001
111101110011001100
000010010011111000
111110101111101011
000001100001001011
000001111001101000
000000101100000011
111110100110110111
000001101111110110
111110110000000000
000001010111000010
000001010101000100
111111100110100110
111101001001001110
000000010111011110
000100010100100110
000010011011001011
000000011001000011
111111111000000001
000010000001110001
000011111100100011
111110011100100110
111111001000001111
111101101001001001
111111101010111100
000100000100100110
000010100101110111
000011111001100100
000000011111110000
000000010101001110
000100000100100101
111110010000110011
111100101110100000
000010010101000010
000010000011010111
111110010110000000
111110110111001001
000000010100101000
111111011000011110
111101110011001100
111100000100110011
000111101101100110
111101111011110001
000000110010011111
111010101111010000
111110110011111110
000010011011011001
000011111100101001
000001000110000110
000101011010111101
111101000010111000
111101111000111100
111010010100011010
111111101110111111
110101111100110011
111110110110100001
111010111011001000
111011101100001000
000111010111011010
111110100000011111
000010110110101101
111110001011111111
000011010010100001
111101111100000000
111010001001111100
000001110101101101
000101000111100110
000001101000001111
000000100100000100
000101001111110101
000000100011010000
000001100110110101
111001111011110111
000010010010000101
111101111110111010
111110111110001000
000000010011100001
111111000010011101
111111110101011011
000011010000000001
111111000100111000
111111111100001011
111100101111111011
000001000010000111
111101101110000001
111101010101010011
111100110011010011
000010010111001011
111100111000011101
111111000000000111
000010111111001111
111110001100101101
000000000110111001
000001000100111101
000110011000011011
111101010111000111
111110111100000000
000000011100011010
111111111100100011
111101010110101101
000011010011011011
111111001001001011
000000011000001111
000001011010101111
111011101111010101
000010111011101100
000000100110010010
000001111011110010
111100100111001111
000011111010011100
000000101011011111
111101000000001100
000000001101000111
111011111000111101
111111010101000010
111111000101110010
111111100100001010
000000100101100001
111110100010110000
111111100011101000
000011000001001001
000011100101000000
000000110001101011
111101001000011100
111100000101101100
111111010110001101
111111110010100000
111111001101000010
000011011100001010
000000010001110100
111101101111100111
000000110100011111
111111011101001101
111110100000110001
111011000010101111
111111101101010000
000010000100011100
111110110110100011
000000101101010101
111111011000011010
000000011111010000
000010011011100100
111111101011110100
111110011110001110
000010000001100101
000000110100001110
111111100011110001
000001001010010001
000010101010101100
000000010100010110
000001101111111110
111111001111111110
000000001010111111
000001100110000101
111110010010011100
111101100111110001
000000011110010000
000000011110111101
111110111001011010
111100111100110100
000011001101010110
111110100100000110
111101110000111000
000010110001011011
111111001000000111
000001110001001000
111111000101110001
111110111110111101
000010110011011110
000100010100001010
111010111011000110
000000110110101101
111101100110000100
000000111111010010
111110111110101001
000010111011000010
000100001010101111
111101000011000011
111111010111101011
000010110001000111
111000110110010011
000000001111101100
111011011011010101
111101101100010100
000001011011110100
000001100111110000
000011001010010100
111100001111010011
000010000100000011
111011111001110010
001000001010101101
000000001111111011
000010010010011101
000000000010111011
000000101000000011
111110010101111101
000011110110100010
000010011110100110
000001101111011001
000000111000000001
111100110000100001
000011011111101110
000000000011011011
000010011111101111
000011111101111111
111110110001101011
111110010001101110
111110101101111110
111101001100011110
111000010111001000
000001111111110011
000010011110010001
111101100100010111
111111111100110011
111110000010010011
111111110010100100
000000110001111100
111010101001001001
111101111100011001
111011101011010010
000000000110001111
111101010101100001
000011011001100101
000010110110101111
111110010001000001
000000000000001110
111100110110100010
000001011100011010
111111111111101000
000010001011101010
000001000100000010
000010000001001000
111101100101011111
111100001100110110
000001110011011100
111110110010010000
111011010111100100
000010010111110001
111100100110010010
000000100111000101
111110000110010101
111101011100001110
000000110110001100
000100011010100001
000110100010100011
111111000000001101
000101000000111101
111100101100011011
000000001110100011
000001111111101101
111110111011001011
000001111010001110
111110100011011110
111110110111000001
111110000100000110
111101011101110001
000000000000000111
111110110010001001
111111001011011100
111110100100100011
111100101100001110
000001010011010011
111111101000010100
000010010001111100
000001111011000000
111110111111101111
111101110010100011
000001011101011001
000010101101011011
000010001000011100
111110110011100111
111101001101110010
111111011011010001
111100111101011010
111111111100100000
000011010010111000
000001011000011110
111110100110000111
000010001000011110
111011111101011001
000010000110100111
111111010101011000
111111110011001110
000010001010011100
000011111010101110
000000011110110101
000001000010000010
111110010101001110
111100111000110110
111110011111101100
000000111100101110
111100001000000011
000001110010010000
111100110010101110
000010000011110110
111100101011001110
000101000000000111
111011101101010000
111101101100100000
000001001010101001
000010011110010001
000001110000101011
111111100111100110
000010100000010101
000000100101110000
111111010111111001
000010001100100000
000000000111100100
000010000001010010
000000010010111000
000100010101100011
000001000110001110
000011110011010110
000101011110100111
111110001100000001
000001110000110110
111101111110000000
111101000101010001
111011100000100111
000001100110111101
000000010011101000
111101101110000110
111111011111000111
111011111011001111
000100000011100111
111101000001011111
000010011110110000
000001101000001110
000001010101111100
111100010010011111
000010010001001110
111111111101000001
111111010011000110
000000101001110100
111111100111110101
000001111100101101
000010110110101001
000000010101110110
000001001111100100
000010011100101010
111101001111101011
111110101011101011
000000101110000000
111111011110100010
000001101100111110
000000010000101010
111110000111100011
000001001011001100
000010000110101011
000010111000010010
111111011011101000
000011000001000110
000000111101001000
000010111101111100
000100101110100101
111111001101000011
000011010011001011
111111001001101110
000010000100011111
111111100000110001
111101111001010011
111111000110000001
111111000010011001
111111111110100001
000000101111001001
000001100111100010
000001011010000010
000000111111101010
000001111010101110
111111010101011111
111111010110011000
000011101011100001
000001011011001011
111111110001101000
000000100000001000
111111010110111111
000001100010010100
000011101011001111
000001100010001111
111110011110010010
111110111011011001
111111011100000111
111110001001111110
000010011010110111
000001101111001010
111101010110101101
111110010101110000
111100101101101101
000000001010011110
111101100101000111
111010011011011011
000000000010010100
000110110000011001
000000100110111110
111101000101100100
000010000001000011
111111000011110100
000000010111111011
111011110011100110
111101011111010010
000010011011001100
110111101001001110
111110010001100010
000000110100011011
111110001000010110
111100000010000001
000010110001001110
111101111100001010
000000010000100101
000010101001111011
111011000000111001
111010010111001110
111111111010001000
000000011011010001
111111101110100010
111110100010000010
111011111100101000
111110101010001111
111011001111101101
111101111011110101
111111111110101011
111101111100001110
111111010101010111
000000010111010110
000000101111111000
000010000001101011
000000110101000111
000010110010111100
000011001100100101
111111001110001000
111111001101111011
000000001101111111
111101101110111110
111100111010100100
000001000100110100
111110001101001101
111111000110100010
000000100100011011
000001000000010110
111100111110100011
111101001100011100
111101110011011101
111111010111010101
111111101101101000
000001101010110100
111110011010110101
000011010111100111
000000111110000000
000000110100011100
111100110000001110
000001010111010101
000000000101010100
000001100100111111
000010001010111101
000010000111110001
000010110101001000
000010011111000110
111111010111010100
111110001111010100
000011110001101100
111101000010011011
000000011110101100
111111010000010000
000011100010000100
000000011001010101
000000001110001000
000011000000101000
111111110111000111
000001110011010100
000000111110000010
111110010100011010
111111010111100001
111011000100110000
000001000010101001
000001110011011111
111110100010100001
000011010000111001
000001111101001110
111010110001111010
000000111011010101
111111011011111101
111101000111111011
000001101011000110
111101000011010101
000001000100101100
111100101101000101
111101111100011001
111101100101110001
000001110001110100
111111100111101001
000100111101011100
111101000010101011
000100010010010101
111111001001011101
000010000110111001
000011110000110110
000011010000101011
000010000011100101
000000010001001000
111110101100101101
111111100010011011
000010110010011000
111111010010000101
111110110111010010
000000111110000010
111101010010011011
000010110000010101
000000000000111001
111101010111101101
111100001101100101
000010001111100110
000011110010111010
111011011010011001
000010011101011010
111110110001010100
000000101101000110
111110011010000111
000000010111101100
000000010011110000
000000111111001110
111101001000100100
000000011100111000
000000011010111000
000000110010011001
000000101011010100
111101101000101100
000010001000101010
000010011101101010
111110101010100111
000001111111011010
111111010110110010
000001110001000000
000010111001010101
111111111111011000
000001111100010110
000000010110001111
000000110111011011
000000011101111011
111101111110001100
111100111111100011
000000001000110001
111111101011110111
000001101101011001
111111111101000111
000010101001011011
000001101100110110
111111010110001111
111111110111010000
000000100011011011
000000110011001011
000011100011100100
000000001010000000
111110101111111110
000001001111100010
111110100100110000
111111000011100001
000010011111010110
111111100110100110
000000010111000011
111111010101100011
000000011011110001
000010101101110010
111101111100011110
111010011101001000
111101001011010110
111001001101101001
111101101011000010
111111000001000000
111101011010010010
111111001101111100
000011011100000111
000000111111100101
000001100011011011
111111001110010101
000000100101011011
000010011010000011
000101011110010111
111111010111111111
000010010101001111
111100100101011011
000010111000110110
000110001110001000
111101010010011100
000010000011011010
000100101011101011
000011101011011011
000011000000010001
000001111100011010
111011000010110101
000000101100001000
111100101100011100
000010010100000010
000000110000110010
000000100010100010
111101000000110101
111100101111000011
000000101101010110
111100000010000100
111101101110101100
000000110001000111
111101100010011100
000000011011011110
000010110010101101
000001100101110010
000011001001101010
000001110111110000
000100011000110101
111101101110101001
000010100111110110
000001010011011111
000000001111001010
111100111011011101
000100001001011001
111010110010010000
111111100101100111
111101111111101010
111010110011010110
000010110110011010
111111100011111001
000011011010001111
000011001111101011
000011011001001001
111101101001100100
111100111101101101
111110100101100000
111001111010111100
000001001100011101
000001011101111110
111100000000010101
000001110011101010
111100100100110100
000010101000001011
111111001100011111
111011100000000011
000100101111011100
000011110110110110
111111011000100100
000001100011110010
111110101110111100
000000110101110111
111001011100110101
000001010000101101
111101011011001111
000010000110010000
000000000101000110
000001011001100001
111101000010010110
111110000010010111
000100010011001000
000001001110001001
111111111010100010
111110000111000011
000101010101011110
000000100010110001
111100101000101001
111100101111010011
000011010011100110
000000110000110110
111111010001110001
111111110001100110
111111000110110000
000011001001101011
111101000011100010
111110001110101000
000010011101011101
111101110010000000
111101011111001010
111110001001100111
111111101101001110
111110111101111101
111111100100011110
000001111000111001
000001110111101000
111111011000010001
000001001100000001
111111100111110011
111111010101110100
000001101000010010
000001110111010110
000000101011011000
111101110101010100
000010100010100110
111110101010100000
000000000110100111
111110110001100101
111110000000001000
111101100001010011
000011010100000100
111111010110111001
000010101100111100
111101001100111111
000100010111100010
000000100001110101
000000111100111000
111111010100001100
000001100010001010
111111110001100001
111110111100110000
000010000101000000
111110011101100100
000101011101000011
111111010011111010
000001101101100011
000101001010100001
000010110110110100
111101000101000100
000010110011110000
000001111110111101
000000101101111101
000001000001110110
000001010001101110
111111001111100101
111101001001011001
111010001101000001
000010010100100011
000000101000011010
000001010000011001
000001100010010110
000010010001111011
000010010011011000
111101011001111101
000010100111110000
000010110111110101
111101101111111001
000011011111011101
111111111000001010
000000101110111011
000000011000010111
111010101000000001
000000101010011010
000010000000111000
111111000010100010
111110101111111000
000001010010101000
111100111100011100
000010101100011001
000001110111111101
111111111110001110
111101100001101100
111111001010011011
111010100001000101
000001101111110000
000000100101101111
111101010100110001
000110001100000010
111111111110011011
000000100111010111
000000001100101000
111011110000101101
111110111100011100
111111100000100101
111011100100001001
111101001111010001
000011001011000001
000010110111011100
111011100011010101
000011100100001011
111001101100100110
111111011001000101
000000001101100110
111110110001111001
111101111101111100
111111100100111111
000001001111011110
111011011111000001
111100101101101100
111111100110110011
111000110010100011
000100100100001011
000011000110001110
111110011000101000
111111111010000000
111100110100110100
111111000101100011
000001111100001010
111111110100011111
111010111101000101
000000110001111011
111111101101001110
111111000011001110
000010001111010000
000010001000111111
111110001100010110
111111101101111010
000010010111110101
111011000110111111
111101101000011100
000011101001001110
111011011001000110
000010010111000101
111011010010110101
111100001111001101
111100010100010001
111111101000000101
000001101011000011
000001001101111000
111110001010010100
111101101100010011
111111001100111000
000010101011101010
111101001110000000
000000000010010101
111111110111110111
000001000101111101
000011001111101100
111110110101101001
000001011101010001
111100100101100110
111101111010111001
000000110000110010
000001111111011111
000011011001011000
111101111011010100
000100111000001010
111101000011101011
000000111000110000
000100101001110110
000001000000010001
111111010100001101
111111010110111100
000000111101001011
111110000110011100
111101111010000001
111111001101000010
111100111010110110
000011011110010111
111100001000001001
111101100111111010
111101101101101100
111110000110000010
111011111000111111
000001010000100111
000001001001101001
111110111000001000
111111011111001110
000000001000011111
000010110111001110
000010000011100111
000001110010111100
000010000100010011
000011111001101010
111001001111001001
000011001101001101
000001010000001010
111110010010000100
111100110000000100
111110001000000011
111110001111010101
111101001010011011
000100100111010110
111111110001000010
000010011000010100
111010110011001010
000011100110011000
111100010111010110
111101010110111000
111011010000100110
111101111000010011
000001000011110000
000000100110100100
000110010000110011
111111011011100111
110111100011010100
111101101101101001
111110001111110011
000000100111001000
111101011111111010
000010111100001110
000000000010111010
111110000110010111
111011011110101011
111101111111111111
111111000011100101
111101110001101110
000010000110100010
000100001011000001
000001000010000010
111101100000000011
000000010001111110
111110011000011011
111111100101001110
111111010111111100
000000011111101101
000010000001101001
000011001010100010
111100100100001110
111101100101000100
111110011111101100
000010000010011110
000000001100110101
111111011101010111
000000110100101001
000001001001011011
111101000000110100
111101100000110010
111100100101010000
000000000000011000
111101010110101101
111101101100100010
000000101000100111
000001100010100000
111100101010100101
000010001111011100
111110110101001011
000001100001110010
111110010101111001
000000101000100011
000000010011110110
000001010000100100
000010110111001110
000001011101101010
000001000010110001
111011101110111101
111111101111111010
000000101111010111
000000010010010100
111110000011101011
111101100110100111
111101110000101100
000001110110110001
111011111111000110
111100100100000011
111001100010000100
111110111010010010
111101000111001101
000001001101111111
111111111001011010
000011010011100101
000011111100101101
000001110011001001
000011000110010001
111011010101111110
111111011111011100
000001010110010010
000100011101001101
111111100100010000
111111100101001111
000001010001111001
111111100100011011
000000011001110101
000010001111101100
111100100110110111
000001001101000001
111110001011011100
000000010111011110
111011011011111001
111101011001001111
111110011101111110
000001000011101000
000001101111100110
111110000101100000
000010010010111010
111110011010111011
000001001001101111
111101011100001010
111100010011111100
000010011100011010
000000011101001000
111110001101001110
111111100100110100
111101011011101001
111100011100010100
000011010010101100
111110100000001010
000010101111010110
000000010000010011
000000011010110001
111111111001101010
111111001100101010
111100100100110111
111110000111010001
111111001001001011
111110001000001111
000100001100001010
000001100111011001
000001000110010011
000100001000111111
000000000100000111
111111000000000101
000000101100000011
000011001000000111
000000100110100100
111110010011011011
000010000101110010
111011000001010110
000001010000110010
000000001000100011
111110110101111011
000010101000100110
111101011010100101
111011101101001000
000010001101101000
000010001100110110
111110111100111010
111101110000000000
000001110001111010
111110110001100101
000100010010001011
111100011011101110
111100100100001000
000010100111001001
111101111110101110
111110111011000011
000001000100010010
111101000101100110
000010011111111001
111111001110101011
000001001001110000
111111010001011110
000000111111010101
000001000100000110
111101000111001101
000001111111011000
000001001011011011
000010110001111001
111100010100111111
111010110000100001
000100100100100101
111111110101100011
000010011100000001
111100011111001100
111111110000111111
111111000011111100
111111011111011101
111111110110100111
000001101001001100
000011010010000110
111100000110011101
000001100111001010
000000101010000100
000000100110010101
111101101001011011
111111010010001010
111010000111100010
000100100110110110
111111011101001111
111111100110111000
111110101111010110
000001110101101101
111110111111011010
111110010011000001
000010111101111001
000000101100100110
111110001010001111
000100111110000101
000001010111100110
111101101101110000
000000111011100010
000000001100010101
111111010000111001
111010110110000111
111101101110110111
111101011111101110
000010010010111101
000001000110100101
111110000110101001
111111000001110011
111111100001010001
111110111110111101
111110110011000111
000011100100001111
000010100100101101
111111111101010101
111110011100110011
111101111001101111
000110100010001100
111011101100011000
111110010001111110
111101110111000001
111110111010000000
000010100111011110
000010001000011000
111011010001000110
000011111100100000
000000100110101101
111011000101000011
111110010011010111
111100000010011000
111010010100100011
111101100010101000
111100100001101100
111111010110000001
000000001111011110
000010110000100011
111101001110001011
111100111101010101
111110000000011100
000101100011100101
111101011000010100
111110100111001110
000100110000111110
111101011010000101
111101101000010110
111111010011111010
111110111010101111
111110100001001010
111100000001000010
111110000100010110
000000001110110010
000000100000100011
000011110011000001
111101111110100101
111101000000000111
111111101000100111
000011100000111001
000001000010111000
111101110111111011
000001000101010001
000000100110011110
000000011011001111
111011011100000101
000000001101100010
000000000001001100
111111111101010001
000000010000101000
000001110001000010
000010011111010000
111101001111100111
000101011100001001
111110010111011111
111101000110000011
111111101000010111
111111111100101011
111100110011100100
000001011001100010
000001011001010000
111101100101110011
000000101111011100
000000010000010001
000100000101101011
111110001010000110
000001111000100110
000100101001010010
000000111011101101
111101010000000001
111110110010011110
000011101001001000
111110001010001010
111101111010111010
000000110100001001
111100000100110011
111110011011010010
111011110100000011
111011110100100110
000001001110000111
000010010010001111
111111000101010010
111111011100111111
111101101001101111
111101101010010100
000010000010100001
000001000011000010
111110101101111100
111110101000001100
111110000011000110
111111111001110001
111110111011000110
000011110011010100
111100000000010000
000001110001011011
111110010100000011
111101001000010101
000010010010111010
111111110010010100
111111110011110001
000011000000111010
000001010100000000
111110101010101101
000001110001100011
111111110110111000
000001001101101011
000000000011011100
000000100100101101
000011000001011100
111110110101111011
000000010011110110
000010011110011000
000000001000110001
111110101010110111
111110011100000101
000001100011000010
000010010101011011
000000001010111101
111100111010101111
111111011000001100
000000111001100011
111101001110111110
111100111001100101
111110111001011111
000010000101011111
000010101001100001
111110111001110111
111101000001101110
000000000110111010
000010010011101110
000001011101101001
000000001010101101
000000001010111101
111110101011000001
000010100110111010
111110110011111101
111101100011011001
111101001101100110
000010100010100010
111011011000100010
111100101000111011
111101101110100100
111111111100010100
111010000111000101
111110111001101000
111110111100111001
000000100100111010
000010010111110100
000001110110100111
000010101011000100
111110101111100111
111110110110001111
111101101011110111
000000000101111011
000000110100110001
000011101110100001
000001100010011110
111110110010011011
000001001010110000
111100010100101100
000001110000110001
111100110000010001
111100111101011110
000100011000101101
111110100110011110
000000010110111010
111101010101100100
000001100001011011
111100011110000001
000100000101000001
000010001111011001
111110000111000101
000000001100011110
000001111011110101
111100100100010110
000010011001010001
111100001111000000
000000000010111000
111011000001110011
111101001110111110
000001011111010001
111111110000111000
111111100100011111
000000111001010011
000010011110000001
000001011010000011
111101001011111000
000000010011001101
000100001011110101
000000000101000101
000000100100110001
111110000101000110
111111111000010000
000010000100001001
000000101100111101
111100100000001000
111111001010101110
111111110001000001
111111001010001100
000010001001001110
111011111100110000
111101010111100010
000001010101010101
000100000101110100
111111001111000001
111110111000111111
111111101000010100
111111110111011011
000010100010110100
000010011101100111
111111001100101100
111110000011111010
111100000001110001
111101001011101110
000001010000000010
111101101010111111
111110011110011000
111010011000110001
000010010000001111
000000111111100111
000011100001011111
000000100100111001
111100100011001010
111110111110100010
000010001011101111
000010111110000101
111110010100100100
000010111001001001
000010101001001010
111110110100010000
111101011101010000
000001010110011011
111111001100010000
111011111101110001
111110101111111101
111101001011110000
111101110110101011
000010111010111011
000010001101010000
111011010100101001
111110101000111001
111100000101101110
111100100110000011
000001101100010110
000000110111001110
000001101101100000
000000100011100000
111101010011101011
000010100011011000
000010110000101011
111100100110010010
111111000110011010
111111101011101111
111111011000010001
111110000011111100
000010101111010111
111101111000010011
111110010111010000
000001011011010000
111101111100101111
000100010110000011
111100100010011101
111110010110000111
000100010001000111
000011111000011101
111111100100000011
000000000110001011
000000010000000000
111111010001011111
000000001111001110
111101110010001000
000100001001001001
000001101101001111
000010111000101110
111110010111110011
111111111001101010
111100011101001001
111111111110010000
000010111010100000
000001001011111010
111110000110001001
000001101110001000
111111010001001011
000001111000110111
111101111001010000
000001101001001100
000001100011010011
111101110011110110
111100001010001011
000001001110110010
000011010001100110
111101101010110111
000000101001011010
000000110010001111
000010010101110111
111111110111010101
111111000011100100
000001011100011100
111111011011001101
000001111000001100
000000011000100010
111100101010001000
000000010001011001
111101010111110111
000000011010110010
111111100110110000
000000111101111100
111101010000111000
000010100000110011
000001000001000010
111101011000010101
000000010010111111
111111101011010011
000000111000010111
111111000001101110
111111010101001110
111110100000101010
000000000110111010
111101100100101011
000000001011010111
111011101111010101
111111110000000101
000001110110101001
111111010100001110
000010000001010100
111110010001110011
000001101110011110
111101011101000010
000010001110110011
000010101111101011
111110101101001101
000000101100111100
000100000110010110
111010110101110001
111100100000010101
111110001000000110
000100011000111001
000010101110001110
000010010000010111
111110101110101001
000010100110100111
110111110100001000
111011010000001001
000010000111110101
000000001101001000
000010111011101000
111110110101001110
111110011111001001
111101110001100001
111011101110111010
111110110101101001
000100110111111100
111101110001010110
111111110111010111
111111100011011010
111110001101111101
000101000000110000
111101111000101010
000001011010000110
000001010000001100
111101010111011111
111100011101011001
000100000010011101
000001010001010111
000011001001011101
000001001100000101
000010011100000111
000100110001011000
000000010010010010
111011000110010001
111010111110101000
000101011110111000
111110001110011100
000000010011010000
111101111011010001
111101001111011111
000001100011111001
000001001101011010
111101011110000110
000011001101011110
111100010011100111
111110001111111111
111100010010010100
111101101000111110
000001100011000111
000001110101011100
111111011010110011
000000101111110100
000011001100010111
111111100101110010
000000111101011001
111101011011110011
111101001001100110
111110000111001110
111111000111110101
000001000110010001
000011000011011101
000000001011101010
111111001110011000
000010011100010100
000000110000010100
000000100110001101
111110010010010001
000010101110111011
000001110011010010
111101001000011111
000000100110110000
000000000010000111
111110110110110010
000010010111110010
111100111111011100
111100110101011010
000000001101111110
111101111111010001
000011001001010110
000011000000000110
111111000000100110
111110001111101101
000010000110100001
111100001110110011
111110110011010001
111111010110101010
111110001000010111
000010000111000000
000100000111100100
000100000010101010
000000000001100011
000001000100101011
000000001111000101
000010101101010000
111100000111110011
000000110010011101
000001000010011000
000010000110000100
111110100000000110
111101110010000100
111101110100000001
111000011010100000
111110010111100100
111111100011000111
111111111101111001
111110111000101000
111011110101100110
000010111111000100
000000111000000110
111101100001011011
111110011110101011
111110001101110100
111011000111100101
000000001010101110
000010000101100100
111110001110101010
111110100010000000
111101101100011011
000001100101010111
111110101101111100
111101101111101010
111100111011001000
000001001111110111
111101011001000100
111100110010110010
000011100100010111
000000001101010001
111100010100010101
000011010011000101
111111111101101110
111111110111100000
111100000000111101
111101001111011001
000001111100011110
111111000110101011
000001000101111110
000000110011011001
000011000110111011
000001011010111110
000100010110111001
111110000010110111
111110100011111111
111111110010110111
111101100110000100
111110101000000000
000010100100011011
000010010101110101
000010010101111001
000001110110110100
111110001110010011
000100011100101010
111111111010010000
000001110111011111
000000101011111100
000000110100110001
000011110101000101
000001101011110111
000011001100111100
111111000101010111
000001000000101110
000010101001011011
111110100010001011
111110111000100010
111100011100101111
111110011000111010
000001001110110100
111111100110000011
000011000111100010
111101001001101111
111110000100010101
000001011110100010
111110000101100101
000011111110010110
000011010111010111
111100010010110101
111101111100110010
000010101001001101
000001000001011010
000000100000111011
111111001101000111
111111101010101111
000000010100101100
000001001100001100
111111011010000110
000000101001001011
111100000000011001
111010011110011101
000011110110111010
111100111101110110
000010001101101011
111110110100101000
111100111100000010
111110110101100100
000011001011100110
000101111111001100
111110111111001101
111110110101111100
000011101000111001
000001011100000001
000011000011110010
000001111111011111
000011011010110100
111101110000111100
000011001011100111
000001111110100010
000000111101101010
111111010111110111
000011101010100100
111111110110011111
000111011000010000
000000100110111110
111001101111011000
000011001011100110
000001110011010011
111100100100010110
111110001110001000
111110011101100100
111101110000110111
000000101000001001
111111010101101100
111100101101011010
111111110000101110
111101100001101001
000000111001111111
111110010001010110
000100011011011110
000110001110000111
000101011011000010
111100101010110100
000001000001111100
111111110011001110
111101111110001011
000010101010101100
000010101111001010
000001111000100100
000100010101011000
111010100000010100
000010001111110111
000001100001010011
111110011011100001
000000011101011010
000011100111101010
000011010000110000
000010000111111100
000001101000011001
000000110000000001
000000010000101110
111011110111100010
111100011001111011
111101011000111101
111101001001110010
111100100011111101
000010110000000011
111111001011000111
111111011011101110
111011100101010001
111101111100111011
000000101101010010
000011000101001101
111111111000010011
000010011011000111
000010000100100100
111111001111000010
000010010010101101
111111100100101111
111100111010001101
111111101001010100
000011011101001011
000001010010000101
000001111001000001
000000001100100011
000001111010001111
000000011101001101
111101000000000000
000000000111101010
000100010101100101
111111001111111100
111110011110101010
111100011111000110
000010110000010001
111111001011011001
111111001101000010
000001100000010011
111011100100010111
000011011100001101
111111111110011110
111110110100101100
000100011000010100
111100111010000001
000000000110000010
111010100011010100
111111111001001011
111101111110101110
111100101010001111
000000010010011011
111111110000110010
111101110100110010
000011111010101111
111101100011111011
000001011101001111
111011001110110001
000101011110001110
111011111000000111
111111001010100001
000000011111100100
000010111111101111
000001010100100101
000001010001010011
000001111110000010
111101101100010111
111110110000000000
000001000110101100
000011011011000000
111100010010101000
000010011001000011
111111111011101110
000010001000010011
111111100001001001
000001100010001010
111110101111110001
000010110111111101
000000101110101010
000010101101011100
000000111101101011
111111101001110110
111111010010011011
000011101011010011
111101111111100111
111100111110001010
111110111101100010
111111100000001010
000001100101011011
111110110000010111
111111011100100111
000000001100010011
111110010011111101
111010010000111101
000011110001110100
111111110010111101
000001110000110111
000000111111010011
111110011101110111
000011000011011011
000010011110000100
000001011100010111
000000111100011110
111111110101001010
000110110100011000
000010101101111001
000010010010011011
111111100001010101
111100000011110111
000110100001001101
000010100000111000
111110100101100101
111010100001010000
000000100100110110
111010010111101011
000001101111001001
000001001001110100
111110101000000101
000000000110101011
000001100001001010
111101011011110001
000001010010011111
111110100100111010
111101001000101011
111111110111001010
111101100100010000
000001101110010001
000000011010000001
111111010101100101
000001101100010110
111101101010001110
111100000011011010
111110110001001010
111111110111101101
000010110111110110
111100010011100100
000101001111010111
111101000000101010
000001010111000111
111110101100010110
111110000001100010
000011110101111001
111111111100100101
001000100011110001
111010011110000111
000010000001001011
111100111011000001
111010101101000111
000111110011111100
111110000111100000
111110000001011001
111111111000010010
111110111101011000
000001001100000011
000010100000011010
000001100001110101
000000110010101001
000011101010010001
000000001101011101
111110101001101001
000001100100011100
000010001111011100
111110101010011010
111101110011001000
111111000101110101
111101001101110001
111111001010111010
111110011100101010
111001010000100001
000000000101111001
111101111100101100
111100101101100110
111111110110100001
111011001001100111
000000101010100110
111111100010011000
111101111010001101
000000000011011110
000100110000011000
000011101010100110
111100011101001000
111101101101111011
111110111101100010
111100001111010011
000001100010000000
000010000010000110
000000110101110010
111111001001100000
111110011101110100
111011001000010111
000011110111101001
000100110100010000
000000101100010010
000101110111111100
111101100010010011
000100011011101010
111110101111111011
000010110101001010
000001110101110111
111111110111011110
000000111000110010
111110010110100111
000011101100101011
111110001011100101
111110000011001101
000100001101000110
111101010010000100
111111111000011101
000001011111011000
111011100011101101
000001000101100001
000100110001000101
000001001111110000
111110000110110011
000011010111000111
111011100110000001
111111100001110000
111111010100010011
111111011110000001
111101111001110000
000011100100111111
111010101011110011
000000110001111000
000011001101110101
111101010011101111
111111101010101011
111110111100011100
111111000011000000
000001000000011111
000011001110110001
000001010010001101
000101101000010110
111011001110101111
000010101001110001
111100111110001000
111101010111110000
111100010101011011
111101001011111010
111110110100010100
111010101010010000
000010110110101111
111110011101111111
111010011110010001
111110010110110101
000000010111011111
111101111000100001
111100000001100111
000011101000100111
111110101000111100
111101011100010000
111010000001111010
111110000011011010
111111110101110010
111110000010000110
111110111111111011
000100101000110101
111110100000011011
000001011010011110
000000100011111110
000000111000000011
111111000111000000
000011100100100101
111110110110111010
111101111110000100
111100111110010000
111111001101111110
000010001110000100
000000000010000011
000011010000110011
111111010011100001
111110010101000101
000000101101101010
000001011001101010
000000001111000010
000011011101111111
111111110011011111
111101000000001000
000001010011111101
000000100110000101
000001001001110101
111111010001000101
000001101111001110
111110111011110100
111110010001011110
000001100001101011
000001100111111001
000001100011111001
000011111111101111
000001001001010100
000010000001011000
000001011111101010
111110110010111001
111110111100001000
000001010010101110
111111010011101110
000001111010001010
000000011100100111
111111001001010010
000010000010110001
111110001100000111
111001110000110111
000010011101100110
111110100101100001
000000100001110111
000000001101010011
111101001010010001
000011001010100011
111110111001110001
111101110011010010
111110101101110000
000000001001000011
000000011010000011
000001011001010100
000001100100110110
000010100100000001
111111110011010011
000000001001111000
000111000001010000
000000011110010010
000010000111101110
000001000000000101
111101110001100101
000000110100010111
000010000010010100
111100110011011111
111100110000011101
111111101101000110
000000111000111101
000010000101100010
000000011001100001
111101001101100110
111100111111011101
111110110110000011
111101010101101000
111111000101111101
111100101011010101
111101101100011101
000001001110001000
111100001100001110
000000001110100110
111111011001110100
000000010000010100
111101101111001001
000001100011100001
111111001100010000
000011101100110010
111111100110101010
111101010110111101
000011100010011101
111100011011101101
000000100000000101
000101100110111111
000001000011101010
111110000011001000
111110000100010100
111111010110011100
111111010110010100
111100100110001110
111110110111000110
111110100011101100
000010100101111001
000011010101000011
000001001111010100
111100110010111010
111011011100100110
000001100010001011
000001001000011001
111111000011010111
000000011111000111
000000100101110101
111001011111100010
000010110111101010
000000010010100001
000000100011000001
000001100000010010
111100100011100000
000010011111100101
000100000110011101
111000100011101100
000000111000011001
111111000111100100
000010011101110010
000000011110001001
000000010101001110
111011110100001100
000001110000010001
000000110010001001
000000010000111100
111111010000001111
000001001011101011
111110111000110101
000001111100100010
000100001001110110
000001011010011010
000011001010011101
000000100011101101
111100101010011110
000101000100100100
111111000101001101
000010111001101001
111111110101010001
000000110000101001
111101000100011001
000000010111101111
000001011100111111
111100110001000011
000000110101010101
111100110010001110
000010010000100000
000001100011111010
111110110110111111
111101110001000000
000010111001001001
000000001011110011
000010000110000001
000010111101110111
111111010101010000
000010011011101001
111110111001011000
000001111011111010
111111011011000011
111110001000100101
000001010100010101
000000011010001011
000000111101111111
111101100111101110
111110000001111000
000010110110001110
000011110001011000
000010000110001111
111111111100111110
111101010101110000
111100110111000011
111111111000001011
111011100100001000
111101000111101101
000000010110110001
000000010000100011
000000010111011100
000010001010010111
000001100000101101
111101111010110010
111100101111111111
000010100111101100
111010101001110111
000100010110000110
111101010100011011
111111110110110000
000010000110110100
111110010011000110
111111001001111011
111110010010000100
111110010101101001
111111101011011010
000100011000000000
111101011010011111
111011100000001110
000011000111100101
111010011010010000
111101000011010111
110111111111101011
000010100001001000
000010111100011000
000001001110110110
000000001110111010
111100001011110100
111110111010101100
000011000000101010
111100011111011010
000000101111100000
000000011010011010
000001001000101101
111111011011000011
000000011111111010
000011100110100111
000010000011001111
000001000111011101
000011100110100110
111101110101000110
000000101100110100
111111110000000111
111101111101100010
111110111101110011
111101100000000101
111110001100111011
111111000110010101
111110010011111100
000001001110000111
000001001110010100
111101111110000110
000010010011010000
000010010100101100
111110011010100101
111110101101000010
111110100010101001
111011101010110000
111100111110011111
000010110010011011
000011011000000010
000000101010011010
111110001101110100
111101110000011100
111101111110011000
111100110101011011
000001110100110001
000001010110010011
000011101000001110
111111001010001001
111101011111111010
000100100100111111
111111001101011101
000010110000101111
000100100010000111
000001110110010001
111110000011001011
111011110011001010
111110011101110010
111100000010100110
111101110110000111
000010101101100011
111000011100101001
111110000101000000
111001000111100101
111110011011111000
000011010110011100
111100111100011111
111101010000110110
000000111001011010
111100100110000111
111100011101001010
111111011110010110
000000100110011011
000000010100110111
111101000100111010
111111000110101000
111110010001110011
111101001001100111
000001000001101000
111111111101000010
000001011000101110
111111100000110011
000001110001111001
000001101110011011
000010011111010101
111100111111101001
111101010010101100
111111110100111111
111101010101010110
000010110110010111
111101011011110110
000001000100000100
111110101001101100
000000011000010001
000001111001011000
111110001110011001
111110001001011011
111110011010001100
000000010001010110
111101100011110011
000010101100010010
111110000110010110
000001111001101000
111101100001010011
000000101010000010
000000011101011011
111100110101000010
000001001011110101
000000001111101111
000010011101001010
000001101100000011
111101110100101001
000010101100111010
111011001011010110
000000011111011001
000100101000010000
000100001000001000
000000011011111010
000011011010101000
111110101100101010
000011110011011001
111110011010010110
111001101001100111
111011100111001100
111111011000111010
110111110101011110
000000001111001101
111111111011000101
000000110000011100
111011000011111111
111111100100101010
000011110100000011
000010111010111110
111011101001000111
111100011001100111
000001111101011001
111110111000110011
000100100110000000
111101101100100011
000000110010010000
111110001111101100
000101110011111011
000001000101101010
000011011111110111
111101001101101111
111111001001110011
000001101010010011
111100100011000000
111110100110101000
000011100000111011
111101100000111010
111110011100001101
111101101100101100
111101111100111001
000001000100010010
111111110101100111
111110001100100001
000000110111111101
000000011010000111
000000010100100100
111110000001110110
111111010100001101
111011110001011110
111111100001111000
111100000110011100
111110010010010011
111110110011100000
111110111011101100
000001101011010010
111101111101001110
111111100001101111
111101111011010010
000010000000100100
000011000010111001
000000010100110111
111111000111101110
111111110100010000
111111110110000011
111001011011100010
000100100101001011
111111110010000001
111010011001100111
000011010100100100
111110001101111101
000000000101110100
000001011101111011
111100110011111011
000010100011001001
000010110010100000
000010101110001000
111111100011001011
000011111010110100
000001000001011101
111101011010111101
000110100011110011
000000001110010000
000000010101000110
111101100000111000
000001011111011101
000001111110100000
111111010111101000
111100010100000101
111111100101111101
000000001010010001
111101001000000001
111011110110011101
000001100000110001
000011100011000010
111110000011010110
111111100111100000
111111101101111101
000001011110101000
000000100000001010
111111000100111110
000001010111110110
000000111010000100
000000111011111010
000001001101000000
000000011000011101
111111011001111101
000010001100101101
111110001000011100
111101011101000101
111110001000010100
000000110001101000
111010100011110111
111111100000101100
111110001011010000
111101111010111011
111111001000111001
000000110011001000
000010011100000001
000001001000010010
111110010000100000
111101101000010001
000011001011100101
000000000100110110
000010000000111111
000011000011010000
111011010011010111
111111110111001000
000010010100011000
000000111010111101
111101110010001111
000100001101011001
111101001011010110
000001011101100001
111100101101101001
111110100100101101
000100111100111101
000010101001100111
111111101011001011
000010001011101100
111011011100011010
111111001100011100
111100011110100100
000000101101101000
000001010110110010
000000101011001100
000011000110100111
111101010010011100
111110110101001001
111101100100111011
111011110011101001
000011101101110110
000010100110011010
111110101000101001
111111011110110000
000001100111000000
111110001001101100
111110111110110110
111110000000000111
111110011000010100
111101111100000101
111111010000111010
000010011101101101
000000100000001010
111111000001101110
000001101001000010
111111000110101000
000000101100100010
000011001100000011
000000101111001100
111101111011100011
000010001001110110
000000001010011110
111101100110011011
000010100100111000
000000011111101101
111111101101101100
111101010000001011
111111111010000110
000000111000100110
000000001100011111
111101010010010001
111110011011101110
000010110011001000
111110100011010010
111101111101001111
111111101101101111
000011001001011110
000011010001101001
000010010100110010
000001001110101110
000000101100111100
111111000011011001
111110001110101010
111100001100100100
000000101111110011
111110110101100010
111110111010111101
111110010100011110
000010110100110111
000010001101111010
111110110110101110
000000100010101001
111110010001011001
111010110110111010
111100101100111110
111101100101011110
111111100110100011
000000000001011011
111111100100000000
000101110111100111
000001101010011100
111110100011101100
111101101110100000
111011011101011011
000001100010110011
111110110011010011
111101100000010010
000010110110111000
111111010011000100
111110100001011101
000011111100010100
111110011010100110
111101111011010000
000001111011111001
000000010101101000
111001011011100010
000100011000010000
000010010010011011
000001000011010110
111100110110001111
000000010001100101
000011110011100010
000011010000011011
111110001010010101
000010001100011010
111111000010011010
111110110111110100
000001011110101101
111101011011001100
000001001011001010
111010111100100100
111100001000010010
111000110100101001
000101011011110010
111100101100011000
000110110111100010
000011100010111111
111111001010000010
000001011011111111
000001000111000101
000001010000111011
111111100001000100
111011110001101001
000000000111010101
111101011011001110
111110001101110110
111110011011100010
111111110001010101
000000110110000001
000000010101110000
000010111001111001
000010010010111000
000000100000100000
000001101110100111
000000010000011000
000000110111000010
000001010111111001
000001101001101111
111110001010000101
000011001011110001
111101000100011011
111100111111000010
000010101110001110
000000101110110101
111101001001000111
000010101010110000
111101001101110000
000001001111110101
111111000010110111
111110010010110000
000001110010011010
000010010110010111
000001010001110001
111111000101101110
111110111101101001
111110111110010000
000010011100010011
000001001111101110
000001010110100010
111100000100111001
111011100101011011
000001111110001001
111101110110010101
000000100011111110
111111011100001101
111111000110110011
000011011001001111
000000110011010101
000000011001111000
000010110001101001
000000011000010010
000000111110001111
000010100010000111
111101101010100011
000100000001000111
111110110000110000
000001111111000100
111011101111000010
111110110110100010
110110111001111000
111101001110000000
000001011111111011
111100111111101100
000001001011000101
000000010010110011
000010001010110100
000010110101000010
000001001011001011
000000100000110000
111110010010001000
111010111100000100
000110111111001101
000010111011011111
111010111011111000
000100011111111011
111111011110101111
000011100100000001
000001000100001011
111101110100010010
111011100110110010
111111011011000000
000010001000011001
000001001110111101
000010011111111010
000010000011110010
111101100011100010
000100100001111111
000001000101011000
000001000110101000
111000110100111111
111011100011010100
000101010101110001
000011001110010000
000001100011110010
111101100111100110
000011000101011101
000001111011111000
000011001100000001
000010011101100010
111101000111101100
111101101100001000
