000100100110011111
000011110100111111
111101100111111110
111100100010101101
000010111100100111
000000110110000111
111100011110010100
111111010101001110
111111011010101101
111111010100101000
111110010101011011
111011011101001011
111100101011111010
000000001011101101
111111111011110000
111110110100001001
111111010101111000
000100100100111111
000001000010100011
000100001111100111
111100111100111000
111110010111011101
000001011110100100
000001000111000100
000010001011110100
000011110001110101
000001111011101000
000111100011111111
111100001001011010
111100111011001001
111111110010000100
000010001001001100
111110000000010110
111101010101101100
111101110011010010
000001111001101101
111010011011000110
111100110011011000
111010101001101111
111111101000100110
111111010110101011
111001110000100010
000101101000110010
000011011101011110
111011101011011011
111010101001001101
111101001101010010
111100100101010100
111100010101001010
111101001111011011
111100101011010000
000001001100000110
111111000111111110
000011101100011000
111011101100011101
111011010101001000
000110001011000110
111110001110101101
000000001101000100
111111100010111010
111101101110110010
111111100101011100
111001100101110001
111111011100011100
111101100111000100
000011111111001000
111011101010101000
000100011001111010
000001000010100111
000001010110000100
111111010011010000
000010110111111100
000001000111111100
111111111001110010
111110010111001010
000010000101100100
000000101011100111
000001010111100010
000101001110111000
000011011001101010
000011000001010101
000001010001101011
111100110110010101
111111001000111111
000110000010111111
111110011011010001
000011000100100011
000110110111011011
110111111110010110
000000111011101010
111110111001010101
000101010011001110
111100100110001010
111110010101111000
000001010101000110
000001111000111111
111100000010011011
111100100100010000
111110011111101100
000010100100110111
000001010000101001
000001111000001010
111011110001100110
000011110001000111
000010111101100000
111110100011111001
111010111100010000
000000011100111011
111100011111011110
000010001011000110
000101011101001010
000001111001000100
111110111010101011
000001001100110111
000000011000000110
000000011010101101
111111010001110101
000001111101000110
000001011110011101
000000111011100011
000001111010101101
000000000111011010
000010100000000101
000000111000111001
111110000001110110
000001001111000101
000001111000001010
111101010010100010
111101111100001100
000000100111011100
000000100010001110
111111010110001100
000001011111001001
111111010000110101
000000000100000101
111100110100100011
111101001111110100
000011000100000101
111100011011101100
000001001010000011
111101001011010111
111100111011111011
000010001100111000
000011100001010110
111111111011101010
000000000000111010
111100011100110011
111110011011111011
000010100010111100
000001111110100001
111101011100000010
000001110110010001
111111101001100011
000000000111100110
000010100001101100
000001010010011111
111100101110011101
111100101101010011
000000000010010011
000010000001110000
000001110110110110
111011010101001111
000001011110100111
000011010100010110
111110011010001111
111111011001110000
111101011000011101
000000111101011010
111110010011101011
000011000001100001
000000111000100110
111100111011110100
000010001101011000
000010010110111001
000000010011010001
000000000001110101
000000010011001000
111111111000111101
000100111111000101
111110110110010010
000011011100001011
111111000000000011
000001100100100101
000001011001100001
111110011110100100
111110011001001110
111000110011011010
111101100000110101
000000111110001101
000001101110010100
000000000001001010
111101101011110100
000100001100110001
000001000010101100
000011011100010111
111100111111111010
000000111011010100
111110001011101101
000010000011110101
000001010101100000
111110101100010110
111111100101110001
111110001101011010
000101001100101100
000000111010110110
111101110010100111
000010001001100100
000000011111111100
000000000011010000
000000111000101111
111111101010011001
111100100010101010
000001001100001100
000000000000111100
000001001011100011
111110110110001100
111111111110001001
000010000111100110
111011000010101010
000001010101000101
111101111110100001
111101000001001100
000011000000001010
000001101000110000
111100101010111001
000001011011110100
111101001100110010
000010110001011101
001000010100001100
111111101110101000
000100010101101011
000011101110011001
111110110111111100
111010001111011001
111101001011011111
111101011001001111
111101110101000001
111101110000001001
000100111000111001
000010101001011010
111100000001110111
000010111111001111
111110101001111111
111111110101011100
000001101011101101
111010101100001111
111110111001010011
000101000100000101
111101001011101000
000010101011001100
000010110110100001
111110101111100111
111101010110111100
111101101101011010
111111101001000001
111101011101001111
111100011101101100
111101110011110010
111111001100010100
111110011111000100
111110000010111101
000001010010100011
000000111000111100
000010011001100010
111111010110111101
111110111100110111
000001000110101000
000011011010001111
111110110100100000
111110001011110110
111101011000111001
000100010000010100
000001111101000110
000000100011101111
111110101111010011
111110000100011101
111111100110010010
111100011100110000
111101111101111011
000000101000001111
000010111001100111
111110010111010010
000001011101010001
111111100011110010
000000101111100101
111100011100110001
000011001010100101
000010101011110010
000010111010011100
111110000000110111
000000101000100010
111101000110010010
000000000101000011
000011010011110111
000011100011001100
111110011110011101
000010000011000000
000010111110111100
111111001110101110
111111111100110011
000000110000100110
000000000100011011
111110110000011001
000001000110110001
111110100110010101
000010010110100101
111111011110100001
000010111010000001
000001000000101010
000000000111111000
111111110011001101
000010011011011011
111101101000101000
111110111101010101
000010000101111001
000001001000111101
111111111001101010
111100111101011001
111101111111100111
111111110111000011
111111000101100011
111111001000000101
000001111101011010
111111000010001111
000000100111001010
111100000010110011
000001101101110100
000101001110111000
111111000000011000
111101111100111001
111111111110111010
111101100110110001
000000111110100010
000000110011010011
000000010111110001
000011000010000000
111101010101100001
111111110001000011
111101110010111101
000011011100110100
111011111010110110
111101101000101010
000000000110000001
000010110001101001
111101111100110011
000000101110100111
111100001101010001
111111000110011010
000000011110010111
000010011101001101
000011111001010001
000010010111001001
111100111001000101
000000011100010011
111111000001100011
111110000010001100
111111010101101000
000000110000001011
111101010010111100
000000100011101110
000010001101001101
000010000110010001
111110011011110110
111110110000000000
000010010110010001
000011011100111101
000010001011100110
111111011111001111
000000001100011001
000001000010000111
111100001011101101
000011111110111010
111110000110011000
111111111111011011
000101000011100101
000001001110001101
000010100101010111
000010111011101010
000000001100011000
000001101101000101
000001010101001001
111111010001110101
111100000101101001
111111111001101011
000000111111010001
111111010111000111
111101111110011101
111110101010100010
111110101111101100
000010000111111110
111100110001001001
111110111000010011
111100010000000000
000000001100111011
000011010001001110
000001000110110111
000011010001010111
111101111011100010
111110011000010001
000010001000010010
111110011010100001
111111000111101000
111110001000011001
111011101111100000
111111001010000100
000000110111101010
000000010010001001
000000110101111010
111101100111111111
111111001000100011
000010101011011100
111100111101000100
111111101010010011
111111010111000000
111111000011110001
111111000000001100
111101101110011011
111101010111000001
000010001111011010
000011100001111100
111110001110100001
000000001011101111
000010111111110000
000001001010001010
111110110011101111
111110011100000100
000010011000011011
000011011111011010
111110010111101111
111110110001101001
000010000111010110
000000010101000001
111110111001001011
111110001000111000
111100101010000111
111111110010111100
000000010110100001
000001100001010011
000000111100111110
000101100001000110
111110111101001010
111111000101111110
111011100000110001
000001100000101101
111100101001000100
111110111110111111
000010001011110011
000100101111111101
000011101011110000
000001011001011111
110110011000100000
000000100010001111
000001101010100010
000010101011001111
111100111110001111
111000011011100100
000011000011110011
000000011110101010
000011101000111111
000001001101010110
111011101110001100
111111101010011011
000010110001000001
111010110000111111
111100001010001110
111111010100011111
000001111000100011
111111111110111110
111001100110001000
000001111001110011
111001100001001000
111100100101010011
111101000010111111
000010100010001001
000100100010000001
111111001000110110
000000100100011101
111100010111000101
111010100010101000
111101110101001010
000001010101001001
000011011011110100
000001010110110110
000001101101001010
000010100100111111
111111110001100110
111110111111001011
000000010111001100
111100011011000010
000010101110011010
111100011001101111
000001011000111110
000001111111000010
000000101100100101
111111011111110100
001000000111100110
111111101011011111
111111001100000111
111110001001010011
111101001100110000
000001111100000001
111010011110010000
000000110010110100
000010010110100001
111100010010001010
111110101101111001
111110000101110000
111110001110001010
111110011100011110
111101001010010011
111111101110100000
000000110000100111
111111100001100101
111110011010001100
000100010111100110
111110000010101111
111101011011100010
000100010100001101
000000100001110111
000000010001010110
000010010000001110
000011110100001000
000001011111011011
000001001101111000
111100111010011010
111101001011000010
111110000100011110
000101111001111011
111100011101001101
000011101011000011
111111101000001011
000010101110010011
111110111100001001
111010010001011001
111110110010001011
000000110001111100
000000101100100011
111110001000110010
111010110000010011
000001011110100110
111110101100000011
000000100010101110
000011110111011110
000010101001000000
000100001010000101
111110001110010101
000100011101000100
000010000111110101
111110011100001011
111101001010100100
111111101011101100
000001011110011000
000010111000100010
111100101101110111
111110100111001010
000011011100101001
111101101000011010
111111100110000010
000001000100010010
000010111111011100
111111100010111010
111110101010101100
000011010000001110
111100001000101101
111110111101010100
111010111111101000
111101100001011101
000001001111100011
000000011110011100
000011001000100111
111010110110101000
111110000010011010
000010101110100111
000000000111010110
111111110110010010
000100111001011101
111010110111001000
111111001000001010
000000111000100000
000101011110001111
111100000011110110
111101110000001001
000000110101011001
000110001110011110
000001011000011011
000000111011110101
111011000100000001
111111100011011110
111111010011100010
111101100100011111
000000100000011101
000010110010011010
111110011111100001
000001010111011011
111100010110110001
111011011010101001
000001101000111110
000001100111100000
000010101111101000
000010101101111111
111101000111011111
111011010110001001
111110111100110111
000001000010000101
000000010110101101
000001110101001011
000100100011110010
000010111001110011
000001011111110010
111111010110110110
000000111010111010
000001100000011101
000010010100000100
000000110100001101
111111010101001100
000101100001101010
000010010110001101
000010000000010111
000010011000011010
111101011100100110
000001111101000100
000010101011101101
111111100010101011
111100010111111001
000001110010001010
111010111000010010
000000101011110000
000010101111101110
000001111110110101
111100010100111000
000000011101111000
000001100000101011
000010010001010100
000000000101101010
111100110010000100
000100100011101000
111101101111110001
000001011111100110
111111110010111110
111111110111101101
111101011000011011
000001101000110101
111100100011101111
111111011000000101
000110100000010101
111111111101101101
000000111001100001
111100101110111100
000001010111110010
000001011001101101
000000000010111010
111110000011100110
000011000100011001
111101110111111000
000101001010100110
111111111010001101
000000010010111110
000001001010000011
000101001101111000
000010000100101100
000001101001000110
000011010111000000
111110101100001001
000011000110000110
110101101111101011
000010111001100111
000011101011011111
111100101110001100
000001010000100100
000010001010110011
000000011000111110
111011011101011101
111110010011110010
000001101100100100
111001000110100010
000111111111111110
001001101011010100
111001001101101000
111111011111010011
111111100010111100
000011010010010011
111100000101101100
111010110111000000
111101010000001110
000001000100000111
000000010111011111
111101010100001110
111101000010111011
111110000010000111
111101110000100110
111011100010110100
000011010101110111
111011000111111111
111110000001110001
000000111101100111
111100111010110001
000011100101111000
000010000111111110
000001011100001101
111110011101000000
111110000001011101
000000010101001100
111100110010100111
000000101000100110
000011001000111000
000010100011010011
111111000100111110
000000110001000110
111111111000101000
000000100101110111
111110101010101111
000011110100001100
000001001010000101
000011110000010111
000000111010011100
111100010001100111
111110010010010101
111111000010100001
111100100100111100
000010001000001110
111101110010101110
111100101110100001
111111000011111110
000010010111010100
111110010011101101
000000100011100000
111110101100010110
000001101010111111
000010001111011000
000010001110010000
111010001001011110
000001000111000000
111101111100010010
111110101101010010
000000000010111101
000000011011011011
111101111010010101
111110111111101010
111111000101000101
111110000110111111
111101100001100001
111111100110111011
111011100000111010
000010011111111100
000000010100000101
000010110001010000
000001101010100101
000001001110111011
000001000000111111
111110111000110011
000000001011010000
000010100001010100
111111111010001010
111111001100111001
000001100111110100
111111101000110100
111101111111010011
000000110100010101
111110001001100101
111110101001101110
000100011000110110
000001010011011010
111110110011111010
000001111011011011
000010000101101001
111110001000111001
000001010110101011
111110001110011011
000001011000110001
000000100111001010
111111010110101010
111111101111010111
111111101010110111
111101001001101011
000010001111000100
000001000011011110
111110101101111100
000001101110101001
000001100011110100
111100110101101100
111101111010100100
000010110111001110
111111010011001011
000010001001011010
111100111111000100
111110101000011101
000000110100000111
111110001011111100
111110101110011000
000010101011101101
111101000110000101
111101110101101010
000001100111110000
111111001110111111
000010010100010111
000000100101000101
000000111101101111
111101001001100111
111110000100111100
000010100100001001
000011011011111001
111101101110010110
000001000001111000
000000011010110100
000001011111111010
111101100100000011
000001000101110010
000010110110100010
111100010101101100
111110001010011011
000000001010110111
111101011001001001
000001001000110101
000100111100100011
000001101100000010
000010111010001111
111110110111110001
111111001000000000
111111101100101111
111111100011001110
111110100000001010
111111101000110111
000001010011010100
111111010010100011
111110111011111011
111111000010011000
111100001100001000
000001001100001111
111101000111101100
111100101111101000
000100011010101010
000010111101011011
111100011011010100
000001101001001110
111110101000100110
111111101101011111
000001011011001101
000011110000000111
111011110000000100
111111011100000011
111110000001101101
000000110110000001
111101001011000010
000000110100010000
111110100010101101
111101010010101111
000001110010111011
111111000111001010
111100001100010010
000000011100101110
000010011101111000
000001001101101111
000011111111011001
000000001111110111
000001111000110010
000001010111111100
000010111010111110
111101110101111010
000001010110011100
000001100110100111
000000100011011001
000010011000010101
000011111001111101
000010111101101011
000101000111001111
000010110001001000
111101110111110011
000011010110110110
111101001111010110
111011110110100110
000011100100101101
000011111111001100
111100001101101010
111110100101100110
111010000010100001
111100100011000101
111101110001101100
000000100001110100
000000101011010101
000010010010001101
000000100111111001
000011100110100100
111010101001100010
000000110110110100
111111010101100110
111110000101100100
111111110000100110
111110100001110111
111111110001011000
111110001001011100
000000100100010000
111101110001110000
000000101111000001
000001110001011101
111101011101101111
111110110000011111
000000011100110000
111100111111011111
000001101010001111
000101000000111010
000100011001110011
111100111011010010
000000001111010111
000010101111010101
000010101000110001
111010001101011110
111011000100101111
111100110001100110
111100111100011111
000001111111001000
000000011011001110
111111011110111111
000001000111011110
111011111101110011
000101000010101001
111100110001000110
000010110111100110
111010111111101010
000001010001110100
111111001001101010
111100110111011010
000000100110010000
111110000011001000
000000111100011101
111111101010101101
111100110010110001
111111111100100100
111111100010010101
111101011011100111
111010010101100100
111101111101101110
111110011110101011
111010001000001111
000011001000000111
111011011010011010
111100001100111011
111100110000101011
000010110101101110
000100100010100101
000010011111101110
111111001011010110
000000011101010001
111011110010000101
111101011101001110
111100111011111110
000011010010110001
000001111010100101
000001011010000011
000000010010001100
000001101010011111
111101111000010101
111110000001101001
000100110110001000
000010110111000000
000010110000001010
111101100010100010
000000001011011001
000000101110100101
000010101011111111
111111000001100011
111001100001110010
111110011111101010
111101011010111010
111110010000000001
111010110110111001
000011010011101001
000000101000001011
000000001010010010
111101100111001000
000010111110111101
000001110001001100
000000001010000110
111101110110010100
000011101111110010
000011100001011110
111101000100011111
111100000110100001
111101011111110010
111110110101001010
000011000111000101
000001110010000011
111111111111010111
111110011111010001
000100000011010110
111111010010000011
000000001111111011
000000010111011001
111110010000110001
000001100000000000
111101110100011110
000010000100010101
111111100011001111
000100100100101100
111101000011101000
111101001101101010
111111101011011101
000010010010011010
111101011001011000
111111101000001101
111111101001010010
000001111001100110
111000100011100101
000001011110101001
111111000101010100
000000110100110101
111100000010001001
111111100011000010
111101110110110010
111100111010000111
000010011010011110
000001000101100010
000001000110101011
000001100001010011
111000011111000010
111111001001011110
111101111111101101
111110110110110000
000001101101101010
000001111101111011
000010100100100111
000000000010000000
000000101111000011
000010100000111110
000000111100110110
111111001101010111
000100001111110100
111110100110100011
111111010101101100
000100101110001011
111111000101111101
111100101011001000
111111000111111000
000010010100101111
000010100000111100
000000010100110111
000001110100110001
000010001100101101
111101101011000000
111110010100110111
000001110000110100
111111101010111100
000000001111001000
000000010101010100
000101000000110100
111100111110001000
000000010101101111
111101101010011110
000000101101011010
000001110101110110
111110010000010000
111100010110001110
000000011100000110
111100000001100000
111111110001010000
000010011011110010
000000110011001100
000001011001010000
111100010011011100
111101001010000001
000000101011100110
111101110110001101
111111010000110111
111111010101111011
111011001110001010
111111110001101110
111101100101000001
000101010100001111
111101111001001011
000001011100000111
111111011100010001
111111110001100111
000001000001010101
111011101111001010
000000001110100110
111100001111110000
111110001100100111
111110101101001101
111111110100110100
111110101110011111
111010010011100110
111110011010010110
000010101011111101
000000001110111111
000011110101101011
111011101100011100
111101010100100011
111111111111101111
000011011100101001
111101011010001100
111110000001000111
111011101001110110
000100110011101101
000010010111001110
000000110000110100
111010111101110111
000101011111011110
111111010110010110
000000000111000010
111110010111101011
111100101000110001
111110101111000100
000011101101001010
000011011010100101
111110110000010010
111100010100110001
000001100100001111
000000110100100010
111110010001001111
000101101010011000
111111001100111110
111111110001011010
000011101010010111
111000111111000011
000000011100100110
000001100001011111
000000011100100010
111101001010111100
000000001010100010
000001101110001101
000010101110011100
111011000010111010
111110000000101111
111110001100001000
000011000000000010
111110001101001111
000100101001101100
111110101011011110
111110100101010010
000101011001111101
000010100000011100
111011011101111111
000000001101000001
111111111100011010
000001001000001101
000010110011000101
000010100000111010
111111000110100101
000001100001110010
000001001100011101
000100111001010100
000100001011110011
111110010100110011
111111111000100011
000010101000001111
111111000110011110
000011010101110001
000001001111110001
000000001011010111
111101001110010101
111100111010111011
111111100111010100
000001000001001101
111111111110101100
000011100111111011
111110100111100001
111100110101001101
000000011010110111
000000010010100110
000000101000011011
111110111100111101
000000100010001101
111111101010000001
111111001111101000
111101110101100100
111110100010011010
111110111111110110
111101101100000010
000001001101101111
111011100010000100
111111001000010100
000000111011100101
111101001000001110
000010010000111110
111110111001010110
111001110000101000
000010011110010100
000010101000010010
111111000000001111
000010111110110011
111111000100110001
111111001011100001
111111111111010011
000001001001110010
111110101001010111
000010101110110110
111101011111011011
111110111101101110
000010010100010100
000001011110010111
000001011100110011
111101011011100001
111011000000110000
000011100001110010
000010110101101101
000011001101010110
000000000010111101
111110100011111100
000000100001111110
000001111111001000
111110110110110110
111110010111011111
111100100111101010
000010011010101000
000101100010100011
000000011101010000
000100100001101000
000000101010000000
111111001110100111
111111001001011101
111101001110011101
111100011011101001
111110001000110100
000001000011101010
000001100110001011
000011001110111011
000010001000010101
000010101101100010
000000011111111101
111101100000011001
111111010010001010
111100000001010101
111110110101011011
000001101101110101
000001000111011111
111100100101111101
000001011100011010
111111101100110111
000011001100000101
000001111100001010
111101010001000000
111110100011100000
111110000010100011
111111001000011110
111101110110000111
111101110010111110
000000010100001101
000000110011011000
111111111110001110
111111000001101101
000000010101100111
000011010110010010
000011100100001110
111111100101000101
111110101111101011
000001101000011110
111101100111111110
000000100101010100
000010111011111000
000001101111101111
000010001100001100
111101100111100001
000100000110110011
000110100110011110
111110011100101110
000001110100010000
111101110100010011
000011001000001100
111010011111001011
111011100010011011
111111010000111110
000001000111101110
111100100010011001
000010111101010000
000001000010000001
111111110001000000
111110011010110101
111110010010001101
000100110010000111
000001101011111110
111101000011111100
000010101101000110
000100001100101100
111010000010010001
000000010000111111
000000010101101000
000010000000101110
111110101010010011
111111010001100100
000010011010101011
000001001110011000
111110010111011011
111110100100000010
000001110011100010
000011011010110010
111111110101110111
000100010100111011
000000001100111101
000000100100110100
000001110100110010
000010110001000111
000010000001100011
111110000111110111
000001110010001001
111110101011001011
000000000001111010
000000111011011110
111111011101000001
000010010011011111
000000001101111100
000000100101100011
111110100011000000
111111100001100001
111111001111111001
111110100101111010
111110110101010001
111100011110001011
111101111110010001
000100001100011110
111111001101011100
111100101011100110
111011111100000001
000001111110000011
111110111111011011
000010010100111101
111101100101010011
111110110110100001
000001010110011001
111110000100000010
000000001001101111
000010011001010001
000010011100101101
000000001100001101
000000000110001100
111110101101000111
111111100101010111
000000011000110101
111111001010100101
000000010100111011
000010000111101101
000001100010010000
111101100001011011
000001011100001000
000000010101101101
000011011110001100
111110000111011001
111111010110010010
000010110110011011
000010000001101110
111110101101100101
111110011010101111
111101100110111011
111110001001000011
111111001000001111
111110001000101001
000001100100000000
111111111001110010
111101111010010111
111110000001101000
111110111001110011
111101110011100010
000001110100010101
000011111110101010
000010110001110111
000000111011011110
111011111111001111
111011100111001101
000000110010100001
111101001100000101
000001010011011000
111111000111001110
111101011101010101
000000010011101010
111100011110101111
000010001010111011
111111010101001100
111100110110101100
000010001110001000
000001011110111100
111110001100101101
111111101011111000
000000011001110011
000010100110110000
111111010110001000
000001011011111010
111111010101101100
000000101001100110
111101111010100100
111111101110100111
111101001010100100
111111011100100001
000000001011011000
111101101001101110
000000000011011011
111011110001111010
111110110100100010
000100000001001111
111110000101000000
000001010010011111
111111001001100110
111111001010000010
111110111011001000
111110010100101001
000000100001000011
111011100111101001
111100001111010100
000101000001010111
000010010110010111
000010000101100010
000011001010001000
000100001001010010
111111011100000110
000011111011001100
111110110000001111
000011111111010100
000001100111011101
000010001010000100
111011110000010001
111100010011110000
000011011100011111
000010011010010001
000001100011111011
000000010000101110
111110111011000101
111111000010000000
111110101111000010
000001010100111101
111110011010100101
111101101011110100
000000000111011100
111100110100100101
111101111110110111
111101101100001001
111111110100011001
111101111110110001
000000101000000111
111101101111011111
000010001000010101
000000010101110000
000000010101001101
111111010110110001
000001111101001000
111110010100001111
000001000100010110
111110010000110110
111100010010111000
000011111111101101
000010011110001011
111100111010101010
111111101011011000
000001011110001110
111111101111011011
111010101010010001
111101100111111010
111101001110011111
111101010010001101
000001000101010101
000011111111000000
111110001101111010
000010101010100000
111110000100000110
000000000010111001
111110000000100101
111110110111001111
111101110111011011
111111100010010000
000000110000100001
000000101010111000
000001010011100011
111110110001100001
111101110111010000
000010101000000001
000011111011011111
000011100001011010
000011001001010001
111001010111010101
000000000111100001
111100010011110001
111110000000010000
111101001001111011
111110010011001011
111100001001111100
111111100001010111
000011100100010010
000011101000100001
111001101011100101
111100111111000101
111100100000110001
000101111111100100
111111000111111010
110100100011100000
111111110000010100
111101110111010010
111111111011101100
000010010011010000
000000111000011010
000000100110110001
000001011001000100
111011100110010111
111110111101100101
111100001111111010
000001110101011001
111110011110101110
111000100100100010
000010010100001110
110100101110111011
111010111110100001
000010011011001111
000000001110011111
000101001011001110
111101010110010001
000010000011110000
000000100000010010
111010111110001101
111111110101100111
000001110100101110
000010000110101100
000001101010110001
000011011100000001
000011001001000101
000000011010000110
111010110000001001
111110010001011100
111100101010110001
000010101000000011
111111100001100010
111110011001011110
111110011111001111
000001010110000001
111110110000010011
000000111101011000
000001000001100100
111111001100100000
111110111101100011
000001001110010100
111101011010010101
111110100001001111
000010110001101001
111110111100010010
111111001110011011
111101101111101111
111110110010100100
000010011011110110
000000101111110001
000000111101000010
000011100111101110
111100111110100110
111110101111000000
000000101001001010
000101000001001100
111110100001111010
111110011001100010
000001001100010101
111101001001101000
000000000011000101
111111100100010011
000010001100001000
111111000111000100
000100010100011100
111110011111110011
111101010111111000
111111101010011011
111111011111110000
111111000101010010
111101101111011100
111110111100000111
000010011111001101
111101001100000011
000001000100001101
000011001111100110
000000011010010111
000001001010001010
000000111110011101
111011010000010001
000010011000010000
000001110011001010
000000000001011100
111111110010011111
111111000010110011
111111100100111111
111101011101100110
000000010001011101
000000110011111111
000000110100101100
111100110000000110
111111100000111010
000010111100011100
000010010110011001
000000001001001101
111100010101011010
000011001110110110
000000100110010011
111011010110100000
000010011000011111
111111111010110111
000010011011110110
111110100000000111
000010001001100101
111111100110001011
111111100011011011
111110000110101001
111111101101100100
111110010010111000
111011011110010001
111111100010001110
111101111011111001
000000010011001001
111101100011001010
111111001011000001
000001101100010100
000001111010000110
111011010101110111
111100110111010101
000000011100011111
111111101111100011
111100010011111101
111010011001100100
000000000000101011
000010111111011011
000100110110001010
000000100110100101
111010110000000100
111110000001010101
000000010010100110
000010011101100010
000000110011110000
111110101100010100
111111111011111101
111110001100110100
111001100111000110
000000011010111110
000101000001100111
000000111100100101
000101100000101111
000100011110101001
111101101001001010
000011001110001100
000011010111001111
000001001011111100
000000010100111000
000001111011100110
111111100001110110
000010110001001000
111110010010001000
000010000100000111
000010011010100111
000011011011011011
000001101010010100
000010011000000110
111111000110010110
000001010001110010
111110011000101111
000100001100101011
000000000010000001
000000000011010000
000000100101111001
000000100011100110
111110111110101000
111100001000111001
111100100101110010
111110101000111111
000000101111010111
000001110101011110
000001011101110100
111111111111100110
111101100110011111
000011010110110101
000100010100111001
000010001100011111
111101100010111001
000000000000011001
000001100001001100
000001011100010100
111001101100001111
111101100011100001
111100100000011101
000000010001101100
111101001111101000
000001010110110010
000101111010000100
111111000011111001
000001000111101000
111010100000110101
000000100001100010
000000010100000001
111101001111111011
111001110001101101
111111100000110010
000001010111101001
111111000101110110
111100101010111011
111101000010111101
111101101001010111
000000001101000101
111111000110111010
111110101100110000
111111111011001110
111101000011100111
111101000001110110
110111011110101110
000001010011100111
000000010110010000
111010111110100001
000001110011110101
111110100111010011
111111101010110110
111001100000000111
111101100111110110
000100110110010010
111111010000111001
000011001100111000
000101101101000010
000000110110011001
000000111101101010
000000000100001110
111111110101011111
111011001101101001
111010111111100110
000010101100111010
111111100001110110
111010000101110010
000000111101010111
000011011101100110
000010001111001111
000000100001101110
111110001110111111
000000110000010010
111001001101011100
111000010011010111
000000000011101100
000001011000010011
111111000111000001
111011100110001000
000010011010110100
111110010011111011
000001010100101011
111101111001110111
111110011110011111
000001111010001100
000000101111001110
000000010100000111
000000100110010001
000000000000110011
111111011100111101
000010000100011101
111000011011000100
000100011101110101
111110010001100010
000001101000110101
111100100010111100
000010010010010100
111110001011001111
000010110100011100
111110010100100010
000100001000101110
111011111101100110
000000110010000100
000010011100110111
000011100100001000
000010011111111011
000001000101110010
000010101001011100
111101111010101011
000011001001110000
000010101110010100
111111100001111100
111110110011001110
000001110011000111
000000101001001100
000001011100010010
111101000101111101
000000010011110110
111111010000110100
000001111110000100
111111000011110100
111110111000011010
000001010011011100
111111001101101000
000100001001011001
111101100100000111
000010110000001010
000001101000110100
000101001001110001
111101110100010100
111111111010010001
111101100100011001
000001110110010010
111110011011110101
000010100111010000
111100011010001101
111010010110100111
000010001000010101
111101101011010011
000011001111001101
000000100111100100
000010000001011110
000010011001100000
111101001111000010
000001001010001100
000000100010110101
111101010100110101
111100010101100010
000011100100010100
111111011110111011
111101101011101101
111110101101101010
111111011000100011
000011111001011011
000001110001101101
000010011000111101
111100101001000110
111110101110101110
000001110011011110
111101000101100000
111111101110000001
000010110101110000
000000010001110111
000000010111010100
000010100001011101
111110011111111001
000010010000000000
111111110110011010
000001001010100111
111111101000000110
000100101101110011
111110110011011111
111101010001011111
000000000011010111
111100101010101111
000000101101100100
000100011101010110
000000101010100001
111111001100000101
111111001000100001
111101110011111001
111111001011111011
111101000100010010
111110110001010001
111110010011111100
000010010100110010
111100011101000001
111111000000101000
000001111100100010
111100011010111110
000001111001001001
000000100101010001
111110110101101111
111110001010010000
000000101110110110
111101110000001110
111110110101110110
000010001000110110
000010101111100100
000011100100000000
000000101110110001
000000010110011110
000011110000110101
111101000011001001
000000000010000001
000001010000011111
111011011011001001
000000000001110010
000011011001111011
111111010111001001
000010110001010000
000010110001000110
111100110011001100
111110011011000001
111110111111011101
000000010010010100
000000000110110011
111100000101110101
000000110011111110
111101101110010110
111111011010010111
111111001101000011
000010111011011101
111110110111100100
000001001011100101
000000110101100101
000000001011100011
000001001011001010
000001001110000100
111100010110001000
111111111110100110
111110100111101011
000010111001000101
000001000111110010
000000100111010100
000001100000010000
111111000011010000
111110100100110001
000010011000010100
000010000101111110
111110110100101011
111110111111111000
111111111011111101
111110111100001110
111110101100001110
000100010011011100
000001010000110010
111110110110000110
000100110001000010
000000010101100111
000000110001110000
111110001000100000
111110000010000011
111111100100000101
111101111101000011
111001011001110100
110111001100100011
111101000001111011
000001110100110001
111110011000100010
111101011001110001
111110100111001001
000100011011111000
111100111000010110
000011011000110110
000000111100110100
000000010111100110
111111111010110000
000000001101101011
111100110000101011
111111101001001001
000000110101101011
111111010001111111
000000001111111100
000001001111111010
111011111001100101
111110110001010001
111110010001100000
000000010001001110
000000110010001111
000010000111101100
000011010001100111
111111010011010110
111101110100100101
111101111011111111
000010100101011111
111110111110101011
000000000110100101
111011011001110000
000000001011110010
111101101001010110
111111011011011100
111101101000000111
111110100110101110
111011001000111101
000010111010101011
000001011110011110
111111000111111000
000001010010101011
000000100100111101
000001110101100010
111100100000010000
111111101000011101
000001001100011000
111111011111101110
111101100010100000
000001100101100001
000100000000110010
111100000110111010
000010011010010010
111100111000010010
000011110100001011
111111011000010100
111010111010000100
000101011010001000
000000101000100010
000010011001111001
000000111001110110
111110111001101100
000100110110000111
000000100100100100
111110001101010101
111110011101001101
000000100100001011
000001101110101110
111101110001111010
000010110010101001
111100101011000000
111111110111010101
111101110010111111
111111010110010100
000001010110100101
000001111000100100
000010001101000111
111110110101110111
111110001000011010
000001101110000101
000000010111101001
000010101101101110
111100101010010111
111110011010101010
111100111101000110
000010100011101101
111011001011101010
111101101011001100
111110010000010100
000010101011111111
111101110101010010
000000100100010110
000001000001101000
000011110110000010
111100110110011100
111100101100111000
111100100001011101
111110101111011000
000010101000000010
111010111001101010
111100100100010100
000001111011000100
000001000000100001
000010111001011011
111111011001001111
000010101110010101
111111101110110001
000001011101011010
111100110110101111
000001000000111110
111111000100111100
111101111111110111
111111010101010111
111111111001001111
111100101101000110
111100001001101111
111111010001011010
111110100100010000
111111011001100000
111111000011101101
000000111100000001
000000000101010000
000010000001000011
000011100001101101
111100110111000011
111101100110101000
111101111010111101
111101101110110110
000001111011101010
000000100011111001
111111101100010000
000000010000010100
000010101100101111
111100111110111000
111111001101010011
111111011010101100
111111010000111010
111110111111110101
111111000100001011
111101001110110001
000000100101101001
111110010110001101
111100011001111111
000000000010000101
000011001101010000
000001001001100010
000001010111110101
000001000110011011
111110001001000000
000011000010110010
000000111110011100
111101110100110100
000101001101011000
111100000101110000
000011001010100001
000010100011110000
111101111101001000
111111000010000010
111110101110001011
111100001110010111
111011111100100111
000010011100001000
111101010111100111
000000110001010010
111101110011110010
000010101000000101
111100110001111010
000011001001010101
111111010101100111
111011100100110001
000100110111101010
111110110111101101
111101000101010100
111111011011000111
111111010111000010
111111001110101111
111111011000001100
111111111101111001
111100100001010100
000000001100110000
111010110110000000
111110111100100100
111111101001111011
000010001111001001
111100111011001100
000001111101110111
000000111001001111
111100001010010100
000001010011011111
111110000110101100
111110011111011100
000001110110100111
111110101101011111
111111110011010101
111110111011101110
111111110101001101
000000000010101110
111101101101101101
111011100111111110
111110000100101101
000001001000100100
000100100001010111
000010011011010100
111011110110011100
000011000011010101
000010111011011100
111001100101001001
000000011000101000
111101110110011000
111100101010100110
111111000010101100
000101010000100101
111101000100000100
000001100111010101
000000101011111110
000110111111100011
000100110001011111
000100110101000001
111001011101011001
000001110011001010
111110111000000100
111110110010010110
111110010110100010
111001101010001101
111101110011111000
000010110111101010
111110110000101110
111111001100011011
111111100100101000
000000010010101001
111100001100110001
000011010000110001
000001111011101011
000001100101100111
111011001110111010
000010000100000010
111001001011111100
000001111001011101
000000100000011110
111101101110010010
000000101010101001
111111000011000101
111111001111001100
000000100111010001
000000010011101010
111110100010110011
000010011100011110
000110110110001010
000001010011100000
000101010011011010
111011011111110110
111011011101110011
000000110001111011
111111001101100000
111111110110100010
111110111100010011
111110110110100100
111111011000111000
000011100100100000
000000001110100101
111010111000001000
000000001100000010
111111011100100110
000011010100000000
000000111010001111
000011010010001000
000010101101100001
111101011100100110
000010011110001011
111111111010101011
000011001010110110
000001010000010010
111100100111100011
000011000001110010
111110110011100000
111100000010011111
000001100110001111
000010110010000000
000000100001000101
111101011101000110
000001001110011100
000100011111000110
000000000000111001
000100101100011010
111111110001010000
111101001011000101
111111110000011001
000000100000011001
111101101101110110
111101001011101111
111110011101100011
111110011001100001
111110011010111001
111110100001010111
111110011100010010
111101111000000011
111111100000010110
111111010101001011
111001100100000000
111111000000101011
000010101001100010
000001100011100010
000000011010000010
000010101100000000
111011100001100000
000001010010001100
111011111011000111
111111000000011110
111111111110010101
111100001111110101
111110101100000001
000010100100000011
111101100111010111
000011100001111111
111111010011010101
111001100110110101
111101110000100001
111110100111110011
111110010111111000
111010110101010011
111111100001100011
111110011111001110
000000001010100111
111001100011001110
111110001001111111
000010101001001101
111110001011111011
000110010110010011
111010010001111100
000010000111010101
111110000010110001
111010101000101110
111011000011101000
111011001000011101
000010011100010100
000100010101010011
000010000000110010
000010000010100001
000010010001001101
000001100101101011
111100010011010011
111110000000101110
111111000011100101
000000000100001001
111100011110111000
111111100001000110
000000001110101111
000001101110110111
000000010110001101
000010001001011010
000100111001011110
000001000010110011
111111101010101011
111101010111010001
111111000110110001
111110000001000100
000001100111110000
000010000101110101
111011101100001111
111011011100010001
000000011010101010
000000111001111010
000011010000100100
111101111111110110
000100111110010011
111111110100001101
111001010000010110
111101101111111000
111111111110110110
111011111010100101
111110111001001101
000010110011000101
111101000111001011
111100101101100000
000011100000011110
000001101100010010
000000000000100101
000000110101000100
000001001100110010
111010100110100110
111111111000111000
111011000011100000
111010101001100011
111010001110011000
000001111001110000
000011001010000011
000000101001100100
111101001101010110
111101011101000001
000011001010100100
000011010111101100
000000111110001000
000001000011100011
111111011101101010
000010110101001001
000001111100101110
110111111011110001
000000110010110010
000000001010101011
111101110101010011
111111001000011000
000001100110001111
111101101010111010
111111110010010011
000001100010000001
111110000010110010
111111110101100100
000001111111001010
111110110001011101
000011011111101100
000000000111001011
000100011010011110
000000100000010000
111110100110101111
000001111100001100
111101101001100100
111110110100001011
000010000101010101
000001011010111010
000001101111101001
111101011110000000
000011101000000110
000010011110101010
000000110100000010
111100011100011011
000000010111110011
000010101000110010
111100111011010111
000000111000011011
111100001100001001
000010100001101110
000100110011011011
111111010100000011
000000011010111011
111110001101101000
000100100000110000
000000001110010011
000001011100001010
000011000100011001
000000001101101000
111110011111001110
000010000101110010
111101001100111001
000001011110001000
000010100110111101
000011000001010010
111110001100001010
111101110111111100
111111101001100011
000000100011111000
000010011000001100
111110111100111100
000010010111010001
000001000111101010
000010010110110100
000001100001100100
111101101010100110
000000101001101010
000001010111001001
000011100011011011
111110011001010001
000001100000000111
000011000001101001
111100100101011011
111111101011110001
111101011000000000
000001110000100001
111110000110000010
000011101001000010
000000001111001100
000011100000100101
000001010000110110
000011010011010111
111100111010010110
111111100011000011
000001011110111001
000001011101110001
111111100000111101
111101101100100000
111101101110100001
111100101111011111
000011000001010000
111110011011001011
000010000001011111
111101110100111110
000011111000011011
000010000101100010
000000100011110000
000010000010011101
111111111010010000
000001101111010101
000000110111101100
111100010100010000
000010100011001010
000000000111110001
111100101111000011
111100001110111010
111100010100101011
000011111111011011
111111011010011101
000010101111100110
111111110110000111
111110000001010100
111110101110011001
000000100111110100
111101111111000001
111111011100111000
111011001101011011
111101100000111110
000001001110110000
111111010000100011
000011100101101100
111101110100100010
111110000000101000
111101110010100111
000011000110110111
111110001111011111
111010100100110011
111111100100011100
000001101111001000
000001101111100101
000001100010110001
111010101000001110
111111001010010111
000110000000010111
000010001110111011
000000111001001101
111111110101110100
000001100111010010
111101101010011111
000000100111010101
111010101110101011
000011100001011101
000000110110001010
111111100100100011
000001000000100010
000001110010110101
000000101011100010
000001011011110101
000011010111101111
111100101010001001
000000001110101111
111101010111101110
111111011010010110
111101111010111001
111100101110000011
000001001110011001
111101101010111111
000010100000001110
000001110101111011
000011110111000011
000000010000001010
000001100010101100
000001011000101011
000001111111111010
111011111100110011
000000110111000001
000001000101110101
111111100110001111
111110010011010101
111101100001101101
111111010011010010
111101011111010010
000010000110101100
111101010000100000
111010011000111101
111111010010100011
000010111100110000
111111110111001110
000010111110010101
000100111001001111
111101011110010000
000010000101010110
111111111100001000
000000111101101110
111101000110100101
111111010001101001
000001111010000011
000001010100000110
000011000111101111
111111111000000010
000001001110100011
000001101100100001
111110111100001011
000100110001011101
111101011111000100
000100110011010100
111111110001111110
110111111111110001
000011101111011010
000000101101100111
000010101110011101
000001101111010101
111110000110110011
000001100111000101
000010110101101101
000010001110011001
000101110110110011
111111101000101110
111110110011010100
111111111010001011
111101010001011101
111110111000001110
111001111101111010
000000000011101001
000011011100001110
111111000110111100
000110111010011110
111101010011100110
111011010110101110
111100100010000110
111110111111110010
111101001100000101
111110011111010110
001001010010001001
111110010011110101
111010100000100101
000101010000001011
110010010001101101
111101100001001111
000000011110100011
111101011010111101
000100110111110011
000001100110000101
111101101001010110
000001010001000000
111101001001111110
111101010100111111
111101011111111000
000101111101011100
111111111011111011
000001010101111111
000011111010101011
000001110001011010
111001100001000100
111111101101100011
111110000111010110
000011010011111101
111100011101101110
000011110000000111
111111001110100110
000001100100101011
111111000011011100
000000111000001111
000000011001101100
111100110111111111
000011010101101010
111110111110011111
111111111110110011
111011010101010101
111110111010011000
111111100000100011
000011010110111111
111111011011110001
000000000001111000
000001100011011000
111101001000100111
111110111110100100
000011000001001101
111100100000001001
000011100010010110
111100100010010000
000010001001111100
111111001101100000
000001011011111110
111111000100011011
000000110010010010
000010000101101100
111101111011000000
000011000101001110
000001011101101000
000001111111110000
111101000001010001
111111000011101110
000000001011101111
000000000101111111
111111111001101101
111111010100000001
000001111111101101
111101100010101100
111111011011010100
111111011000111100
111111111011111011
111111101000010011
000000011100000101
000001011000001001
000000100001111000
000000001111001111
111101000001011001
111111011110100001
111110100011101010
111010111101000101
000010000011101100
111100101000100100
000010101110110111
000010011011001100
111100110010100011
000001010000101010
000011110010110100
111110110000011111
000000101100010110
111111110100111010
111111001100110010
111110000011101011
000001011100100001
111101010110101000
000000100101010100
000100001001000010
111111000000011100
000010000001001111
000011000001100111
000001000001000010
000000101101111010
111100000010110100
000010011010111010
111110111110000000
111101101010100100
111100101001111111
111111100110001011
111110000000111010
000010111010011001
111111000011000011
000001110001001010
000001000000100110
111101111101010000
111100101100000000
111100101110001111
000110011111100111
111111101011110010
111110001100001101
000011111000000010
111101101101111100
000100100000001001
111101101000100000
111011111111111011
111110110100011101
111110111101001111
111101100100011001
000001111000110111
111110100001011111
111011010111001100
111101111100001010
111100111001110011
000001101100100010
000101100110111110
000010000110110101
000001011001110111
000110000100111101
111101010000010110
000010000111101000
111101010111011100
000000000110100100
000010000110101101
111011100111100110
111111101110110110
111110101011000011
111101101001110000
000010000100010010
000010010001100111
000001101101101111
000011011011011111
000000000011101010
111001100100010000
111001111010111010
000010101111101111
111101111001111111
111111000111000001
000011101000110111
111111000000000101
000100010111010001
000000011010001110
111100011110110100
111110100010111011
111101000111010010
111010100101111100
111110111011100110
000100011011001010
000111001010010101
111011001111000001
000000011111011110
000101001001111100
000101010101011001
111101001100010111
111001110101110101
111111001111010000
000010001001100100
111101100011000000
111100100110001111
111110110010000101
111101001010011110
111110001111001100
000011011010101100
000110011000110101
111010111010010101
111101111010010000
111101100000000111
111101110000001111
000010111011110111
111100110010010101
111111111011110000
000001010110010001
000100111011000101
000010000101100011
111000110111011100
111111110101111011
111100110000000110
000011001101010111
000100011111000110
111110110100101111
000101010100111110
111101000101101111
000000010011010011
111100100110011110
111111010101110110
000110110001000100
111001011000001110
000001000101010101
111011010001111010
000111001101000010
110110001000111110
111110001110010100
000100110100000111
111100110111110110
111111000101100011
000110010011110100
111100111010110111
111110100010001010
111100111100000011
000000111010000100
111100010101011110
111101010101011100
000001010011000100
111101111001010100
111011110010111000
111111010100000011
000000111011011101
111101101111000110
000000000010111110
000001001110101110
111011110010000011
111111001100011000
111001111010001110
111110000110101100
000010011000110000
111111100010010000
111100110001000011
111110001001000111
000010110000100111
111101010011011001
000000011101110011
000001001100100101
000010101011101010
000010000000100001
000001110110101110
000000011101001011
000011010000100000
111110011100100000
000000111101010010
110111011010010000
000000111011100101
000000111010101001
000010001010011000
000010101100100010
000010000000100001
111110011001111001
000001100110100110
111110011010011001
111111011010110110
111101010111111010
111011111011011000
000010100100011100
000011011010110001
000010101010011100
111100000011100000
111101011101111010
000000010110011101
000010000111000001
000001001111101000
000010110001011000
111101000001111010
111100110100101111
111110010011010111
000011011110100001
111101110001111101
111111011011111000
111110101110010001
000011000000011100
111111100100101011
111110110011010101
111111100110100010
111101011111011000
111111101101101000
000001010010001001
000100101010110001
111110100101111001
000011111100010110
111101010110011111
000001010010000010
111101100110010100
000011101101011100
111101100000011000
000001000101110000
111101110111001101
111100100101101100
000000101100000111
000001101111011100
000000101000010000
000001010100111100
000000000010000001
111101100001101101
111010001101110101
000010001111001100
111100111001000001
000001110101100100
111110011101010001
000011111000111001
000000110011001001
000001011110111001
000010111110100101
111100001010001110
000010110101111110
000000001010101010
000010110100111000
111111101000100111
111110110000111101
000100001011111010
111101011111111000
000000001111000110
111111100001110110
000001111110111111
000001101110111100
000100001001110010
111101011010011011
111110011101111101
000011011100011000
000011110111001010
111100111010100100
000000100111111100
000001011010111110
111111011011000110
111101110011000011
000010100001010100
111110100001111101
000010110100010111
111111110110100111
111110011001010101
111110110000101001
111111011111100100
000001110011011010
000001100011001010
000000100110001001
000010000001101000
111100111011001111
111011011000101001
000000001100101000
111111111110110001
111110100110000000
111101000001100001
111011010000101100
111100101010111001
000010100100111011
111110110110011111
111111111111110101
000000100110010100
111111111100010001
111101100000101000
000010001110000101
000011011001100011
111101100101011110
111111111011100011
111011111000110110
000010011011110001
000001100101111011
111100101001100110
000010110011101110
000000101100100110
000001111100010110
111100011110111010
000011100110111101
111100100010010101
111101100010100011
111111100101100110
000001101000011000
111111101100001111
111101100000101001
000010010010100110
111110101010011110
000001100000100000
000010010010011010
111110011110010110
000010101000011010
111110100101111101
111110101011010000
111111011001000101
000001011010011101
000011001001000100
111111100001100110
111101011001111100
111111110110101011
000011101100100011
000000111101001011
111110011000110011
111110110100011111
111100110101101110
000001000000010010
000010111000110111
111110011000100000
111101111111011110
111101000001000100
111110010010000010
111101011101111100
000010100001101100
000101111110011000
111111100001100101
111111011110110110
000101001011001111
111110010010011001
000010001100010101
000000011101011111
111011111001001100
000001010100010110
111100001111111110
111110101000011010
111110000110100011
111101110110001011
000010000110110000
000011100000011011
111010100101000100
111101100011111100
000010100010010010
000010110001100010
000101110111001000
000110010100100100
000000001001011010
111111001010001101
000001100010000110
000000001110111011
000101000110000111
000011010100110011
000000000011000100
111110111011000010
111101010000110100
111110111110001100
111010010011001100
111111101111011100
111101101111100101
111101110000010101
000101011010001010
000001011001011110
111011010110101000
000100001100100010
111100100011011011
000000110011001000
111011100001011001
111101100001101000
000000010100110110
111110101001011111
000000010110110110
000010100000101001
111010110101100100
000000000110101000
111100001100011010
000001001110110011
000010001011000101
000000110110101111
000001111000110011
111101100001100111
000011100001001110
111001101101111001
000010111111101101
111111100100011111
000001001000100111
000000111001111011
000000110010100000
000000000110010111
111010111001110010
000001101101000011
111010000010111111
111110110011110000
000001000000000011
111101000001111010
111111010101001111
111111101110111101
000000110111011100
000001100101101001
000011000101011101
000001101001100011
000000001010111000
000001110001011111
000010101110010100
000011110110001111
000011111001001010
111100001101000000
000001011011001000
000000010000100010
111111101000001011
111110010100011001
000001110100101010
000100001001001100
000001011011010110
000010010010100001
000011100010010001
111101011010100111
000000010011110001
111011111101000001
111111101100010111
111111100001111100
000000011101100011
111110111101101001
111110011110000110
111100101011001110
000011000100000111
111110011100000011
000010001001011101
000010010000110000
111110100101001101
000001100010110101
000001000000111100
111110000100011011
111110010100101001
111110100110110000
111110110010111001
111111100110100101
000000111011101001
000000001001110010
000010111110010110
000010000101001111
000000000101010010
000011000011110110
000000111100000111
111111110100111100
111101000011110111
000010010110011111
000010001000101000
000101010111111011
111110111000010010
000001010010000101
111101011010101110
000001101001011110
111010101100101000
111011100000100111
111110100100111101
000000110101110011
000000100000000001
111111111011100100
000001101100001000
111101110110011000
000001001010001000
111101111110010011
111100111100100000
111011011100110011
111110110010001011
111110011011110111
000010001011111110
000011111001110011
111101011110110011
111110001010111111
000001101001010001
111111010001010111
000000010001010001
000000010010011011
000010100011011011
000000011011011000
000000011100010001
111110011100100101
000000001100110101
000000110010100110
111110010100000011
111101001111101111
111100110110011110
000010110001111010
111100001100111101
000001110110010010
000011010100001111
111111111111101001
111110101110011011
111110011100010000
111110100110100001
111100110010100000
000010010101100101
111100001101110010
000000100000000111
000010111100101001
000000011100010011
000000011010010111
111110011011100101
111111111100011010
111111111111011010
000010000001011010
000001011001110100
000011110110101111
000011101001001100
111100010111100101
111001010011100101
000001011101000001
111100011010000001
111101001111010111
111111111100110110
000001011101011100
000110110101101010
111111011010101011
000000010011010110
000001000101010011
000001111010111000
000000101100110001
111101011010010010
111111101111101101
111101011111110000
111100010000101100
111100111101100001
111111110101111111
111101011101100011
111110111111011010
111101011111011100
111101110111111101
111110000001111110
000000101011000101
111111010000100001
111100111000110110
111001111101001010
111100101111000010
111100100111100011
111110011101000011
000010111110111110
000000101010101111
000000000111100001
000001001001010000
000000011101111100
000100100101001110
111110111000001000
111110111001011101
111011101110101111
111111010110000101
000001000000100101
111011010010110011
000001001000011010
111110010010001110
111101100110010010
111010000100101101
111101001110000100
111110110101110001
000011010101110101
111110110011100101
000010101000001011
000000111000111100
111011110011010010
111110100110111101
111010110111010000
000000100011100110
000001000110101011
000001110101111001
000010011001111100
111100001011010000
000011010101111000
000001001010011110
000000010000011001
000010111100111100
000001010111100110
000100101111010011
111111010011011000
000001010000010010
000010001011011000
000000011001101100
000100010000111110
111111110110011001
111100001000001000
000011010000010110
111111100100110110
111011101001001111
000010011000110010
111111111100100000
111101001000001011
111101010010111110
111111000100000101
111100000101010001
000101001000001011
000001010011010011
000001101000101011
111100110000100001
111011111000010010
000001010010000001
111110111010101000
111111110100110111
111101001000101100
111011101100000111
000001011110101100
111111110100100110
000011111011000010
000001010101110010
000001010010111110
000100011111010111
000011101111000110
111111111011000011
111101111010001110
111111000111001111
000011000111001011
111011110110001000
111101001010110010
111111110000001001
111011010101000011
000010001110100111
000001110100010110
000000001010000100
000011101001111001
111101110000101101
111110010010011000
111100111001011001
000000011111011111
000001101110010110
000001101100010010
111100001100100011
111101000000001000
111100000111111011
111110000010001001
000011111100110101
111100100011001100
000000100000011011
000100011000011110
111010110110010011
000000101011000000
111111101110100101
111111000111011001
111011010100111001
111110001111111110
111101010110101001
000010000101111110
000011011011001101
000010111110100001
111101100110101011
111101011110011100
111110101011001001
111111111110111011
000001011111010100
111011110011011010
111110110001101001
000000001011000011
000000001011111001
111111001011000011
000000101110110101
000011010011000000
000100010110010010
000000110111111001
000000000111011101
111110110110101000
111101110111001011
000100011110000110
111111011000000111
111011010010100000
111011110010001111
000010100000110001
000001000011101010
111111010000101010
111100011111010000
000011010101011000
000001100100100110
111100000101011100
000001011001100111
111110111110010010
111100101011000001
111011100110000110
111110011101011011
111110010100100000
111101011100010010
000000111100101010
000001000110100101
000001100111010010
000010110101111100
000000001110001011
000011001011000010
111100110011110010
111101111000000101
000000110001001111
111101110010001101
111100100101011011
000000101011010000
111110100100100011
000000001000100101
111111011111011110
111101011110111010
111111010010011110
111101000001011111
111110110000110101
000001111101111011
111111011110011110
000001011101100101
000001100000000111
000000010010000111
111111000001101100
000001010101011011
000001010011101110
111110101100101010
000000010100111110
111110111110100101
000000010110010101
000000110011100110
000010000000000000
000010001000001110
000011110001101011
111111101101110111
000010110001001100
000100001110010001
000001011001010111
000010100110100001
111111110010000101
111111100101111111
111010110101000010
111111111100101110
111011111110100100
111111110101101001
111101101111110001
000010111110101001
000001000011011110
000001010000101001
000001011101111000
111100000101110010
111110010111111101
000000010100110011
111110010100111000
000001011111001010
111111101011100000
000010101111011011
000011100110111110
111111010010001100
000000111011110101
111111010011110001
000000100101000110
000001110010000000
000011011110101110
111110001100010110
000001101011110011
000000101111011101
111101101001000110
000001100000110011
111111100000000000
111110111011101011
111101011111010110
000000110110111111
000001101011110010
111110101000101000
000001100110011010
000000000001111010
111110100100111101
000001011011011100
000010100101110111
000001110001111110
111101101111111010
000011000010010100
000010110111110101
111100110001101100
111101010000101000
111100101101100100
000001110000001100
000001110101100110
111110000101110001
111101111101000001
111111000000101010
111110101011110101
111111010000100110
111111011110001000
111101010010010101
000011011101110100
111110111011001000
111101011001001101
000011011011111111
111101010110111111
000000111000110111
000011101110001111
111101111010111110
111111101101010110
111110101100010001
000000111101100011
111111100110110110
111101001100011110
111100111110001010
000010011011011111
000001100110001000
111100101110110100
000010011000110011
000001110001010100
000011010110110010
000010110011110010
000010000011100110
111100111100011001
000010100111010101
111111111010110101
111111000011110000
111110100010000111
111111001110000011
111100111011100111
000000010100101011
111111110001110100
000001111001000000
000001010111011110
111111010110001110
111110111010011010
111111001001001110
000000000010000101
111110110110100001
000011001011110100
111111100000111111
111100100111101110
000000001010011110
111111110010110011
000001001110000101
111110001010111000
000000101000111100
000001110011110110
111110010111001100
000000001000001001
111110110111000111
111111010011101011
111110101110011110
111101001000010010
000011110110110100
111110111011000001
000011001010110011
000010001100010011
000000010100101001
000001001011000101
000010101101101001
111101100001101010
000001000100010101
000000101010100101
111101011010010001
111100111110001100
111110101011001000
000000010011011011
000000001010110100
000000010001000000
111110000010001100
000000110000111011
000010011001001111
111101010111011010
000100111001110111
111110100110010100
000010011111100100
111101011110101000
000010100010001001
111101101110110100
000000110010010101
000000011001010000
000001001001111001
111000011111001001
000010100000110111
111111000111010101
111111100111101101
111110000110101001
000000001010100110
000011101010110001
000011000010010101
111110000111111000
000000001010111011
000010111011110000
000010100101111000
000001001001000101
000100001101100010
000000100100101010
111101010010111000
111100110001101101
111111001011100000
111101000001011111
111100111111000001
000001001001101111
111011110010001111
111110000000101010
000010011101101110
000001100001110101
000010111100010111
000000000101100110
111110011111011111
111110110000011000
000000011011111000
000010100111110100
000000110011010011
000011100101110110
000010000010011000
111111001000111000
111111101001011011
111111001010110010
111111101101111101
111101001100001010
000000010001100011
111101110000101001
000001000110111011
000010010100011010
000010101001001011
111111110101110010
111101001111000001
111110010000010011
000010011011000001
000011000000011100
000001001010100101
111110001111111110
000010101100001001
000010110111000101
000010011101010011
000011011010001010
000000000101011110
000000101001000110
000011100100010000
111100101000110000
000000111100101110
000010000111101000
000011010010001110
111101010011011111
111110101000110101
000000110011101101
111010101010011101
000000111001011001
000001110111101011
111100011101001000
000001000110101111
111101101111000100
111110101111100000
111101101011010010
111110010000000010
111111111101100001
111110011000000101
000010011011011001
000001000001011011
000100010001011000
111110001100111011
111100000011110111
000010010000000101
111100000011100001
000110101001101001
000100111100011011
111001111011011101
000011101011100000
000011111011011011
111111101011110101
111001111101001010
000001011100010000
111101000011111001
000000001100001011
111110011001011101
111110111100011111
000010111101100110
000000101000101111
000010101100001001
111011111001000101
000010111001100011
111100011101010111
111110100111101111
000001010111100110
000010111100011110
000001010100000001
000010110001011000
111101010111011110
111110010010011000
111010100100000010
111111110010110000
000000111001001011
000000110101110010
111111111101000011
000000001000110011
000010010000100000
111111010000001100
111100000000011111
000010110110111010
000001011011010001
111110001111100100
111001010011011011
111101110000101010
111100010000000011
000001100100001100
000001001100001101
000001011111000111
000001001011101101
000001100011101100
111100110101001110
000000111010111000
000000101111101100
111010111100011111
000010011000001100
000001001000000001
111011011100101000
000010011011001010
111111000100001100
111101110001101110
111110100010001001
111101011100001100
000010000110101100
000000101011111100
000001111111111111
111101110111110001
000011000110010001
000010000111000110
111110010100001110
000100000011001011
111110101111000011
111111001111110100
000000100010010010
111110011011111010
000000000100001111
000010010111100001
111111010110001011
000000100110011101
000010101100100100
000000001000010111
111111111101110011
000000101111000011
111100010000111001
000001101101100101
000100101011110111
111101011101010010
111011110110000010
000100001010001000
111111110001010001
111110000100100010
111011101000110100
111110001000000101
000001000111000101
111101101000110110
111111111011110100
000101001000101011
111111010001000001
111101111010000110
111101011111101000
111110110101001110
000000011110100101
111110001110101110
111101011111111101
111110110101111110
111110101011110011
000001001101001111
111011010011100011
000011010101101110
111101010111101100
000000000101011101
000010111000111001
000001010111000101
111100101010111010
111111001001110001
111111010000100010
111111001100110011
000011001101111000
111100000000100111
111101100011011111
000001101110011100
000000110001011000
000000000001001001
000010010100010110
111010110100111100
111100100010001011
000000111011100110
000010010111011100
000100011011010101
111011010110001111
111101100101000110
111110011101110100
000000000101011011
111101111001010111
000000110100000010
111110100110010001
111111010000100000
000000010111010000
111110110100110101
111100101110111010
111011100001001001
111101001100111110
111110001011110010
000000011011001010
000000000001100111
111100100101111101
111111110001001111
111101000100111110
111101000011001110
000000110101110100
111101110000100010
000100110101010000
000001110101100000
111111001000111011
111110000111100101
000010110010101101
000000011010000011
111101011011110001
000000100010101010
000011000110111110
000100100011011000
000001000010100010
111111000101111010
000010000100111010
000010010001001110
111110100010010011
111010011000100100
000011101101111010
000100000110101110
000001001100110110
000011001100000001
000011010101010010
111111111000001000
000001110010010101
000011101100011111
000000011101100111
111100000001010100
000000001101011010
111011011111000010
000011100110011111
000000001110101001
000001000011110111
000000000000011001
000101011100101001
000011101111100110
111011001000111110
000000010100110001
111101010110101111
000000110011011000
111101111010101100
000001101101111111
111010110101101100
111100101001100101
111111100000001001
000000001111001110
111101010001100100
111111001110010011
000101111111011011
111101100101101001
000001111110101000
000000110111001111
000000010111101100
000001101000101110
000010000000100011
111101100001110011
111101100001000101
111100010011010000
000001010000111111
111111111001100010
111011100110001011
000011100000110101
111110010001101001
111111110100001101
111100000110101001
000000010001011101
111111100001001110
000001000011011001
111101010011100110
111111100101010001
000100001110110001
000011100111001100
000000010011111110
000001010001111101
000000000111110000
000001110000101001
111100010010101111
111100111101010101
000000110011001111
000100000101000011
000011011101011001
111100110111101010
111100001011110000
000011010101011101
000010101011001000
000001001000000001
111011000000010111
111011011000101110
111100001101011100
111110110111001010
111100011110010101
000010110000111011
111111101000010010
111100000001001010
111011000111101111
000000011011001010
111110101111000101
111110101011001110
000011011110111101
111101011100100001
000001000111110111
000000110010101001
000001111110110110
111110110011000111
111110010101111101
000000000101010110
111101101011111111
000011011101111001
000000100001001100
111100001000110111
000011111010111111
111111010010000000
000010000110111011
000000000010111101
111101100000110111
000001111111001110
111110110010101011
000011001000101011
111111010010111111
000000100010000110
111110110001010011
111110000010010001
111111000100000011
111111101101101100
111101010101110010
111111100101000110
111101111101111010
000001111000100011
000010111010111100
111101110010010100
000001011111100000
111110101011110001
000001110000101100
111101101010000101
111011110101011100
111110011100000010
111100110010010100
111110101110101011
000011010100111010
111110100011101001
111101110100001111
000001111000110111
000010101110101101
000010000100000100
000000000011000110
000010110110101101
111101010011111110
111110001011100110
111111110111000000
000000001010011100
111101101100110000
111111000101111100
111110000000111011
000000111000010111
111110101010011100
111111111000011110
111100111101000101
000000110111000011
111101100110010000
000011010011110001
000000001011001110
000000011110111000
111110111101010100
000001010010010001
111111110111010100
000001010010101011
111110011000001110
111110111110010101
111100001111000100
111110010111010111
111110100000010010
111111111000010000
111101100111010110
000000110100000101
000010001101010101
000001100111011010
000011010110111111
000011000010100000
000010000110000011
111101010011111101
111101000010001110
111110110100100000
111111101011110110
111100100001001110
000000101111101001
000000010101011100
111101110111011101
111111111100001000
000011000001011101
000011101100101001
111111010111001011
111110100110101101
000001011001011010
111111111011101011
000010110111010111
111110101011110110
111101100110000111
111111000100010100
000010001110110000
000001011010001100
000001101010001010
000001110011010111
111111001111110110
000011011011111000
111110000000110100
000011010001111011
000010000100010111
000010101101001001
111111010011110001
111101000000100111
111110010010100111
000000011101010010
111110010010101000
111111000011011111
111100110011000111
000000110110001100
111111010100111101
000000000111101101
000010010101110000
111101010011111100
000010000101001001
111110000010010101
000011001111000010
111111100101010011
111011111100001011
111101001100111001
111111100011100011
111101101011010101
000001011100010110
111100011011010111
000000001110001000
000000010010011110
000010100110001100
111110100000111011
111110001001001101
111111000010111111
000001100000110110
000000011000010111
111101000110110100
000010001001010010
111101010101110100
000001101111110111
000001001011110000
000011010001010011
000001011111111100
000010001001111100
111110101011011010
111111000001001100
000010000001001010
111111010011001111
000011100011011010
111010111100101001
000000101100111001
000001111110001100
111011011111000010
111111111011101100
111110011010010001
000001101000110110
111010100010101110
000010100101001100
111110101001100100
000000000110001010
000001110100010101
000001011000010111
111111010011101100
111101101111000101
000010110001010011
000010100011001000
000100000111000011
000000111001000101
111101100010001010
111101000000001011
111100011100011010
000010000110110000
111110010100101000
111110011111101111
111010010111100000
000000011110100010
111100011111111001
111101110111110000
000001001001100100
000010010110010001
111011011110010000
000001001010100011
111111000110010010
000001001111000001
111101011100010101
111101000010011111
111111010111111001
000001011101111000
000011110110011111
000001110001100000
111110011000011101
000000011101111111
111011101000111010
111110110110110001
111111110001101101
111101000011111000
000001111011110010
111101001101110011
111100111000011011
000001101001010001
111110100010001001
000001010101010110
111101100001010101
111111100011000011
111111001110110111
000000000111110101
000010110011000111
111101001100101011
000000110001100100
111101110011011011
111111110011101100
111101111101000110
000010011000001010
111111001111100100
111101100101000001
111101000000101001
111101001001000001
111111010000000101
000000010001110001
111011001101000011
111101000110011110
111101110111100011
111111011010011101
000000111010000001
000000100100011001
111111001101010000
111111100101101001
111111010010011001
000001000101011001
000001000010101010
111101101001101111
111110101110110011
000010101100010101
000001100110010010
111101101111010111
000001111100011100
111100000000100011
000001100001001011
111111011010000100
111110101110001010
000001001101000110
000001101010011111
111100101100000100
000011100000000100
111101111110110100
111100001010101101
000000001110111110
000000000111111100
111110110111110111
000001010101111011
111101101011010001
000011111010010111
000000011110111100
111101101001110010
000110000001111100
000000111110110100
111101010111101110
000001111001101111
000001010111001100
111101001011110111
111111110011010001
000001011011111010
111111011010110110
111110011101101101
111011100011001010
111101110101100010
111100110000000011
111111001110100110
111101101111100111
000101001111111101
111111011000000101
111110011110011000
111111111101110000
111111111111110001
000010001011010011
000001111001110010
000011001011101111
111101001111111001
000001110001100010
111101001010101110
111100110000010001
000011011011100010
000010000110101001
111110001000000000
111101000110110000
000000110101000011
000010110000010001
000010111001111011
000001100101100101
111110110011000101
111011010101100001
000001100001000001
000010111110010110
111011000111011110
000000000101111010
000000110011111111
111111011110001010
000011101111111100
000000111111000100
111110010011110110
000001010110101101
000001101101101100
000011111111001001
111101011001110010
000100110010001001
000001011111100001
111100011010001100
111110101001111001
111111011011011001
000101000000101100
111111110100111100
000000010110000011
111100001001111101
000001000000111110
111111101001110011
111001001000000000
000010101000101000
111110000011111100
111111111100110010
000001110000101010
000001100101011100
000001101001010010
000001110010111110
000001100100010010
111110100101000101
000010111111011010
000010100101010001
000011011100100011
000000010000010110
111100010000000111
000000110001111111
111100010010100011
000001101111010111
000000000011010010
111111100001001111
111101100011000001
000011011011011101
000000001011000101
000001000011101110
000001011100111010
111110001010011011
000010001010000111
000001010010000001
111111001100001011
000011010001010011
111111010110101111
000001011110001110
111101101010001010
000000101010100100
111111010111101001
000011001110111001
000010110110001111
111111000011001000
111110111100011011
111101110111111001
000000110110100011
000000110100011001
111110101010110110
000000101010011110
111100011011101101
000010010111011010
111011101000101101
111101010011111011
000010000101010111
000001011111001001
111001111000110011
111111001110010101
000001010100101010
111111001111001100
000000101011100010
111101010110010001
111110101001111011
111111011010011110
111011000110010001
111101010110110010
111011111110011000
111100100010100100
111111000101000010
000100000111111101
000001001101011000
000010000110000010
000001001010111000
111101100011100110
111101111100111101
111110110000111001
111100111110101000
111101001000101000
000000111011100000
111110111101111000
111111110100111110
111101100110100001
000001110101100010
111110110111001111
000010010110100100
000001011001010011
111111100100111110
111111100011110010
000001100100101100
111101101000011110
000000111010010010
000011000011100110
111010100110010111
111110001110001000
000001100111000000
111110011001010011
000001000011100100
000000111100001010
111111001110011001
111111011000011011
000001001110100010
111101100000010001
000101100111100100
111101101101100011
000001101111101010
000000000000101100
111111111110000110
111111100010100101
111111111101000101
000001101101111101
000001001011100010
111111111111011110
000000111101010111
111101000110110101
111110101010111110
000001101001011101
000010000010010101
111101000110010000
000011010001010011
111101111001110011
111101101001000011
000000011111010111
000010001000111111
111110011011010001
111111100111111001
111100100101101100
000010011011000000
000011001101000011
111110001101111000
111101011010111000
111111101000000101
111101001011010110
000001011000101111
000010111101011001
111111010010111001
111111110001110111
111100101010010011
000001110101001001
000000011101110100
111111110111000100
111101101101110011
111101110000011101
111101100001111110
000000101110111010
000000011000101111
111110111000010100
111101110011011011
111100001100000110
111101100110100011
000000000000010011
000000011010001100
111110011100110111
000011010110101010
111110010011100011
111101010110101011
111101111011011000
111110011001001010
000000100000100011
000001111110111101
111110100001010110
000001101000010000
111101010111000001
000010011110111101
111111100100100110
000001101110101100
111110110100011100
000001101011011101
111110001011110011
111101100111110110
000001101011111011
111110000110111100
111101110010011101
111100101100100100
111111101000110010
111101001010000110
000001011110111110
111101111100010000
111110010110100001
000000101101011010
111111011110100111
000001011111001011
111101110010010110
111110111011101111
000011010101101011
111101100111101100
111110111010000011
111110010011101011
000010110111001001
000010101010000011
111110001110111001
111110001101111111
000000001001010010
111100000001011011
111100110000111110
000011000111000010
111110010010100001
111110110010011000
111101110011000100
000000110100001100
000010001000010101
111101011100001010
111110001010000001
000010001110110111
111110011111110010
111111111111001010
000010011010100100
000001101111111100
000001111111101101
111111001010000001
000000011000000111
111100011100100011
111101100000110101
000011001111111111
111101110111101010
000001000110000100
111100111001010101
111101110010011011
000010110010010011
000001101100010001
000000001110111101
111111100001000001
111100010011111010
111111101000001001
111110001011000101
000000011010111100
111100001110011010
000001010100110010
111111101110010100
111101001100100000
111111111111010101
111110001110011100
000000000101011010
000001001010100000
000010101111100001
111101111001001111
000001010100011111
111100000101000111
111111010101100100
000000001110100110
111111101000100001
000001100111111001
000011000101001000
000000011100000111
111101111111010011
111110100110101000
000011001010111110
000010001100110111
000000011010111100
111111110010100000
000011001100100111
000001011110001110
000000011111100000
111110001000100100
000000011001001010
000000101010001001
111110000100110111
000000100011111001
111011101101100001
000001111101101011
000001010011000010
000001001000111100
111111110110000011
000000110001111011
000010010111000010
111101100110010010
111101000111101101
111110001000001110
111101111010011101
111101011100110001
111101100111110001
111101100010101111
111011011010001110
111101101110011101
111110110110011011
000010000110110110
111110010011100101
111101110010110001
000001101111111010
000001001111001000
000010101111100111
111110110000111010
111101111100111011
111111100011111100
000001001111011010
111111111111100110
000000010011001001
000001011011010011
111101101110000001
000001100010101000
000001101100100011
000010010000101100
111111110110100101
111111101111101011
000001000111011011
111110000101111100
000011101101011101
000010001001100010
111111110111011100
000000000011111100
000000000101110100
000010000010001000
111100100001010111
000010100111111111
000001010010101101
000010001111110101
111110010010011111
000000010010111001
111101111110010000
111101111010110010
111110000001111101
000011000010111110
000010011101011010
111110011100100000
000000111101111101
111110010000110100
111111001111100000
000011110100101101
111111001100110100
111111010111001011
111111111010000011
000001011010111010
000010011011110101
000010000010010000
000000001010111010
111101110110111000
111101111001101100
000000000111011001
111100100011111000
000001111011101100
000000000111010111
000010010101010010
000000110010100000
111110110011001001
000010000010010111
111110101001100010
111111110001010010
000000100001110011
111111001111000010
111101100111111100
111101111001011110
111101111111110100
111101001001111010
111011101010101111
000100011110001001
111111111100110011
111101010011011011
000010011110110101
111110001011010101
111111100001001111
111101001111001000
111100111101110010
111111011010010100
000001000000100000
000001101011111101
000000101101001101
000000001101001010
111111111110001011
111111111010011000
000000110011010100
111111010101011100
000011001011110101
000001011111000111
111101111010111101
000001101100011001
111110100010100011
111100010101110001
111011101111001001
111110001100011001
000000010111111010
000001011000111110
111100110110010110
000010001010000100
111011001001101011
111100101100001000
000001000011110101
111111001110110000
000010110101110010
111110101011011001
000001101111001101
000001100101110100
111101001010001000
111101101100001101
111111000111101100
000000001000110111
111111011010000010
000000001000101101
111111001100010101
111010110001111001
111111000100100000
000000101000011001
111111000100010110
111111011000001001
000000110011001011
111111100111011011
111110100010111011
111101101011101000
000011001001011100
111101110000101100
000011100110011010
111110101101111100
000001000100100111
000000011011011000
111111101000001011
111110001111011100
000011101010001001
000010101000010111
000001011111110111
000010101010011111
111111100011111000
111111000011110110
000001100010000111
000001110100011100
111101100010011101
000000001010100011
111110101111011100
111110000101000100
111101100110000000
000010011110111001
111101010100000011
111101101101010011
111101010010110100
111110101100001001
111101010101110111
111100001101101011
111011011110111111
000001110110010001
111100110011011111
000001011110100111
111111111100110000
000000100101101110
000000011110111111
000010100110000001
000011110011001010
111110111010101111
111100010011010000
111101001100010000
111011101011011010
000000111111101001
000001100110011001
000001111100001111
000000100111001110
000001101110000011
000010111100010001
111111000101010101
111100001010010100
000001110100010100
000001110010101001
000000010111001000
000011100111111101
000000000111110110
000001111100101100
000010010011000000
111100001001001000
111101110111010011
111110111101010111
111110111111111011
111100110101010010
111010011001110100
111101110000001101
000001101101000000
111110101001010001
000001110101001111
000010000011100011
111111100110110000
000100011101001101
000000110100000100
000001000100011100
111100011100101100
000010010101010001
111100000110000110
000010011110000110
000000100111010100
111100010111101101
000010011100111110
000000100001110100
000001010110000001
111111111010111000
111111001011001010
000000111100100100
000000101100001000
000001000101101010
111110111010011011
000000010101000101
000100011010101111
000001010111001101
111101010010111000
000011010010100111
111101100100110010
111110100110110110
000000001000011011
111111010110101000
000001111111010110
000001011101111101
111111001100000011
000010111110011000
111010110111110010
111101110011101010
111110000000101000
000000100111011010
000010111011010000
000000111110101010
111100110001011100
000000001000000010
111011100011101111
111110100010011110
111110100001111101
000000010111010010
111110101011111100
000100010010000001
111101101100100011
000000010010010100
111110010011100111
000010110110110010
111100101100010100
000001000011011000
000001000010011110
000000110110010001
000000000010010101
000001001001110111
000010101011010100
000000011010010100
111101010110010101
111111011000000001
000010110011000110
000001111000011110
111110000010100010
111101000110011001
000010000001101100
000001001110111100
000011001101111111
111101111101000001
000001001001110001
111101010000101111
000011001010100011
000100100000100100
111110001100101100
000010000101001000
111101111001101011
000010011010101001
111111111101010110
000011010001110010
111100010001111100
111100011101110111
000010011010100010
000001100101000111
000001010111101011
000001101101111111
000010110000111101
000011000111101011
111110111010011010
000000100100000101
000000010010100100
111111110101000100
111111101011010101
000000110101000010
000001100000101110
111111000111010100
000010000110100110
111100111111001001
000011100101011001
111101100100110111
111011011000000011
111101011000001100
111101011110000101
000010100101010000
000010001000101011
000000001101100100
000011001110100001
000010000111001100
000001111010101001
000001110011100000
111000101010110100
111100101101010111
111101010101110110
000000001110110010
111100001010010111
000010011001111001
111101100000010110
111101101100001011
000010010000110101
000000011011101101
000000110110100100
111001100111101000
000000100010010110
111100110111000001
111100100110101001
000000110010000111
111100000011010110
111110000011111101
111110011100010000
111111001010100110
000011100000110111
000011111110011110
111110111110011110
111101101111110111
000000111100101010
000000110110101100
111101111100000100
111110101111000110
111101010010010010
111111100100001001
000001011101010111
111111010001111000
000000101010001101
111110101001111100
000000101000010111
111111110101000010
111111010000010000
000001101011101001
000000111110111100
111100011100000111
111110001000111001
111110110000000001
000000010011011000
000011100011010010
000010011101101001
000100001100101110
111101111001110000
111111011000001011
111110011100100100
000000110010010110
000000010011101101
111111001010001011
000000111111100111
000010011110000111
111100001100100100
111111100111100000
000000011011110010
111110100010110110
111101000110110100
000000101100100000
111011000011111101
111110010011111110
111111011001111001
000010100001111100
000000101000001111
111101110000000100
111111111101100111
111111001001100000
111110110100000000
111110011111011111
111101011000010101
111010111101011001
111111000101011110
111111100111001100
000001110001110001
111110011011010111
000010011101110100
000011011000011001
000001101111010110
000011101100001000
111011000011001100
000001000010010000
111100111011101100
000000111011101000
111011011101010111
111100100001100010
000011010011100011
111101110110011100
000000110101111011
000010001100011001
111111010110011111
111111010101001100
000010110100111001
111100011010110111
111110111000101000
111110000110111101
000000000100100010
111110011110110111
000001000100110000
111110111010000101
111111011111100001
111110101110010111
111110110011110010
000010010101010111
000010000010000001
000001010110010001
000001011011010011
000010000101000000
111110011101100100
111111100111111101
111110001100110110
000001101000010111
000001110011000101
000001000010011000
111110011111000111
111111011010010111
000000100100110101
000000001001100010
111111110001111000
111111111001011110
111110010000100110
000000011111010000
000001111010100011
111100110010010111
111111111000101011
111110010100100011
111110110011010001
000000000100111010
000000010010111011
111111011010010111
000000100000000011
000001000010000101
000000111000101100
000010011001110100
111101110100011000
111110000110000101
111110000110011101
111100110011101000
111010100101101011
111100110000000100
111110010111001001
111101001010111010
111110111010001010
000000011111100000
111111001010100110
000000000100010000
000010111001011000
111110010101000001
111111111010011000
000010011011101111
111110000001000000
111100110110111011
000001110011100010
111101011010001110
000010001011100010
000001110001100001
111100111011010101
000011001100001000
111101110010001010
000011111110010101
000010101101011001
000010011111000000
111100111010111100
000001010110110000
000010001011111101
000011111001011110
000000011101000011
111110011000011011
000001001111000010
111110110100100101
000000011010000101
111101000110010100
000010001011110010
111100110000011000
000010100100010010
111101000000111011
000001011001000010
000010011010100011
111110111110111011
111110011100011010
000000100110110110
111110110011101000
000010000110000111
000001001101010010
111101111000110010
111110011001011011
000001111010111110
000000000101001011
111111100111011000
000001010111001010
111100110001101010
111110011001100110
000001100111000011
000010010000010000
000000011001000111
111111110111001110
111100100110100000
000001110011110000
111100111101010001
000000011110110011
111110001000001000
000000010100001001
000000010111100111
000001101110101100
111110010000100110
111101111111000101
000011001100110110
111111011011011111
000000001001000111
111110000101110100
000001011000000010
111111111011010101
000000000101110011
000001001110111001
111101111001010000
111110101010101001
111111010111101101
000010000111101000
111111010100010110
000000100110100001
000001000101001010
111110000011101111
000010100001111010
000010101111100000
000010110011100011
000001001011011110
111110010100000010
000010010111101110
111101001110110101
111111110010101001
111110111101011001
000011101010010001
000001110001101010
000000010000111111
111100111011101101
111110110101110001
111101000010010011
000011001000111011
111101110011100001
000000000100110001
111111101111110110
000010010110111001
111111111011011111
111110110000100001
111111011111001011
000001110101101100
000001001000010000
000001100110111101
000001001101001001
111111011101001111
111110000110000001
000000010100100110
000011100110000001
000100001010010100
111101011011110111
000001000110000001
111011011111110111
000001100000111110
111110010011000010
000001101111011100
111110111101010101
000000011010101001
111111110011110000
000001000011111000
000001100001100010
000000101011000111
000010100100001111
111111100010010010
111111001111111000
000001100001001010
111111001110011101
111100001100110111
000010010001111011
111111001001100010
111101101000100101
111100000011111011
000000110110011000
111100111011111111
000001010111110100
111111100011101100
111101000101011011
000001001100011111
111110100010111110
000000011001011101
000001110101010000
111101111010100010
111110011110010110
000000111101000111
000001001110110101
111100111000110000
000000100111110011
000010000011010110
000000011101000100
111111101100010001
111111010010110010
000001101010011011
111011111010000110
000010010101010110
000010001101110111
111111000110010100
000000000000110000
000001010111110000
111101110000000100
111111000010001000
111110001010101110
000000001010101100
111110010001111010
000000000101001010
111110100011101100
000010111110100101
000100100100001011
000001000111111010
000000011001110001
000001101010110000
111100010111111000
000001111000001001
000010000001110001
111100111001000010
111110110010011101
000000110110010000
111101101010110000
111110000010001100
111111010110111110
000000001000111011
111011110110110000
111101000101110000
111010110100110100
111111000111110110
111111001010010000
000000011100000101
000000000011011010
111111011100111101
000000101010010001
000000110101101111
111111101100101100
000001110111011111
111110110011111101
111111100000001110
111110000101000000
111101101100111010
000000101100011000
111100000001001010
111110011110010101
111111100101011101
000011010101111110
000001110100011000
111111001011111001
111011111001000010
111100101111011001
111100101110100001
111110000001011010
111110001100000110
111110100010101110
111110011011100101
000001010000101001
111011110000111011
111100101100101010
111000111100110011
111100110001000110
000000000111011001
111101111111110101
111011110000111010
000011000101010101
111101010001011010
111111001100000001
000001000010000001
000011000011111000
111101010111111101
111101111000011001
111101101100111100
111111101111000010
111101111110110001
000000010010001100
000010111100001100
000010011011010111
111111001011001101
000001010110001101
000001010010001010
111100100000010001
000011111100011100
000000010000100000
111110110101101111
111110101000111100
000011011010100101
111110000100100100
000000110110000101
111100101000010010
000010100000000001
111110110001111111
111100110100010001
111111000001010000
000010000110001010
111111110100001101
000000111100010111
000011001000111000
000001100100101100
000000100010001100
000010010110110110
000001011010101100
000001010110100100
111101011000101111
000001011101101111
000000101100110111
111101101101000110
111101100111110010
000000011100111100
111111101110110101
000000001000100010
111111101011001001
111111111110110010
111110011001000010
000011011001000101
000010100110001000
000100000000110100
111110111010001100
111110101001111001
000011010011000100
000001000010000000
000001001000011010
111101110000001101
111111111001111100
111100111111111000
111010111010110101
111110001111111110
000011010100100001
000001011101001100
000010001111010000
111101011110110011
000001000111010101
000010010110110011
111110110001001100
111110111000010001
000000000101011001
111100101110001000
111111011100101111
000000100011000010
000001001111010100
000000001001001111
111110010000011010
111100010100111110
000011001011010011
000010000111010111
000001011001110101
000010100010101111
000011001110111110
000001011101000001
111111001011010100
111101001111001001
111110100010111100
000001010001010100
000010010000110100
111111011000001110
111110000000101111
000000010110101111
000000010010011100
000001110001011111
000001011001100110
000010110001100000
111111110001000110
111001001011000011
111111001010110100
111111111100010100
000010110101000001
111110101111111010
000001110011011011
000011110101101011
111111100110010011
111100000000110001
111110101011010101
111110110110110100
000001111111100011
111110001001101010
000010110001000101
111100100111111010
000001001000100000
111100110010111010
000001011100010100
000110110000111011
000000101010100111
000001110010101111
111101101110101001
111111101100000111
111110101000100110
000001001011011010
000001101110111001
111110101001111101
111110101010010110
000001101000001010
000011011110001101
000001101011110101
111110011000000010
111111100110111011
000010011111101100
000000101100110010
111101111100000110
000000011101011000
000001011111110111
000010000100011101
000000111101110011
000000110110111011
000001100001101010
111110011000111110
111010100110101001
000000001010110100
111111110010000100
111110011100111101
000000011001001011
000011010110100100
000000000001001001
111010000100000101
000101010100000001
000011011100110111
000000011000011111
111111010011001110
000010001100101111
111110101110000111
111110101110010111
111110000100111000
111011101110001100
000001101001101011
000000100000101011
000001101110111001
000101010001110011
000000011001000101
111101100110010111
111101001111111001
111100010101111111
000001000101000011
111010000001011100
000011101110011010
111111100101110100
111101110111000101
111101000100010110
000100011111111101
000010000001100001
000001010110010101
000010001110101111
111111010111110100
000010110100101001
000001011011100010
111110011111100100
111100111000001101
000100011010011100
000010100011010100
111110111000011000
111011000100000010
111110110000101101
000011101001011010
000010111101010000
111110000111011011
111011100110011000
000011100100010011
000001010111110100
111111011101110011
111110000011100101
000001010011000010
111110011100011000
000000001000111000
111110010000111110
000000100111101010
111110111101110010
111111011001000000
111111110001001110
000001011111001001
111110000101110101
000011001110100110
000001101101111100
111101111001011110
000001101000111111
000001000001000100
111101010111110010
000100011101101101
111101001011110010
111111010101100000
000010111111100101
111101010111011000
000011011000000000
111110111110010100
000000000101111001
111011111100010011
111111101110100001
111110001000001011
111100011101101010
000011100000010111
000001110110000011
111110100101111001
000000001110101001
111110110110100100
111111101111111000
111101111101101000
111100011111101111
000100010000100000
000000000110110100
111100001011001101
000001101011101010
111111010111101011
111101000011110001
111111101110110111
111110001001010000
000000011000101100
000000101100101010
000000000100011110
111100101001100000
111101100011000000
000001010100011100
000001001010001100
000000001100111101
111011011101110110
000000101101100111
000000001100011000
000001101001001111
111101100111010110
111110101000110010
000000110000110001
111011111101110100
000010101111101001
111110000011011000
000010011001010000
111111110101001000
000011010011000111
111101111111000100
111100011110100100
000001101011110101
111111000100101011
000010011101010111
111111110011101101
111100101111010111
111110010100011101
111100110001111100
000001101001011001
111111000001001011
000011101000000111
000010101100001101
000001101011011010
111111001101010110
000001011011011000
000011011101101000
111100110110101111
000010100110010010
111100111010100001
111110101001001001
000010011101110101
000000111110011101
111011110011011101
111110110101110011
111010001011111001
111101101011111000
111111000011101011
111010110111101101
000011011111011110
111111100100000100
000011001001101100
111101101000011100
000011111110010001
111100100010000110
111101101000111011
111111111100010101
000001011110000100
000010100110110010
000000111010110000
111111101110100111
000000010000000110
111110101001100111
111100100100011000
000000111000011110
111100101011010011
111101000001000101
000001110100011111
111100110111101001
000001010100010010
111111011101111011
000010110100111011
000000111011000110
111110100101010111
111100010111000110
000000110001001000
111101100011010101
000000001000010110
111101001001000100
000010000001101000
000010110000110001
111110010000000001
111110101111100010
000011001101010110
000011101011011101
111010111100000000
000100000101011110
000001111101111000
111110111010100111
111100110011110100
111101000101011010
111111101101011010
111011110010001011
111111111110100100
111110111111000111
111100100101001111
000011100110001101
000000111101101110
111110000111000111
111110101001011111
000010111010010110
111011110100100101
111100111111001000
111111111010010011
000000111110101011
111110011111111001
000010001010001110
000010100101001111
111101001110110100
111111001000111011
000000001101011000
111101010110010101
111111011000101100
111011111010100110
111100000100011101
000000111110111000
111110100000000101
111101111000001000
000000001100001001
111101101001101000
111110010110010111
111111111001010111
111100101110000010
000000001011110110
111110001101010111
111110101100110111
000011110010111100
111110001000110011
000010000011101100
000000100000010100
000010001010000101
000011001110110111
111111100100000010
111111101101010010
000000110100101011
000001110011110101
111111000100010010
111011000011101000
111100100011110111
000000000100101100
000001100011000100
000001010001110101
111011111110011001
111111110111110110
000001111011100111
111111000011101000
000010110011011100
111111001001110011
000100100011100000
000010110010110110
000011001011110100
000000001110010000
000011011011111001
000001111110111111
111110101110011010
111101101000010001
000010001100000110
111110110111101010
000000100010101011
111101001010111010
111101010110111101
000010011101101100
000001010010010011
111111000000111000
000001110100001011
111110011010001001
111110011101000100
111111010011100111
111111010111011001
000010101011110101
111110010010101111
000001101100000111
111110111011100100
000000010111010001
111101000011001001
000010100000011010
111110111110011110
111111101010111011
000000111000111010
111110010011011100
111110111110001110
000010101000010111
000011100111110001
000001011011011111
111110010101011111
000001111110011011
111110100010101000
111101010110111010
111111101011001110
111111010111000000
111110100110010001
111010101110110010
111111001001001010
000010011111111110
000011110001110100
111101010010101000
000000111100100111
000001010111100011
111110010001010000
000000101010010001
000000000101100011
000100111011110011
111101000110100001
111101101111001001
111111001001101111
000011010101101110
000010110001000010
000000110110010100
000001101011001110
111011111101100101
000001011110111100
111110101100101100
111111100000110001
000001110111000110
111110101101111101
000010111101101110
111101100100100101
111111110101010101
111111010010111011
000000100011101011
000011111101001001
111100100001101010
111110010110011110
111010100100001111
000011111111111000
111101011110011010
111100101000110101
111011011000000001
000000001101010110
000010111010001000
000000000101101100
000001101001101110
111111100011011101
111110111011011001
000001101101110100
111110010100110010
111111100010000001
000010001010001110
111101011000001010
111100010010011010
111100110101111110
111100111101011000
000010001001101110
000000101110001001
111010010011111000
000001110001110101
111110111011010111
111110001011111010
000010001100000011
000011110000110110
000001100000100110
000010000111011011
111101100101001100
111110101100011010
000000010011101001
000010000111100111
111110100001000110
000011000000101101
000000000100001101
000000101000111110
000001011001010001
000001000010111111
000000001110011001
000000000000001011
000001101010000101
000000110101001101
000011010001001110
111110111010100000
000001000010011011
111101001100100100
111101011001010111
111111101111000111
000000111011110110
111110101000011011
111111001010011111
000000110111110010
000001011010111111
000000001000101110
111111000011011100
111101100011001000
111111101111111011
111111101110010010
000000001101100101
111110001110010100
000011011010100111
111110000101010100
111101101000111100
111101100101110110
000001110011110101
111110010100011000
111100100001010110
000001010000011101
111110011010001111
000000001111001100
111111100111000111
000011010100010111
111111100001000010
110110101100111110
111111011010111100
000001110000011101
111110010111111000
000000011000010100
111111110100111011
000101100100111011
111110110000100111
111111010100010001
111111010001100111
000010111011101001
111110100000110111
111111011000110000
111010110000100100
111111001110101010
000001111000011100
000000000100110000
111100110010001001
111111100000111101
000010001100011110
111111100011101110
111100110010001101
000011001111010110
000010100111110110
111101010010010110
111111110011100100
111011101010100111
000001110001111000
111101111010100101
000001110011100101
000010010000101101
111011101110000100
000101011000101010
000000000110101111
111010101100110110
000011111000001000
111110101001111011
111101011110100100
111110011111111111
000101100010000001
111111001110001010
111100010100101110
000000110001000100
111011001100100110
111100101001010000
000010000001011101
111100001100001000
000100010110010000
000001001010110111
000000000101101111
111101011001100101
000000011011110100
000000110101100010
000000110001001000
000010101001000001
000000110101000110
000001010011011110
000010111100111101
000010100011001111
111110110100011000
000010101001001100
111111100100001111
111110010110011000
111110111000110011
000100010011101010
000010000000000100
111100001100100111
111011110001100111
111111011100010011
111100001000101010
111010100111010000
000000101110000110
111110110011101111
000000001111010001
111111010110111010
111110000010100001
111100100101110001
000100110110111100
111101001001110100
111101111011011111
111100001100101010
111100101010111101
000000010100100000
000000110001111100
111101101010100001
000000111001001101
111111100110111111
000000001101001101
111110101100011111
111100111110011011
111110011111111001
000000111011010110
111111111101011000
111100000111010111
111101101111101000
000001100101010011
000011110110101010
000001001010001110
111110100001001100
111111110000111111
111110011011111111
000001010101001100
111100010011011001
000000010100100010
111111110000111011
000010100110111111
111110111011110011
111110100110000010
000000011001011111
000100010110110101
000001110110101001
111011111010101111
000001101001000001
111101101010110110
000001011010010001
000000110111101010
000000101011111100
111101010000111100
111011110111101111
000010001001100000
000011100001100010
111011101011110000
111111011001000010
000011000101111111
111111100110001011
000000011100000110
111110110101100001
111011010110100101
111101001010110100
000000000100001000
111111010101000101
000000010011111001
000000101001101010
000010101111101111
000000001100000010
111111011111100011
111101100000101010
111101100110000111
110111000111111011
000011110011100010
111110111000010011
000011000000011000
111101001110011001
111111101011101001
000011000010001000
111101001000011100
111110111011101000
000001001011010100
000000001111000010
111101000101000010
111111110001111100
000001100011010101
111101001111100111
000001001001001010
000010100010010000
111111100100110111
111101001100111100
000001100110100100
111111110000000100
111110000100110100
111110000100000100
111110000111001000
000010001110001011
111111101111111101
111101111001011000
000000011100011000
111010000001110101
111010001101100011
000000010101111011
000001000101010111
111111011111100000
000000110111101101
111111111111011101
111111110110001010
000101110010110111
111010010110010011
000000001100110011
000010000101001100
111011100011010010
111100011001100111
000001001000001011
111110100001111001
111100000100011111
000011000010011110
000001010111100111
111111010000101101
000011001100101110
110111000010001111
111101000111000101
000100010111010111
000011000001100111
000010010110111110
111101101101000001
000001011010100001
000110000010000000
111111101011010110
111011100000111111
000001001100011101
111011110111101001
000001010101000111
111101101111110001
000010111101100001
000011001100001111
111100011100111010
111101001010000100
000000100110010001
000011110111110010
111111101010110110
111101101010000000
000010001001001000
000001110000001100
111100010111110100
111100001101100101
000100110100001101
111110000000100001
000011001100110110
000001111110100010
111110111010101000
111101100001111110
111111010011101001
110111111111001010
111101011100000010
000010100100011100
000000100001100101
111111110011110101
000000010000111101
000100111001101101
000010011011000000
111111100100000000
000000001110001111
111101110110001110
000010100001100100
000001110001010001
000001011001010010
000000101100000111
111001101000010011
111100110111000100
000010101001011000
000001111101011100
111111111110111001
111110010001101111
000000101110010111
111101111100110101
000001010011110011
000001011000010100
000100000010110010
000101000100011101
000001001110001000
111100111011101010
000000111001100110
111110010101001000
000001010011111100
111101111101111011
000011011011111010
111111110010111111
111011100001101111
111111101100101111
000001111100111000
111110010110011001
111110110010011010
000000000111000110
000001101101101011
000000001100110111
111111000110111101
111011011100100010
111111111101011000
111010110100011011
111100010100001100
111111101111110101
000010001110000110
111100111111001011
000011011111110110
111101001101111110
111100111100000110
111100011000001101
000011101001101111
000011000101011010
000011110100100110
111111111110111000
111110010001010001
000010110000100000
000001111011111111
000100001111001011
111100010111010110
000010011110100100
111101101011111100
000010010100110011
111111101000100000
000011110100110101
000001001010111000
111011100111100101
000010101010110111
000011000000010011
111100111011100111
111101100000001111
000000010010000011
000001111011010000
000010001111000100
000001110000100100
111100100010111101
000010100000100110
000001111000100000
000010101011111010
000001000011001011
111111100110011111
111111001011110000
111101101100001100
000011101001010111
111011111101101111
111101000111111110
111111111001011101
111111010100110110
111101100010100000
000000110001011110
111111110111110100
111111011001001110
000000100101111100
111100100101010101
000000100110111000
000010110101010100
000001011001110101
111101101010110001
000001101000101011
000001000100111010
000010111010111100
000001111001010011
111111110100110101
000001100100010001
111101000110101000
000001011011110000
000010100010110001
000010001011100011
000010111110011001
000000010100000000
111111000100100100
111011101001101101
111101001000010011
111111000101010100
000001010000010100
000001100010010000
000010011111001001
000001001010011001
111101000110101001
000000000011011100
111110001100110111
000001001011001111
111110100000000010
111101001110001011
000001101101000101
111011110100001011
000011000111010100
000000110111110100
111101010110111000
000000001000000010
000000111011001000
000010100110110011
111111100111001111
111111001100010110
000000111111110011
111110010110100000
111111000111011111
111110001001100110
000000100100011110
111011111110110000
000011010111101110
111100101111000011
111110101100100110
000000010011010000
000000110011001010
000001001000011100
111101111000101001
000001010010011001
000001100100000110
000001001110111110
000001110010010011
111110001000111111
000000101101101010
111101011001000110
111111100111000001
000010100010101110
111110110110101100
111110101000011000
000000000101110011
000000010000111110
111111101011111010
111100001101001010
000000000000111110
111101101010000111
111011011111101011
111110100011111011
000010101110110010
000001101111010011
111111011110110010
000000111010111001
000001110111101101
111111001100101001
000010110110111101
000011001000011010
111111111101011110
000100100100100101
111101001110011101
000001101110111000
111110100010101101
000001100111010000
111110100000010000
000011011100011010
111011101100111101
111100110011000100
111111111001010001
111110011101100110
000010101100011110
111110010000001000
111110111010100100
000001110110001000
000010011011011001
000100001110111001
111110011010011001
111100011011110110
111101011001111111
000000001100000111
111100110001111110
000001110101111111
000001001101010110
111101000100100001
000010000110100011
000011101100000111
111101010000011101
111101000111001111
000001010001111001
111111001000010100
000001100011000011
000011111000010010
000010001010100110
000010011001101101
111111011000101110
000010000001000110
000011011101110101
000101101101110010
000000001001011001
111101011011000000
111111011101010100
000000000100111100
111111100110101100
111101100011001110
111000101100111011
111111110011111001
111100000001101010
111110001111000100
111100100101011101
000000000001011011
000000000010101110
000101011100000001
111111011110110001
111010011000110000
111101111101100101
000010001100001110
000001011100010011
000101100001000110
111110110000001001
000000010100011111
000100010001000001
111011010011111000
111111111000001100
000011010000101001
111110110010011001
111111000111110110
000001001111011001
000100110110001111
111100111011101101
000010100011000100
000010010001010101
111110111101110000
000011001010110000
000000011010011010
111110101111011001
000001001111001011
111010101100111010
000000001101110110
111100010100001010
111100000101110111
000001011010011111
111111001000110111
111101110010010111
111111000111011110
111000101000001111
111011111010000000
111111111110001011
111010100100000101
111111010000001101
111110101011111000
000000011011110010
000001100101010111
000001010100000010
000000110011110011
000000111011110001
000001111000111011
111011100011111001
111110101011110111
111101011000110101
000000110101000110
000001111101110000
111111111010011111
111111101100111100
111100000011000100
111101011110000010
111100100101000101
000010110010010111
111110001100111001
111110111010000000
000001110000101111
000010101110100001
111110110010011100
111100010010101011
111100011111011001
111111100110110101
111110001000000100
111100010110110001
000001001110111011
000001110111101011
000000111110001011
000010110110011110
111111001000111001
000001101001010001
000011111011100101
000001010111001101
111101100101011111
111111001101101000
111110100000001111
000001011000000111
000000111001000011
111110000100001101
111111100011101111
111110110001000001
000100101111100000
111101001101000110
000001010100110111
000001111111010010
111110010111101001
111110110011111011
111101011101111000
000000011010001001
000010100111101100
000000110101010010
000100001000000001
000001100001110010
111111010011000101
000000010001000111
111110100000001101
111111110010011011
111111000111011000
111101001000000010
000010111101010000
000001101111011001
111100111111011110
000001101101110011
000000010010000101
111100010101101000
000000011101111011
000010101111010000
000001111110110110
111100111000011001
111101101011001101
111110100110111101
111111111111001101
000000011111101001
111110011001111000
111110111110111110
111111100011100011
111101101111001110
000000000010000000
000000010001000000
111110010011110001
111101010101111010
111110100101010011
000010001110110111
111000101110110110
111101100011010010
000010110110000011
111110111100001110
111110101010100011
111100001011110011
000000101001011010
000000000110100100
000011000110000001
111010101010110001
111111010010001111
000000011010001001
000011100011000111
000000100110010110
111101110011101111
111101010000110110
111100111110101101
000001000100001111
111110001101000110
111111000010010100
111111010111110100
000000001001011100
000010110001101010
000011000011011010
111111000110111000
000011001011111101
000011101110011101
111011100111011111
111101101100110101
111101011110101000
111011000110110100
111101100000100010
000010110011101111
000011000101110010
111101110001000111
000000001100010111
111011101000100110
000100001000001010
000000110111010101
000000100011000111
000011011001000001
111110001110110010
111101000011011100
000000001111100110
111111001110010011
111101011000001110
111110011100011101
111101111111101100
111110000000010000
111110110110001011
111100110100001101
000000110011101101
111100101001010101
111111011101010001
000011011100111101
111101110010000111
111110110100111001
111100011001011010
000011011100110100
000001110110011100
000000100001001011
111101001010110111
111110110101001000
111101011010001011
000011000000011111
000011010111101110
000001100100100111
111011101110000011
111101100001010010
111101000010001101
111111011101100111
111001000000110011
000100011000110110
111100100110100101
000011000110100110
000010011001011101
111110101100001110
111111111100010000
111110110100001000
111111100101011100
111010101001001111
111110010000110001
111110001111110010
000001001110110110
000001000100000101
111111011110001011
111110001010010011
000000110000101000
111011010111000010
000001111111010000
000000010100111011
000000110111111000
000100010110000001
000010101001000100
000000110001001011
111110001000001011
000000101001001110
111100100011010101
111110000100111111
111100010010010001
000110000101001000
111010111101000110
111110001111101000
000100101100110001
000001011001111011
111010000000111010
111101110110100110
000100100001000101
111101100010110100
111100100101110001
000101000101001001
111101111011000100
111110000000101110
000000000000000001
111110011011111100
111111100101010011
111101101100001001
000010110011010010
000001101010111011
000100001111011001
111011010011001011
111110110001010010
111111101010111101
000000101001100000
111111001111011111
000000110011110101
000010110001010110
111111000011100100
111110111111011100
111011010011111001
111110100100010010
000010011010011100
111110101011100110
111101110001011001
111110101001000010
111100111011010011
111100100000110000
000001011001101111
111111111110101011
111011100010001110
000010101001000100
111101111001011000
000010001111110111
111011111010000111
000010000111110100
000000110000010100
000000101111110111
000001010101110001
000010011101100100
111111101000011110
000000110100100010
000100000111100001
000011110101100100
000000011011000000
000000101000011110
111100110000001000
000011010111010000
111111000000100110
000000100000111001
000000110100100001
111000001111001111
111100111111101000
111101001010010001
000011011100101011
000010010100100011
111100011011001101
111100100101001011
000010100111111100
111000000000010101
000011011001001100
111101001011111110
000001000101001011
000001011011010111
000001100100101101
000001101100011000
111111010001011001
000011110110100011
111101111111010001
000000001011100011
111110100100011101
111101101001100110
000010100110111011
000000011111100001
000000011101110011
000010110010110110
000000101110101000
111011000111110111
111101011111010111
000001001100110110
000010111010100000
000001110011111011
111110110100001100
000010011011011111
000011111000000110
000001010000110000
000000011001001111
000000101110101001
111100011111010011
111100110001110110
000011111000010100
111101000000110011
000010110000100101
111100011110100101
000101001110111100
111111000011111010
111111100001101100
000100111010101011
000010001110110000
111111100010110000
111001101011000101
000000111010100101
111101100100110010
111111011101010111
000000001011110110
000010100010101100
111110001110000110
000001001110011010
111011100010100010
000100011011000011
111111111100110110
111111001000100100
111101111101000110
000011101100101101
111110100101111000
000001110010101100
000001000110000000
111100101011001110
111101011100010011
000010010101001111
000011010110101101
000000000110010100
000001000001010101
000011101001000011
111111111010110101
000001001100010010
000010101011010001
000000000000000000
000001101100111110
111011100001000100
111110010001111000
000010110010111101
000010100101000111
111100111010000100
111110011111101110
111100111111101110
000100000110001000
111111000010000110
000001010110000100
000000000111011010
111101001101011010
111110101001001100
111101110101001011
000001001000111010
000101000101101110
000001010000111111
111111111000110001
000100010010100000
000010010101111111
111101010000000011
000000110100000101
000001010110111011
111111010011001001
111011001010100110
000011000111101110
110110110000010101
000000111100010110
111101100010001000
111111101111111100
111111100110011111
000100001000101001
000011111000100000
000000001001111110
000011000000100000
111111110010110000
111111001111101101
000000000101011010
111101110011001110
000010000110001110
000000110100011110
000000010000100000
111100100111000001
000010111100110000
000001110010010110
111101011000010101
111010101111010100
000011011101010010
000000010011011100
111100100101011101
000101010011000000
000010110101110011
111100001101111011
111011110010001000
111111111110101111
111110010100110100
000001110100001001
000000100100011000
000001110000101110
000010110010110010
000001101000011101
000000011001010000
000000111010010110
000001111111101001
000100010000011010
000010100101111100
111100000100010100
111110011111100000
000001001000010111
000010100011100011
000000011000000000
111100111010110010
111101011011100010
000001110110000000
000010000111100001
111101110000011101
000010001001110000
000000110000111010
111110000010101110
000000111110000110
111100111000011110
111100101010101010
000000101111010001
000001001100101110
111101100001001100
000001011100010110
000010010000111100
111110011111001001
000010100111111111
000010111110110100
111101011001101010
111110011111001010
000001010101100101
000010011111111100
000000100001110011
111111101000100000
000001100100101010
000001010101100011
111101110111001000
000010100110100011
000010101110110001
000001010001000111
111111110010110011
000010110100111111
000011000111010100
111100011100010110
000000100010000100
111111010011010001
000010001010010011
000000010101001110
000001111001011110
111010110110110010
111010001001100110
111101011110001110
000101111001110010
000001010001011100
000010011010100111
111101100111000111
111100111011101101
000001101100001111
111110000000010010
000001111101110110
111111111100101011
111100111101110000
111111101101101101
111111011111101100
111011111101111101
111101101011001110
111110101101011111
000100010011101111
111011001010010100
111110011000101011
111110111111100111
111110011111111111
000000000010110010
111101110101101100
000000011110111101
111110010010010101
000000101101101100
111011000010111100
000010000110011100
111110101111100011
111111111111011000
000011101100010111
000011001001001111
000001111101111111
000011010111110111
000010100110110010
000001010111110111
000000110101100010
111101011001011111
000010010111110101
111110110000100101
000010111001100110
111011000110101100
111100011000010100
111111000001111101
111110110100110100
111100010100101010
000001001000001000
000000111001010100
111110011001001011
111100100111010101
000000110000100001
111110010111011010
111110001001100110
000001101011101110
000010111000110000
111111101110010011
000001001001011111
111110000101011110
111111110100111110
000010101100110001
111101000101110001
000010000111000001
111101010000110110
000000111011011110
000011110101001010
000000000010111100
000100010011011001
000000011101010001
000001011000000000
111100001111110011
000001100110000100
000000101010011110
111101010111110101
000000101001111100
111110011111000111
111101101011111010
111111111101101001
111101111100110101
111111101011101000
000010100001011010
111110011010001111
111110001110010111
111111101100111001
000001100100100111
000000111011000111
111111101101010100
111111110000001100
000010110011111101
111111000001101011
000010011011110100
000000101100101100
000011111000110001
000001101110011101
000010010101101101
000000101010101111
111110111010110001
000010111110001100
111011000100101010
111111110111000100
111110010010100110
000001010000010010
000000101011010100
000011110110001101
000001100010100111
111111101001110111
111100100101101001
111011001101110110
000001000010101001
000000011111111101
111011001110111001
111101011001011111
111100110001110111
111110000010111001
000000001111100100
111101001000011001
111111010111001111
000001000110100100
111111100100110011
000010010011011100
111100111100100101
111110011001100001
111111011001001111
000100000001100111
111100111100101000
000000011011101110
000010111011000110
000000001011111101
111011011001001011
000001111010111000
111111110010110111
111011101011011010
111100110111000000
000101111011111010
000001010000010000
111011110111001001
111100001111011101
000011010101100010
111101101101001011
111111011100110011
000000110000011110
000000100110001001
000010101110111101
000010111101010101
111101011111111010
000001001101001001
111111101111100111
000000000011001111
111110111000010111
111111011110101101
111000011000010010
111110011100100101
111010111010000010
000000100011111010
000011110100111111
000011100100011100
111111101011000001
000010111101001111
000010110000011110
000100111110011011
000100110011011110
000011110000011101
111000111010000101
111111001001001010
000010111110110111
000100110111000111
000010010001111110
111110111000000100
111111110111100101
000010110111001000
111100011110101110
111101111011100110
000010001011011101
000000001000110100
111110001010101100
111111101111101001
111011010000110111
111010111110101101
000000111011001010
000010000001001001
111110000101101101
000000110000010110
000011001001100001
000010101000100000
111100001111010000
000011100100010001
111111111010101101
111101111000101011
111111111100111011
111111110001110100
000000111010001100
111111111011110001
000001011001010001
000000101111010001
111101001001110100
111110111101000100
000000110010110110
111100110100101101
111111001010101110
111010111001110000
000010111001101100
000000100001101001
111110010000111111
111110001110000010
000000110000110001
111110100011110110
111001011000101001
000100010010100001
000001011001010100
111100010111100010
000000110010011111
111110010100101101
111111101100011001
111111111101011011
000100100011000110
000100101100001110
111011110110101110
000011010011011101
000000011001110101
111100101011101111
000011010101001000
111110101100101010
000010100101010110
000000010011011010
000000010010000000
111100111001001100
111101110100010101
000000101011001000
111101001101001100
111101000000101001
111101100110011011
111000011111011000
000001011111001110
111110000010100011
111010011010110000
000001010100111110
000010000000100000
111000001010101100
110111000010111011
000011111011001101
000000000010000101
111011100000101011
000010011000111010
111110000001111001
000001010111111110
000001010010010011
000101100111111010
000011001010001111
111110100111100110
111110111100000110
111111111000010100
111111001000101000
111110001010010111
000001100101100111
000010010001010010
111110011011011111
111111111100011110
000001101100011001
000010101000111000
000001010110100111
111101011111111111
000000101011010101
111100111000010110
000010010110111110
000000100001110100
111101000001110100
000100011110001001
111001000101011001
111101111010110110
111101100001111000
111111101111100101
111111101111111010
111101100111011101
000001000011001111
111101010001010001
000000111001001000
000010010101100100
000000001100111101
000000010001001110
000010111001100111
000000101010100000
111011110111010001
000000110110000000
111101110100100010
000010101110010111
111010110100110011
111111110000010111
001000110100000000
000001011000011001
111110111011101001
000000100000010100
000001001111100011
111111011011101110
111111001011111100
111101000000111001
000011000100100101
111011101111011010
111100101101000011
000110111111000000
111100011000110100
111011110100111010
000010010001011010
111110000011110010
000001010110000011
111110011001110111
111110001011010000
000000001110111010
111100101011000001
111111111011011111
111110100111001110
000000110001010100
111111010110100000
111110111110100110
000000110001100011
000000011110011101
000001111001001110
000001110010111100
000011010000100110
111111111001010010
000000101100111101
000000111110001011
111101111000111010
000100101101101011
111110000101101000
111110100010101110
000000110001111000
000000111100010111
000000110101001011
111111000110111010
111110001000111001
000010000011000000
111011000000001001
111010101110111000
000011011011001110
000000001101001100
000001000100011011
000010110100011000
000001011100110011
000001011000110110
000010100110000111
000001000111111110
111110011001111010
111010100100001110
000000100101111000
111011110100101001
111110011111001101
111111101110010010
000011011100001000
000001001111111001
000101011001101101
111011101001100110
000000111010100100
000000111000111100
000000000100101010
111110011010111110
111110001010010100
000001111111100001
000011010011001100
111011101011111001
111110101000111110
111101110100001100
111111010100110011
111111001100111010
000000000000001010
111100100000011000
111011111100111000
000010101111110000
111111101011010100
111111101101111100
000011110001000100
111111011010110011
000001000101101101
111101111101100100
000000011100000000
111101010101101100
111111110111110001
000000000010100100
000000110000010100
000000011011011001
111100001010001010
111110001110100001
000000001111011011
111010110100101000
000000101011100001
111111111010100011
111101110111011000
000010010100100000
111111001101000111
000001101111001010
111110011101000100
000011000010111001
000001100100111001
111110101001111000
111101011110101100
000011111110001111
000001001000110010
111101100100000011
111111111010100101
000001000110110010
000000011011010101
111110010010100101
000001000111100110
000011000001000101
111111000101010000
000000001110111111
111111100011011100
000001000000111001
111110001110000100
000010111010000010
000010001000100110
111100111110110000
000000110101110100
000000011001110001
000011101010011100
111111101101011011
111010011100011011
000001001000011111
111111001010101110
000001110111001011
111110010000101001
111011110110001000
000000010100110000
111111011001001111
000001101110100111
000001011010101011
000010110110010110
111110111110010000
000000011111111010
000001111100101101
000000100111001100
000001010010100100
111111000001101101
000001111010010001
000000101011010110
111101111110101001
111111110010011001
111100111000111101
111111000011111111
111101011110000000
111110100000110001
000001010000011011
111110111101100010
111110011110110100
111110011100001000
111111100110111100
000011010101111110
000001010101111101
111111010001001101
111101000101111000
000000101001100001
000000000000110111
000010011111000100
111111000001110001
111100111010100110
000001011111100110
111110110001100011
000010010101010001
000001011101011010
111110011101010001
111110001100000101
000010001011101011
111101100010000111
111110111111010000
000011011010010101
111111110101111001
000000010100011010
000010101011001111
111110010101000110
111100111010111011
000010111010111101
000000100001000111
111110000100001011
111110111111100000
000011011100110010
111101011001000000
000010101000000110
000010010000010000
111010110000110001
111111111011000100
000001100100000001
000010100101111110
111110110010000110
000010010000110010
000010100010001111
111100001110110000
111101011101111101
111101011110000001
111101011100000101
000000101111011110
000000000101010101
111100111000001110
111111011101001110
000001100000001100
111011111100000110
111000101100101010
000000101001111100
111111100001000001
111011101101010010
000000100011010000
111111000001011101
111100100111010101
111100111101100110
000000001001110110
111101101001111010
000000110110010001
000001011010100001
111111010111101110
111101101001110101
111011010010111111
111010011010101001
000100001011100110
000100000010111101
000101000110101000
111110111111101100
111101010011000001
000010011111001000
111111000101011010
000001001101110100
000010000001000100
111101010000011001
111011101001011110
111110101100110110
111011010110010110
000010010111010101
111110001010101100
111100001010000000
111010110110110101
000001111010010010
000010100000110110
111011100010110001
111111000111111101
000010011001010100
000001011111110010
111011101101111100
000011110111101000
111110001011001100
000000000101101110
000001000111011011
111010001111111101
000000011010001000
111110100100100111
000001000000011111
000001100100110110
000100111101101111
111111011100111010
000011100010001110
111101111101100110
111111110111101010
000000000010001101
111110010010001000
111100101011101010
000000111101110111
111010110001000101
111100011001100001
111101100100001110
000000110111111110
000000001001000001
111110000011010110
111110101111011000
111100000110001011
000100010100110000
111110001011010111
111001101010000100
111101101101011010
111111010001111011
111110010101010101
111111110110100101
000100001101001010
111111011110111010
000010010101101110
000111001011010100
000001000111000000
111111100011011110
111001000000100101
000010001011100001
000010111001110001
000100111010001111
111110011000110011
111110011001000100
000001001001000001
111111010000100000
000010010000011111
111110010101001011
111000100010101110
000000000010000000
111110010011011000
111000011011001000
000000000000100000
111110011010111101
111110000110000110
000010010100111011
000100000011010111
000110110000110000
111110001110000101
111100101001101111
111110010110001001
111110110001111101
000010010001001011
111110100101100010
000000110111001101
000001000101001110
111110100110010110
000011010000000010
111111110110010100
111101010011001111
111101011100111000
111100110111010101
111100011111101000
000001101101010011
000100111011111111
111100101010110111
000000011110100000
111101100100110101
000010001111010100
111111100110101101
111110011011011111
000000000001101001
000010000101101010
111011110010100100
111110011011101111
111101010101010111
111111000111101110
000000111011101100
111110110010000110
000011000000111101
000010000101010001
111101110100000010
000011000011011101
000000110101101011
000000010101011100
111111100011110011
111111001000010110
000001001101001010
111101110100000101
111001100110111111
111001011011010100
111111100100000000
000001111001010101
000000111001100001
000000101011010010
111100001101011100
111010101010110011
000100011100000001
000000101111000001
000000001000110011
111010000000011010
111101101110100110
111101110110000010
111101111101100101
111010101001000100
111111110110100000
000001111100101011
111011000001110010
111111010101000001
111100111010010000
000010110110001010
000011000010001010
000001001000000001
111101000110011001
111101100100000100
111011111010111001
000001011000011100
000011000000001011
111010111001100101
111011111110110100
000001001011000101
000101010101100111
000100100110111001
111111110010000100
000000110110110010
111101011000001011
111110100101000000
000100111100101110
111111101100011011
111101111001111001
000000100101001101
000000111000111010
111110110010100010
111111010001100011
000101111111111110
000001101011111011
111111001011100010
000001011110001010
111111101101101001
000010110110010010
111010100000010011
111111100111101001
000001100000100010
111111010111111000
111101001001011100
000001001000110001
111110011011111100
000011000110100101
000001011001110011
000000101110011111
111101110010001111
111111001110011110
111110111110100011
111111001011010110
000001000110000100
000000011010001001
111011011111111010
111100100111100100
000010110100100101
111100011000011011
111110000010010101
111111110110010100
000100100011000111
000000001101001111
000001100011100100
111011001111111101
000001001000011010
111100110110011000
000010001100111111
000100100000000111
111110111001100110
111101001001011100
000000111011000111
111111001101011101
111111101000100101
000010111100010010
000010100100010011
111100100010101001
000001000101000110
111110011100011000
111110110110100001
111100011100111010
000011110000011000
000010111101000001
000001001101001101
000000100000100010
111011001101101100
000011101101101011
000110001111111101
000000000110010110
111110010010111110
111011011000100110
000001110100000101
000011100010011000
111101010111010001
111101110110100011
000000110111001101
111001000001111110
111110010010000011
111101110111111000
111001110001001000
000011110100011100
111100001011010111
111111100010101111
111110101111110001
000011101110111001
111100001001101111
111111000011101000
000011110001000000
000000011010010100
111111000100011111
111101101111000000
111101010001100110
111100011010010010
111111000100000000
000001110001101010
000000101001011010
111110101011000110
111100101001001101
111111111000101111
000001010111010011
000001010101111110
000010001010010011
000100110101000110
111111010101110011
000001100110111111
111111110010000111
111101000111011001
000100010000100011
000000001110000011
000000010110100111
000001000011000000
000100000110101111
000001000110110111
111100111100011011
000000001000111111
000000111101010010
000000101100011011
111100110100000001
000011100000100000
000001111110000111
000011010110000000
000000010110110011
111101100111000000
000000010110011010
111111101001011110
000101001011010101
000000011010100101
000001100111010100
111101111010111011
111100000100110001
111101001010011110
000000010111110110
111110111010101110
000001010100110001
111111011100011001
111110000100010111
000000101010100111
000001100001000001
111101110011100010
000000000111110111
111110011001110110
111111000111111100
000000011101000101
111111110000000010
111101001110100001
000001010100010001
000010011000100001
111100010000000110
000000101000110000
000000110001111010
111111100101000110
111110000101101111
111101110001000011
111101000100100011
000000010101001010
000000100001011000
111100000001010001
000000110000111100
000010001101001011
000100000111001000
000000011101101101
111111110110010001
111011110100000010
111010001001011010
111101000111001011
000000101001011011
000100001011000100
000010100011110111
111100011110001011
000001110101100000
000001000000001010
000000100110111011
111110101010101001
111100000101011011
111110011010100001
000001101001001010
111101110110100001
111111010010011010
111011110111010010
000000101000001100
111110111010000000
111111100101011110
000011010001111101
000000011010011111
111101011000101111
000010100001001110
000000111110011100
111101100010000001
111101011010011010
000001001010001011
000010111110101011
000100011000111000
111111111110101001
000000001101100010
111110011100001110
000011000111101011
000000000101001011
111100000011111010
000000000000101010
000000000111101001
000011011001101111
000001111101101111
000000100111000010
111101000011111100
111110010000111111
111001101010100011
000000011100011101
111111010011110000
111011110100000110
111101011000010110
111100011011110110
000110000010000000
000011100100101011
000110111100101000
000001001000000011
000000110000010000
000010100001001011
111011011110010001
111111011001101110
000001110000001001
111110000111111001
111101110001101010
111111001110000010
111111110010001000
000000110100000001
111101000010011001
000010101000011111
111100101010111011
111101100101001000
000001011100000110
000001100010110101
000001100001000001
000000110110101010
111111100111010101
111100010111010000
000000010011000101
111111001110011110
000000100101111100
111110110110000001
000010010111011111
000100111110001001
111011101010010110
000000000111100110
000001000001000010
111101101010011110
111011011101110101
111101111100001111
111100000011110010
000011100010111001
111111110101100000
000010100101100100
000001110101011100
111111010011011000
000010000111101000
000011000101110101
111111111110000011
000001110111101110
111100100000011011
000000101100011010
000001110100100110
111110111101100010
111101110101100010
111101011111100000
111101001101011010
000011001101110010
000010110101101001
111110100000100100
000000010001100110
111110111101011101
111110101000000101
111100001000110010
111111010001010001
111001110000110101
111011000011111010
111101011110010101
000010000101101101
111100010111110100
111111110100011100
000000001111000001
111111000101000101
111101000111111011
111110111110010100
111111000001111110
111101110100101101
000000001111110001
111110101101110101
000010100111111111
111111110011110001
111011010110101110
000000100001010000
000000100001100010
111111001110001100
111101101110000101
000101010110110100
000010101001101101
111110011010000001
000011001001110100
111111111000111101
000001000101111100
111100111001111110
000000001010100111
111101110110101100
111100000110000100
000001110001101110
000010100001110101
000010000100111100
000010000011101111
000000100011011101
111101001101010111
111110101000101101
000001100001011100
000001100110101101
000010101111001111
000000100101111111
111100111000010000
111110100110001101
000010111010010001
000011110111101111
111110010101010110
111101100100111101
000001011001110011
111111100011100010
111111010000010111
111110100000110100
111101100011001000
111110111111111010
111100100100101111
000000001111100000
000001010000011000
000000110110110000
000001100111010110
111111100011100111
000000101110000100
111111010010001110
111111111010110100
000001111010010110
000001111111000010
000010000011000011
000010101110100011
000001111100111110
000000100001001010
111110010100010000
111111111000000100
000010011001011011
000001000110001110
111110001011010001
000010000011110011
111111000111101100
000000100101101001
111110101011011111
111111110011000011
111100001101001000
000000110101011100
111011110011001101
111101001010000100
111111011100110001
000000101100100000
111011111011100110
111001010011101000
111110001111011000
000110011011001001
111111000010110000
111101010010000111
111111011010100000
000001000110101110
000000001100000110
111111010011011111
000001001001100000
000011100010110110
111100000000100100
111100100111100001
000010000001101111
000001101111001111
111111001111110011
111111011010011011
000001000101101011
000000011000000010
111011010010000001
000000100100000110
111111011010101010
111100010000111001
000001000111100010
000000001011000001
111010010001111101
111100001000010111
111100100010011010
000011010100001111
000000010100111000
111100100111111000
000000011110111101
111111010010100111
000010100110011101
000000110100001111
000001010011010100
111100001011111110
000010101010100001
000000000011000101
000000100100001101
000100001110011101
111100011111111011
111101011110011011
111110111000011001
111010111011000000
111111001101101000
111110100100111100
000001001111100110
111110100000010110
111110110010101100
111111000111000011
111110101101111010
111111101111010010
111100100101100100
000010001101011001
111101010010000011
111110010001011111
000000010000101001
111101111001000000
111110111110101110
000000000001101101
111110100101100000
111101010110101000
111110010101010010
111110101101101110
111111100001000001
000011000001000110
111101010110000101
000001011100110110
111110011110110100
000000110000001110
111111000100001010
000010100000111111
000001100001101100
111110110011011010
111011110001001010
000000101110111101
000010001000011110
000001010000111110
000001110001010001
000000000100111111
111100110010100111
111101111011010110
111101010000101101
111101101011100101
111101000001011001
000011010110101001
000000010011000110
111101100111010101
000010001100111011
111101100001101001
111110001010001110
111110111000001100
000011001001101101
111101101100111111
111011000001111101
111111011001001101
000010100001111011
111101000101100111
111011011011010011
111101110100100101
000010111001000000
000000001011111001
111111101010111001
111101010001001011
000000111011001110
000001101111101100
111010100111101011
111100000111110000
111111101000100011
111110101100011010
111101001110110000
111111011001000010
111011110100010111
000000010110011101
000000000011111101
111110001101101101
000000001100000000
111110101001111101
000010010101001000
000001011110000111
000000010110001110
000100001001100001
000010010000101011
000100010010000101
111111000101101000
000010000011100001
111010101000001100
111110111110100010
111110110001100110
111100000101011100
111011101110101001
000000010000111011
000011010010001001
000000101000101010
000000101110111011
000000010001010111
000110000011000001
000000010000100000
000000010011100111
111100001000000110
000000100110010010
000101101111111110
111110000001110111
111100100011101101
000010100011010110
000001010010001100
111111000100111101
111111111110100100
000001000110110010
111110000110101100
000000001111001011
111010101100100010
000001100000101010
111110100011111101
111011101111001000
111010110011110000
000011101001101101
000001110111011010
000010010111101101
000001100110010001
000011000111011111
111101100000111011
000011111110010000
000001111110000011
000011010111000000
000000010110111100
111110110000110000
000001010101101000
000010110110110100
111011001000001000
111111111010111011
111100001100000010
000000100011011101
111101001000100111
000000110111000010
000000011010000010
111100001100011010
111111000101101111
111100011110100100
111110110100000111
111111001001000010
000000101010010001
000000111010000011
111101000010000011
000010001001101111
111111011110010111
111111100101011011
111110001110000011
111111101100001011
000001101110101101
000000001110000110
111111100000011100
111101010110110000
000010011000011100
111111111101111110
111110011010111010
000000000000011001
000010100001101111
111100111100111101
000001010010100000
111101000011100010
111100100000111011
111111101011011110
000001111110001110
000001000100001010
111111011001001110
000010000001100100
111101010100010111
111111000101001000
111100000010011110
111110111011110011
000010111001111110
111111001101100101
000000101000111111
000010010100101101
111110010100110011
000010000001101000
111110010011101011
000010011001011110
111101110100100110
000001001010101111
111110011110110111
000011101001111101
000100100001110010
000000100001110010
111111011100011000
000001100011100111
111101100101001010
111101100010010101
000000101000011100
111110010100001001
111110001100111110
000001001100110111
111100100110110001
111110100110110101
000000011001001111
110111010010111000
111011000000010001
111101110111101101
000011011011110101
111110001000110000
000001101000000101
111101100011011011
111111001001111010
111100010010100100
000000101111101011
111101110111111111
111100010110010011
000001011111111000
111110001100111010
111100010101100101
111111111000010110
111111101110011111
000010111100110001
111011111111000001
111101001111001100
000010110110000010
000001111000101011
111101010000010010
000001011111101101
000010000111010001
000000110101110011
111110110100011100
000000101111010010
111110000010000111
000001000000001110
111110011011111110
111111011111110111
111101110111011110
000011111001011100
000010000101110110
111100110101000111
000011100001110000
111100100110101110
000000011000101010
000000100111110111
111101110110111010
111111101100011011
111111010011110111
000000010001011100
111100010000011100
000010001100011100
111110010110000100
000001010100101001
111111000010010011
000000000001101111
000100110000010001
000001001110010011
111111011001111110
000001010110010000
000011111111001000
000001100101100100
111101101101000111
111001101100010111
000001001100111010
111011101101111101
111100100010011110
111111100001111001
111011100010000111
111110110111001100
000000101111010110
111110010000010000
111110101100101000
111100100010010011
111110010100110011
000010001101110000
111100111110000001
111101000110010001
111111100001011110
111110010111011110
111111100010101101
111100010110110001
111110000001011110
000010011010111000
111110011010001001
111101001101111100
111100110011010100
000000001011001011
111011001100110000
000010101101100111
000100000010000101
000000000100000001
000000111111001101
111101011101010100
000010101011000010
000000101010010101
000011010110101111
000001111111010000
000000100111001101
000010110010100111
111011101101111111
111111100000101011
000000010000010011
111100110010000011
111100011101101111
000001111110101110
111111000100111011
111111111001010110
000000010000011001
111101001000010111
111110001100010000
111100111100000000
000011011110100110
000000000010000011
111100110000000111
000010111110000100
000001101011101011
111100111111101110
000010111010100101
111110000010000111
000000000101100111
111111110100000010
111110000110000010
000001001110100100
111111110100011110
000001001000000000
111110110100011000
111101110011011101
111110101001000111
111111101001100010
111100111001111110
111101010001101111
000001100011000000
111010001011101111
111010111111101101
111011111001010011
000010000100111111
111111110101001100
000000110001010101
111100010111111001
111101110111101111
111110110100010010
111101111110000101
111101110111010101
000011110001101011
000100000000111110
000000001001010001
000001001000110011
000000111100111111
000001101110101011
000100101011010111
111111111110010111
111101011001111000
111111100100110110
000010111000101001
000000101010001101
111110110110011100
111100101110100011
111100010000111001
000100010001000011
111111101010000000
111110101010010010
111111010001011111
000100010000001111
111111010010111001
111101011101011110
111101110100000001
000001000010110000
000011000011010010
111011111000111111
000011011000101110
000011110001101010
000000011001100001
111111001110110110
111111110101111000
000000010011101000
000010001000010001
000001001101010110
111110001110000110
111100101010001001
111110101000101011
111111000001111100
000001001001101001
111101101111110101
000000001101000010
111101000011010111
111111001011110100
000010111110000010
000000101111110011
111100110000111001
111100100111000000
000001000011011001
000001001001010001
111101100011100111
000000001100100100
000011001001000101
000001111010110100
111111010000010001
000001110001011111
111110100100001000
111101011001101000
111111101100111001
111110000111110110
000011001100000101
000001100111011011
000001111101100101
000000000100001010
111111101001010110
111110011110010110
000010001010010011
111111011001010110
111110110010000011
111110011111000010
111101010100011001
000000001011111100
000001111111111100
111110111110010011
000010011011010011
111101111110110001
111110101100111011
000010100100111100
000001101101110011
111111011101111011
111110100100000010
111101000101101110
000010011111100111
000001000000011111
111101101111110000
111110011111111001
111110110000111010
000000000001001101
111100010010011101
000011100010100111
111101101101000100
000000000001110110
000010111011001000
111111101110111110
111110111000100111
000001010110000100
000000101110101000
111111110001101110
000100010001110110
111110100111001110
000000010000101011
000010001110011001
111100101101100010
111001001000110110
000010011010011110
111111001111101000
111111101011000001
111011010011010101
111101110111101110
000010000000100001
111110110000001111
111011110011001000
111110101110011011
111011010000100011
000010000111011100
000010001110011110
111101110110010110
111111111100001101
111011111101010011
000000010000111001
111101100101011111
000000111011101000
000011010000100100
111111000011101010
111101101010110111
111101111110100110
000000111000001011
000010000001110001
000001010010011001
000011000100100111
111101011100011011
111111110100110011
111111000101001110
111111101001101000
111110011011011011
000000100010001101
000000111101100001
000011101001010010
000010000110110101
111111010000100100
111111101001111000
000000001001100100
000010000000111010
000001011101001001
000001011110001111
111010000010101010
111110100100100000
000010111001110001
111101010101001011
000011111110100101
000010110000011011
000000110100111111
111100111100111010
111111101101010001
000011101100111001
000001111110100101
111101111011101000
111111101100000001
111110010111111000
111110000000011000
000100000100010100
000011001100010110
000000001111100000
111111100000111100
111111011110010000
111101100110101111
111011100011111011
000000001010100101
111100111100010100
111011011111010111
111101000010000101
000001111111111000
000010011111010100
111100101101010010
111111000100011010
111011110101010100
111100001011100100
000001110110101011
111110000001000000
000000001011101000
000001111110011101
000000010100001000
111111100010101110
000000011010111100
111101011001000100
000011011100111001
111110101110010100
000100001001101000
111101101100011010
000001101011001111
111110111101011111
111011000110110100
111111111010011001
111100001100100100
111100111101000110
111110010110011110
000101100000011001
111111111100110000
111110001010111100
111111100001100000
000101001110110100
111110110001101010
000100010110100111
111100000111111111
111111110101010100
000010010001100000
000000010000101101
000010101001110111
000010010001110011
111011011111100111
111111001011110000
111111110100001000
111101011111101101
000001010001010101
111111001111011110
111111011110011001
111111011110110011
000000110011001001
000011110110000111
111110000011000000
000001110111110010
111110110001101001
000010010001101000
000000000001000101
000001000100101100
111110111100110111
111100100000110001
111111001111111011
000001011100110011
111111001001011101
111100001100100000
111111100000111101
000000011110110001
111101100010001111
111101110101111001
000010111000100000
000001000101010100
111011010101000100
111101100000011001
000000011111001010
111111101001010011
111101110000101100
111111111010000111
000000001001010011
000000001000101100
000010110111010001
000001001100111111
111101101001110010
111111111000000010
000010000011001000
111101100000101100
111100101110010001
111101010000000100
000010010101101000
111100010001111101
111111111010101000
111111101110010001
000100000101001000
000100110001100100
111101011010110000
111010110000011011
111010111010110101
111101100000110000
000010011000010010
000001011000111011
111110011011000011
000001010101101110
111010101111011001
000100010011101101
000010110100100111
000010101101111110
111001110010010110
111010110011110010
111110110110100101
111011111111101100
111110001110110011
000001111111100111
111111010100010110
111111001111101010
000010011010000111
000011001000100100
111111010101100011
000010001000010010
000000010001001110
111110110111101011
000010000000111001
111101000010010001
111111101011010101
000000001100100111
111011110110110110
111110110100001101
000001111100010001
000100000001001111
111101110000111010
000001000101100001
111101010001111110
111111110100001100
111100011010000101
111111100101001101
000001000111110001
111101111010100111
111111111000110100
000000011001100101
000011000111011001
111011101000101000
000001011000111110
000001010100001110
000000000100010111
111100000010110000
000000100000000011
111111111110101111
110110011110101100
000001111010110111
000000011100010101
111111111010100011
111011101010101100
111011000011101010
111110010110111101
111110000101100111
000001110101110101
111111101001010111
111111001100100011
000011010100010100
111101011111111100
000001111000010101
111110101000110110
000010010001100000
111110010011000010
111111110011001111
000101100111011100
000001100101110101
000010000011111100
111101010000010100
000000011111001010
111100001101000000
111110010101111000
111110010000100001
000010111010000111
111100101101010110
000011001110010011
000010011001111100
000010101101011000
111100001100101110
111101100100101111
000001110100011110
000011001101011110
000001101111100101
111100100111101110
000011010001001010
000000111100010101
000001011011010100
000000111010010000
000010101111011001
000100111001000111
111101111110000000
111100110000110111
000000100100001111
111110111000101101
000000100010111011
000001100110011001
000000111100110010
111101101010011101
000010001000110011
000011110110000110
111111001000001000
111110110100011000
111101101100110001
000010111001001010
111100110101000000
000100100101000101
111011011001001001
111111001110001111
000010110001010000
111110000011000110
000101100010000001
111100101011111010
000011001010110011
111101000001001010
111101101011000000
111111011010110111
111011001010010010
000010100110001100
111101000111011111
000001010101101101
000001110100111101
111111001000011100
000000010100110010
111101010001001101
000011101010010011
000010101111010010
111101100001111001
000001111101011101
000011001010101110
000000101101100110
000010100111000010
000010111001011100
000010000010010110
111110000110110000
000001011110110101
000001101100011000
000011011101011110
111101110011111111
000000111011010101
000000000101101101
000001000011010101
000001100010000101
111011001101101010
000100001100110001
111011000101100111
111110000110111001
000010101000101100
000000010111011011
111111100011110111
000000111100000001
000010110000001011
000000000011000111
111101011100000010
000011001101110111
000000001110111011
000000100011111010
000010011010111010
000011100110100010
000010010111110100
000000001010101010
000001001011011100
111100011011111001
111111010010011001
111011011011111110
111110011111111111
000011010101011111
000001011110110000
000000111011011010
111101101001001001
000000010110100110
000001000110101111
111110010110110000
111111001100011111
111110010001101010
111101101010100010
000000111110110111
000011010011100111
000001100010111110
111011110011111001
000001000000001010
111101011011000011
111101000000101101
000000010111011010
111100101100010100
111101111100010101
111110100111010011
000001011011101001
000001100000010101
000001110111010001
000100011110011010
000000000001100110
111000100000011010
000010101110101001
000100010001101111
111111010000101101
000001000110001110
111100110000011111
000001011000000011
000000000101011000
000001100011111111
111111111100110010
111110011010000001
111111001010011011
111111110111011001
000001011000001111
000100000010011110
111011111001000101
111110100100011110
111110111100111011
000001000001100000
000101000111101111
111101011110100011
000000010111011100
111111110001001110
111111110101000100
111111011000000111
000000000000001001
111111100111000100
000101001000101010
000101011101011011
000010010011001110
000001101001001010
000000010010110001
000000011010010011
000100110000000010
000000101011110111
000100111111111111
111001101010010110
000001010101111010
000111011011111011
111100111011110100
111100010111100111
111101111011010101
111101110100101001
111101011100010011
000011011001001111
111100000100011010
000000011111010110
000011100011101011
000110010111100000
111110000001100100
001000101010011001
111111010000111111
000010001000100000
000101010111110011
111101011001110111
111110111100111110
111100111000010001
000001000111001101
000001001001010110
111001101010110111
111100000110010010
000010100101101110
111111000101111110
111110101011110001
111100110000101011
000011011101101001
111111010001101101
000011110101010100
000001100001110111
111011000101000001
111101110010110100
111100110011000110
000011111000001001
111100001100001010
000000111110000100
111110010011010011
000000011011100010
000011001110011000
000001011100011011
111111000101010011
111111011001101011
000010001010111001
111011101100111111
000000110110001000
111010111000011010
000000001101011000
000000100111001111
111111001100101001
111101111101011111
111110011010110111
000010101111000011
000000111000001000
000010110010110110
000000010001100101
000000110101111100
111110001111110001
111101100100101010
000011000100000111
111110001000110111
111100101001101000
000000000010001010
000001010010010011
000000001010110111
111100111101111100
111111110010111001
111111000111001101
111100000100110001
111110010000011011
111100100100000100
111010111100000010
111110010001111110
111110000000101001
111110011000010110
000000011111110110
000000000110010110
000001111010111000
000010001101011100
000000101000100011
111100110110001111
111100100000000001
000000110101101010
111101111100110000
000000010001000000
000011110110100110
000001100010100001
111110000011101111
000000100111101011
111110101000011010
111101111110111011
000010010111010101
000001110011010001
000000111101010110
111100011100110100
000101101001011101
111111110100110010
111110100100011101
111010110101010111
111111110110111001
111100011001111101
111111110000000110
000010010010100100
000011110011100011
000011010101000101
000001010010001100
111111100111111110
111101110000010101
111110111011000011
000001000001101100
111111010100110110
000011000011001000
111111111001011011
000010000100110100
111100001111001111
111111100100101011
000001101001000010
000001101101100110
111110101001100000
000000010111111011
111100100100111111
111110100000001011
111111111110001111
000000010000000001
000001010000011011
111111010000111101
111101011000101100
000001011000110001
111110110000001111
000000111010100000
000001100111001111
111101110110001010
000001110101001111
111101110110011110
111101101010110001
000001000000101011
111101110010000000
000010001111011000
111110010000100001
111110101001101000
111101010001000110
111110000001000110
111111100110101110
000001111111001011
000011101110000010
111111010011110100
111110101010000111
000011000100111011
111111000100000001
000001011100110101
111100111111100101
111111100000001001
111100100100000101
000011100010110001
000001010010111010
111100000001110111
111010110001001101
111001001011011011
111111001110110110
000100010000000000
000001100010001011
111101110011000100
000001101011100100
000000000000100110
000100100111111100
000000100111111100
000000000110001111
000011111101000100
111001101000110111
111111010010100100
000100011000111000
000000000100111110
000001100000110100
000011000100000101
000010110001110010
111011101011111011
111001111000011001
111100101101000110
111100110101011000
000010001111001110
111010100011110000
111101101100001000
111001001001100000
000000110011100010
000000010110011000
000001100001101011
000011110010110011
111100100010001000
000010001110111101
111011010100111011
000000010100110101
000110011011001111
000001001010000011
111101101111010000
111110111001000000
111110000001010001
000000010111110000
000011000100101010
000000011100011010
111110001110101101
111101010000111001
111110110011011001
000001100111111001
111100011001110010
000001111011000000
000010110001110111
000010100000111000
111011010000111101
000001010010000011
111110111101011011
000001001001011101
111100110111010011
000000001111001100
000001001111101110
000000000101010001
111110001011110100
111101110001101011
000001001101011110
000011011100010010
000000010100101110
111101100101101111
111111000011000111
000010101101010111
111100101101011111
000010011010111101
111101110000110110
111110101001010011
111111110010100000
111101010111101101
111101001111110001
111111100110101001
000010100101101000
111101010110011101
000000001011110110
111110000100011001
111111001100000000
111110010011011001
111101011111110000
000000001101110100
111110011100001111
111101111000011000
111101010100001111
111101111011010110
000011001010100111
000001100111011110
111100111110111011
111101100100111011
000001100010111001
111110000011001001
111101101000101101
111110111111111101
000000100111001101
111100110011001001
111011111010111011
000001010100000100
111101111000100001
111000101001010001
000001001000110001
000000010000001110
000000011011101000
000011100010010000
111110000001111010
000100001000111001
111111110100011010
000000111111000011
111111010110100110
111100001101001101
111110000001100100
111110110000001000
000000010001001101
000001100010001010
000010000001101001
000001010111011100
111111110001100010
000000111010001000
000001011110100000
111110100011101100
111100010011110101
000100110011111000
000000001010111110
111100111110011001
000101000110110011
111100001111110101
111110111110100011
111110010011011000
111100101111001111
000010101110010011
111100100100000001
000000100010010111
111110111110111010
111111000000010100
111111100100001100
111111000011010010
111110100010111111
000000101100100110
000010111001101001
111001100110001111
111010100000010111
000001100110110010
000001000101100111
000001111100011110
000010000011101100
111111010011000011
000001101111010100
111111001000000000
111100111011111001
111100101100010101
111100000000001000
111110000001100011
111111110010100011
000011001110011101
000011111110001000
111010001000001001
111111001000010111
000010110001011001
111001111111010110
000010110110110011
111111100011110011
000010001011111101
111100101111010101
111111100001010011
111100111011011101
111101110001111101
111010100111000111
111011101111111001
000000001100010001
111111000100101010
000000010101100000
111110011110010110
111111100001100101
111111101101100100
000011111111001101
111101000001100100
000001010101010101
111101001110011001
111100111001011000
111111011100011010
000010000010101000
111101010000001011
000001001001000001
000001000011001000
111011110010101111
000000101001000001
111100010011110100
111110110110110001
111111000100101010
111101011000001100
111111100011011010
000101011111100011
000100001111100010
000001001001010010
111111011001011110
000011100111001000
000001011010100101
111011110100111011
111011010100011101
111100000111000111
000001101011110011
000000100001101011
000001011110010111
111110001101111101
111100100001110011
000000010111110001
111111001111101000
000010110010111101
000001011011010100
111100101110101010
111111110011001011
000010001101011111
111110110111011110
111111101100011111
000000110110010011
111110000000001101
111011001001001000
111111000101010111
000010111001011000
111110101011111001
000000000100110100
111110000000011111
111101011001111010
000000010100111010
000000011001010110
000010101011011011
111110111000110011
111100111001001110
111101110111011100
111110011011010110
111001100111111100
111100111001110100
111101010101001101
111110111000010101
111011110100010001
111110001011000110
000000100011011001
111010110111000000
111110111100100000
111100101011011101
000010011100100110
111100101010111110
111101101100111101
000001101011100001
000001101001010001
111101011001010001
111110000100110100
000000010001010110
111111001000010001
000001010010100000
111111010000111100
111100010111000101
000001011111010010
000100110110101101
000001001000111010
111110100101101100
111111111011100100
000000010000010001
000011000100011110
000000000111110101
111110010011100001
111101000010110101
000010000010111110
111101011001110001
000000100010010100
111000110010110111
111111000101001000
000000011101110001
111110111101110000
000011101100101110
000000010011011001
111111000111110001
000001010111011001
000101110100010010
111000011000111001
111100011000110010
111111010001010101
111010111111100010
111110101100010111
111111100000000101
000001101001010010
111011001101100001
000011101100010101
111111100001110000
000010101100001100
000001100110001000
111101110011011001
111100000000010111
111111100001111011
000000111101010000
000001001100110010
111111111110011000
000000010010110011
000010111001100010
111010001000111001
111011101001010101
000000000011011001
111100001010001001
000011010110010000
111111010010001001
000001000010101011
111110100100101011
111101111100011011
111100110111011000
000000100100100101
000010010111110001
000011111101000001
111101101011010110
000011000010110011
000000110101101011
111010101101011111
000000111001010001
111110111001010101
111110110100101100
000000101100010100
111101000000001001
000000001101110110
000000000001011011
111110100010010010
111000001110011101
111100101110111100
000011000000010010
111101111000111010
000001100101111101
111101100110010011
000000001111110010
000010011111001100
111111111110111100
111110011000011001
000010101010001001
111111011110010101
000000001111110111
000010000010000111
000001111011101010
111110000111111011
000001001010001110
000000111111011000
111111110011100111
000000011101010100
111100011110010011
111110101111000111
111011010011110100
000101110110010000
111010101100010001
111111111001001011
000001010001000100
000010011101110011
111010110001011100
111101010101101100
000010111010110110
000100100111101011
111100001110011010
000010110010010011
000100000011011010
111101111101110110
111101000110000111
000010101000111010
111111010110110011
111110011010100000
000010111010101010
111100111011111000
111110000101010100
000011010011010111
111110111111010110
111111100100000110
000000100110110101
111110110110110000
111110110010000000
000010001010010011
111100100111011001
111110110011111000
111111001111110010
111111110011000011
000001110001000000
111110011001011011
000001000101001000
000100100110000010
111111001101100010
000000111110000000
111101100011111100
000100010010000100
000011101101001110
111110101011000111
000000110011101100
111110000101010010
111101110001101000
000011101111100100
111111111100110101
111111000011100000
000000001001000111
111101111011000111
111110011000000100
111111011111100111
111111111011010000
000001101100000011
111110100111111000
000010000001010011
000010010101101010
111100000000010111
000001111111011110
111110010011011000
000010100010011110
000100100001100000
111111101011011010
000010111110110110
111110010100000101
111110101000011100
111011100101101100
000001010000011010
111100011000101010
111101010101000101
111111000100101011
000001111100011111
000011000110010100
000000010100000101
000000000011011001
111110001001101010
000000001100111100
111110110011011000
111101101001011111
111101101110100001
111111101011111011
000010110101011000
111101111000101000
000001010001011110
000100011011110001
000011010111001011
000001101101100011
111101111111100110
111110011001110110
111100011101011101
111111111101011101
111111011010101111
000001001111110100
111111000001000100
111011110111010101
111111101100101001
111100100110111011
000010000011010111
111101001001011001
000001001000111011
111110100010111001
000001111110001111
000001111011001110
111101011111101001
111101001011010110
111100101011000000
000001111011101011
111100101101111100
000000010111110100
000011011000111011
000010000110110010
111110001000111111
000010100011011001
111100101001110111
111110110001011010
111110100000101001
111110110101001100
000001100010000100
000001001101001000
000000000110100100
111101001001101010
111110110001111011
000010010111100110
111100111010000010
111111010001100000
111110110000111100
000001001011011110
111111001000010001
000010110001000001
000010111100001001
000010110110100000
000011100011110101
000000101111110010
111100010010010100
000101000101011001
111100101111100101
111001000011000001
000001011001000110
000001110011001000
000011010100001101
111110010110111010
000010000011000010
000011100001111100
111111011101101000
111100011101001110
000001011111000001
110111011010100101
000001110010101011
111101000000001101
111100011110011010
000101001011011010
111111111010110111
000001100010010011
111111000010011110
000101000011011110
111110110101010000
111101011110010010
000001100100011100
000001110110011101
111101100000111111
000000100001111101
111111000110001011
000011001110110011
111111100001010011
111100000000101101
111110010010110111
000000001000111110
111111000111111011
111011100001001110
111111101010011110
000000110000000110
000100011101110010
111110010100110010
000010001101100011
111110001011011110
111110100001011101
000011001111010110
111110001111011101
111110000100111000
000000101010111101
000000010101000001
111110000110001110
000110101110100111
000001101001110010
111100100011001100
111110011011111100
000001110110001100
111110110111110000
111100001000010011
000011000101111100
111110010111010011
111111011000001100
111111001011111100
000010001010000101
000011011001110110
000010101111100010
000001101110110011
111110100111100101
000010001000010111
111101110010010111
000001011111101110
000011100110111110
111000011010101010
111110011000010111
111111011101101011
111110111101100100
000011000101101101
111110011111111011
111011100010000000
000001111100100000
111101011110101000
111100000010110101
111011000101100011
111100100100110101
000000011101101110
111111000111111011
000001111100100111
000000111000101011
000111101001101101
000000110111101000
000110011111100111
111110000101111010
111100011010011001
000000100100011011
111010110001101000
000000111110001001
111011101001011001
111101101011000100
000100011001010010
000001101100000101
000011101011001101
111101010110100101
111101000011100100
000101001111011001
000000100010100001
000010100101000101
111101000011100001
111111100001001000
000011000111011101
111110110100110111
111100011111101110
000010010000011000
111000111001110100
111011101100110110
000000000101101100
110111110111011001
000011011010110001
000010000010001001
111110101011001101
000010111001000000
000011101001000001
000011000001011100
000010101000111011
000100111100001101
000001000010111000
000001110101110110
000000011001001100
000010001101010011
111111001000011011
000010001111100000
111100000010001011
111101110010101011
111100010101110111
111101110110010111
111111001111011101
111101011110000001
111111101011000101
000011001010010001
000100110000101100
000001010111011000
111101111101000100
111110011111100111
000011111110010010
111011001011101001
000010011001000000
111101001011001110
111110000000010000
111111011100111011
000001100010011001
000000001101000010
111101101001000110
000010001001111101
111111011111000000
000001101000111010
111110100110110100
111100001001000101
111110100011011010
111100000010011110
000000100110111010
111100110011011011
000001101101000101
000010011001000011
111100001111010101
111101100100101100
111110000000011100
000011010001110100
000010110100000000
000010000010000101
000010011110010010
111100111111010000
111100011111010000
000100001011110001
000010001101001111
111101001000100110
111011110000011001
000000110100100101
000010110011110011
111101111100000110
111110000010001011
111101001111101001
000001010011001111
111100111010000101
111110101011111001
000000010101011001
111110100010111111
000001101101001010
000100011000111000
111101000011000001
000000011000111010
111101111001010000
111101100111000010
111100100100111001
111110000111111010
111011001101111011
000010000111100010
000110001111001110
000010101100110000
111010110011111001
111101101001001010
000000001111111000
111101100101010101
111101111110010011
111110001111001001
111010011101000101
000010000110011100
000000000111101111
000011100100011111
000010001100000110
111100101010111101
111110100101001101
111111000010001101
000010011001001010
111010011000111011
000000111100110110
111010111100100100
111100010101010011
000010011001100010
000000011100110000
111110100001110110
000001110110000110
000001000000100101
111100111001101011
111110000101011011
111111111101011101
111100010000101000
