000101010110000111
000001111001110100
111110100000000000
000000111100011101
000010101011110011
000001100111101111
000010110111110111
111101101010111110
111100101001000110
111101111010110101
000011001010000000
111101110000010000
111101011010101110
111100101010101010
000100111011110011
111111011010010010
000010001000001001
111110101110101011
111100101000010111
111100110101110110
000000101011110010
111100101010000010
111110100001010100
111100010001001011
111111111010001111
000011011101010011
000100101001010101
000011111010000010
000000100001000001
111100001101010011
111111100101000000
000001000100011001
000000111010111110
000000110110000001
000001000111101111
111111001110000101
111010000110110110
111110010100011111
000010001111011011
111010111001110100
000100010000001100
000000111000001111
111100101101100110
000001001011100101
000000000100000001
000001011010010111
111111000000011110
000000101001011111
111111001100111100
000001111111111111
000000110110010110
000000110001110110
000101001001000111
000001100101000111
000010110010011110
000010010011011001
000101000001110011
000000011111111100
000011000111101010
111110111001110111
111100101110110101
000011001011110111
000001010011011010
111010111100110101
111100010111101110
000010010101111111
111101111001011000
000100000110011100
000000110111011101
000001110000101111
111111010100010100
000000000111011111
000000011100010110
000011001000111110
000001010101111010
111100100010111000
111111110100100000
111111000100011011
111010110111101001
000011111111100110
111100010110111101
000000011000011001
111101001011001010
111111101101001110
111101000011000011
111101000110101101
000011000101000101
000100100101001010
000001000001001100
111100000000111010
000100000100011011
111010001010000111
111110111011100011
111100001100100010
000010111001000011
000001111111101110
000001100000001111
000010111100000100
000010101100111100
000000101110011011
111101010111000111
000101100001001101
000000110101010101
000001001000010001
111111110101111101
111110000100010011
000011011110011000
000010010010011000
111100101111010100
000110111010110010
111011000011110001
000000010111110101
111010110000110111
000010000111101111
000010101111011101
111111011111001001
000001100000100001
111111000011100110
111011000001000011
111111100110110000
111111011011000100
111100000001000111
111101111011000001
111110110011111010
000000011010011001
000001101001101111
000010011010110001
000010100110010011
000001101001000000
000001110110101000
000010100011111100
000001110100001101
000000100010101001
000001010111101110
111101010010010100
111111111000101110
110111111111110101
111111100110101010
000011100110111000
111100101001011110
000001000011100100
000001111101111101
000010011011011111
111101110111000110
111110111010011000
111111110101011111
000010001101101010
000001000000101011
111110010110011100
111111001101110101
000000000010010110
111011010101100100
000110001101011101
000000101000101011
111100001010101001
111001111110000101
000000000111101000
000001011101000001
000010011101101011
000000101010110001
000000110011101011
000000100011010111
111101001100110010
000011010111101011
111110000101010111
000000000111000010
111111111100110101
111110101000000001
111110111100010011
000001000110001010
111111011101101000
111110111100010100
111110101110100101
111111011011101101
111110010100111100
000011001010000010
111101001111010110
000000110111111110
111110000110010001
000001010000011001
111111010000110101
000010011000100000
000010010000000010
111110110010010100
111100010110001011
111100110001010111
000000101011000010
000011001010001010
000000001101001110
111001110000111010
111111111101111010
111110010011011001
111011011100000001
000011111111100100
111101001111011001
111010100001110010
111100110000010111
111110011111110110
000000010000111110
111111101001111100
111100101010110011
111110001001010000
000011011101001000
111111011110111100
000000100001110100
111110010100101010
000000101011011110
000001101100011111
111100111101001001
000100111101010010
111101010100011101
000010111000011101
000000001000011010
000001010011110101
000001000101011111
000010011010100110
111101010011010011
000010100010011111
000001010101111000
000001000010100101
111111001110011101
000011000000101110
111100000100000010
111111101111101000
000000110110010111
111110000011001001
111110010110100110
000011000000001100
111110100110001101
000010100010001011
111111000011111100
111111110001010010
111111001101000111
111110110011110110
111110110011011111
111011111000100001
000000100010101101
000011110001001101
000000111101111001
000000111011010001
111111110010100011
000101110011110110
000001101000010101
111100111010101001
000001101101010001
111101010010100110
000111000100011010
000101100011011111
000000111001110011
111011011101110110
000001111100101001
111010010010111011
111111111011101001
111100100111111110
111110100100011101
000100000010101000
111011110011111111
000100010000100011
000001110111010101
111111011111101001
111101111111010011
000001000101010001
111110101010011000
111101011100000110
111101010111010000
111111011100000000
000000000100010101
000000001100110010
111111100000000000
000000011000100110
111010001001000010
000001011110000110
111100110101100001
000100101111100110
000001010011110010
000001011110011011
111101001110100100
111100010001011011
111110001010010101
000010100111111000
111110000111010111
111100110010010010
000000011100001111
111111101101110100
111101110111110010
000011001101111010
000000011001010011
000000100100001100
000100011000000111
111111110100011100
111101010111010010
000011000110100001
111101111010001111
111110101111111100
000100010111010010
111111101001011110
111101101111111111
000010011100111110
111101111100111111
111011011000100110
000001111110011010
111011111111011010
000000001010110010
111110100010100100
111111000100101111
111110001011110111
000001000111111111
000000011010111100
000011011101000110
111100101011110101
000000100111101111
000000001001110111
000000010011010111
000001100001111010
111110010110011100
111111001100110010
111100010000000000
110101010010011000
000000001011000000
111010000010000001
000000010100010001
111010111000101001
111111000000010001
111110001111001001
000000100000010110
111100000110111010
111111011110000010
111110011101011010
111111010100011101
111010011001100010
111100001010001000
000001001101111100
111100001100100000
111100110011010110
111111100011000011
000010001111001011
000000101001010010
111110001010011110
111111100010011100
000000100111110111
111101110000010001
111101111100100011
000001111011100111
111100011011110001
000001100010001000
000000001010000110
000001100011011010
000101000000110001
000001011101101000
111011110010100100
000000100101100110
000000000011010010
111111110010011101
111100000011011101
000010101101101000
111111000101101010
000001000010001101
000000111011001000
000100001000001111
111101100111010110
000000001011110001
111111010110111000
111101011101011100
111100011000111001
000001111110111000
000011111010000011
111110011110011111
000010111010010001
000000011010101001
000010001111000101
000001101000010111
111101001010000111
000011110000011010
000011000001101111
111111000111101010
000101101101001110
111010101100111110
111010111011101000
000100101111011010
111100011110011100
111111011011110010
111100100110101110
111111100000001001
111011110011110011
111100111000000001
000010011101011001
000001101100110010
000001111010110111
111111100100010000
000001100000110000
111101010100110001
000011011110111001
000001101011000000
111110101000110101
111101001000101111
111110111100111100
000001000011000010
111110001000111100
000001101101101100
000000010101000110
111111011010100000
000001101010111101
111101001111001111
111111011011011000
000000111110100001
000010010011101000
000010011011001100
111111011011100110
111110110110110110
000010000010011000
111101000011110101
000001100101011010
111101111010010100
111111000111011111
111110011101110001
000001110111111001
111110000010111100
000010010111001010
000000001111001010
000001101110011011
000001111011001001
111100111110000100
111110010001010111
111110101000110101
000100001111111011
000001000000010111
111111001110000000
000000101100011000
000100001011110010
111111100010101000
000010000011111010
000001010000010010
111011101011011101
111111011000100101
000010000111010000
111111001101001001
000000101111110111
111110000010110011
000000110110011100
111101011100100011
000000111001011100
000000100010100011
000000100110100101
111111110011011101
111110100001110101
111110110110001111
000001101100001111
111101110001000010
111100001011110110
000010110011010010
000001111000000001
000000110101010011
111100010101111100
111111010010101000
111110011101011100
111111011010111111
000011111111100100
000011000101100101
000010000011101010
111110100000101010
111110011001001101
111111010011000011
000001111011010000
111111000001100000
111111001000110111
111110101001111000
111101100010000100
111100101010100111
111110110111101011
000001010000000110
111111001110110010
000100010100000010
000011111000011010
000001000000011110
111011101101001000
111110000100010010
111010111100101111
000000001101100111
000001010111110110
000100111001110101
111110101011110100
000001111111001000
000001000010001010
000100011011101000
111110100011111000
111111111011000000
111110001001000001
111010011011110000
000010010001101010
000000110011101011
111110000011111000
000010010010001111
111110010010001000
111101110001000000
111110111100100100
000101000011110000
111010110101011110
000000100000010011
111111110100011101
000011001010001111
111100111000011111
111100100001111010
000100111000111011
000011000011110001
000101011101001111
000010010110010100
111011000011100001
110110101110101101
111100111101110011
111100101101110101
111100010011000100
000001011010011010
000010000110100100
111101111000110110
000010100010010110
111110100011111111
000010100100100001
000000000111110101
000001111100001101
111110100100001001
000001111100110011
000011010100000010
111111110100010100
111110011011010101
111110100010100011
000011010010000110
111110111101111100
111111110111101011
111110011001111111
000001100001011000
111100111100101101
000010010110110011
000011001001001111
111100111110011001
000011111110011011
111101101100101110
111100101000011110
111100010001001110
000001000011011000
111111001011010010
111110101010010101
111011010110010111
000000001011101011
000001001000010110
111011111010101111
111110110110100001
000010001010100011
000100010011100000
111011101100000100
111100101110010100
111111111110000110
000010101001010110
000000001011100101
111111100011111100
111111100110011110
111111010111001011
111101110010001101
111100011101101111
000011110100101010
111111111101010101
111100110111000001
111110100110111000
000011011001011011
111110101001010110
111110011100010000
111100111000011100
111110110111101101
000000000100010001
000011111011001100
000010001001110100
111101001111011101
000000111111110010
111100100001000111
000011000101101110
111101000011110000
000000110100001101
000010100010011000
111111010000001010
111100101100001111
000001010011100110
000000000010101010
111111100000011000
111111011111001110
000001111010011001
111100100110001001
000000100101101001
000000111000111100
111111111001011111
111100110001101001
000001000101010110
111100100110110100
000001000101011100
000000110011110110
111111111101001000
111111111001011101
000010010000110010
111001100010000110
000001110110010010
000010010101010010
111101010001000001
000000110011100000
111111100010000110
111111100001101001
111111011001111110
000000100100010100
111100111001100111
000100000100110111
000001100110101011
111111110100010000
111111011001111101
000001000001011101
000001101001011000
000011001000101010
111111000011110111
111111101001000010
111101110101010010
000010100001101101
000001111001111100
000010100101010000
111101110100000110
111101010000011000
111111000011101000
000011101111000110
111101111001111100
000001000100101010
000000101111110010
000000000001001100
111111001000111011
000001001011000100
000001000110100011
000011111111001001
111101100111111101
000001010101011100
111100000101000100
111101010101010000
000000011111101101
111100001101001001
000001000000100111
000000101110100101
000010000001000011
000001101000011000
000010001111010101
111110111111011111
111111011011110000
000001111101001000
000011001000000000
000000100011001001
111111001001011000
000001101011011101
000100000101011100
000010011011010010
000010011101101010
111111000000000011
000010100000000010
111100000101100000
000001010010000001
111100100111001101
111101011011001000
111100110011001110
000001110011001111
111110011010100011
000000111111010110
000000110110000011
000100010100111101
111110010010111101
111101001100100101
000000011100001001
111011001101011100
111001100010011111
111011011110111001
111101100011000001
000001001000011010
111110110110010011
000001111010101001
111110011010001001
111101000011110001
000010101011101001
111110010111011000
000000110100000101
000101010111000001
000010111110001011
111110101001000110
111101001101000011
000001001001100010
111110110001100100
111000111010101100
111101111101010101
000001011000100011
111101100111001000
000000110000010110
000001000000000100
000001101110010101
111101101111100110
111111111100000000
111010110110100111
111110000001110001
111010011110001001
000001110000011100
000010100100110000
000010001100111001
000001001111000100
111101011101110110
111110000011101101
000001100100101001
000001011110100101
000001001011110000
000000000110110110
111111001011111100
111111100110110101
000001110101000111
000010011110101100
000100010100000011
111101111000111011
111111111010100100
111101001100111100
111110101010110011
111100101111010100
000000101100111001
000001111000110111
000001110010100001
111110111100110101
000000111100110100
000000101110111010
000001110101000000
111110011100110111
111111000101000101
000001101011000010
111111100010001010
000010100110111010
000001000001000000
000010100010110111
111111010100001001
111110001110100010
111101001111011000
111111111010111110
000011011110110101
111111001011110000
000011101001010000
111011111101101001
111110000111001111
000000011011011111
000101000010010011
111011010110011011
111110111111011010
000010000110001001
000001111001100010
111101111110010101
111101000000001011
111111100011101001
000101000101001110
000011011101001110
000001011001110001
111101000001111000
000010010000000101
111111010010100011
000000000101010101
000001001111100010
111111101110101100
000011100100100110
111111010101010101
111110011101111101
111110000000101000
111101110111100111
111001011111111010
111100010010001010
000010100000000110
000010101110110101
000100011000111010
111111111011101111
111100101011000000
111101100111101011
111111001000011011
000101001010001100
111110010110011000
000011010000101110
000011010100000010
000001101000010011
111100100110101111
111101111110001100
000001010100010110
111011101100111011
111101011010101110
000011110101100011
111111010111000111
111100101010100101
000000101010101001
000010001011100010
111111001001111101
000011000110101010
111011101110000001
000010011001111011
111101000010101000
111100000010010010
000100100111101111
000011111100101111
000101110011110100
000011101000000111
111110101110101111
000000111100001100
110111111011010010
000010010011001101
000010001001000000
000000001110111001
000001010100011110
000011001010101001
111011000100001101
111101000100100010
000001111100011000
111100011011101101
000100100010011001
111110001100111101
000001101001101001
111011100101100101
111111100010001100
000011010100010000
111100111010101011
000001000100100010
000001100100101100
000001011000110000
111111110100100010
111100010001110101
111111011111010100
111101000001100101
111011010111010000
111101011101000000
111110001100101001
111100110010000101
000010110110011001
111110001111000000
000000001100111101
000000001011010011
000010110101110010
000001100100111110
000010110100000111
000001011100011011
111101001011110101
111011101101010100
111101010101011111
000100110110000011
111111101111011010
000100100101010001
111111011011000100
000100001110101010
111110100001101000
000001010111101000
000001101011010000
111101110110011001
111111010011110011
111011100100001011
111011111111100111
111111001000111011
111101011111001111
000011000110000001
000000100110000110
111010001011001100
000001100111001100
000101000010000000
111110011110011001
111110000001110000
000001000100100100
111110101110111111
111110010110000100
111111001010010100
111111101100010111
000011100100100111
000010111011111111
111100011100111100
000000001110110001
000001001101111001
000010001011101101
000000101001011000
000011011000010000
000001010110011011
000011001001010110
000000001010111000
000000011011001110
111110101001100101
000011001001100100
000000100000110110
000100010000110111
111011111100110101
111101000000010001
000010001101001111
111101010001111011
000010000011010011
111110010101011001
000000101100010011
000001001010101010
000000110100010010
000000111001010100
000001110001010110
111100011101000010
000010010111101010
111111110111001110
000011110101001110
111111100110101101
111100101101011101
000001000110100110
111110100110100111
111111011111101010
000010001101101111
111110111111000010
111110010010000011
111110010000010100
111101100111001111
000001101010101011
000010011110000100
111101001010101000
111111010011100011
000000011110110110
000000111000000111
111111100101111110
111100111011100100
000010101101100101
000010100011010100
000000110100000110
111111100010110001
111111101111000010
000000011111101101
000001011100010001
000000101110000011
000000101001101000
111110001111111010
111101011100010001
111101110110111010
111101100011111110
000010110000101011
111110101111101111
111111101110111011
000000111101100101
111110001000010100
111111000110011001
111110111100110010
000000101000111111
000000000011010110
000010110011000010
111111111111000100
000010101110101011
000000001100101000
111110110010000011
111111010111101111
111100000101111011
111111010011101101
111101100111011011
000001111111001000
000000101101000000
111101111010100010
000001010100010000
000000101010111110
111111111111011111
000011110011100111
111111110001010100
111101101110000000
111101111000011010
111111101111000000
000000010100100111
000001010001101110
000001101100111011
111111001001001011
111110111111011101
000000001001100101
111101110100100001
111101001000111000
000011000010000010
111100010011110001
000000110110010100
000000101111101011
111100001001100110
000011000010011010
111111011101011101
000001011001010000
111101000101111100
000011100111110000
000101100000001110
111100101111111000
000010100000101101
111100010101101011
000011001110000101
111110010001001001
000000100110010100
111110010111000100
111111011110111111
000010101110101100
000011010100100011
111110110000101111
111010010100111101
111101100001000001
111101011111110111
111010011100100000
111101110110101000
111110000111010111
000010111010111001
111010000011010011
000000100000000111
111101000100001110
000011111101111001
111100100010110111
000000101100010001
111111100000010011
111101001101010101
000010100000111101
111111111011101110
000010000000000001
111101011011011101
000010000111001001
111101011100110111
111110000111111001
000010101101000000
111111100011101101
000000011101010011
000011000011110101
000000011110110010
000010100010101110
111100100101010100
000001001111000110
000011101100011110
111111010101011010
111100101000110110
000000011000111111
111101000101111001
111110000110000100
111010101100110110
111011101010100000
111011111111101010
111110100010000111
000010100010100100
000010110010111100
000000000101101100
111110011110010111
111111011101011010
000000000010001010
111110001011000000
111101011010011111
111111010111110110
111110000101100111
000001000101001101
000000101010100010
000001010001101010
000010001100001010
111101111110000001
000000011110100110
111101001100001011
111011111000011011
000000001011001001
000010001010100011
111111011101100000
000010001010111110
000001110111110010
111110111110000100
000000111101000011
000100001110001100
111111101111100111
000010010010010110
111111010100100111
111101000000101010
111110100100111010
111111011101111010
111101000100000101
111100001011101000
111110001011101011
111001111101111110
000000000111011101
000000000110000010
000000100110001111
111100001011101011
111110010011001111
000010001000110000
111101111010011110
000001011011011001
111111101110010110
000001011100001001
111101110100110001
111111101000001011
000001011001001111
000001011000001111
111101010000000111
000001001110001101
111110011011001010
111110010111011001
000001101011110101
000100101001100000
000010010001000101
000001110011101010
111110011000001001
000000111000101110
000010010111111011
111111110110010001
111011100000010111
111110100001101000
111110010100001010
111101110000000111
000001100111010000
111100100101001101
000011100001001101
000000011011100000
111111010000110101
111110101000110111
000000110101001110
000010011010001110
111101110100111010
000010000010100011
000001101011100111
000000001010111100
000010010000110010
111101010111110010
111110100111010111
000000000011111001
000010101100100001
111110001011110111
000001100000010001
111101000110000101
000010100000010000
111101101000000011
111100010110011100
111111101101100101
111111000001110111
000010100101101000
111110011001100011
000010001000110011
111101101111111101
111110110110111010
111111100011101000
000000110110011010
111110111011100100
111010111000000000
000000000100100010
111101111010011110
000010010110000011
000000110101011110
111101110001010011
000101010101110011
000001001001000110
111101110001011110
000010101111010100
111101011011011111
000000101011100100
000000101011000111
111111110000011100
000010111010101111
111110000111010100
111100011110011001
000001011101101001
111110001010101101
111100011000110011
111110101111001111
111110001001001100
000000111111100010
111111000000100001
111110000101000100
000011000011010111
000000100011001100
000011010110101000
111111111111000000
111110001010111111
111100110000001111
000010000111011000
111101011000101000
000000010000110101
111101101011110010
111011010101011010
111101100011011011
000010010110011101
000010010010101010
000001000010111100
000010000001111101
000000010110001011
000010001100110010
111010000000101001
111010110101001000
111110100001111101
111101111111001101
000001100110001011
000000011011110000
000100101000001110
111001110101010100
000000111101101101
000011011101111000
111111110000111010
111011111010100011
111011101110000101
111110110100111101
000011000111101011
000000111110101000
111111101010000101
111110010001111111
111101011011011111
000010011111000001
000100100111010000
111101010000001000
111100001110111011
111110011010001000
000011001101101010
000001101110011001
000011101111011110
111110001010111110
000010110111011000
111110101111110000
000000011110111111
000011111010010001
111101000100100001
000000000100101000
111101011001110110
111100100001010110
111110001111100111
000011110100011010
000100111111101001
000001101011000000
111111111001101110
111100100001111010
111110101100110000
111111011110110101
000001001010010111
111100111100000101
111100010111011110
000000101111100110
111110010001100100
111110010110101101
000010000101001010
000001001000101101
111110000100011011
000001000001010000
000010111111100111
111110010000111000
111111100000100010
111011001111000111
111111111010111001
000000100100000110
111101110001110111
111111010111000100
111101100010100000
111110000000110110
000010110000111011
111110110011110111
000101001111111010
111100010000010001
111101001111101101
111110100100010001
111100111101100001
000000000100110010
111110010011101111
111111100011001010
000000101010001011
000000011011000110
111110111110001101
111110101000000001
000100111111110001
000001100110011110
000010100000111010
111110110100100110
000000010100010111
000001010001110010
000011111101100010
111111011011101010
111100111111010100
000100010001011101
111010010111001010
000011110111101100
000010011110110101
111101110011010111
000000011111000101
111100101001101111
000000100010110111
000001000000101101
000010100101111001
000010010101100011
111110001101101111
000010001110111010
000000000100111111
000001100010001010
000000001010101000
000100011011101011
111101100100001111
000001100010111110
111100001000111000
000000110100110100
111000111101011100
000001011100010100
111100001101101110
000011110000100100
111101100100011111
000000111011000100
111110101011011111
111111010011111000
111110101011010001
111111000100110110
000000001000110101
111100000011001011
000000111011011010
111010001100111100
000011100001001100
000010011101101110
111100010111111100
000001010101110110
111100111001011110
111001101010101000
000001010011101001
111011010011100100
111110001000001001
000000011010011101
111100110110000000
111111010000101001
111101010100001001
111100101001101100
111110010001100001
111110100101000110
000001000011000111
111011110001110010
111101001111111110
111000101100011001
000000000111100000
111111000001111110
111101011001101101
000000101000100000
111100011100111110
111110111000101010
000101000100011011
000010010000000111
111101100111011001
111110111110001111
111101100101110000
000100010011011111
000010111011011011
111100110000110000
111110011101011011
000000100100000010
111110100000010011
000000011001101110
111101010010000111
111111100111001111
000001110001111111
111110010011000101
000000010010100111
111110011100100001
000000111001110011
111111111011100000
000001110100000101
111100000100010110
000010011000110110
000000011000111000
111111001000101011
000001011001011110
111011010101111110
111101101110011000
111010010101101010
111111111010011101
000011001111110011
000000011110110100
111110010011010000
111011111111011101
111111000100010110
111100111111111011
000000110010000100
000001001100011110
000001010110100001
000001011001000101
000010000011010111
000000010000100001
111101001100100001
111111111000100011
111110101111100011
000000011101111101
111101111101011111
111110111010100100
111110001000000011
000001010101101000
000010000010111011
000010000110011111
000000110010101010
111100100111011111
000001011000101101
111111100010111011
000001000001011101
000011000001001000
111110110110101010
000001010100101100
111110000000100101
000101111000101011
111100010010111010
111110110110011100
111100011100011111
111110111111110001
000100111010001001
000101000110101000
111100010011001100
000010111011101101
000000011000110001
111110010001111111
111110110000110110
111101101101111111
000011111010101001
000000101101100001
000001110010000100
111110101100001000
000001010101101000
111100011100111111
000000000100100010
000000010011101001
111110000010111001
000001000111000100
000011000100011000
111100011001001111
111101010001000100
000000100000111000
000010010011001001
000011011110010110
111111101011110000
111110111101001111
000000011011100101
111110010110010001
000000101001001000
000001110111111100
000011001100100100
111111111000011101
111111101000110101
111101010010010111
111111111000111111
111110001101110101
111101000001001011
111110010101111000
111110110110001001
111111001111000000
111111000001100011
111101110110101010
111101011000000011
000000100000000111
000000000110111101
000001011000111011
111110100100110000
000000100110011111
000001010000010101
000001010010010100
111110000000101111
111100111110000001
111111000101001100
111101100110110000
111101100100100010
111110110000010101
111111101101000000
000001001010000100
000010110000101101
000000101100000111
111100101100000001
000001001111110000
111101110010100101
111111100011011111
000010110000001010
111011101111001101
111111011111100110
111111010011101100
000000010000111110
111110110111001101
111011011110001100
000011011100100011
111101111010011100
000000110000000000
111100111100000111
111101001111111001
111110001101111110
000000011011001110
000001001110011001
000000011000111100
111111001010010001
000001101100101010
111110000000011001
000001100101101011
111101110111101011
111011011111100100
000000100001000010
000000010111001100
000000110001000000
111100110001000111
000011011100110011
000000101100100101
000001010111001010
000000010000110000
000010101100001110
000001110011000101
000001100101111100
111101111100110101
000000111000100001
111110001110001011
000011101110101000
111101111000111011
000001011100011000
111111011111101010
000101001100101110
111111110110011001
000001111000010111
111001111100011100
111110111011000110
000010001100111111
111110010100111110
111101101011001100
000010001010011101
111110100000110011
000001010001011111
111100010101000101
111110101110101000
111101010110111000
000000100011011100
111111111111110111
111110101010001001
000011000001111100
000011111101100111
111011110000110001
000010110110110011
111101111001011110
000110100100111111
111110011110000100
000011010011110111
000011111110001011
111100100010001111
111101110110010110
000000010110100111
111111110111101001
000001110101101100
000001011011010011
000000001101011110
000100000010111110
000000000000111011
111110100010011101
111111100000101010
000000110000000011
000010111000101000
111011000101000001
000010101000011001
111110001000010100
000101100101111100
000001011011001000
000010111111110110
111010111010111110
111000110101011110
111100011111010110
000001100101111100
000000001111110000
111110100111011110
000001000101111111
111100111110100000
111100111010110000
111101101000010010
000000101000000010
111110000010010000
111111001111100011
000001100110001000
000011000101010111
000000010111010110
111101001111000011
111101100111010111
000001110010000110
000010110001001100
111111001111100100
000001100000111011
000001111010000100
111101111101000011
000001110001000011
000010110001100111
111101011101010001
111100100000101001
000001010000001110
000000010110000010
111011111110110111
111100010101011010
111101111000111000
111110001101001111
000010111011001010
111111000011010110
111110011100111111
111101111000010110
111100011011101011
000011100010001001
111100100100100010
111110111101011110
111111101000100010
111100111100111010
000000100000100101
000010110101000001
111101110110110010
000001100110110010
111100010100110001
111011000101111100
111111111101000101
000001110100110110
000010111101010101
000001001010001011
111111111110001101
111111010001101000
000000010001001101
000001010000010101
000000100111010001
111111101100101110
000000001110111011
111110111101100110
111110011100110000
111100101010011100
111110011101011100
111101000001101010
111110000000110100
000000000111101000
111110100010011110
111110110011010101
000010000000111011
111101110010001001
000001110000110100
000000111110010110
111100101000011000
000010011001111010
000011011001011010
111100100111100011
111010101100000010
000010010000010101
000101001011101100
111100011110000100
000001101100000111
111111100111100011
111110000011111111
111101101011010011
000010000110100100
111011101100110110
111110111001000101
111111100101001101
111101001001100000
000001001101110100
000000101101111100
000001110100100001
000000100111101100
000001111111111101
111111100011000111
111111101111101110
111100101001001011
000001010010101101
000000000000101001
111111100000001001
000011100111100101
111110110101101111
000010011101000111
000000011110000101
000010011100110111
111101001111001001
111101100010100101
000001111001010000
111101001000101100
000011001000010100
000011000011110011
111101100111110000
111111000011000010
000000111101100011
000001101011001111
000000100111101111
111100000100101111
000000110110110111
000000000000110011
111111010110110100
000010101110110100
111111100100011111
111101100000111101
111110010101111111
000010000011010011
111101001001110000
000011100111000100
000001101010001100
111011101101010000
000000010001100101
000001101111001011
000000100111110100
111010111110000110
111111001001110010
111110111010001010
111110011111100001
000001001000101001
111111110010111111
000000010001111110
111111000101101001
000010100110011001
000011111110010010
000010000111111101
111110001100100111
000011100011000100
000010000110000110
000000111000111110
000010010101001011
111101000010001101
000010110101011111
111100100110011111
111110001100111011
111100111110000110
111101010101110111
111101010010100011
111111100000000011
111111100110011011
111111100010000111
000010011111101001
111011001010110101
111011111001001100
111110000100100011
000010010101011001
000010111100011111
111111101110011000
111111100000010000
111100101110101011
111101110101111011
000001000111100001
111011111101110111
000001010100100100
111111100110000000
000000010001011111
000000000111011000
111110100101010011
000001001111000101
111111000110110010
111011110010111111
000001001100001101
111101111111001110
111110111101011010
111110000111010010
000000000101111010
000000111101001000
111110010111101100
000000011000101001
000000010010001011
000010001100110110
111011010001100010
000011001111100001
111110111101101011
000011011001010010
000011000000011000
111001111001010111
000010010010101101
000001000011101011
111011110011100101
000100011000011001
111111011011000011
111111110010000001
000000100100111110
111101100000000011
111110000100010000
000000110010101111
000000001000000111
000011100010100110
000000101110110010
000010010000001001
111100011111110101
111111011110101111
111111011111110000
000001101111000000
000010101001000000
111101100101110111
000000111000001101
111101110100111111
111101010101010001
000011001110101011
000010100101000011
111111100111001100
111110001011011110
000000100010011010
111100011000101111
111001011000000010
111011100011001100
000001010010111110
111111000010011110
000011111011110011
000010010101001101
000010010111011000
000000000110010111
111101011010111110
000001010110111001
000000010001101010
111100010011001010
000001010101010110
111110100110011100
000010011111101111
000001110001100110
111100100100011010
111101011110000100
111110011000010010
111111001001010001
111110111001110010
111100011011010000
111110011110000110
000001100000000111
000000011000101100
000001010001111111
000000111100110110
000010011011001010
000000010111100000
111100010001011001
111100010000101010
000000101100010011
111011010100000001
000000000011100001
000010100101010101
111111011010011010
000011110111000110
111110101011101110
111110001001000000
111110111100000100
000000101100101001
000011111111111110
111111111110011111
000100011010010011
111110110111011101
000100001000011110
111101011100010000
111011111100111001
111100101010010010
000010011110110100
111100100101000001
111110100010010110
000001011111001101
000001111100110110
111110110111110011
000000010101100010
111111001110000100
000010010011111000
111111010110011111
000001111011001011
000000001001101101
111110101111010000
111110110101001001
000100001011011010
000000111100110110
000010111100100101
111100011001110011
000010110000111101
111010101110011100
111101101010110001
111101111000010101
000001000010101001
000000001100001011
111110111110010110
111101010101100100
111111111010010101
000010011110000010
111110011011010111
000001001011111110
000001010111000111
111100010001011111
111100000100010001
000010101100100110
000001101011011100
111111010001111000
000000000110101000
000000101101000100
111110000100101001
000000101110000110
111101000010100010
000010111111010111
111101001000010111
000000111111001001
000001100010000011
111111101111101101
000001110111101011
111110110001101000
111111000101100001
111110001000100101
111101011011110000
000000011011001011
111111110110010010
000001110111110000
000010000111101011
000011100111100110
111011010010000110
111111100111011000
000101000001000011
000000000001110000
111010110011111100
111110110000111001
000011111001101000
111101111100100010
000010001101101110
000010100011101100
111111010111110100
111110010010001010
111101101000000111
111100010111101010
111111000110101110
111111101001100000
111111100000101101
000011010101101111
111001101100101000
111111101101011010
111111100011100000
000000101100100110
111010110001100111
000110010000011111
111011101101001110
000010111000101001
000000000110010110
111110010111011011
111111110101110100
111111000000111111
000000100101111010
000001111001111101
000011010101100011
111100111011010100
000010001000001101
111111001101100110
000000110011101111
000101010101111011
111110000000010111
000001101100010000
111101111111111010
000000111111111100
111110111101001011
000011100000001110
111110010110001110
111110010001011001
111110110110001100
111100101000011101
111110111101100100
111110111011100101
111111100111100001
111110110010011001
000011011111111111
111111011011011101
000000001110101010
111100110011011011
000010011101011011
000001100000100010
000011101101001011
000000100000110001
000010100110100011
000001000110101111
000001001101011011
111100011101011000
000011001101100011
111111010110111011
000000000011101001
111110100010101000
000001000000010100
000011000110000001
111111100000111101
111111000100001001
111100111110000111
111110100011000110
000000100010100100
000000100111111111
000001000111101000
111101001011010110
111111011110001100
111111101101001100
111110110010101000
111100110100100011
000000011010100001
000001100101100100
111110110110000110
111111001000101110
111111111000111000
111111010110110001
000001011101010010
000010111000010100
111110011010001011
111100110100100111
000001101001110010
000001011001100000
111111100010101110
000001001100010011
111111000101001001
000000110011111000
111110101010100010
111110101100001111
000000101001011110
000001101110011001
000001111001110110
000000110110001100
111100011000100000
111100101001110010
000000010000000101
111110100101000010
000000101101000101
111111110001000110
000000100001100111
000011001110011111
000000101110110111
111110101010000000
000001111100010110
111111101011110011
000000001010110101
111111000000110000
111110001101010011
000001000001110100
000001111010000111
111101110111010001
111111101101010101
000001001010001100
000000001110010111
111110010101100110
111100100101010111
000000010000110011
111101000101110100
111110100000101100
111110001000110000
000001101110011001
111101110010100000
111110011100100100
000000001000110010
111100010110100100
000000010101001010
000010110111000101
111101011000100101
111110001101001110
111110011010101010
000011010100100001
111101100001101010
111101001000100010
111111001111010010
111110001110100101
111101100000100111
000011110011101011
111100110110110101
111011100000111100
000001111011111001
111100111100001010
111111110000010111
111011111001001100
111111100000000110
111101110110010101
111011101111001001
000001001100100010
111110101001001101
000001100000101110
111100110110001110
000010111001010100
000000110000001001
111110010011011100
111110111110101010
000000100100000000
111100011110110000
111101101111000101
111110010111001000
000010110101101010
000000000001000100
111111100001010010
111100000111001110
111110011001101111
000000101111001111
111110001011110011
111100111101110101
111011010110101110
000011101001111010
000001110011111110
111011111010110101
000000100110100100
000100000010001011
111010000101011001
000001110101110011
111010101100110000
111111011011001100
111101010001101100
111111110001111110
000000000000110111
111101100010110001
000000010000010101
111101111110110111
000001110100110000
000010100011001101
111111000101100100
111111000011101111
111101011010110001
000000001101100100
111101011000001100
000011110111011101
111101001000110111
000010010111001111
111110111010110000
111111100001001101
111010110101101001
111011100111001110
000001010000001111
111111101100000000
111011001100101100
111101111111110000
000010111011001011
111111101001010100
000000010011100110
000100111100110111
000001011100111100
000101000000000110
000001101100101011
111111111010101001
000001111010111100
000001111001000010
111101011100101111
111111000110000010
111110111110011010
111011011110101101
000001111100011111
111100001000000001
111110101010011000
111100100001110100
000010001011111110
000000111011101111
000011010001101000
111100000101001011
000000001001010110
000001001010111010
111110010101001100
000000111100001011
111100110011111111
000000011010110011
111111101100000011
111111100000010010
111101000100001111
111101110110011001
000001000001111001
000001101000011010
000000100011010001
111101110001000100
111101011001010011
000011110010010010
000000001000110101
000000111111100110
111001110100011000
000000001111001111
111111110011010111
111101111111111010
111011111100101100
000000010111001001
000011100110101001
000010111000111101
000010100010110011
000010110101101000
000000001001110101
000001000100101010
111111110001011101
000010100001110001
000000110010000000
000011001001000111
000000010110010001
000001010010011111
000010101011110011
111100100101001000
111110011001101101
111100101010000101
000010100001001000
000000000111110101
111101000001010110
111101011110010011
000000101000110000
111111010110000111
111100010001010001
000011000011111111
111110101100011010
000000101001000101
000000101011110110
000010100010111111
000001010010100110
000000001011000101
111101100111011101
111111010000011011
000011001010101000
111111100011101001
000000011000001111
000000100111100010
111011110000111110
000001011100101110
111100101001001011
111110100000110101
000101110101001000
111101111111111011
000101100001010011
111011110111111101
111101010011000001
111111111010101101
000000101001110100
000000000110001010
111111000111000011
111110101000000101
000001100110000010
000100011010101000
000011010111100101
000001101011001101
000001000111111101
111100110011101100
111111101100100011
111011010101000011
111110001101101110
001000100110101111
111010100111001100
000000011011110010
111100111100111010
111110010100001001
111110011111001011
000000000110100100
111101101010011101
111100100100011111
111110010010100101
000011111001000100
000001100000000011
000100011000000101
000000101000111101
111101000101000101
111010101110000010
111111101100011101
000010001110001100
111110100001111111
111101100101101011
111111001101111010
111111110111101100
111011111100111111
111101010110011000
000100011100001110
111001101011110101
111110101100011001
111110000011110011
111001110100111010
000001010110001100
111111011101111101
111111101001010111
000000111101110110
000010100100101010
000001111110000011
000010010111100100
111111101000101001
000010011000010101
111111111010010011
000001010111100111
000011000001111101
000011011011101010
000011100101111110
111101000110001101
000010101011010110
000001010110101010
000101110101110000
111111100001100110
000000011010111100
111011100111100101
111100100110011000
111100101001000111
111111011000000000
000011001011100110
111101110001001000
111010011110111111
000001001100001110
111111100111011010
000000001011101000
111100101101110101
111110010110011101
111011000101001100
111100001011110100
111100000010111101
000100000011001001
000010011010001000
111101100111110110
111111111010010001
000011110101111111
000000100101100010
000000000000000100
111110101000010101
111010110110110100
000000110000011010
111100011010101101
111010111111110100
111011011010111011
111110100010110010
111100011001010100
000100101111100101
111100010111101001
000101000010100100
111110000011101111
111101000101001011
111101001101100011
111110011110000110
111110010000001000
000010110110000000
111001011010110001
111111111110000000
111010010010010001
000001101111010100
111100000011001111
000010000110111010
000001100001111001
000100000100000000
111100010111110011
000010110100100000
111100111100101110
000000010011011000
000001111101011101
111011100010100100
000010100101111010
111011111101101111
000000001010010001
000001110010000111
111010000101100100
000001000001011000
000000111101001111
111100010011101000
000011010110000011
111100010100110110
111100101011000011
111011110110100111
000001100000001011
111111101101111000
000011110100010000
111111111011101100
000010011011101111
111101101100101111
111111110100000111
111011100101111010
000000001111110111
111101110101000011
000001011101010011
111100100110101100
111111101100101111
000000001101010010
111100110011010101
111111100101101010
111110010101101101
111110110111111101
111101101000001101
111110101100111001
111110100110010111
000010010000010000
111100000100000100
000100011101101001
000011100000111101
111101101100101011
111111010100111101
111111101101001010
111010010101011111
000011101111011011
111100000110110011
111110101110010101
111111011101011100
111111001111011001
111111000100111111
111110110000100100
111110011111000011
111011110110110011
000001110001101010
111111101110101101
000000010111100000
000001011110111011
111110100010000011
111111110100000111
111111010010110001
000011100010101101
000011110101011000
111100110101010110
111110000010111011
000101000010111010
000000000111000001
111101111001100001
000100011101001010
111011100111000100
000010100010100000
000011010010010110
000000111000110000
111100001110110110
111101001101100001
111110111111100110
111111110010001011
111110001101101101
111110000101000011
111100010101110000
000000111101110111
111100100111110001
000001001100100111
111111101101010010
000010001100000010
111100101011101111
111110110111111111
111111011110000110
000011111111011011
111111010101101110
000001101011111101
111001110001010001
000011100000111001
111010000011001110
111010010001100110
000100000010101111
111101011000101110
000001000101100101
111111000011011100
111101101000011110
111110111010011010
111111010101110111
000010011000001010
000100010010111010
000000000101010000
000001100101001111
000001010011100011
111011011011001110
111111111011001100
111110001010011100
111111111001101001
111011011101100010
111101011100100000
000001010001101001
111110011100001111
000001000101100110
111111001001101001
111111100001111000
000000000110001010
111101011001111110
111110111100011010
000011110001000110
111111100010100001
111101011101011010
111111100100101000
111010010011100111
000001000111010000
111011011110011010
000001001010110000
111110001010100001
000000101001010100
000010011100000000
000100011010111101
111100110100000011
000010011011101001
111111100100110101
111010101010101001
111111111110110111
000011100110100101
111010101111001100
111110001000101111
000000101111101010
000011000011011010
111110100100010011
111110011011010011
000000111101000011
000010101110000011
000001111000001010
000100101000001101
111111011100100011
111100100010010111
000011100000110111
000010111110000001
111111010011100001
000101001100011100
111011101011110001
111100000100110011
111100110011110010
000010100100100101
111101001110010011
000000100001001000
111100111000000001
000010100100101001
111111011001001001
000001100010111001
111110101000101110
111110011011111000
000000111110111111
111101110010111111
111100110011011001
000000001100001100
000010001000010001
000000110001110111
111101100011001011
111111010110010010
000000101111110001
111111000101111000
111100101111001101
000011000001110111
000001010000000011
000001110011101001
000000001110000110
000010011011010101
000010001011011110
111101010111001111
111101101111000101
111100101111011101
000010011100010110
000000010011001000
000000011011001010
000011001110010000
111110010101101011
111110111101101011
000010011001111011
000000001111111011
111101011011001100
000000010100101010
000010010000010011
111110011001111010
111110000010111110
000011110101110110
111101100101101001
111110011101110111
000100111110111011
000000000110010101
111111010110100100
111111000110010010
111111011101101111
111100001101100111
000010001100011000
111101111000101111
000010111000100010
000001111011010110
000000111100100110
000100101110010100
111111000111011100
000001100101011010
111111011001110110
111100110010011111
111111011000011111
000010100000111010
000100000010100110
000001110011101000
000010000000000101
111100101111000100
000000101010010100
000001011010100010
111011001010001010
111111111000111100
000011000001111001
111100011011100110
000001110101000001
000010101000100010
111100110000100000
000010001101001000
000000000011101010
000000000110001000
000011100001001101
111100101010000010
000001000001001111
111101111111001100
111101111100100111
000001001001000010
111101100110001111
111110001111010100
000000101010000100
000000010111100010
111100000111001100
111110000111100100
000100100001011111
111110000100011110
000000110011001110
000000000001100011
111111011100110110
111001010110011010
000100101110011000
000010100000011011
000000001100101101
111011101110010101
000001110000100010
111110100101100111
111011110100011001
000000010010110001
000011010111011101
111101110001001111
111100101110101111
000000011110011010
000010001100001011
111110100101100100
111111100011001101
111101010011011001
111111110001110011
111110010110101111
111101000001000000
111100110110010111
111110100000000100
000011010111001011
000100000100101001
111111010100011111
111111100111000110
111000111011010110
111010010110100011
111111001100001010
111110011101000001
111101110100001011
111101010101110111
111100100101110011
000001001110000101
000001110111110110
111110110100110011
000000101000001110
000000010110100000
000010010001110010
111111101100000011
000000001010010101
000011111011111110
111100111100011100
000011001011100000
000010000100110000
111101110011010110
111101010011101101
000000000110110000
000010010110110001
111101100111010011
111111110010100001
000000000100101000
111110110101101110
111111110000001100
000000000100110011
111110110111000000
111110001010010001
111110011001000010
000001001101001011
111110111100100010
111101100000111110
111100010011100111
000001011011101100
111110010011110000
111101000000010010
000100011100101001
111110100011101010
000011011010000011
000000111011001111
000000001111010000
000000001110110001
000001010001010000
111011111011100111
111111111100000011
000011010100001111
111100111101011110
000000111101011110
111111110110110000
111111011011011110
111110010000111110
111111011010111101
000011000001100100
111110011100100101
111111011000000100
111111000010001111
111110010010001110
111111011001101010
111111110000111000
111111010100010110
111101010001101000
000000010101110110
000001000001000000
111111110011001111
111110000110110001
000000111100100101
000011011111010000
000011101000000101
000000010110100111
000001111100100101
111101001101100101
111101101010110100
000000110011011111
111101101110001100
111110010100000111
111111101000101101
111110100000011010
000010111110110010
111011000111110100
000100111001111110
000001100000010110
000000100111010001
000001001110000110
111110010010011010
111101110111100001
111100101111101010
111101010110011011
111110101010000001
000010011001111110
000000100101110001
111110011100011010
111101111001100001
111110100000001111
111110110111001100
000111011111001111
111111110101101011
000001011010110111
000010101100111110
111101110101110101
000011100000101100
000010111011100111
111110111000100000
111100010010101110
000010001001111011
111011101110010010
111110010111111001
000011010001111011
111100111101011100
111110111000111111
000101111010000000
111110101100101000
000001101000100111
111111100000111110
000010101111101000
000011001110011110
111011101101010110
111100011101110010
000000111010010000
000000000110000001
111111000111101111
111101001100000110
111101101000010100
111111101100111011
111101111110110001
111100110100110010
000010110001110111
000001010001010101
111111111010110101
000001010000010000
000000111011011100
000010001000010000
111101001001100100
000001000101100000
111110111101000001
000000100100110110
111111010101000011
111111001111101100
111111000100001110
000000110011000001
000001000101001110
000000101000011110
111110110010100110
111110111010000101
000011001101000011
000110111101101001
000000100111100001
111111010100101110
000000000001010110
111100110101011111
111100011000110010
000000100111111010
111100000001010110
000010010101001110
111110000001100100
111111110100010010
000001000011010101
111100110010111000
111100100001110010
111100000011001001
111100101011110000
000001101100110101
000001101111001101
111101110011110000
000000111011010111
111111000111010010
111101001010001111
000011010111101110
000001100110101011
000000111000100101
000001101011101011
000011101001011010
000011100100011100
111101111001111111
000000011010010001
111100000000100010
000100111111111101
111100011001011110
000000011010001100
111011100000110110
111110001110010110
111101101100011000
000000110111101100
000000001010001001
111101011101010000
000011000000011101
111111100001100110
111110001101010110
111110011100000000
000101000011001010
000010110101111000
000101010101110110
111111101101111100
000000001011111111
000100010101111110
111100111111000101
111100111101100111
000010010001110010
111111100011101100
000000111111111110
000010001000010011
111101100100111110
111100001000110011
000001111000110001
111111011010111011
000011101000101100
000010000100111110
111100101010010111
111110010011000001
111111111111000000
111110001110111011
111111111101001011
111110110100011010
111110111000000000
000001000101001001
111101011101101011
111001110011011011
000100011110110011
111101111000000101
111110101100100010
111110100110100010
000011000111101100
111101111001111010
111001100000010010
000000101101010011
111111101111011100
000011110100111000
111110010110011010
000011001000110001
111111110111010110
111111110110000101
111111011110111110
000011110101000100
000010001010110000
111110000100110001
000010100010111011
111001101000001100
111101101010001001
000101101101000011
111111000001011001
000011010101000011
111101001000100110
000010000110001100
111110100111100001
000000100110000110
000010111101000100
000001011011101001
111111110010000101
111110111000111001
111010010110001111
111101001011001001
111111110011111010
000011001011111010
111100100101100000
000001110010101000
111100111001100000
111111111110001101
111111011100101110
000000010110011111
000000000101101110
000001101101100110
111110100111000001
111111000001110100
000011011001000110
000010111010100000
000100000001010011
000100110010101000
111101001011111000
000101100001010100
000000010111110000
111100011111100101
000001111100100100
000001001100111010
111001110101010100
111110010000011000
000001000101110111
111111100100111000
111100101110100011
111111111101001110
111100111101100110
000001001000110111
000001111100101101
000100111100100010
000011100001100101
000000011000110111
111111011000011110
000001111101101001
000100000011001110
000000101000101100
111101010110001011
111101110001111101
111011110101000001
000011010000000101
111110010100110100
000010001001100010
111111010111001001
000011010000001101
111101111101001110
111101011010010110
000100100110010010
000011111100000010
111111111101011000
000011110100010000
111110001100110101
000010110111110101
111110011000101001
000011000111010010
000000000010011111
000000001000011011
111101101110001100
000000010110111000
111101011001110110
111110111011100010
000001011111010010
111010110000110110
111111000000000011
111110011101011111
000010011101000111
111110111110101000
111111111111111000
000001011011101001
000000101011001000
111111110001111111
111110110110010100
000000011101101110
111110000010001000
111100010010111110
000000100010010111
000000100101000100
000001100100101111
000001111111110001
000010100100011011
110111010111001010
000001001011001010
111111101001001111
000000110000001100
111110001101110011
111111111100111100
111111001110110111
000010000110011000
111111101010000110
111101000000101001
111011111000011001
111110100000001010
000010011001111010
000000011110010101
111101011111110011
000010100110111011
000000010101111101
000011010101110001
111110000011110111
000110111010111001
111110011010100100
000000001010000111
000011110000000110
111101010000100111
111100100010101000
000010100101011110
111111001010101110
111111001001111101
000000011101110010
111101011001011000
111111110010100000
111110010101010011
111111110011110000
000001001000100010
111100000000000110
000001110111011011
111111100100011011
111110000111101011
000001110001010111
111110111010100001
000001111110000110
111011000111101001
111101001110111001
111101110001101111
111111111100010001
111110101010010000
000011001000010101
111010110010100001
111110111000111100
000010011010011001
111101001111100100
111111001011100000
000001000011011011
111110111010111010
111110110010110110
111100000010111100
111111001000101010
111110011011110111
111101111110100011
000000100010111100
111111011101111100
111101010001101011
000000000110010111
111110101011110000
111101001110110111
000001110110010100
000000101111011100
000000001000111011
000000111011101110
111110111010110001
111101000111101101
111110111101011010
000010101000101100
000000101000010011
000000000101111100
000001001110010111
111110011111010010
000001111101001010
000001000111001011
000010011010010001
111110011010001100
000000100010100011
000010010101111000
111111100101001011
000011010000010000
000010100011001001
000011001101001011
111111110011100100
111110001111000000
000000111101001101
000000110101001101
000011000011000010
000000000001011011
111101100101001111
000000111110110110
000010001010101000
000000001000101111
000011011101010011
000000110000101100
000001100000010011
111101011011010111
111110001001110110
111111001001101111
000011000100110111
000010010010000011
000010111011010001
111111111100010101
000011000101110010
000100100111010111
000000010010000011
000001010110011001
000000101001010101
111110101010100111
111111010011000000
000000000110111000
111111100100000011
000001010011000111
111111110011100100
111111110100011100
111110000001000010
111110110000111011
000001011110101001
111110111011111000
111101110000111011
111110111000101110
000010010101010001
000011110001011110
000010111100100111
111100000101011100
111110001010101110
000010100110000000
111110000111110010
000000001100101010
000001010000111010
000010001001000110
111110110011110110
111110001111110110
000000001000101001
000000110101000101
000000100100101010
111110000010110011
111011100100111101
000001001000101110
111100100010000011
111110000011111110
111111111110011010
000010101001001111
000011010110011010
111111001000011001
000010010011100111
111110001010000110
000010101010000000
111000111011011011
000101001000110001
000010100001100011
000010010001011101
111101100000000010
111100011101101001
111100000001000001
111101100011000001
111110111101111010
000101100101101100
111010111100101101
111101110110000111
111010111111010110
000001110001010010
111000111111100111
111111101111110110
111011010000100111
111100110111110101
111111110110010001
000000011100011000
111011110101010001
111011101111110100
000001110011100011
000000100010101000
111100000010100101
111111001000101100
000000000100101000
111001001100011100
111110010000111110
111111000110010101
111111110101000001
111111100111111000
000011101001000101
111110011001100100
111100111100111100
000001001010011111
000010010000110000
111011100010010010
000010001001010100
111110000011100010
000000010010101101
111111010001010111
000000110110010100
111101100100010100
111100010001111001
111110101011010010
000011000001111111
111111101001000110
000000100111000101
111100111111101010
111101000100100100
111110000001100010
111100101011010111
111111111011101101
000100011110011000
000001111000000111
000001011111110000
111101000111000011
000010100001001101
111011101100010001
000010000100100000
000000010100100011
111100011011000100
111110101011110111
111101011101000000
000000111011100010
111110101011001011
111110111010010100
111101000111100000
000010000111100010
111110011001101001
000000111000001101
000001011011110110
000001000001101110
111111010111001011
111110101110101111
111111101010010111
111110010010110110
000000011000101111
111011100101011001
111011111001000101
111111111001010110
111110011010011000
111100111110000001
000010110101101000
000000100110101000
111101001110001101
000000101011111010
000001000101000001
000011111100000010
111110000001001010
000010101110100100
000011001010111000
111111110100100100
111110010100010111
111111010111011101
111100010100100110
000000111010111111
000010010011010101
000000110100011100
111011000111010001
000011000111010000
111110111110111101
111110100101011000
000000111100001000
000001001000001101
111100110001101100
111111011001001001
000010000100111010
000010111001110101
111100011110100100
111110000100001110
111100110101100100
000000101100001010
000000011010000011
111111100010111110
000000011000011100
000001010000001000
000001111011101111
000100011101011010
000001101000110101
111001011011110000
000001100000011011
111100001111100110
111001010111111111
000001001000010110
111111011101011000
000010000100001000
111110000011010010
111111001001001100
111100010101110010
111111110101100010
111010101100101011
000011011101010110
000001100101000001
111100011010011001
111101000110110110
111100001000101111
000000010101011100
111111010111111100
111111001001011110
000000011001101110
111100110010101111
111111111111101110
111101110110101011
111100011110001100
111101010101011000
111110011111111101
000001111001010001
111110001001010101
000000000101001001
111101011010011010
000010110010000010
111110101001001000
000001101010100101
000001011001001111
111101001011101001
000001010000011001
000001011010101110
111111000001000111
000001111001110001
111110000110111010
111101111111000100
000010100010001111
111110111101000110
111110111110011100
000000001010100100
000010001101101000
111010001111000100
111111001001001011
000001001001001101
111101111001111011
111111101110010101
111110001001011101
111110011010111011
000011000001000100
111011110001000011
000000000110001111
111110111110001000
111100101010000010
111100100110000100
000001111100111010
000010011000000000
000010001010110111
000101001010110011
000001001101111100
111010110010001101
000001101110010100
000001111011010011
000010110101111011
111111000100010100
000100110000100001
000001010010110110
111110110000011111
000001101001110000
000001110001010101
000011000110110010
111011110010101100
000000110001010010
111101011000110000
000001111100100101
000000001001011001
000000101100111101
000000001100001001
111101011000011011
111111001011101001
111110110111011110
111110110111101001
000001110011100101
000000010111000101
111110111100100101
111110001100000101
000001000010001010
000001100001000011
111101001110100111
111011100011010010
111011000010111001
000000100101001011
000010100000000110
000010111100110101
111111010101111010
000001001001000001
000010011010100001
000011001000100000
111000010101110010
000101001010101100
111110101101001111
111011110101001000
000000100100011100
111111010010010111
111100101010001101
000011101100001100
000001011010100100
111111000110101010
000010010111111011
111100010000111111
000000011000100100
111110000110001011
111111010001011000
111110011110110100
111110101111100111
000011000010111010
111111101011000111
000010100011101101
111101000011111111
000100011110011100
000000000010001001
000101010101011010
000010001110110110
000000010110111100
111101001001110111
000000000101001100
000000010101001011
111111011111110101
111101000000011110
000001011100000111
111110100100011110
111101000111101100
000001101000111001
000001000001100110
000010000000110011
000010001101011111
000010000110111111
000000101011100001
111101001001110001
111101001011001010
000000001101111011
000000011001110101
000001001001010000
000001101010100100
111100101100110001
000001011101011010
111011101100001010
000100110011010101
000000110000010110
000001000010011011
111010111110110111
111110011100001000
000101110010010010
000000101111100011
111110000100111100
111100111110101111
111111100110011010
111100101111110111
111101010011001101
111111000011001011
111110001111111001
111110100100010011
111111010010011101
111110100101011010
000000001000110100
111111001110010011
000001101100001101
111111000011111000
111101000110001100
111110100100010001
000011100010111001
111011001001000101
111110110010111001
111101000110100101
111110100001001110
000000010111001111
000001010101001010
111111101000011100
111111011110111100
111111110110110111
000000101110111000
000000010000111100
111101001001000100
000000100101101110
000000011111110011
000010101111110100
000100010111101110
111100111001100000
111011010100100001
000000010010101111
111101010001101010
111111011100001101
111110001110010010
000100011000010000
000100000100000001
000010100101010101
111110110110100001
000000001011011011
000000001101010101
000001110100011011
000000010010000000
111010111000010010
000010000100001111
000001100010101010
000010110100011111
111111100000011110
000011100010111000
000000011010011000
000001000101101100
000000001010001101
111100001100001000
111110110011010111
000001100111100011
000011000001011100
000000101001111111
111110100000010100
111110111001001010
000001011010100001
000000001001000100
000000011110000110
111110000101111000
000010110111001011
111100101011100101
111000011111111011
000001000000100011
111100111100110001
111101001110100110
111010001010000000
111110101011010101
000000010011011010
000010100000001111
111011110010000101
000010000110000010
111111110101111010
111101010111101000
111010100101101000
111100101100101100
111111111100111011
111001011110010010
000010010000101101
111110100000010010
000011101110001111
000000111010001001
111111000001010101
000001110101101110
111111001001101001
111100010100011000
111111011010100001
000000010100001110
111111011001010110
111100100000111011
111011101010110001
000000101000101111
111110011101011001
000010010011101011
111111000111011111
000000001010001011
111110011011000000
111101011100101000
111111111111001010
000000101011110110
000001110101110010
000000101000010010
111111110000111001
000001110101100011
000000001011001000
000000111010110000
111100110001101101
111111110111010000
000000101110110100
000010101101001000
000010111001111000
111101011111000101
000001101110000010
111011110110100001
111111000111111101
111101100001110101
111110001000001101
000001011100001111
111110101111001011
111110110110010101
000011110100000000
111100011101101111
000000011111100111
000100000011000011
111010011010011111
000000100101101100
111011111001000001
111011110110001101
111101111111011011
111100111101111110
000000000101001011
111111100000111001
000000011100011011
000000100000110011
000000101101001111
111111101010101110
000000100010100110
111100010100010110
000000100100010010
000000110111001010
000001110100000100
000010010011111010
111111001110111010
111111101111001001
000010000010100101
000001100000111001
111110001011010101
000000011011010011
000011010011000111
111101101101001000
111101001100101110
000010001110010110
000001110101001000
111110110101101000
000000011100010111
111101011001000100
000010100111000111
000010011101100001
111111101100100101
000011010001101111
000000010000111010
111110101000100001
000001000010000111
000001100010001111
111101101000000011
111100000100001001
000011111001010100
000001100011011100
111111110010010011
000000111010100011
000001011100101101
000001110001110100
000000000000011100
000000010000011101
000010011110000100
111111000001101011
111101000001011110
111011100010001110
111111011101001101
111110111101111011
000001010001110100
000000011000110000
000011000111111101
000001001100111100
111100000111000110
000001111011011011
000001001011111000
000001101011000111
000000111101000110
000001110101011001
000001100001000101
000010001010100011
111110111111111011
000001010010001011
000000101101111000
111101101011010010
111100110101000001
000010011101001001
000010100101001100
111101100011110100
000100011010010011
000101001011011110
000000111011101001
000000010001101111
111101010100010110
111101001011111110
111111000010100110
000001101000101000
000001111011011000
000000000111111000
000010110101011010
000001011001110010
000001101011001100
000010001111010111
000001100100000001
111111100011010100
000001101010000110
000000110110010110
111101110101000010
000000110100001010
000000110110001011
111100110001011011
000000111111111110
000001010010000010
000011100011001011
000000100011101110
000010011110100010
000011000111101110
000110100110101000
111111110000100001
111101111110000101
000010001110101101
111101101010110000
111100110010010010
000000010110000100
000000000011011110
111101011001100100
111111001111111101
000000110000101001
000011100110011010
000101101000101100
111101111110011001
000100011000000001
000010111000011000
111111011111000011
111101100010100000
111100001001101010
000001111101110001
000010101000000000
000001101100010111
111100000100011101
111101100000011110
111110001011010011
111101100111110100
000000001010110111
111100101101001111
111110100010011000
000001001010100101
000001101111001110
111100110110100000
000010011010010101
111111100001010101
000010001110001110
000001010101101001
000100001110110100
111110011000101110
000100010101011110
111110101011010010
111110111011100001
111100111110001000
000000010111110101
000001000110000010
000000111011011110
111110010011000010
000001100111111111
111100010011011111
111111001101100111
111110100110100000
000000100011011110
000100011100010010
000010000101011101
111111001101000110
000001010000001110
111110111111000101
000000110100010000
000000000100101011
111011011110000110
000001011010010010
000010101101011011
000000010010100001
000010100100101101
111111000111011111
000011011001000110
111110001110001100
000010101011010000
000000110010111001
000010100110010011
000001110011110001
111110110011000100
000000010100101111
111111000011101110
000011101010100010
000001001111001110
111101110111101110
000001000101101101
111111111101110111
111110001000001111
111111110101011000
111101011111110101
000001011100010101
111111110110001001
000000101011110011
111101101001001100
000011110000011001
000000100110011111
111100010100111110
000000110000001000
000000000011111101
111111101000011011
111101000111000010
000001101100010111
111111101111101011
111110000001111101
111100100111001000
000011100100100011
111110110001001011
111011000100110000
000010110001101110
000001100101001001
111011110010001101
000000011100001010
111100111101010100
111111110001000100
000001011000101011
000011100011000100
111001001010111011
000001110110001101
111110001100001110
000010001101100101
111111101111111000
111101110011110101
111010001111000111
111110000011100110
000010000101100110
111111011111000000
000001011100100011
111001110110101111
111111100101011110
000000001100010111
111101100010011100
000010110011011010
000011101010111000
111110111101011000
111111101110010101
000001001100101100
000001010111001111
111110010000001011
111110001111011000
000010001001011000
000001110010001011
000010000100000101
000011100010001011
111111100001001101
111100010010101111
111111011001000010
111100111000100110
000001101011100110
000010101010100000
111100110011001010
111101000010110001
111101111001101100
000001010001000111
000001000010110000
000010110001100110
111101101001011010
111111111110000110
000001010110010100
111110110100001001
111101110110000011
000011010011000000
111100100100111011
111111001101001010
000001110100011101
000001010101110001
000001001001001100
000010000000101011
000001000001001011
000001101100010110
000010111001101000
111111011010111101
000011001111011100
111110100000100000
111100011101001111
000001011010100011
000010000011110010
000010010011110010
000000101110111011
111111111110000101
111111011111011110
111111110101000110
111110000011001110
111101011111000010
000000001111000001
000000110100001111
111100100110001100
000001110000010100
000000001101011001
111110000000101110
111110111100101011
111101001000101000
111101101101010010
000001000011000001
000000101011010010
111010101100101001
111011111011100001
111101000110111100
111110001111100000
111111100010111100
000010001011001011
111101101000110101
111101111000000100
000010011110011011
111011000001111000
000010101011010010
000011010110001101
111111010011011001
111111001001110000
000001010110100101
111100101000101010
000011001101110011
111110000100010000
000001000010001101
111110111000100010
111101011000000110
000000010000011101
000000110001101101
111110010110101101
111111000011000110
111101111100110110
111101101101001000
000001010000001111
111011000100000011
111111000001101010
000010000100001001
000000001100110110
111111001010000101
111011100001101011
111101001110010111
111111110100000000
000001100000111101
111110011001100111
111110000101111001
000100101001011110
000000011111101101
000011000001010001
000011001010111110
000001011101001010
111110010111010101
000010110110010100
111111000010111011
111110000111100010
111111111111111001
111110010001001111
111100100010110000
000010011101001111
000001100001011101
000000010100111001
000000000111101101
111100110101101101
111101111010111101
000000010100110010
000000001100110001
111101111011010010
111111000010011111
000010111001010101
111101011011000110
000001111000111100
000010110011010111
000010101001000011
000001000000001000
000001011101011001
111111011001111101
000001001011110010
111110110011010011
000001000011001111
111101010001011011
111101111011100010
111100000011101001
000001010001000000
000011011100110001
000000101011011010
111100010000101101
111100011010011001
111100010001010011
000011010110101111
000000010011001111
000010000100000011
111101110001000100
000010111100111010
111101010001100001
111110100010110100
000001010101000111
111101011111101011
111111010110001111
000100100001011011
111101100000010110
000001111010001011
000000011101100110
111100101111010011
111111010101001010
000011101100101101
000000000111100011
000010100001000001
111111111101000100
000000110001101100
000010011101000001
000000001001011101
000100000111100001
000010010110101100
000010101000011001
000010100011010010
111101011001001111
000001000011011000
000001001001001100
111110111100100100
111100110010001001
111100110010101011
000001100110010100
000011000000100010
000000010000100010
000010111101111110
111011110011111010
111110111010100111
000000100111011111
111100111101100001
000010110101110010
000001000101001011
000000110100100010
000010000101100011
000011100011011111
000011010011011001
000011010000100010
000000001101010100
111101100100100010
111101100010000100
111111010110110110
111101100101010010
111111001100011111
000001000011011000
000011110000101000
111100001001101110
000010110100011110
000010111000010010
111101000011001101
111111110101111001
000001101001111101
111110100011000110
111001101100010101
111110100000110100
111111010110110010
111100101111110010
000000111000110111
000011010111010001
000001000001010001
111100100101011000
111101010010000100
111101010100110110
111110110001111001
111110010011101111
111100101101011011
000001010111000100
111100100010001001
000010110100110110
000000111100111001
000010100111111101
000000111001000001
000011111111110110
000010110111110000
000011011000011110
111100110000011111
111111100000011010
111110111001000001
111100100011100111
000010010011000000
000010010011111101
000100001101011101
000001010010000001
000001010010010011
000001100111001010
111011010011111010
111100001000000110
000010001101101101
111111001110000001
111100010100001100
111101000011111101
111100101011000101
111101001010110110
000001010001111011
111110010110000111
000000100001101101
111101100101100110
000100101000010000
111110111101110100
111100000110100100
111111101111001000
000001100111010101
000011011011001101
000010100111110101
000100000010001011
111110101011000110
000011001001010011
111100111110101000
111110001011111000
111111110101010000
000000001010100000
111110100110100101
111101001010011100
111111100010101110
111110100010010011
111011101111100000
111101011110100101
111110100110011101
000100110010000101
000000001110011111
111110010110010010
000000101111010001
111111001001010011
111111110010100001
111111110011011110
111101111000011100
111110101011000100
000100010111011000
000010011010000000
000000001111111000
000001010010101100
111111111110001100
000000111001011011
000001100001100110
000100110100011110
000010110111101101
111100111111010000
111101101010011010
000001111000001001
111111110010011010
000001001010000000
000000011001010001
000001101110001111
111101011001100100
000001100001000111
111101100110101011
000001111101000110
111101101110001101
111101111101111010
111101110101111001
111111100111100011
000010110010000001
111111011011010001
000010100101010000
000010010110111000
111110001001011100
111111000110001110
000000000010010011
000010101000101010
111110001110000001
111101010010111111
111110110111001101
111101111011110100
111101000001101110
000000001001101011
111101011000101101
111100110101100001
111111101101100110
111111011110010101
111111010101010101
000001010100100110
000010010111011000
000000100010110000
000010111111111001
000001110111011111
111111111100000011
000011011010010100
111100111001000011
000011000101001100
111101111101001000
111110000011001100
111110110011100001
111110111111101011
111110001110111000
111100101011011110
000000110010110111
111100111011101011
111101000001000111
000000000111101010
000001100100010100
111110100010101101
000000101000110000
111110101010000110
111101111111110011
111110000011110000
000001110000110110
111101111000001100
111100011111010101
111101111001111101
111100101011000101
000001110011101100
000000000111111000
111111111011010001
111101010111111000
111111101101100010
000000111100101111
000000110000011111
000010100110101110
000001101001000111
000010000110011011
111100100001110010
000000000000100111
111101011110100101
000000000101001101
000100000101010010
000011101001110101
111110010110101010
111011111101100111
000000010001100110
111101001000110100
111111101011100110
000000011010001001
000000001001111100
000001110100101000
000100011000100000
000010011000010111
111101001011101101
111110011110101100
111110111100000101
111100100010101100
000001010001000010
000000111100000010
000000011010100000
000001011011011011
111110010000110100
111110000010100000
000000000100001110
111111100111101111
111111111010010111
000011000010110100
111101101001111111
000010011011100010
111110101010111010
000100101101101110
111110001111101100
000001000110101001
000000100110010100
000010111101010100
000010001010101111
111111111110111100
111111011110101010
000000010001011100
000001100010100110
000001010001001111
000010010110100010
111101011001110111
111111111101000111
000011001111101110
111110001010100011
000000000011001110
111101010100101110
000011010001000101
111101011100110011
111100010111010011
000000101011001111
111110011111000010
111111001110001100
000000100111001110
000000010111001011
111110111011110110
111110010001001101
000010100011110010
111111110111010000
111111010111110111
111101111101110010
111101001010100000
111110011001000111
111101001010011011
000000010111001000
111110110100101001
000000011010111001
111110010000001111
111011111100101100
111100010010100011
111100111010000001
000000110101101000
111111010110000011
111111110110110101
111110110101010110
000100100001011001
111111111111001001
000001111111100011
111001111101111110
000101001101000101
111101110101010010
111111000111000101
111110000110000111
000010100111100001
000001110001010111
000000100101111010
111111111101100011
111110010101011010
111111111000111011
000010110100001000
111011101011001111
000000001001111010
000000100110111110
000000010100100110
000001001000001100
000000010001001010
000000000001000110
000001100111010011
111101001100111011
111111010100011010
000001110010001101
000010101010000000
111110001011000011
000010010100011101
111101111000010100
111100101100001000
111111000001110000
111110100011100000
000011001111110111
000001000001110011
000001000101010010
111111001100100000
111101101000111101
111111110001111101
111101011001100100
000010110010010101
111101011111101001
000000100110110100
000000010001000000
000010000100010001
000001001100011100
111111000001110111
111100111001010100
000001100101001011
000001010111001111
111110110001000100
111101001001000010
000010111101011111
111110000010110100
000000100111110000
000000110101011110
000000010101001000
000011011011100001
000010000010101000
000001001001011010
111110001101001011
000010101000011101
111110011011100001
111111100100111000
111111000000110001
111010100010110110
111100100011000001
000001100101111000
111110100010001110
111110111101101001
111101101010001000
000000101101100101
000001110000110111
111110011011101100
111110101000011000
000010011010011111
000000010010011010
000000000010100010
000000000101111101
111110000110100111
111111111101111111
111101101110010010
111110110111101110
111100001100001000
111110001111111010
000010010011111110
111100111111100111
111111010111111100
111011100101111001
111100011010001010
000001011100101110
111101101111111110
111111111011101101
111111110111111110
111101110111011110
111100110100100001
000001010100100001
000000011001100100
111111100110001000
000010010101011010
111111000101010000
111110010000101010
111110100111110010
000000100001101110
111110001000110111
111110000001100000
111110100111010001
000000100100001111
111101000010010011
111110000110110010
111111111111000101
111101100000010001
000000100100100010
000001000010110110
000010100100101110
111110000101111000
111100101110001110
000000000101101101
000010111110100000
111111101010001010
111110001010011101
000010111010010111
000010101111001011
000000000110101001
000010101000000100
000001110010000001
000001000000101001
111111011111101100
000011100110000011
000000101000011011
111011011111000110
000010101100001100
111111001100011111
111110011010001010
111111111011001111
000001001000100011
111111000101100100
000000111001111011
000000011001000110
111111001100011011
000010000111001110
000000000110000000
111110101011101001
111111101001100010
000000100101111100
000001111101011011
000010000101010000
000001101011111000
111110011111111101
111100001011010101
000001100101011111
111111010001001001
111101100100110110
000010010110110001
111100101100000011
111110101110001001
000001101001110111
111110101011100111
000001001110101110
000000011110100101
000000110001011100
111111111110111001
000011011001011101
000000000111100000
111110011011011111
000001110000101101
000000011011000001
000000100001101010
111111001010100111
111110001010111111
111111011101101100
111111110101000010
111100110100111000
111110111001101111
111101101001011000
000010011111100110
111111010111100001
111101011111101010
111110000110110101
111011101011001100
111110110101010111
111011101111100001
111110101010110100
111110011010110100
111110110101101111
111111000111100001
000011011100001101
000010001111111111
000010101000110101
111111011110111011
111110001101101101
000001001000100100
111101011011010110
000000011101111011
000000010111011101
111100111011100101
000011101010010011
111111011010111001
000001101010101110
000001000010010011
000001101001100001
111110001111110011
111101110001100001
111110001011011101
111110100110111001
111110110101110000
000011000101011001
000000010001001111
111110011101000010
000001100010000000
111011110011101100
000000001001010000
000010010101110011
111011101110110110
111101110100110010
111111101010011110
000000010000100000
111110011011001010
000011001000001001
000010100000111011
111011101001001010
111110111010110001
111111100010110001
000011001001101010
000000100100000100
111100110011000010
111111111101001100
111100011111101100
111011100000001010
111111000101011011
111110111100101111
000011010011001101
111101010100001111
111101101110000101
000000000101101101
111101000011001001
111101111001001011
000001101101101101
111111110101101100
000000001110011111
111101111101011100
111110001010101111
111110110111110100
111100100000100100
000000001010111110
111111011011110101
000000001000000010
000010100100100111
111111001010010011
111100011000001111
111101101111110001
111111111001001010
111111101100110010
000010101100001110
111110011100011110
111100101100100111
000001000100110110
000000011000110100
111111111111100110
000010011111111101
111011111100010111
111100001110110000
111101011110000001
000011001001110010
111111101001111010
000001100111010011
111101110011110110
111101111110010001
111111000100100101
111101010000110001
111111111001011001
111110000101101000
111111110010011000
111111010110100001
111110000100011101
111111001100110011
111111111011100011
000000110000110001
111111110111111101
111101000001011100
111100001110011000
111111110100000010
111111010100100110
000001101111011100
000010110010100100
000010100110011000
000010101010010101
111110001010000010
000010101010000100
111100101111011100
111111001000100111
000000011000010001
111111001010011010
111100010000010000
000001011100110001
111101000110011101
111011010101000101
111110001101111111
111110001000111001
111101011011111010
111100100000110100
111101100000001101
111110011110001001
111111000111101110
111110111100001100
000010111111001100
111101011111001100
000000001110011000
111101011001100010
000000111100100100
111111001010111101
000011001111000010
000001111100011110
111011111101010011
111011011101100100
111110101110100111
111101101100011111
111110110101001000
000010001000000001
000000100111110001
111101100001100011
000001011111100101
000011101010011111
111111011001010100
111111010001100000
111111110010010110
000010011111101001
000001010001110110
000010000011110110
111110110101101111
000000001011110010
111111000000101111
111111111110001100
000001111010010110
000001011000111011
000010000011011000
111110100001100011
000010011001111111
000000000000110111
111101011010011000
111110100000001011
111011001101101000
111110001000010101
000000000110101011
111101111000000100
111110110100110111
000000110100011011
000010100001100011
111110100101011010
111110111000010110
000000111011010001
000001011000011010
111110101000011101
000000011001110100
000010111100011110
111111001110101011
000010100001101100
111111000100000010
000000110000001110
111100000111000100
111110111101110100
111101101101001010
000010111010111100
111101001110001011
111110000010111101
000000001110000100
111110100011110110
000001101100100111
111100011000000111
111110100000110011
000000000100110111
000010011011010111
000001100111010011
111111111010110100
111110101110000010
000000000010001000
000001000111111011
000011001011000011
000001100011100101
111100111001100101
111111010111111110
000010011011010000
000010000000010000
000001001100001110
000001111111000000
000010110111010000
000001010010110111
111110101010001000
000000000101011011
000001101111101110
111111010001111100
111101010000001111
000100100100100110
000000110101000011
000010111011001100
000000100001101111
111011001100111100
000000100100101000
000000010010001000
111101000010110010
000010101110011001
111100010011010110
111110011000101101
111010011011100111
111110101101001110
111110110000000100
000100100010101100
111110011010011011
111101010001100101
111110100011011011
111111111100001010
111101111101011100
111110101011001100
000001101001101011
000000011001000001
111111100110000101
111110110011101010
000000011101000110
000010011001010010
000010010101011110
111110101010010001
111110001101110101
000010010000010000
111110010101001101
000001001101111001
000001101111000111
000010010110100111
000000100011001011
000001111010111000
111101000010111001
000001111000110010
111110011110011000
000001000111110010
111101111010011000
111111001101010001
111100000100001011
000000111100000001
111101111111101101
111110010000100101
111110100011011101
000001000110011001
000100000100100011
111110011000100011
000001110010100010
000000110011011011
111100111110010111
000001100011011010
111100011110111111
111110110100001100
111111011100011111
111110011100010111
000010101011101010
000001010000010000
000001101111110001
000010110001110100
111111101010111000
000001100001000001
000001101100000110
111110111010011001
000000010101011110
000000001000011110
000000001010111010
111111001010110000
111010010010111001
000001100001111111
111100111110000101
111110100010001001
111101101110000110
000011111110001011
111101100001000000
111101100111001100
000001010011001010
111110100000111111
000100010001000100
000000100011010100
111101110011001110
000001100110001001
111101110111010110
000010010101111110
111111101111000111
111101101010110110
000001110001100101
111011111100100111
000000000101000101
111101011110100011
000010000010111111
000010001100011110
111111101010111000
000000100100010010
000010010011111111
000001111101111010
000010011110101001
000000011001100001
111111011111101000
111110110010101011
111110110110100111
111111010010001101
000001011010000101
000010101111100011
000011001001100011
000001101101001101
111110101011011110
111100111100001101
111110111110000001
000010110010011011
111110110001010111
111110011100001001
111111111101101111
111111011001101100
111110101101000101
000011110111110001
000000110001101011
111101101010111100
000000110101001101
000000000111001011
111111000001101110
000000010100010111
111110010110100000
111110011110010101
000100010000011101
000000001111110000
111111100011010001
111100100000101101
000000000100111100
000001010011010101
111101111000011101
000001011001101010
000010000110101010
000001100110100100
111100100011010011
111101110111011100
000000010110101100
111110110000111101
000000011111100100
111101101000010001
111111110000010001
111101011110110100
000011011001010111
111111010111101101
111101000111111010
111101001110010000
111110110010101111
111111010001011100
000011001101001011
000000010100111011
000011100001001101
111111100001110111
000000100110110010
111110000010011110
000000000100011001
000001101110011100
111100110101100100
111101100101000000
111110000001000100
000010101101001000
111110101001001100
111101000010001111
111101010010101000
000000110001000011
111100000111001010
111110010010100101
000010010111011101
000000011111010001
111110111110100100
111111001001010100
111110111100011101
111100110110011111
111110000000101001
111111010001100111
000010010010001101
111110111010011111
000001110111101101
111100101110010111
000000011011001100
111110001111010110
111111101100010110
000001101110001000
111110000100100000
000010001001001100
000010010111000000
000001100100110011
000010011000101011
000001001001000111
000000110000011001
000000011011100000
111101100000010000
111100011010110100
111111011110100001
000000100001111111
111111111011100010
111111001010011000
000000000101011011
111110111100010001
111111100100001000
111101010000110010
111101010001000010
111100011111000010
111110011100011001
111111101110011110
000001110111001000
000000100111111001
111111111011111100
111110111100000011
000010101110011101
111101101001101001
111110010101111101
111110011001010110
111110100111110101
000001011011000000
000001011011110110
111111001001010001
000001011000110100
111110110101011111
111101101011010110
111111111010111001
000001100010011101
111100101000110001
000000110001100010
000001100000101101
111101100000101100
111111100001011010
000001001110100011
000001010111100010
111110010101011010
111110111101110001
111101011110110010
000000010000011111
111110101110110001
111101111111111011
111110001011011010
000000001111110110
111110110001001101
000001001100001100
000001110000100100
000000110111100100
000001010010000100
111100101010011000
000001101010110100
000001010101000110
111101011001111011
000001111010111011
111011111100111100
111101110000000000
000000010110001101
111101001110110101
111100011101100011
000010010100101000
111101011001110011
111110011010010001
111110111111000010
111111111100001011
000001001110011001
111101100010101000
111111000011111010
000000111001110100
000001101110101000
000001101011100011
111101011011011010
111111101111101010
111101110011010010
000010010100011101
111101010100111011
111101110111111000
111101101001010101
111111111001011000
111111101001011110
111111010011000100
111111110010101000
111101111011000101
000001110010100101
111011100110100001
111110110111110011
111111010010000010
111110010010111001
111110010011100010
111101110100110001
000010010000010011
000011010001010011
111110110111100010
000011100011101011
000010011100111000
111111101000010100
111110101011110010
000000111001011000
111110111101001000
000001001101101011
000000100001101110
000001000111011110
000001110001001101
000011100000000010
000000011101011011
000001010101001110
000000101000101000
111001110111011100
111011110000010000
111110011110110010
111101110101111001
000000011000111100
111100101110010000
111110011111111101
111011011111010010
111111110101010001
111110101101010011
111101101100011100
111010110110000100
111110000010101100
111100110000110001
000100001001110011
111111000110010001
111110110000110110
000001001001110000
111111010010010010
111100111001100011
111110100111111000
000001001001101001
111101001101101001
000001110011101110
000000001110011110
000001001111000000
111100101101010101
000000111100001000
111111011101011011
111111001001000000
000000110011101100
000000101001000110
111100011100000110
111110011001000101
000010110011000000
111101100110000100
000000000011101110
000000111010110011
111111101101010110
000000101100101100
000001011100000001
000010010101011100
111111101101010100
111101001011010011
000010000111110101
111100000100010011
111100110011111010
000001001010011101
111111110001000100
111100010010100100
000001101110001101
000001111111011100
111101011011010011
000000010110100010
111100111001100001
111111101010010111
000011100111010100
111111011101111111
111111110000010000
000011011010001100
111101101101010001
111101011111011110
111111100110111001
000001101110100000
000001001010110010
000001110100000111
111111100111110101
000000010001011000
000000111101100000
111111100100010000
000000010010101001
000001011000111000
000010000001011011
000010111011110011
111111011110000100
000000000001001001
111111010001110111
000011100000110011
111101100110101110
111111111100000111
111101011001011110
111111100000100010
000001011110011101
111111110111110111
111101011101000101
000000100100001011
000010101000000111
000001011100011100
111111101111100100
111111010010011101
000010100111111110
000000011100010100
000100000100101011
000011100100010100
000001111001011000
111100010011111111
111100110101101001
111110101101111001
111111110101001101
000000011001100000
000010110101010001
000001011011000010
111100100100011101
000001110100000101
000001100100010011
111101001011100110
111111010111000101
111100101001100110
000001110101100111
111110111000110010
111101000101101010
111111011000000111
000001110010010010
000000001111110111
000011010001010110
000000000011010010
000001101110011010
111101000010011011
111111111101110100
111110011110111100
111110000010010001
111111111101100011
111111010011001010
111110000111011001
000000011001111101
111110010111100100
111100101000001001
000000000000000010
111101010110000101
111110001111000101
111011110101110011
111011011000100000
000000011111110111
111110011010101001
000000110111100001
000001101000110000
111110101111110000
000001100000101011
000001011000101001
000000000110010111
000100000110101010
111011100011111111
000011000111100001
111111010110101101
000000001001010100
000011101011011010
000010101111111001
000001000110010111
000000111101110011
000001111110100000
000001100111110101
111111001101111110
000000111000111010
111111111001001110
111101101010011001
000001010101011111
000011111101001100
111110110111100001
000001110111011000
000000101100011001
000000111110011100
000000110101000000
111111111010011000
111110001001011000
000000100101111011
000001000011001010
111111101100111010
000010100111010110
000010101010001011
000001001111101011
111100001011111001
000001111001111010
111110100101010111
000001010000111011
111101110010001011
000000101011100001
000011011110101001
000011001011011100
000001110110100100
000001001101000011
111110111101001011
000000010101001100
111110010101010110
000100000110000011
000010111101010010
000010100000101110
111101000000100110
111110000101101100
111110000011101100
111110101111010100
111100110111111010
000010101101000001
000010101100001010
111100000100110011
111110111001101001
111111011010100100
111111010001000100
000010101101010010
000001011100001101
000001110100011001
111101010000010011
000010011101111111
111110101010111111
111101000111011110
111110000111010100
111110011011101011
000010000110100010
111100110101100101
000000101101100011
111110101010010110
000000101001110101
000001101000001111
000011111110110010
000001111111100011
111101011110001010
000000000111101110
000010101110101110
000001111000010001
111110111100001000
000000000111001001
111110110100001011
000000001100000001
000000111000000011
000001110100001000
000001011101011110
000001000100110110
000000100101010010
111111100011111001
111101001010011000
111100100010001001
000000110000010000
000001101110001100
000001111100010101
000001011110100110
000000010100101100
000000101101110001
111101101011100010
111111101001000011
000000011011001111
111110101111000111
000001000001011100
000010110011101110
000010000111010110
000001001010010110
000000110100010111
111110110110111010
000010000011111010
111100110101000111
000010110000010101
000010001011010111
111111110101110100
111101100010100101
111101000010101000
000001011111110001
000001001001010111
000010101100110101
000011001011110010
111110011110001000
000001010111100110
111010001110100100
111111100100011100
111100110010011110
111110011100001001
000010110000100110
111110011101101111
111110011110011101
000000101100110000
111111011001011100
000001000010000110
000010011010100101
000001001101111011
000000010000100111
000000010000100011
111101101000010110
111110001110000011
111101001110111111
000011010000001110
111110111001010101
111111011000100110
111101100000000010
111101110000001011
111101110110100100
111011100000000110
111100110100001001
111101100010100011
000000100100110011
111011100011000001
111111000110000000
111100101101111000
111100111011001111
000011100101011101
111101000010011111
000000111110001100
111101010101001100
111100000000000111
111111101010101011
000000110101100000
111101001001111110
111110111010100000
111110001110110010
000001111010100000
111101101000100101
111111111101110001
111110010011100111
000001011111100000
111100100010111111
111110011011001011
111111011110101111
111101011111001001
111100001011101111
111011101100001000
000000100110000100
000010000011111011
000000100100101010
111101110010010011
000011110110101000
111110101110010101
000011010101110111
111110000000111001
000100110010111101
000010001001100010
000011010110100011
111111011011101101
000000100000001001
111101001010100010
111010111111010111
111101101111011110
000000001111011101
111100100101111110
000000110110011011
000000110100001101
000010100010011010
111111100000111100
111110000001101111
111011100100010000
111111011000010011
000001000110111001
111100000101101001
111111001010111101
000001110001110110
000000110000110111
111111100010100110
000010101001000010
111101110011010110
111110000110100101
111111001010000111
111111100000000111
111100000001100100
000010001110111101
111110010011111101
111101111111101000
000001101111010001
111101100110101011
111101101101101111
111101111001100011
111111110010010100
111100110111010001
000000110100111101
111110101001001001
111100101100010111
000010100110101000
111110010011010010
111110111110001011
000010111000100000
111111000001101111
000010011011011100
000001010110111111
000100000110000000
000001110001011111
000000001001101110
111010111101110011
000010111001101111
111110001011010101
111100111001010011
000000111111100010
000001101011110110
111111100010101001
000000100000101110
000000111001111011
000010000000011110
000011110011100110
000000100000101111
000001000001111101
111101110111101011
111111100101111111
111100000001000101
000010101101000110
111010111010010101
000011100001101111
111110001101110001
111101100110010011
111110111000001100
111111100010001011
000001011111010001
111100111110010011
111011101100000101
111111110111000010
111111111110001100
111111110101011010
111111100110100011
111110100000111101
000011000110111011
111111111001001010
000001000111000110
111110110111001010
111111100011011010
111110010111010101
111111110110001010
111110001010101110
111100011100110100
000100110101100011
111100110011001000
111111001011100011
000100111000011101
111111001110110000
000001001011100101
000001110110011011
000100010111010011
000001100111110110
000000101010111100
111011101000111100
000001101110010100
000001100000101110
111110100001110110
111110001101100111
111111011011111001
000000001001110100
000001101110010100
000010001001101101
000001011001000111
000000001001000010
000100000010100111
111111001010010011
111101111000010111
000001001001101011
000000001011000000
000000010111111101
000000011001110110
000010001111101101
111110011000010110
000001010111000010
111110100001010011
111101011000111001
000100000101110111
000001001010110011
000100010011110010
000011001110110010
111111111101100100
111111001100110000
111101111000011010
111100101010100001
000000110100100010
111101011101010101
111111001000100100
111101000110011100
111110001010111000
000010011010001000
111101111110000011
000011110110001000
111111101010011100
000000001111111010
111111111011100110
111111110100010110
111011001011000111
000100001000001100
000011010010110011
111101101111010000
000010010010000100
111111101011010100
111111000000101111
000011000000011010
000000111010110011
000001100100010010
000000111011100010
000011010001011001
000010101011110100
000000111100011001
000100010100110101
000000101001011110
111101000000111011
000011111001110110
000100010101110000
111101100011010011
111110111000110111
000010000101111101
000001110111111010
111101011010101110
000011011001011110
111110111101100010
111100100001000110
000000000011110000
111101011010000100
000000100001101010
000100001111011100
111110011101100100
111011111101101111
000001000001111101
111110001101111101
000001000010110000
111110111100110111
000010011000110000
111101011000010100
000000110110110110
111110001000101000
000010101110100000
000000010110101010
111111101011111000
111111011111111000
111110111000000100
111110001111101100
111111001010000101
111111010000001100
000000000100101011
000011001100010111
000001111110110001
111110000000110000
000001001011011011
111111100101111111
000001010101100101
000001010110000010
111101111111111000
000001000000000011
000000010101100000
111100101100001111
000000110111111011
000000010101111010
000000010110000101
000000111111111000
111110100011000111
111011111001100111
000010101101101001
111111110000111000
000001100110110011
000010001010011010
111101010110100111
111101110111111001
000001011011110111
111111111000110111
111010001011101011
000001110011111110
111101011011100101
111011000100111110
000001001101111110
111101010100101011
111011001100000101
111100010001101000
111101001011010111
000000101101100010
111110110001010001
000001000100100010
111110100011000101
000010110010000100
000001100101100100
000011101000100111
111111000010000010
000000100001001011
000000001111101011
000000010000101001
000001010000111010
111011101010100111
111010101110011100
111111100000010111
000100111001001010
111010101000011100
000011100010100011
000010011000110111
000001010100100110
000001101111101111
111111001110111010
111111001111011010
000001010001111110
111011001000100010
000011101011101101
111110001011100000
111100000001011101
111110001000101110
000010101100010000
111111001110100111
111101111010101010
111111011001010011
111100111111111011
111110001100111110
000001001011001000
000001010001010010
000000100110101000
000001011101010111
111111010000011111
000101010001011110
000010111011100011
111010100110010000
111111110110001100
000001101000100011
000001011000000100
000000111011111100
111101101110111110
111110111000111100
000000101101001010
111110111011001110
000000101110101110
000001010001011000
000010010010101011
000000001111001001
111100100101011001
111110000101110011
000000100000101000
111100110000101011
111100110110000010
111100110111100001
000010010011011010
000001111000011110
111101001101101110
111110111100100001
000011100111101100
000001000111101000
111111011110111100
000011100001101110
111111111101011100
000011001101001011
000001010001001111
111101001101001100
111100001011001100
111101110100111111
111101111101000101
111110000111000011
000000101100101010
111101011001011011
000000101101000000
111001111110101010
000000010010101000
111101101111101110
000010101100011010
000000101001000101
111111110110110010
111110110000000100
000011100010001110
000100011011101000
111111110101011010
111101100011000010
000010010010000111
111111000100101001
111100000110111011
111100100100001111
000000110011001000
111101010010010110
111110100000011011
111110110111101100
000010101000001010
000001011100000010
000010000010111010
111111100000111011
111111110101000100
111011110010001110
111111101100111010
000000100101010111
000010111101001100
000011000110111011
000000100110111110
111111101101000110
111110011100110111
000000010000100100
111000101110010001
111100100011001000
111101101101001010
000001010101000111
111110001001000000
000101000110010011
111101011101000101
000000100010100010
000001110001111110
111110010011100100
111110000010011010
000011011100111111
111010111011100000
111110100000001110
111110011101101101
000010000100011111
111111000001111110
000011101011110011
000001000111111100
000001100001011001
111111010001000011
000100001010110000
000001000100010010
000001111110101101
000001011101101001
111111100000010010
000001001000101101
000000011010111111
111011101101010100
000001100101001111
111011111101010100
000000110011110001
111101101000011000
000000000001001011
000000001111111011
111101100000011001
000011000100010110
000010010101001101
111110100101110001
000010000101100001
111101111101111000
000010011100011110
111111001001100011
000010011111010111
111111111000000010
000010111001011110
000000000000111011
111111010110110000
111101111011111111
000000100100110100
000010101100001011
000011001011000110
000011001011001011
000000011001101011
000011001100001001
000000100110001110
111110111000111111
000010011001110100
000010001001110100
111111010000100110
000010000010110010
000010110001101001
111101101110111000
000100010001110101
111111111101001010
111100110011110001
000000100000100010
000000111000101000
111110010001100010
000000111011101000
000000000111010001
111101011110110100
000001001110110011
000000101000101001
111100000001101010
111110001110111101
000000111100010001
111111000101001111
111100111011011011
111110010000101100
000010011110001110
111011100110000100
000001111010110111
111101101111101000
000001011001100001
111110100011011101
111100000010010001
111110001100111110
111100011110011000
000010010101111110
000010011011000110
111101111011110100
000010100100110011
111110000000001000
000001100100111001
000010010101100101
111110110010011110
000000011100000001
111101001110000101
000000001000101111
111110110100000011
000000000001101111
000001110010001000
111011011110110001
111111101101100011
000000001000010001
111111001001101111
000001010001110111
111111110110111000
000000001000010110
000001101111011111
111111100101100000
000000101111011111
111100001001000101
000000011100101001
111111000011100100
111100101010010010
111100101001111101
111101011111111101
000001010011100011
000000000111110111
111111111000101110
000011100110001010
000010010011010000
000011000001011001
000001010001001000
111101110110110111
111101001110010111
000010000111101010
111110100100111001
000010111101101110
111111110100010001
000000011110010110
000000000111101001
111000111101101101
000010111000000110
000011000010011000
111111010010011111
111110101010100100
111110110001010000
000010110111010000
000000010001011110
111101111110010111
000001000000111010
000100010001001010
000010001110101100
000000000101011110
000001011010011001
111110110011100101
111110010100000011
000010001111111000
000000010011111111
111111111101101110
111101010110111111
000010100111000011
111101100001011000
111111110111110011
000001010000101110
000011000100011101
000010100011010010
111111000101110010
111101001110001100
000001011001010111
111101100010101001
111111011001011001
000000110010111000
000001010011110001
111111111111101010
000001000010101101
111111111000101001
000000000111000100
111110110011001101
000010101010010000
111100100111000001
000011100011101011
111101111110000111
111111001100000000
000010100111101101
000010010010001101
111111111100101101
111110100101100010
000010111000101011
000000101011100001
000000010100010000
111101101101101011
000000001111000011
111111111011000110
000000011110110110
111100000101101011
000010101001101000
000001011111011000
000000110101101111
111110111110110100
111110111000011100
111111110010101011
000011000011111010
111101010001000100
000000110011001000
111101010100010110
111010010000010100
111100010101111110
111101101010100000
000000001111101101
111101000011011010
000011001111100000
000010000101001111
000010100101101001
000000011011110110
111111101101100111
000000101011000111
111101111000001101
000000111110101001
000000111101111001
111111110101101101
000000111011010000
000000111110100100
111111010011111011
000001101000000010
000000100110011000
000010101100011111
111110011111000100
111111111110101000
000000011111001101
111111011000101010
111111111111011110
111101011010001110
111111100100101000
111101000001011000
000010111001011010
111101010101011101
111011100000110000
000010001011100000
000001110010100100
000100001001001001
111111110011011001
111111110111000011
111101111000001111
000000010110011010
111101100001010100
000000111101000110
000000011000111100
000001111100010101
111100110101110100
000000000010011111
000000111110001111
000001000101100010
000000100001111111
111110000111000001
000001101001111110
111110000011011101
000010111100111000
000010110100001100
000001011000101011
111110111011111010
111110001110101000
000000010101101111
000010001000100011
111100101000100110
111100100100101101
111111000111000110
111110001101110100
111101100000000101
111101110101110001
111010001010001001
000000001001100110
000011101101001011
000000010101110111
000000111101111010
000001001110011110
000000111010011110
000001011001011010
111111010111010101
111111111000101110
000010000111010011
000010101001100111
000001110010101100
111110111111111010
111110111001101011
111101000000000100
111110110011010010
111111111110011010
000010001111001110
111110101111001110
111110100100110110
000010101001100010
111101111101011111
000000001000001000
000001001000110100
111110101110100011
111110110010111001
111111110111100110
000001111010011011
111011001001100111
000001011011111110
000001110101110011
000000011011010000
000010101110000001
000010011011010101
111110111010011110
000001001101111011
000001011010010010
111111001010000010
000010011000100010
111111011101100001
111101111001001100
111100011010100000
000010111110001110
000001110101101000
000000000110100011
000001111010101111
111011111101001100
111111000000100101
111101110101000001
111100101101110101
111111011000101000
000010101110000100
111100011111100011
111111111001011011
111110000001010011
000010000001011110
000001110010010000
000001000110010000
000100001010011101
000010100001001101
111101111111100010
000000110110111011
000001000111110001
000000010101101100
000000010011000011
111111010101001101
111100001110111011
000101100011010011
111101111010111001
000001001000010101
111111100100010111
111110011010000011
111111011000011111
000000110110000110
111101010000000111
111101011010011010
000100110010001101
111100111000111111
111111001010011100
000001110011101110
000000011111010000
000011001110010110
000011110001101001
000011000001011010
000001100001001100
000100111101101101
111110000100110010
000000011100011110
000000110011111110
000000101111011000
000001011111001011
111101110111010110
111111001001100000
111110111000000011
111100010111100111
111101111101001101
000100011111110110
000001100100111110
111110100100100110
000001001101111100
111101011010111011
000000010101011100
111110010110110010
111100111110001111
000011101110110011
111100011000010011
000001010011001110
000011010000010100
000000001011110000
000001001100011011
111111101000001100
111100011100001001
111111000011001010
111100101101011101
000101100011010100
111110110110110111
111111000001101100
000010011101111111
000001111010111100
000000001010001010
111101000011111101
000001000001001111
000001001000111001
000010110010001111
111011010110110100
111100110000110010
000010110000001011
111010110000001011
111110101000001001
000101001000101101
111110111101001111
000011010000000001
111110000011011110
000011100110101010
000011001000100110
111101000001011100
111111010011011100
111011100010100111
111110000011010011
111011100100110111
000000010100001110
111101111101010111
111100110111110111
111111000010101111
000001111100001100
111101010110010100
111011010100111001
000001000010111010
111101001100111001
111011101111010101
111100111111011111
111111000000111001
000000001001111001
000001011001011111
000000011011100001
000011000111001000
000001000011010011
111110010011011110
000000101011001000
000000100110100000
111111100011000000
000000001010010010
111110000000111110
000010101001111101
111110111101010100
111110000011111111
000010000001001011
000011010110100011
111101010001001110
111111010110110000
111111001111010010
000001011101011011
000100000111100101
111111001100011111
111101110100111110
000010100010101001
000010101011000110
000010011001010101
111011110111000110
000000000000101001
000011010001101100
111111001001000011
111011111010001001
111111011101001110
111100000010111100
111110011101000010
111111111011010001
000010001111010001
111110011011011010
000011011111001110
111101110100011101
000100011011000010
111110100100011011
000001111001100000
111101010101100011
000001010001000001
000001100100011111
000010111101011110
000001010010010000
000000011010110000
000000100110010110
111110010011100010
111101101001100000
111101111011110001
111101011010011011
111111110000111101
111100111111011000
000000010011010001
000000111010100111
111101001110010111
111100101100110011
000011001001100111
111101010010100101
111101100000001111
111101110110100110
111110010110001111
000010011101000100
111110111011111111
111101000111011110
111110100111011100
000010100110111010
000001111010101001
000001000010110110
111100000100110101
111100101011011010
000000011100111001
000001001110010110
111101011010100111
111111111010101100
000001000001000111
111100101111011110
000001101110100000
111101111000101010
111110000001010000
000010100000000111
000011100001100010
000001110010010010
000000111111011001
000000111111001011
000010000001100100
000010011001100011
000001000001011101
000010110110101010
000011100000001101
000000101001101000
000001110100110000
000001000000001001
111111111111010000
000010110001110000
000010010101100101
000000000110001100
111111100011110010
111111010011110001
111101110111111001
111110111101011111
111111100001111001
000000110000100011
000010000100010110
111110100110101111
111100111110100010
000000001101010101
111101110111001110
000001111101000110
000011010011011111
000000011010011010
111111011100100111
111111101111010110
111101000000110010
111101110000111001
111101011000000111
111111110110101011
000000010111000000
000010001000011001
111110011001000000
111110100001010000
000001011001010111
111111010011001100
111101100000011011
000000101100000100
000001101011111101
000010000101111000
111110010001111111
000000000110111110
000001001001111100
111110011110111110
111110010010111001
000010000110101110
111111010111111000
000010111010001011
000001001111100111
111101101010100011
111101110100011011
111101100110111010
111111010011011000
000000100111000101
111101101010010101
000000101111000001
111110001111111010
111101111110000001
111100111110110111
111110110100001011
111101000010010111
000001110111110100
000001001011100100
000001110011100001
111111010101001001
000000011011101101
111101001011111101
111111110000000110
111111101001011011
000000001111001101
111101001001011010
111101100001111100
000010001100010101
000000101101101100
000011011011101010
111110111011101110
111110000111000010
111110111001011110
111100111111001101
000001101101101001
111100111001110000
111111100011101010
111111011010101110
111111010110010110
000000101011101101
111110000001110100
000011001011101010
000010100111011101
000001110111011110
111100110110001111
111110000100001110
000001100001100101
111101110100110101
111111111110011010
111110100011101110
111100010101000101
111101001100010011
000001011111010111
111110011000100010
111100011010111001
111111011101001100
000000101000000011
111111000001011110
111100100110000011
000001010111000000
000001101001011100
111110000001000001
000010111110110110
111110011000110011
111101011100100010
111101110010000111
111110010011010010
000000001110000011
111011110000100011
111101111110100101
111111011001100110
111101110100010100
000000000111001101
111110011000001100
000011001111001100
000000011010100010
000000011001111101
000001010110001101
111111110000011111
111100010001110101
111100001101100100
000000001001111110
111100111001100010
000001000101111011
000010011100111010
111101000110010001
111101001101110001
111111100101111100
111101101101011101
111010111011111000
000010111111100011
111110010101110010
000001100110000000
000010011110101110
111110110110110011
111101011001111101
111101011001010000
111101000010101110
000000101001000110
111111101010101101
000001000001001010
000000110100101000
111110101110000000
111100101000001000
111101010111000100
111011101010010111
000000011000000010
000001100011011111
111110101111101111
111101001111100110
000001101010111001
111110110110011100
111101010011011000
111111101010110010
000000101111100000
111111000100111001
111101001111001101
111111011010010000
111111000000000011
111110001101000011
111111010011011110
111100111110010110
111001110111010000
111101101110111100
111110100010011110
000010111000011011
111001011010100000
000011101010010000
000010011100000001
111111101110001011
111101100100101100
111110110110000001
111100110001000010
111011011001001100
111110111100100111
111101010000110000
000101000001100110
111110110111111100
000010000001000000
111100100101100011
111111000001010011
111111100000010101
000001100111100011
111101110111101011
111110110110101100
000011110010001000
000010011110001110
000000010000001000
111110011101000001
000011000101011111
111100110011111110
111010011000010101
111100100101111011
111110001110001001
000100111001110110
000010001001011100
000000011110010000
111010011011110000
111110101110010110
111100101101110101
111100010000110110
000001000011101011
111101010000101101
111101110101101010
000000001111110000
000001010110000011
111111111000010111
000000101001101010
000001001111001111
000000100011011110
111111110100000111
000000010011101000
111110010111001101
111101100111101010
000000111001001010
000001101001110111
111111010001000101
000000010000111000
000001000100010010
000000001000100101
111111110010111101
000000110110010000
111011001100011100
000001101001101101
000000000000111010
000000111000111100
000011111101001011
000000011000111110
000001110011101000
111011101100010000
000010100101100001
111100100010011000
111011110001001111
000100101000101010
000000101000111101
000001001010101001
111011101111101011
000100011010011101
000001011001010011
111101010111001101
111110110000110101
111101001011110111
111100001111000101
111101110110000100
000010001110011001
111110010111011010
111110101111011001
111101111000011101
000101111101110001
111100111110111101
111011000100001011
111110010101111111
111110111100100011
111010101101100110
000000011010001011
000001010010100011
000001110000010111
111111110011111100
000001111101100010
000001001011111101
000010100000101100
110111110110101100
111111000010111000
000001111011010100
111100110111001111
000001001001101000
000011011000010011
111010110110000101
111110000010110111
000010101110110101
000000110110001110
111010001000000001
111010101111010100
111011011010010110
000001000011010001
111110000001011101
000010100011010111
111101101110000100
000000000010101111
111110100001000110
000100010100111001
111100011000100100
000001010101111011
111010110111100011
111110101101001100
111101010011111010
111001111000010000
000010011100011011
000010110001010010
111100011011110001
000001010011011101
111110100000111000
111110000000101011
000001001011010101
111101110000101111
111110011001010110
111110100100001100
111011111101100101
111100111000101000
111101110000001000
000001110010111000
000001011100000101
111101000100100010
111101001000001101
111111100001011000
000000000001001010
000011000000010010
111111101101110001
000010011110101110
111110101110101010
111100100111001010
111110001000010111
000000101101000000
111111011011001101
111110000100001110
000000111000101000
111101100010010010
000001010010110010
000011101101000000
111111001101101000
000000100101110110
111111011100111000
000010100000010110
111101110110100111
000001111001011101
000011001101011100
111010101101001100
000001101110011101
000010110110110110
000010010010110011
000010110100011111
111110100111000100
111110111100111110
111111101001101100
111101001111010011
000000101101111111
000100011010001010
000001001111100000
000011101100101110
111111100011000011
111110001110110111
000100011011100001
111010011011110011
111110011100111011
111110010101010110
111011011100011011
111100001001000111
000000010100000001
000001110001010011
111110100001100001
000001101010100110
111011101111111100
111111111001111011
111010010100101000
111111100001010011
111111011100101100
000000111111001100
111111100011000010
000000110101110100
111110100101001110
000010110111011000
000001111100000101
111110101101110101
000001000010111010
111101000011010100
000000010000001110
000001100100000100
000010110000100011
000000000010001001
000010100001100101
000000010110111111
111110001110010100
000000101010000001
000000101110010000
000101000010010100
111111010101000100
000100010111000101
111100001000110110
000010011111011010
111100111000100000
111110011101100111
000011011000110001
111101000110011111
111111001000010100
111111100101001010
111111010010110000
111110100100011001
111111001001011110
111101000001011010
111100010110001110
000000101010100111
111011101000000011
111111100100111011
111111100100100001
111011110101101111
111101110111110001
000000101001101110
000000000100100110
111111000100011001
111110011110001000
111110111111110000
111010100011010111
000010111111111101
111110101011101011
000000000110111101
111001111010101011
000010011100010010
000010111000111010
000000001110000101
000001010101000000
111111101110101101
000000100101011001
000001100010110111
111101111011100001
000000101110101110
111101011011011011
000010010001010110
000001101010111111
111111101000010001
111111010110001010
111111111000101110
111011111100001101
000000011101011010
111101110010110001
111101111111100001
000100100000101100
111011001100001000
111110100011111000
000001001011100100
111111010111100110
111111011110100100
000101001111000011
111101100001010100
111010111010011001
111100111010100100
000001100110010101
111111010111100100
111110011100110110
000101010011011111
000001111100011101
000011001010101010
111110000110011101
000000011001101100
111110101000110000
000010011110100100
000000111011100011
111110110011101101
111111000110101011
111111100011000100
111110111001001110
000001001011110011
111111100101110011
000100010001110111
111101010010000101
000010000110001010
000010011111100110
111100000000110000
000000010011101000
000010111111011011
111111111100001010
111011101010011001
111111000011110001
000010111100100011
000011101010110101
111111110100111100
000010111110101000
000010001010010011
111110100011101101
111101000000010111
000100110000110010
111111110100100000
111110100101011001
111110111101010011
000001111111110010
111111000010000111
111111000000101100
111111101001010100
000000110111001011
111100010111001100
000011000101110100
111101100011010010
111010001010110011
111010100111011111
111101111011111100
111100110000011011
000100001001010010
111001101100011000
000100000100100110
000010001011001001
000001010101000000
111011001010110110
000011100100010101
111101100110110111
111100000001100100
000010000011011101
111000011100100111
000110000010100000
111101110011001010
000011110010101010
000000111001001101
111100100010100000
111011010100000011
111110010000001101
111111001100101101
000011011010011101
111110110000110100
111101010011000010
000100000101000101
111101110100110010
111110110110111110
000000101000011000
111011111111010111
000001111010100000
111101110010010100
111101001100110011
111110010101011110
111011100101010001
111101011100111011
111101110110011110
111111011001000100
111111011110011001
000011110010100101
000000011100011111
000000100101110000
111100000110010000
000101000110001001
111110100000001001
000001011101011110
000001001111011110
111110111101001111
111011110101110001
111110111100100010
111110100000100111
111110001010110000
000100000111011000
000001011001010000
000011101000110110
111100011001001110
000000110111110100
000011101101111111
111101010101011101
000001001110110101
111101111000011101
111011101010101011
111101010001000001
111100011111010010
000001011001110101
111101011111111101
000000011100011111
111101110000111011
000000101000001010
000011000111011000
000000000011100100
111110001101101010
000000011000001100
000001110010100101
111111111000000000
000010101011111000
111101100010111110
111111111010000110
111111001011001010
000001100111011001
000000001010110100
111101010010001010
111111111101001000
111110111101010110
000000100001001001
111110111111011101
000001010001011100
111110101100000000
111111010011100011
000000010101010010
000001110000110100
000000111110101100
000001100011101110
000010111101110111
111111101110111101
000010001010010111
000010001011101111
111110001000011110
000011001111101100
111101000110000000
000110000101111001
111111000011011101
111101110010100100
000010010000110100
000011011010100110
111110000110110000
000000000100101101
111101011001000110
000000010001101110
000010100010100010
111101101010101010
111011000111001010
000000011111000101
000000000110101001
111111011110101111
000010101101000001
111101100101100101
000011111001100011
111011101011110010
111100111110110001
000010100110010001
000000101111101101
000000110101000001
000010110001011101
000001010011010011
000100000001100100
000011110101110000
111101001001100111
000100011000101110
111111000100011011
000000010100011011
000000001100010000
000000001110001000
111100111000110101
000000111111010000
111101101111011111
111110100101011110
111110010000100001
111100101110100010
000001101011010111
111111010010111000
000010010111000010
111101100100110011
111111010011000010
000011000110011110
111100110000100110
111111010000001100
000010010110011110
111111001011001000
000000100001100111
000011000011101000
000010000010000110
000010011001111101
000010010010001100
000000001101010010
111111000101101011
000100001100100010
111100111010001100
000011001011010001
111110100100101010
000001100011010011
111101101000110001
000100111100100101
111100101000000100
111111011100010000
000000101001000110
000001000010011110
111011011101001001
000001100101011011
000010100010110010
000001111010000011
111110000110010100
111011100111111100
111110100000001010
000111011111100010
000000111110010110
000001110101010001
000010111110001001
000001000110000001
000010011001100110
111011000110011111
111110001010100101
111101011110111110
000101000111010010
111011001111001110
111101000110010011
111101011011100001
111010100011001101
000000001101011001
000001110000111010
111110010100010110
000000000101111110
111101101110001110
000010111100001100
000010100001000011
000000010110011100
000010011101001011
111111100001110100
000100101101010000
111101010010000001
000110001001000001
000010001000000100
000011000000111001
111111011011100001
000011111111100100
000000010101010100
000001010100101000
111100110010010110
000001101001100110
000010101111110000
000011000001111111
000000111010110101
000000111010101011
111110001100111001
111111010000000011
000001101000111011
111111001011010100
111100110101000000
111101001101001000
000000110010011000
111111110101000101
111111010111001100
000001001100101001
000011001100111000
000101000111000110
111100101011110010
000010111011001100
111100000100100000
000011100011010101
000000101010100110
111100100101000110
000010010000010010
111100111000100100
111010110111001110
111111111010110010
000011111100100101
000001100011100010
000011110011100010
111011001110000010
000000010010110111
000000110011110001
000000100010000111
111100011001101100
000000000011100111
111110110011110111
111111010101010100
000000010100011101
000011110001011010
000010011100101001
000001100111011011
111100110011010100
000011110100100001
000001100100100000
000011111000101110
111110000110001101
000000111000110110
000001010100100101
000001010010001010
000101000100110010
000100101011000000
111111101100111100
000101100110111100
111110110100101011
111100001101110111
111111111100011011
111101101101010111
111011101010110000
111100000110011110
000011101000001011
110110011001110101
000010010000000010
000011100101110000
000001110010010110
111100010001001100
111101000010011101
000000000000011110
111011001111101100
000011010101001100
000011111000010100
000000110111000100
111010011011010011
111110010010101111
000011011010100011
111110000110111011
000110111111010011
111101011010010111
111011110100111111
000001011000000111
111110001100011111
000000000110010110
111110000111011000
000010111110000000
000000110101100100
111101110100110000
000011111001001001
111110000100110110
111111110100000000
111101011011011111
111101001101010001
000001100100100101
000011011110001111
000011101001010001
111111011010010111
111101010100001001
111110100000110101
000010001110010110
111111111101111111
111101100010010001
000001011011001111
000010100110111100
000001010010011110
000010111000110110
111111110111000110
000011011100101110
000001100000110001
000000111110011111
111110110100100010
111110110000010110
111100101010010011
000001101111001100
000000100100010100
111101110110011110
000000001000110111
111011010001101011
000001001010000110
111110101011010101
111110000010111100
000011101010101110
111111110111000111
111110011000011101
111011001101101110
000001011110001011
111111010100110110
000100001011111111
000001101110101011
111111001110001100
111101101111100001
111110000010111100
111101111111110100
000011111100101010
111111001010100001
111110110001110111
111110000100011001
111101111101000010
111111101011011001
111100111111100001
111110110001001101
111111011110111101
000000011001000011
000001110111010101
000001000001001011
111100111100111101
000001100100010001
111110000110001100
111100011001011010
000011010101000010
111011110001001101
000000111110010100
000011111100110000
111111000001011101
000011111111111010
000010011111101110
111110010001000000
111101111110110110
111111010101100010
111110001101011011
000001100010011100
111101000101011011
000001000100000111
111011000000011011
000000001101001011
111100001010001101
111101101001010110
111111101001101100
111010100000100101
111011011111101110
000000011001111100
111111000000111010
111111100000100100
111111001011010110
000100010000111001
000010101001101110
111111001110101000
111100100001011000
111110100101011011
000000001010110110
000101001100111110
111011010010011001
000011100110011101
000011110110011101
111111110101100101
000011000110111011
000011000011001000
111101100000100110
000000010000001001
000010100010011010
000000111000001100
111110011011110110
000010001101111110
111111110000000111
111110100001110101
000000110011000011
000000110101101110
111011110000101100
111100100001001101
111111111101101110
000000001111100100
000010010011001101
111100000100001101
111101110100111111
000001010010100011
111011111000100001
000010100101010110
000010110001110000
000000100110101011
000001011111001001
111111111100000111
111111111001000111
111101011011010110
111110101110111101
111111110010101110
111100011101000000
000100000001100010
000011011001010011
111101000011001001
000000010111100010
000010100001001111
000010011110111001
000001000011100001
111111111111000010
000000110100101111
000100010000000001
111101110010101011
111101001011010110
111111111011101010
000000001101000111
000101100011001001
000010111110101111
000100001001101110
111011101011010110
111101101011011101
111110000110010110
111110111001001000
111111011000010110
111100110110100111
000001011111111101
000001000111011010
111111100111001001
111110000110001011
111110100001101010
111110101100100111
000010110110001101
000001100011100110
000000100111000101
000001000011011001
111111111011111010
111101100101001001
111111111000100100
111111010101101001
000001011011011101
000010111101101000
000000001110010000
111011111001110100
111101011000100100
111100101001001001
111110001011010000
111111100000000110
111101010100010011
111100101111110011
000010000100101100
000000000100111110
111101101001100001
111101101100110110
000001110110010011
111101011101011000
000001111111010111
111110000000101010
000011010111010000
000001010000100010
111110100101001100
111111110010101001
111110010100101110
111110110111101000
111110111100001001
111010011011100010
000001011110110110
000011110001001011
000001100111001011
111110110110011100
111110100100000011
111101100100110000
111001110001000100
000000110101000001
111011110110010011
111111111001111100
111110001110101011
000100111100100111
000000110100011100
111110010111110010
111111100101011101
111111111010001011
111111100100111001
111110010100001101
111100010111000100
111100111010001111
000011010100001110
111101101110101110
111111101011010111
111110111000011110
111110001010100001
000000101010111111
111111000000101110
000001011100100110
000010000011100011
111110001101111000
111110011000100110
111110110101110100
111100010010010011
111100000001110001
000110100100110111
000000101111100110
111111101011000100
111101111000110001
000010100000010011
111110010011011000
000000100110011100
111101000000011000
000010011101010111
111111110010101010
000001101011111011
111111110000101011
111110111010010111
000000110001110100
111101011001111100
111110101001011001
000010100111000000
000101000111110010
111110100101010001
000010110011110010
111110011111010010
000100100000100001
000100010100001000
000001011111110000
000011110111111001
000001111101101001
111110100110100100
111110111111100110
000000001101011101
000000101100010001
000000000101011100
111101001010111111
111100111111100110
111111101010101011
111110011011000111
111101000010001001
111101110110000110
111111111011011101
000011100010001010
111101111111101001
000000111000110010
111101110100111000
000001011101101110
000001100100001110
111110000101010101
111101001100101011
111111001000110011
000000000110101010
000011000000100011
000100010110001110
000000101110001001
111111010001001011
111111111000111001
111111011111111001
111110101100110010
000000111000100111
000000101000110111
111100100010010010
000000111111111011
000000100000101000
111110100000110000
000010111000110100
111111110011000010
000000001100110010
111111000100100100
000000000010100011
000000010110001000
111101000010001011
000011000101010010
111111100000010001
111101111001000100
111111100101010111
111111110010101100
000010011010100000
000000111100011111
111110101111111101
000000100000101110
000000010000101000
000011001000100111
111111101100000001
111110001000100011
111111001011011000
111110110110001011
000010111011110010
000010001011000010
111110001100100010
000001001101001000
000001011000111100
000001110101001010
000000001100100101
000001011010010101
000001001100001101
000010110010011111
000010001111110011
111110111001010100
111100110010111110
000000010100101100
000000111101111011
111110101100000110
000010110010010110
111110110110010010
111111101011001111
000011010010011111
000000110111101101
000000000001011000
111101100111100100
111111010111100110
000001111111000011
000000101110010111
111111010001101000
111110101011011111
111111001111100011
111111100101111001
000001010001000101
111110010111011011
000001010110000101
111110010010001011
111100100110011011
000000000110001111
111101111101010111
111111100000000101
000010011101101000
000000101100001110
111110111001001010
111110100010111000
000000101111110110
111100110110101010
000001011100101011
111110110010111101
111011000100010000
000000111010001001
000000011110001100
111110000111001010
000010111000010011
000010101110110100
111100101011011000
111101011011000010
000010010101001010
000001011010001100
111111100100010000
000001010010100010
111111100100001001
111110010011110001
000000111001100101
111111110001111011
111100010010011100
111111100010010001
111111000110011111
000010011100110001
000010100000011000
111111111101111111
000010010111010110
111101111100111111
000001000010100100
111111001101000101
111101001011110001
111110000111001001
000001101010100001
111011100111011101
111110010001111010
111110111100010110
111011011001101100
000000110011000111
111111111001101100
111110100110110100
111110011110000100
000011110001101110
000000000101111000
000000010001000110
111100100111001011
111101000101001111
111111111100100011
111011110000110011
000101110101110011
111100111011101110
000010000000110011
000010001111010000
000000001000100011
111111101011000000
111111001100100010
000001111001110001
111110010000111111
111101010111111011
000001101111001000
000001000001000001
111111010010110010
000000110010010001
111101101111110100
111101100110110111
110111111110111011
000001111001111111
111101100100110010
000010010111110001
000001110100111101
111101110001101101
111100111010100001
000011000000100010
111110110011111101
111100010000111000
000100100000011000
000000011000001100
000001000000001111
111011110101110111
111110001100111110
111110011001010111
111110010010101001
000000011010001000
000000110100010010
000011011000110111
000000101010011110
000010100100010011
111011011011111000
000001011101000111
000100001011000000
111010101111010010
111110110110110110
111111000000001010
111110010011111000
000000110011100001
000001011101001001
111101001000001010
111111101010001110
000001111001010111
111111110101100101
111111011011110000
000000011111011101
111110001011011111
111101011000111000
000100111101000010
111101010101001100
111100101101000001
111111000100000011
111110010110110011
000001011101110101
000001110000010100
111101110011101100
111100100011000100
000011010011011111
111110111000010100
000001001010110101
111100110100101001
000000011101100001
111101111100101010
000001110110011101
000001100011101110
111111000101011000
111111101000111000
000010101011110010
111111001010100011
000010001011010011
111110110100011110
000010101110001100
111110011101000110
111110111111101101
111110100001010100
111110110110010001
000100100000001011
000001000100110101
000000011000000110
111100000101101011
000011101000010011
000000100000011000
000000011101011000
111101101100100100
000000000100011001
111111001000011111
111101111011001011
000010011000100111
000001100110000110
000001110100111010
111110011010010000
000001110000100010
000000100011001010
111111100001110001
000000000110100111
000001110001010011
111001110111101010
111111000000001110
000010111000000111
000010100001011000
111100011000000000
000001010100110001
111100001100101111
000100000010011101
111000110000100101
000000110100001000
111110001110010011
111110101100101110
111101110111110001
000010100111000011
111111010011001110
111110111100111111
000000101001101001
111110011111111011
111100010001101000
000000001001001111
111110111111001101
111001001110001010
000010001101101011
000000000011110101
111111110110110001
000011001001110000
111100100011110110
000001110010111111
000000010111110010
000011001001100110
111111111011011011
111100111001001101
111101100011011111
000000001001010011
111111001111101100
000000101010000001
000000100101111001
111101011010001001
111101111111000111
111101110011111101
000101000010000100
111101111111000000
000100010100111010
111111001000000111
111101101000101011
000000110110111111
000010000100011100
000000111101011111
000010101001101100
111101011000000011
000000100111011011
000100000100001010
111101011000011101
000010000000110101
111110001111110010
000000000101010001
111101011110010010
111110100000010111
000000010110010011
111111101110001000
000001110000101011
111011111110110100
111111110001000101
111110000110101000
111111111100011100
000000110011000101
111100110100111100
111110100100110110
111011000011110111
000010101011111001
111111110010100101
000001101101010001
000011000111101110
111100111011111101
000011100010001110
111101100000011100
111111001110110010
111111100100110101
000100000100001000
111101011010101001
111100010010000111
111010011110010100
111111110011011110
000000110110011111
111011011000111100
111110111101111000
111101111101101100
111101110100011100
000110100101100010
111111010111001110
000001001010111001
111100101011011011
000001100010111000
111100000001101011
000011001011101000
000000111001110001
111100110111000001
000010111101001100
111100110001101011
000001000100010010
111100100110101001
111111001001100101
111100101010101011
111111000000000110
000000101110010111
000000000110001010
111100110001100010
000001111101111100
000000001010111110
000000100001011110
000000110111011111
111101100100000000
111110000101101111
000010110011011010
000001011010110100
111110011110110010
111110101001101100
111111110111111000
111111110111101100
000000011101101111
000001010101101110
000010110010000011
000000100100000000
000010011011101101
000000001000110000
000100010110100100
111111011010111101
111111100001011100
111111010110000011
000000110000100010
111110100000110001
111111100010001010
111111000001011110
000001111000110001
111111111001110001
111011010000011111
111101110010010101
000000000110010010
111011110101011000
111111011000110010
111110011010111101
111111001101100011
111101101110000001
000001011110000010
000000001111001110
111100000111001101
111101000111100111
111110010110111001
111100100111100000
111110101011010100
000000101011111000
000001000001111100
000000000010010010
000001101110100100
000001110010100001
000000010110110111
000010100101101100
111111111000101000
000010011001001110
000010110011100101
111111110010000100
000011110011110110
000001001000110100
000001111001001001
000001000101010010
000011111100101111
111110011011100011
111110010111111100
000000100000011011
000001000010101011
111100001110100011
111011011000110100
000010111110111001
111110010100011111
000001000001011010
000000100111100111
000001101011010111
000000000010010000
000100000111101110
111011001101000110
111010111110100000
111011101101110100
111111000001000001
111110100111110110
000010111011010111
000011110111110100
000011000010101100
000000010001010111
111111111010110110
111101110100010011
000000000000100110
111110001010110110
111111101110001101
111101001100100110
000000110000111001
000000001010000111
000100110010001111
000011001100010000
000010010110111011
000000000000000010
111110010010110101
000010110110001001
111111011000001010
111110000110101100
111110111011101110
000000011011111010
000000001010101010
111100001101011110
111101110001010111
000001011000001100
000100110010111010
111101010110011010
000011111010011000
111101111000000111
111100101011111000
111111000111001110
000100100110000011
111111110001111001
111110101100000110
000000000010100110
111110100101101011
111101010000000111
000010110011110100
000000111100010010
000000100000001101
111100111011010111
000001100000000000
111100100011001110
111101000010111010
110111101001110001
000000000101000100
111010011010100000
000100100111100101
111010010100001010
000001001101000110
111110111111000100
000011110011010001
111101001101010100
000011000110000101
111110101111000001
111111111111010000
000110101011111010
110110001110100101
000010100011000100
111100000011111000
111101010000001001
000000101110110011
000000110011010111
111111010000011111
000000010001100111
111110011011001110
000001000000111100
000000001110101111
111100101000101000
000101101001001101
111111011100010110
111101101001101111
000000010111000010
111011011111100010
000001010011111000
111100111010011001
111010111010000100
111101001110000111
111111110000111101
000001110011011000
000001100001001000
000010000001011011
111111000010011110
000001000111110100
000001100010101111
000011011011010101
000000011101011101
111111110001101101
111111011110001010
000001111001100111
000001111111011000
000000101010011000
111100011111101101
111111000110101000
000000010001010101
111111000000101111
000001001000011111
111111110100011111
000011010010001010
000000110010100000
111110000111010110
111101111111101000
111101011001000110
000000000101100101
111110111111100110
000001010001101011
111101000101110001
000010110110010110
000010010101011001
000000001100101001
000000000011011100
111100011011110110
000000101100101101
000000111000001010
111111010101100101
000000000101100111
111101101001111100
000010011111000111
000000100000101001
000000110001011101
111111010110100011
111101110110110101
000000110010010011
000000011000100011
000000101010111100
111111111100000110
000000011011010101
111110011101101001
111101111001110110
111110110111011010
111101111100101000
000000010011010110
000000100010111100
111101111111101010
000001011111110101
111101000111111100
000010110010001111
111100110101001000
111110001100001011
000011110010001011
000010011101011111
000010010100001010
111101011111101010
111110000101111001
000100000101001110
111110011101010110
000100010101011100
111110101110111111
000010001110100110
111110000111010001
111100110010110101
111110000101010101
000010111101101110
000100101000010100
111111100011000010
111100001111111101
111101100001111101
000001101010101100
111101110111110100
000010101100011100
000000111000101110
000100000111010111
000001001001001000
111110110001110111
111110010100111001
111110110110110001
000010100100001110
111101011100101000
111111011001011101
000100001100110000
111110110000110110
111111111110000001
000000101101011000
111110000010001010
111111110110111101
000010110000001000
111111100100101010
111101010110000011
000000010100010001
111111100101111111
111110101010011010
000010011000000101
111110100010101100
000011000111001001
000010000010110000
111111110001101101
000000101000111001
000000111111011011
000000010110000110
000000010110010110
000000111010000101
000001101011100011
111011101111011010
111110011100111001
111101000110011110
000000011111101011
111111111100011000
111111000000101011
111100101101111001
000010100111010110
000011100100111001
111111110110011011
000011001101100010
000001000101000000
000000110000100001
111110011011001100
000011011011001001
111101000011010110
000010101001000100
000010000010101010
111111011111001111
000001111011000010
000011000001000001
111101101010010110
000001110001100000
111101010100001000
111100111001011010
000000101011000011
000110001001101111
111101111111111110
000111011011010000
111110001111010001
000001000011000101
000101101100010100
111001100111010011
000001010100001111
000010001010000001
000001011111010110
111110011111000110
111011011100111100
111100101110011010
111010110111010000
000000110110000101
111110001001011010
111111100101000000
000000101000100111
000001001011110011
000000010000110010
000001000000011100
000001100111010010
111111101010010100
000011101011111001
000000100010000101
111101111010101110
111111101000010111
111111011000100111
111110001000001001
111101100010100101
000001101011000100
000010011011111111
111111100111011100
111110110110011100
000000101111011110
111110111010011110
000001011111001010
000010010011011110
111011100111010001
000001001111110111
000001000110001011
000011000000110010
000001110110101100
000001000001000110
111110101000001010
000000000100101001
111101110101010111
000000011110001001
111111011010010000
000000111100111101
000010101011000001
000000101000100111
000001000111100010
111110011110000100
000010100011001101
000000100110000001
000001110101001001
000011110100110110
111101110001101111
111001110100100011
111101001100101110
000000100111000100
000000000111111110
000100001011111001
111111100111010111
000010101110010111
000010011001100110
111110001101100110
111111111101000100
111111010010000010
000000001010010011
000011010000011111
111110000100101010
111111111110011100
000011100100001100
000000011011011000
111101100010100101
000010100000111110
111110110001010111
000011010011001100
000001110110110011
111101100110100111
000000001111111010
111101101011110011
000100011101000111
111111001001001101
111101100111001100
000011111100001010
111010011011101111
111111001101101001
000000101000010101
000010000100001001
111010111001000011
111110010010110111
000011110000110001
111100000010101000
000100010001010010
000011110110000110
000101000011100101
111100011010000000
111111100110111100
000001101111011000
111100000011110000
000001111010001001
000001101100111010
111101010001000110
111100111111101110
111111001111001110
000011110011100001
000010011010100101
000100000110111111
000000000111011101
111111100010000011
000011010010011001
111111111001111100
111100100111111111
111111100001011010
111100111111000001
111101000000000101
000000011111100011
000010110000100101
111001111100111010
000001100011000101
111111010110000100
000010001110100000
000001110110100010
000011000111010001
000001100101001110
111101100011011101
111010010101100000
111010101000101111
111110011001110010
111110110000100111
111100100100111010
000001011000000100
000000011100011100
000000011010111100
000000101110100101
000011101101001100
111111110110001100
000000100110101001
000000100110111001
111110111111101100
111101000100100111
111111101110111010
111100011011001011
000010111101010011
000000001101010110
111101101111111101
111011001010100111
111101101010110010
000010011001010110
000001101100011100
000000010101011001
000000000110000100
000000011110000010
111011111011100101
111111010001101010
000000100011100011
000100101000010110
000001001111001000
111010011111100101
111110111000011111
111101111011111001
111111110101010000
000011011110011011
000000010001111011
111110011111000111
111110000010010000
000001001010100101
111111110000001011
000001000100001110
000001000000011100
111101111010110110
111111011010000010
111100100111011111
111100111000000110
111110000010011011
000110000001011100
111111010101000101
000000110110110111
000100000101111110
111111011100000011
111011000010111000
000000001101010011
111111101111011100
000011100101110011
000000101101011000
000000001001100111
000000111111011101
111100110001010011
111111001011001011
111111100110011010
111101001100110110
000011111010001100
111011010100001001
000001101110001000
000001001111110111
000000110100101001
111101101001100100
000001000111111000
111011101111111101
000011100100111010
111100011110111110
111110101110110101
000010010001001001
000000101010100011
111111011001100001
000100111101110010
111100110101000100
000011100111000000
000000111100010101
000011110000110101
111111000110011110
111110110101010100
000101011111011111
000001000000010110
111111100000001100
111110010110101110
111100011100111001
111110110100000111
000001111011001000
111011011110011010
000000111100001110
000001111101000100
111100000101110010
000100001101010110
111110001011010110
000010010010101000
111110010011011001
000010101001000001
111111111010011000
111100100111111111
111101000011100000
111101000011001110
111100111101100011
000000001000110110
111001010110000011
000010011010100010
111110111101001000
111110101100101001
111100101110101001
111100011100110010
111101001000010011
111111000110101011
000000010001001111
111110110000110000
111101011001011111
000001000010011101
000001111111111001
111101101110000100
111011101001110000
000010101010010110
000001000100010111
000001101001101101
111111101011001000
000001111001011101
111110101110000110
000000010010000101
000000100110000000
111110000100000001
111010100100101001
000100111000000000
000011100110110111
111110000000011101
000010010000100100
111111101001000110
000001101001000010
000010000010010100
111110011001010110
111100011101000000
111101001111111001
000001010000010111
000011100111001001
000011010010110110
111111110111000010
000000000011001111
111111001100110101
000001011101110101
111101101111010001
111101011000011110
111111100111111101
000001011010010001
000001111110100001
000000001011111101
000011100010100000
111110011001100001
111111011111111010
111110111011110111
111110110010011101
111100000000100101
111101001001111000
111111011100000001
111011100111000011
000011100101011101
000010000101011101
000001001101100001
111110001011100111
111101011111011111
000001011100110101
111101001101001010
000000110011100010
111110110101000100
000100000111110100
000011010000001111
000000110001111000
000000000000010011
111101000101001101
111110110010010001
000010010101101001
111100000110100100
000010101100001101
111111111000001000
111110000111000011
000010101001000111
111111101110101111
000001100101111011
111111011000011101
111100100111011001
000000111100001100
000010101001001001
111100110010111100
000000001110110000
111110001010011110
111110010101101000
000001111101111100
000001111000100111
000010000001001000
111111000011000101
000010100110000100
111111000000010101
000000000111110111
111110100010111010
111100011010010110
000010001101101001
000000110110111100
000000100101000010
000010100000001101
111110010000111001
000001101110100110
000010100101010001
000011010111000100
111110100111010000
111110110010101110
111100111100011001
000000011001000111
111101000001010000
000000010100110101
111100110101100101
111111011000110100
111110111000110000
000100010111101011
111111011001111111
000011101010010001
000010001100000000
111110101010110001
000001111010101110
000011001000010101
111110100001001000
111100111101110111
111111010100010110
111101111100011001
111111101110000000
111101101001101011
111111010010000101
000100001011011100
000000010101110111
111110101111101001
000010000011010101
111111111000011100
111111100111000111
000000111111111010
111111010001001001
111011110010100101
000001001001010110
000010011001001110
000001010010100111
000000111111110010
111110110001110100
111111100000110010
111111111011011111
111111101110000011
000001110110001001
000001110111110111
000010110001111010
111100010011101011
000010110010001010
000001101010011011
111101000110111100
111101100001101110
000000001110010000
000000101110110000
111010101111101101
000001110011000010
111110001100110101
000000101000100111
000010000001010010
000010100110110111
111111010110011001
111111110011101000
111110000101110111
000000110101001000
000000110010011100
000010000000110100
000001010111011111
000010110000001100
000000001010100000
111100001010011000
000000000111110101
000010101101011110
000000011001110110
000001001000101001
111111011111111101
000010111001000100
000001101010010111
111110100110110110
111111111010110110
000000111001010110
000010001010111010
111111111010111111
000001010011111110
000010010000100001
111111110110110111
111111001011000111
000000011010000101
111101010011111001
111110010101010110
111110100111001010
111111110101001100
000011010001110100
000010101000100000
000001111000011010
111110000100010111
000000111110101110
000010110010010100
000000111010100100
111101111010000111
111100110110111110
000000111111011010
111100011110010101
111111110100101011
111101011001101100
000011010101100111
000000110000101100
111111001111101110
111110100011010100
000011111110110001
111101110110001011
111110001110011011
111110110010110100
000010010110011100
000001010101100111
000011010010100011
000001001111100010
111110100010001100
000100011101011010
111111011111100101
000001100110001100
000000100011111100
111111100100101001
000001001100010010
000000000111100010
111111101101101101
000001110000000000
000001100001010011
111100101010101000
111100101000010111
000001001010001111
111100111101010001
111111110100010100
000010011010001011
111110011010000110
111111100000010111
111111100100111011
111011011101001010
111100111100110100
111110000100001000
000001111111010100
000001001000001111
000100011110001000
000000111001001110
111101000100000010
000001110101101100
111100111001001011
111110110000110001
000000101111100110
111111110001011011
000010100010000011
000011011000011100
000010101001010010
000001110000100111
111110010011100001
000010000101000111
000010011000100100
000001010011010100
111101111011000010
000010100101101001
000100010010001111
000011011100101001
111110101011110100
111101011010110111
111110100111001110
000010000010111110
111100010101100101
111101110000001010
000010111010110010
111110111111111000
000010010001110011
111111011100001101
000001110111010101
000011110001110110
000011000101011011
111110001010010110
111111111101110000
111111110111011110
000010000000101011
111101101101001101
000001000100100101
000100000001110100
111101000001011010
111111000101110101
000011011101110100
000001110000111001
111110011011011001
111111011101100101
111101010100111110
000010000000101011
000011100111010011
000010000001011001
111011110110110011
110111001110000000
111110110000010001
111101101000001110
111100100111101010
111100100101001010
000010100000001001
000011010011110110
000001001101101111
000000010001100011
000101001000100111
111110010111010010
000001110100110001
000010100011110000
000000110110111011
000101000110111111
111111101000110001
111111000001101100
111110001001010011
000010010010100111
111011101001110001
000001101100100011
111100000100000010
000010100100100010
000011001100000000
000100001010000111
000010100001101001
111110010110010111
111111100010011011
000000100100110100
110110011101101111
111111000001101011
111100000101011101
111111010100011111
111011111101001100
111111010110001110
000001001011110010
111111101110011001
111100100011011101
000000111100010110
111111001010111000
111110100010111110
111101011010111001
111100011010100101
000101100001010010
111100011000001111
000000101111111100
111110011110100011
000000001111101000
111111000111111111
000010110110010001
000001010010011111
111101010110011110
000101111000111111
000001101101011000
000010110111010111
111101100111001010
000000001001001011
111100111101001110
111110001010110110
000100010010100100
111100110101001111
000001000100000101
111111010110110001
000001010010100010
111100110000110100
111111010011011110
000100000100101010
111110010111010011
000011101111111011
000001101101001010
111111011101001010
111110001010111000
000000100111110100
000011101010000000
111100101111001111
000011010100101111
000001011111010110
000000101110010101
111011111010000011
111100100101100001
000000010101100110
111111100001101110
111100101000101010
111101110110001101
000000011110100010
000001011110011011
000000101111111011
111100110000010101
111011001110000000
000001100000110110
000001111100000111
111111101010111101
000000010111100001
000001111000010011
111101000000111101
111101011111110010
111011001110111110
111110110011101100
000011110010111111
111011011011011111
111101110011110001
000000110010000011
000101011111011010
111011111101000111
000000110100000011
000010010010010111
111100101111001011
000011000110101110
111111001110010110
000001010110010011
000000101111001010
000001100111111011
111111000011111001
111110000101010000
111110100110101000
000011000011101101
000100000110101111
111111001100011001
000000010011011111
000001101110000100
000100001110110000
111100111001001001
111111000001011000
000010000000101010
111101101001111101
111110000010011110
000001001111110110
111101101001001011
000000011000100001
111101001111010001
111111011110110000
000001000000110101
000001100001001001
000011011011011110
000000000111010100
000011101010001101
000000001111000101
000011011101010011
111111011000010100
000100010010101100
000000001001111010
111011101111110010
111110001100000001
111101001011110011
000100100100011010
000010111010100110
111101011001000101
000001001011101111
111111011110010011
111101111110110000
000011111101101111
111110000001100001
000001010110001001
000000010000000010
111111100111000000
111010011001001010
000010111101010101
111111100000000101
111101011000110011
111011100000110101
000100000010001001
111101011011001100
000011011101010000
111110011000011001
111111101000001010
000010010000111110
000011100010111011
111110001011111101
000010000111111001
000101010111010011
000001110100111010
000001000001111110
111111110001001111
000100011100000111
000101010000100010
000010000101001110
000010010001100011
000000000011011100
000000000000001001
000100010101011111
111010001110001101
111011011010000000
111100101010000000
000000111001111000
111111010110010110
000011110101100010
111100101111101111
111110110100010110
111111000111010000
111001011110000000
000000010001001010
111110111011011010
000000001011111100
000001011011111111
111110100001001011
111011101100110110
000011010001010001
111110000011001101
000100011001110001
000001101000001110
000001101011111111
111010001111110011
111110011111111001
111011000010010010
000000011101010101
000001011001011101
000011010110010100
111100101100111100
111110100011100000
111011011001101010
111101011000000010
111111110110011000
000001000110100010
000001000111000100
111111001100101111
111101010110110111
000011000011000111
000000101110000110
111110101010111011
000100010000101011
111100010100010001
000000110110000000
000011000010111001
000001011111010000
000110011001011011
000000110001010110
111010100011101111
111101101101111001
000010011011011011
111110001001011000
111011000110110010
111110000010101101
000001001010011100
111101001101110101
111011010101110111
111111010001110110
111100010010011110
000001111011011000
111001010101010001
111010011000000001
111010100010011111
000011000110111000
111101111101011011
111100000000010010
000011010010111111
111110101101011110
111110110100111101
000100010101111010
111110000111001000
111111111010000001
111111001111001101
000001111010001010
111110011111001101
000001101011111110
000010010100011010
000011001100010000
111111110111111010
111111000011101000
111100001001110010
111101100000101100
000010100100100001
111100000010001110
111101100001000101
111111101000101101
000010100001000011
111011110100111011
111111101110000000
111101110111001001
000100010111101011
000011111000100110
111101101011000000
111111100101000011
111011111010101001
111011000001100111
000001001111000011
111111000111110001
000011110100010011
111101000011110011
000011001100111001
000001110101110000
000100011100000111
111111111000101010
000010101000000000
000010000000110001
000001110110001001
000000001111100111
000001100110000001
000100010110110101
111110010011010001
111101001100110101
000011011111011010
000001010010111100
000011010000000111
111111110100001100
111110010100000011
000010011011000010
000001101101100000
111110001011001110
111110000111001100
111101111001110000
111110000011010100
111111111011110101
111111001001010111
000011011110000010
000010000100011000
000001101001011110
111100111011001010
000010110011101000
000001011100011100
000000001000011100
000001000100011110
000010001100100001
111101011111010100
111100111011111000
000011101100100100
111100001011010101
111101001110011100
000011001110101010
111101101100011110
111101001010011001
111000011100101110
000001001001110000
111011011001011011
000010010000010010
111010101000010110
111110110111010001
000001110010100010
000111000000100101
000011011111110111
111111111110001010
111100011110010111
111011101000011100
111101001111010101
111011111011011101
000101000010101100
000000000000001000
111110010011110101
111101100010001100
111101000100110110
111111011110011111
000000111010010000
000000101001110101
111110101000010111
111111101000010111
111100010111101101
111110101101011000
111110110111010011
111010101101110001
111101111000010111
111100100110101101
111101100101000101
111101010001110111
111101010110010010
000000001001110110
111110001111100010
000001010000000001
111111110011001000
111111010101010010
000000011110000100
000001101110011110
111101100001111101
111101111010111111
111111100011100101
000100111000100010
111011110100001011
000001010011110110
111101110101100001
111111001011010010
111101101110100011
000011000001000111
111100110111000111
000001010100011000
000001001000100001
111110001011111001
000100111001100000
111111110110000100
111100010111101111
000000101100011110
111010101100010001
111101011010011000
000000101111010101
111110000001111000
111011110000100010
111110100000111101
111110000100011100
000000110111110001
111101111100011100
000001010100111001
111110010000111101
111111010000100100
000010100000010100
000000101101110011
000000100100100000
000001100100010011
000010000001000001
000010000110000011
000001010111110010
111111111000001111
000010101000101010
111110001000011001
111111001001110010
111110101000110111
000010011100110110
111110010111000001
111111000010011100
000001001001100110
111111100011001001
111100110000110111
000001110111011111
000010110010110000
111111101110011100
111110110000000010
000011000011101110
000000110001100001
000011010011110110
000101011001001011
111110000111110101
000000000010010011
000010111011010010
111111111011001011
000100111100000100
000000110101111011
111111001011010010
000010001101100111
000000110111010011
111101100001000001
000001000000111001
111110100111001110
000001010110100011
000010001101011111
111110011111010100
000010001100000001
000000100000101111
000000100000110101
111111101010100110
111110000001111100
000001001110011010
000011110111011000
000001101001011111
111101111110010000
111110000000001010
111111111010110000
000000000011111011
111100010001111100
000000000010100111
000011001001110001
111111010111011111
000100010001110110
000010101110101101
111111011010001010
000001101000110001
000001101011011001
000010110101111000
111100001100110111
000010011000101011
111110010110110011
111101100011101011
000000000111110011
000010001101001100
111101011001111000
111110000010110000
000001000110101011
111101111001000001
111111110011100011
111111011011010001
111100111110111111
111111010101110001
000011010110100000
111011000001111001
111110011110101100
111100000101010000
000001010010000111
000011001101001001
111110010000011101
111101111000011001
000011011010010010
000000011100001010
111111111001001010
111111001111011101
000100000101011001
000101001101111001
000000001100110101
000010011001011111
000000101001010010
000000011000000001
000011100001111001
000001000001000000
000010111010111111
111111000101100100
111100101001111001
111111111010110100
000001101001010100
111101110011001001
111100101111011101
000001110100001001
000010111001010111
000010100011011011
000010101001011011
000001101011100110
000100000101010111
111011011011010100
000011000110101101
000000001000101001
111110100000111000
111100111111100100
111101111100100001
111111110100001000
111011110000100110
000000000011000101
000000110000111101
000000001011101001
111111011000101001
111101110101111111
111111011111111010
111110100001110110
111110010111100011
111110001000111101
000011011001111100
111110110100100011
000001100111111101
000010001001101101
000010010001011001
111101011101011001
111100101110000100
000001110101111010
111110110111100111
111110000001010010
000010101000010011
000010101011101001
111110011000110000
000000000111101000
000010110100001111
111110011010101100
000011101101110011
111110110101110110
000011010001111010
000010010111100101
111101010111110001
000000001000001101
000001010111111001
111101111000011100
000011001110010101
000010111011010000
000101001001000100
000000000101110001
111101111011100101
000001001000110110
000000010111110011
000001011000101001
111111010100000100
111110001010000000
111100110001000000
111101110111101000
111010111111111000
000000100111111000
000000110101001010
111110100000111111
000001000111011000
111111000100110101
000010101110101110
111110000011100000
111111000111001000
111110010100100100
111101100010110011
111101111110010000
000001010101011001
111101110101010101
000010001010110111
000001001011011001
000001110110010110
111111111001100110
000000011010010101
000001001110011110
000010110110010101
000001111101011010
000010101000011101
111111101001000011
000000110101000001
111110100011101011
000011101000100110
000001111001000000
111101011001110010
111110110101001011
111101000111000010
111101110111000011
111110010101011101
111110100011011110
000001011000010001
000000101110111000
111010111111111100
111111110110111011
000100101000011111
111111001000010101
000010011001001100
111101100110011001
000000000001100111
111011000010001001
111101100011101001
000100111100110110
000001110010100100
000000111011011110
111101011010101101
111111111010101000
111110000000100000
000010110001010100
000100000000011110
111111101110111010
000011100111010001
111101110100001110
111011111100000000
000000010000001110
111010101100110101
111100010100111110
111100000101011100
000011000100110110
111110101001100100
000001111111110000
000000111111011111
111111101111001100
000011111011101110
000010011010011110
111111100100011101
111110111000110110
111110011101010000
111001010001110010
111100111010110111
000010100011101100
000001100010110010
111110011000000110
000000000000000100
000010100110011110
000100010011000010
000100110110101100
000000011110011010
111100100011010110
000011111110001100
000011000011011111
111110000000100110
000011111110001000
000010000000010011
111101110110011110
000000100001011111
000000010010011100
111101101000110100
111011111011010000
000000111000111100
000100000101011011
111110011001001111
111101110101001000
111110100001010010
111101000010111000
111110100100100011
000000001010110010
000011001110101010
111111011111011001
111100011110010101
000001101110100011
000000100110110100
111101011110010000
111111000101010100
111110111000001000
111100111011000101
111110110101001010
000011000110001100
111111010111110111
000000000110101101
000010100010011100
111110000100010110
111110110011101001
000000110001101110
000000011111001101
000011101111101001
000001011111001111
111101010111101010
111111011000100010
000011100001000111
111110000010001010
111011101111001101
111110100100101101
000000111010111001
111101100100000111
111110011001101111
111110011110000010
000000111111010000
111111000111001011
111111110110110111
111110000101001101
000001001011100100
000011100000000111
111011001001111110
111110101000110100
111110001111011000
111111110100010011
111110011011111110
000001111001100111
111111001100010111
000011011110110011
111101000111010111
000000111000100110
111101011111010110
000000011110101001
111111011001010010
000001001110110000
000001011111110001
111111011101000001
111100110001001000
000110001101101101
111001100110111001
000000110100110010
000010111111010100
000001110001111110
000011001010101101
000000001101001010
111100111100010010
111100010110101001
111110001000111001
111110001100100101
111110100100101001
111101100101011110
111110010110010011
111111011001000000
111111101011111110
111111110010110001
111101011000100110
000100000100100111
000001010100010000
000001011001000100
000001001111010010
111010101000010101
111011111110001101
000001111010101110
110110101001000101
000010100110110010
000001101001110111
111110000101000110
111100000001111010
111001101111110011
000000110110101100
111110011100011011
111101101001100101
110111000111101101
111100101010010101
111101111110011111
000001100111000010
111110101000001001
111101010011011100
000001100011001000
000100100110100001
111011100011000001
000010101000110111
000001001010010100
000000100011110100
000000110100101000
111110101100111101
000001011111000111
111100101010110010
111110111110011111
000001101110111101
000000111111101001
000100001000110101
000011110011110011
000001000010010000
000000011101000100
000100010011100110
111110001111110001
111001000101000101
111110001110011111
000000111111101101
111110101111110001
111101011111011111
111101011010010100
111101101110101110
000010111101000110
111110111111000110
000001100010001000
000010011001000110
000100000010100110
000001100111101011
000001011100010101
000001110100011001
111011100000011110
111100001010010000
111010111000010010
000000111000110000
111000101010011000
000000010001111110
111110010100111111
111110111000000101
000101011110111101
111111110111011100
111111101110010110
000000001101101111
000001011000110011
111111101111011110
111111010010100000
000001101111101010
000010111101101001
000010100000011000
000000111010001000
111110000001110111
111101101100010110
000000100000001101
000010100010111001
000011111101110100
111001000001000011
111111101011101101
000001101011010110
000100100111111001
000000001101001010
000000011101000100
111100000001111111
000100000111001001
000000110110111010
111111111000011101
000111010001110110
000000000000011101
000001100000010010
111111100101110110
000011000000011010
111101000111000001
111101111001110100
111011110001010011
111101110111110011
111101111011011000
111011110111110001
111110111100100011
111110011010001101
000001000011101100
111111101000011101
111011011110011000
111111000110110011
000010100000100110
000001000111011111
000000111100100111
000001010001111001
000010000100101011
111110111100001010
111111101000100000
111111000110101001
111010110111111001
000001101000110111
000000010011011001
000000011000111101
000000101100111000
111110100100110010
000100000010110001
000000101011010011
111111001111111000
000000000111010101
111011111101111000
111101101111010011
000000001101001001
000011001100001000
111101000111001001
111111100100001100
000011000110111100
000010101110000111
000001110010101100
000000001111100011
000110100001011000
000010011110010010
111111101011011111
000010011011011101
000010111011110111
000011100111101111
111100101000011111
000010100110101100
000000010010000000
000011010100010101
111111100000111010
111111001011011110
111101110100000100
111110001100000101
111101101110001111
000000100010111011
000000010111001100
111110000101100001
111110010010010101
000001100001001010
000000011001001011
111101100110000001
000010101111000001
000010001000100100
000010100011111110
000010001100011101
000011001110101101
111100000000010000
111100110111001100
111110111100101100
000001010010111110
000010100010001000
000001011101111011
111110100001110101
000001110100100100
000000111110011101
111101101101000011
000000111011100011
000010000011100010
000010111010101001
000010100001100111
000001101101010010
000001001001010001
111111011010000110
111110001001010100
000010000001001011
000001001100110001
000010000001011001
000000011000111001
111111010011011010
111101110000011010
000001011100001110
000010011110011010
000000000111010100
111110011100000001
000011001011101110
000000010100100001
111101100100010001
000001010001010001
111110101101111111
111111100000011010
000010000111110100
000001110111011110
111111011000110001
111101000000010100
000010100010011110
111101110000000101
000000000100100010
000011001000100000
111111010000001100
000001100001110010
111110011110101101
000001100111100111
000000010111100000
111111000100011101
000011010110001001
111110001001001101
000001010110111010
000000111011011100
000010001111001111
000010010110010000
111110100000101110
111110000000011011
111110000010100010
000000011110100110
111110111011010011
000010111010000100
111101011101101110
111100011101100101
111011100111101110
000001100010000110
111110111111011101
000001001011110010
111111000000110011
111101011000100111
000000110000110010
111100110101011100
000010101000110101
111111111110010011
000000010001110111
000001101011100000
111110001100100011
000010010010110111
111110000100100010
000001111000010010
111110000011010001
111111110011010110
000011111101011100
111110100001111000
111110110001000001
111101101100010001
000000100010001011
000000101100100000
000001100111100001
000000100100010000
000010010010101011
111111010111111010
111101000010010111
111101001101010111
111110100101001111
000001100110000000
111100111110010100
000010000001011010
000001100000110110
000001111111110000
000010110100010000
111111101010011100
111110101100001101
111101111010111011
111100101000010100
111100111100011000
000000101010110110
000011110101101101
000110101010011010
000000110111010111
111111100010110011
111100011101011110
111110111101111011
111010000101100100
111000111110011100
111101101011101000
000001111001101111
111010111100011001
000001011011101001
111110011000100001
000000100111101100
111111111101010101
111011011110100000
111100101011111001
111111000000111110
111110110011010101
111110101010111111
000001100011110111
000100000000110100
111101101100011110
000001101001111011
000000011110010001
111111001110100000
000011010101011001
000000000110110101
000000010000011001
111100000011101100
000001100111111000
000000111010010001
