111111010001011010
111000100001000101
111100110010001110
111101010111011000
111101010101111111
000000110110010111
111111100101011110
000010000010001101
111110100111110010
111111010111001010
111100010100011100
111011110101010110
000000101111000111
111100100010011100
000000110011100011
111111000011000100
000101000001111100
111101010000101111
111111011100011010
000001000001111000
111110011101011111
111110000000011001
000000110100110100
000001001100111001
000010000110110001
111110000100011100
111111011110010011
111110000011101000
000111000011001011
000001011000111100
111001010101001011
111110001100110010
000100100001100000
111010110111001011
111101001101110101
111110001110000000
111101001110011111
000010011000010110
000010001010110110
000000101000110011
111011101100100010
111100010000011111
111110010100011010
111100011101011010
111110101111000000
111000101010111100
000000010100011011
000001011110011100
111110100010001100
000010010010011101
000001010011011010
000001100001111110
000001100101111111
111101010110110010
000010010010001001
111101110110000110
000100000110010100
111111100010110100
000000111110011100
000001001000010011
000001110010010010
111100101010000011
111111010101100000
111111000111010001
111110101011100100
000010110110010011
111111100100011101
111111001001010111
111111010100111100
000011000001000011
111111110011011000
000000101000110001
000000011110011001
111111011101101011
111101001111010001
111111001100000101
111101101110011110
000000100101010111
000000111101110010
111111100001010101
000000101101011101
111111010001001000
000001101011111101
000001001001001001
000000010010100001
000000111001000111
111110101101110100
000000110010001011
111111101111111011
000000001100001001
000010000011111111
000011110111110000
111111100011011010
000001111011101010
000000100011001000
000000010111101110
111110101110101000
111100101010100110
000001100000101001
111111110101101000
000100110010100100
000000100000010000
000011100001011101
111111111011011111
000011011000100111
000000100111001011
000110011111111111
000001010010101101
000001100011100101
000100001111111000
111111101011000101
111100111010111011
111101011101101000
000101011001000100
000000001111101100
000000101010001010
111101110101110111
111111010010111100
111011101001011011
000000111110101100
000001100011010010
000011111000000000
000000001001001110
000001100101000000
111000011000111100
111100001011011011
000000111100011010
111101001110111011
000110000000101101
111111100011100100
000000110111110101
000000111010100101
000000110111101011
111111110001011101
111111110100010101
000001101010010001
111101011101111100
111101110011011100
000010011100100111
000011001001000000
000000110011010001
000010101010010110
000001001111000100
111010010000011100
000001010100010010
111110000000001010
000000010011000100
000001111000111101
111111000011010110
111101110001010000
111110111110100010
111111000000110000
111101000001000011
111101111110000001
000001100111001110
000001101010000110
000000100110100010
000000111001011110
000010011100100001
000000101000001100
000011001001010100
111110001100100011
000100110110110100
000000011101011011
000011100111101101
000000010011101110
000010111010001001
111100100101000000
000000111100011010
111110000100010110
000100011110101101
111110100111011011
111110000100001100
000010010111011100
111110010101011001
000000011101001110
111110100001011000
000110100001001000
000011100001111110
000000001100111100
000001110010000101
000001011010110010
000010011011010011
111111011111111110
111110110000000111
000011101100110100
000000001000110110
000000011111011011
111010001101111101
111011101100000100
111111011100100000
000001111111010011
111110000010110011
111101110001010000
111111001000101010
000010010101001101
000000100000011100
000000000110100111
000000101011001110
000010101010001011
000011000100011101
000000011100001000
000000110001100110
111111111110011010
000011111010010000
111011101111111100
000010111101111111
111111000001100111
111101011001110010
111111100000011010
000001011101111001
111101100111010101
111111110101010001
111001001010110000
111011110010010011
000000011110111000
000000010010010110
000000101100001110
000010010101010100
000001001011110100
000010011010101111
000001101000110010
111110001001101001
111100011111001000
111100011010001000
111101111010000001
111111111110000101
000001001111110100
111101100001011100
000001110000110000
111110100111110111
000000010011101011
000000011111110110
111111111001110100
000000111000010010
111101011010101111
000000110010111000
111100100111110010
111101110000110100
111101101010010000
000010001110011100
000001001111011010
000010010010010111
111100000111001100
000011001010010010
111100000111111010
111100110010011010
111110000000001101
000010001100000010
000101100011001100
111101011110111110
000101110000010111
000010100110111101
111011100001011100
000001100010101101
111101110011111100
111010001110000110
110110110111000010
111110101110100100
000000101100000100
000010110011010010
000001110000100010
000101000100001110
111111001001100110
111100100100000001
111101110110001001
000010101000001001
000011010011111100
000000000010111111
111110001111010010
000001110001001110
111000011010111010
000001000010101101
000110111000101111
000001110000000001
111111111000101110
000100001010100111
111100100100111000
111111101111101011
000010011000110110
111001000110001100
111101101111111011
111011101100011011
000000001001000111
000001001110110110
111101101111000100
000100000001011011
111100011101001010
111011010000011011
111011111101111110
000010010111011110
111101111001101101
000011111111011101
000011001111100000
111111110001110111
111011111101000001
000010000000010010
111110101011010011
000011011011110100
111111110110111100
000001111010010110
111100010011000011
111110101110010101
111100000100001111
000010100010111111
000000001100110010
000001111111011101
000001110001011010
111100110010010101
111110100101100001
111100000110010000
000011100001011110
000001000111100110
111111101001100100
000010011101111011
111011100101011010
000000010010100000
111111011010100101
111110011111110000
111101010110111101
000010001010111100
111111110010111110
000011100111010111
000001111110001101
111111101100101101
111101000001001010
111101000001101000
111110111010011000
111111000100111000
000010110100010001
111101011111010010
111110110110110111
111101101101110101
111101111110111011
111110100011101100
111011010000101101
000011100000111110
111110010110100010
000000100010011100
111110001111111011
111100001100001010
111110011100000011
111101001000000000
111101011000101101
000011011011000111
111101000001011110
111100000011011010
000001111101001101
111100001100110001
111101000100001111
000000101110000110
000011001110010110
000001001110111000
111011001111001111
111100000111101001
111011010011100101
000100000110001100
111111000010000111
111110010110111111
000001010101000000
000000101000001111
000100110000010010
000111000110110010
000000000101000000
000001111010100010
000011110000110100
000011011010110000
111111000101100010
000110001111110010
111110100110110101
000001100101000110
111111111011100110
000011011000001001
111011001011000111
111100101000001100
000000110111001101
000001001010000000
000010100011011001
111110010010100100
111101010000111100
111111101101000110
000010010011110011
000000011101001000
000000011010000010
000111000111110010
000101010101111110
000101011010001110
111111011100110000
000100011001011101
111011101001110011
000011100111010110
111111011011010001
000000100001101001
000011111001101110
000011111101010011
111110011110000010
111100001001011001
000000001111010110
111110001100011010
111110111011101110
111100111101001010
111100000010000101
000100110101010110
111111011001011110
000000100010110101
111100100110100011
111001101100000011
111111011000101110
000000000111110011
111111011000110111
111001110101100001
000000010010000110
000000111100001000
111111010101011110
111111100111010000
111111110101101000
000100010000001100
111011110111101100
000001000100111111
111100000000111000
000011010111110101
111110111111100001
111101011001100101
111101110010101111
111100011011010101
111100010001000011
000011100100001100
111010001100111011
111111010011000001
111010100011010000
111100010101110101
111111010101010111
000110100011010001
111100001001101001
000001100000010010
111101101001111111
000000101001100010
111111011100010111
111011011010010000
111100001111011001
111011100101110010
111101001101111001
111100010101000000
000001010111001001
111110000000010101
000000001000111100
111110100100101010
111101111101010110
111010001111001001
111111110101010000
111101101100110001
111111110110101010
000000000010001010
000001101011111111
111100101000100010
000010000000100000
000100010100001110
000010110100000010
000001100110101100
111100001110001111
111100010100010110
111101110101011111
000011010011011000
111100011000011000
111100011001000001
000001111111110100
111111110110110101
111110101011110010
111011101011000001
111110100010110101
111111110110000111
111101111100100110
000010001011111100
111111111000000100
000011100011110001
000000001111101010
111100101011100011
000100110100111000
000011011000001000
111101101011100110
000001000100000000
111101011100011100
111101111010001010
000010001001100011
000000101100010111
000000011011100011
111101010101000011
000000100100100100
000011111110010100
111111100011000101
111111111000011100
111101001100000001
000010011111000111
000000111010110101
111111100100011110
111111011111000101
111111111111000111
000000111000001010
111101111110000110
111111000010000010
111110111100100011
111110000010100010
111110101101101011
111110000000001110
111110110110000111
000000000101110001
000011111111101100
111110111111010010
000000101110101000
000001111010101010
111110011011001110
111101110111000101
001000001000001101
111100101001111111
000010010110011100
111111001011011100
000100010010011001
111110010010001000
000000110100000111
111110010001000001
000010001100111110
111111000111010011
111111110011101000
111111111000010101
111001000010111110
000010100010000001
000010011011101100
111101100010000111
111111001000101111
111101101000000000
000011011111000100
000001111000101110
111110011101001101
000100010110011110
111111010000110001
111110011010010101
000100110100011110
111000100111010011
111010001100101111
000001010011000101
000000001100011111
111100101000110100
000010101000100000
111100111100001000
000000110111100101
000010001101111000
000011111000111001
000101011100111011
111111111110011010
111111101011111110
111011111110100101
000001001000000111
000010000111011011
111111100110100110
111110100110001011
000000011000101110
111110100111100000
111010101010111111
000001001011000100
111110001010111100
111110000110101001
111101011111000110
000010101011010111
000010011000001101
111111001000001011
111111100001110101
111101100010011101
000010111011010011
000001111001110111
111110101101010010
000000100001000100
111110101010101101
000000010100110010
111101000011100101
111110111000000110
000001111010110111
111100111010000110
111010011111000010
111011010010100000
000011010110111110
111101101010001000
111110011111100110
000011110011010011
111111000100101100
111111100011001010
111101110010110100
111111110110100011
111111110100100100
000100000001011111
111110010001001111
000001100000100101
000010101011000110
000010100111111001
111111010010100110
000001101000101111
111101100100100000
000101110110011001
111111100010000010
000000010100010010
111111111010101111
000101101001101001
000010011110101000
000001010111011011
111100111000101101
000101010000101111
000001011111011011
111111010001110001
111110000010111100
111100111011000110
111110000010001111
111101100101110000
111111011100111011
111101111110001001
000000110110101000
111111111001110111
000000000100100111
000010001001011010
000000010110011001
000010101000110101
111110101000000101
111111110010111100
111110110000110101
000101100000011100
111110010001001110
000101111010001101
111110111101110111
111111010010100111
000000000011111110
000010001000010010
111110100111100011
111010110011110000
111111111100011111
000100101110001011
111101100111100101
000010110010110111
000001000001111100
000000011100011100
111110010110101110
000001001101000101
111111101101000000
000110011000010001
000000101000101000
111000011011000110
000010100100001101
111111000111110001
000011110110011110
111010011011100010
111111001001011011
000010100001101111
000000110111011000
111001000110110100
111110000111010111
111001110110001000
000000101001011011
000010010010111011
000100001011011001
111111111010100100
111111010101001100
000010110011111010
111100101101000001
111101111011011101
111011000000000001
000011000000000000
000001001100111111
000100000001100111
000000100010101000
111111100100010110
000010011010100001
000100000110100010
000101100000101110
000011100101101010
111101000011101000
111010111111111011
111100011011001011
111011101000001111
000010101000100111
111100010001000011
111110011011000010
000011110011000001
111100111101110111
000000001000000101
111101101111011010
000100110011110110
000010101010010011
000001110000010110
111111000001010101
000000101111011010
000000101001111111
111111101111000001
000010010011100110
111110111001100010
111100101101001110
000101010101101101
111100110111101000
111001110110011100
000000001111110111
000010101001001101
000011001111000100
000010100101010111
111101110100001111
000000011011111011
000011100010010100
111100111110100111
000001000101010110
111101101111000111
111001101111100011
111011110001111111
000010001011101010
111111011010110111
111101111010100101
111100110000011101
000000100100001100
111111011000011010
111111101101111101
111100010010011110
111010100111101110
000000110101111000
111101011101011000
000011101101001110
000001010101001111
000000011100011111
111010101111111001
000000010110100111
111110011110011001
111110111010010101
111101111111101001
111101001101111001
000000001010111111
000011100111001000
000001001111010000
000000101100111111
000000100001100111
000011011010100000
000011000100000101
111111101010111010
111100010100000110
111100011000100001
111011011010101001
000000100101011101
111111001001011011
111110111101011011
111110101010001011
000010110000101100
111011100101100011
000010101111000011
000000111101100101
000011111100111111
111111111000101101
111110100011011101
111111100011101010
111010111111001011
000001100001001101
111110011111100110
000010110010010110
111111101111010101
000001110000101110
111101000000110001
111111011111111110
111101001100101110
111111100100111110
111101000110011110
000011010001110100
111111110001100111
111101101100100010
111110111101110101
111111111000000010
000010100110011000
000101110000110110
111111010010101111
111101101000101111
111110010001001111
000000110101111010
111101011101010111
111101100110010100
111100110111101001
111110010001101110
000011001110110110
000010111000110100
111101001110011000
111111000000001110
111110010000010100
111011000010000110
000011010111010110
000000001010101011
111011110011010011
000000000111110110
111110101001100101
000000000001011000
000001000010100001
111111000001111001
111110001111100101
000000110010100010
111111110000011111
000001010010111000
000100001100000010
111111101111000110
000011001000100100
000011101001100001
000001101111010011
000000001001110001
110110111001111111
111001011110001001
111110101001000001
000001001101000111
111111100000001010
111101000110111110
000000010101010101
111110100001110010
000000010001000101
000000001000000010
000011100010011100
111011101101001000
000010111110111001
111010000001011011
000001110111000101
111110101111100001
000001111100101001
000001010100011000
000000010001111011
000001010101010010
000100001111010001
111110100100000111
111100111110100101
000010000001010001
000001010011000010
000000011011000110
000001111100011111
111101011010100000
111110111110010100
000001011111100011
000000111111001111
111011011000111000
111110010011001100
111011110001000000
111101000001001110
000000110110000011
111101000001110001
000001001000101000
111101110001100111
111101100011011110
000001000000101101
111111111111001001
111100111110010101
111111111010000101
000000100101010110
111011011011100101
111111110011100001
000010011110100000
111101101010101000
111110101010101110
111100000101100100
111110111010111110
000001100001101011
000000010010111100
111110001000010110
000001001111011011
000010101100110100
111111010010111001
000011000001111001
111100111001010100
000010011110010000
000010110010111010
000001000010000100
000001001011110111
000011101110001110
111001001100001011
111100100110011000
000100110111111000
000001100110110001
000100011010100011
000001111110010110
111111011100011011
000010010111101000
000000001011010101
000000111001010100
000001111010010010
111111101111111100
111011000011101010
000100010010111101
111101110110001110
000011100101111011
111110000111100001
111111100010001101
111100101010111101
000110000011001011
000000100111111101
000011011110001000
000000111110100111
000010111011110101
111101111111111101
000010101010000101
111100111010100100
111111010111110001
111111011101100101
111110000110101011
111011111010000001
111001110101011110
110111100110100010
111011010111100100
111111011010011100
111101110111101011
111100101111011001
000000010001001011
111101001111101100
111111101100110101
111111100011101100
000000001001011011
111011010010001110
000010100100011101
111101011110100110
111110111001000000
000010001111010111
000011100100011101
111100110100111011
111110110001100100
000000010011000000
000000010010110100
000000101110100001
111011101110000001
000000100110001010
000001101011101111
000011010110111011
000011110100000110
111011100011010001
000100110111101001
000011000100101101
111101010111011000
111110000111001110
111010001011111110
111110011100011000
111111011001011110
111111111011010000
111101110110101110
111111100000110011
000100000111011111
000001000101110010
111110101110111110
000001000101101111
000010110100110001
111101011011111000
000100000001110100
110110110101101100
000010010100100000
000001111100011010
111101110111101010
000011101100101101
111101111100000111
111011110011011110
111111101010000001
111101000110110000
111000000100101001
111110011100010001
111111101001110101
000011011111110000
000000001000010001
111110100000111111
111111111110001100
000010100001101111
111111100101011011
111001001110001011
000000001110111111
111110001100010101
111111101111111010
000010100110100111
111111110101001001
000010000110001001
000011001010010001
111100101011011001
000110000111111011
000000111011101100
111111000111000101
111100101010000010
111101011001100111
111110100100001001
000000000110110011
111111010010000111
111100010100101001
000001100111100001
111101100001111001
111100110100111000
000001100100110010
000001110111100101
111010111100110100
000010000110001010
111010100110110000
111011000100110001
000100101000000001
111101101001010001
000001001110001101
000011000101010100
000011100101101110
000001010111100100
111100011011100110
000011100001000001
000011110000011100
000010000001101100
111111111001000001
000000010111000001
111100111101001001
111111101000010010
000001101010001011
111101100110011101
111011111011011100
111101100001000011
111110111101001010
000010011110011010
111011101000000100
000001111001111001
111011101100100011
111111011110011110
111110101011000011
000001000101100001
000000100010111111
111111100010100110
000000110111010001
000000101001100100
000001111010010100
111111010110100011
111011001011100010
111110101101101111
111111011100101101
111110110011100111
111110101100011011
000011001000111011
111110000101111001
110111100010000110
111110000011101001
111100110001110010
000001000100101110
111110100001110111
000001000110100011
111111101001101011
111111000000000101
000001110101010111
111011111000001100
111111110000111111
000000010001001001
111111000000011000
000000010011110000
000001001011000000
000100001100110011
111010101000000000
111111100001000110
111101000101111000
111110001110110111
111110100111101000
000001111011000111
000000110100001100
000000011000010110
111111010110001110
000000010001011100
111100101001001111
000000111011010000
111110011100111001
111011011111001101
111100101001101101
000100011100111110
111001011000110010
111011110111011100
111100010100011001
111100100111000100
111110110100000010
000011011100011011
111100100110010101
000001001101010000
111110011001111111
111101001101001111
000010001010010111
000001011100101111
111010111001100111
000011111100100010
000010110100010001
000011010010100100
111110000010111000
111110111100100100
111110110000000001
111010010111111100
000011010111101011
111110100111101010
000000111000011111
111110100101011000
111110110001010010
111111100010100111
111100100010010011
000001010101000001
111100010010111010
000010011101001111
111111001101000001
000010010101000100
111110111111000011
111100101110010101
111101110101100110
000000000111110100
000001000011100101
111111100110000111
111101100111001010
000000001001110011
111100011110110001
000011010011100000
000001110101000000
111110000111010101
111100110101101010
111110010110100111
000000101110000010
000010101101101011
000011111111001000
000011001000110000
111110010100000010
111101010011101100
111100011000000111
111101001100011010
111110011001110111
000001101111010110
111101101111011100
000000101001001001
000011001011111111
000000101100101111
000000010111101110
111111101111011110
111010010111110000
111011010001100110
111000100000111111
111111111010111110
000000010110001011
111100101011010111
111100000100000110
000000011110101100
000001001001110100
000001010101111101
111011111101101011
000100000111001101
111101101111001000
000010110000111011
000000111010101111
111100010111010000
111101100010001000
000011001100110001
000010111101100111
111101100010011000
111101000000010001
000000000010011010
111100011000000111
111011101111000111
111110001110101001
111101011110011111
111111111000001010
000000001101000010
000001111101001100
111110000011011101
111011010010000100
000011100001000010
111101000110010001
000000111111101111
000011010000010000
000000101101000111
111100011101000100
000010100010011100
000001101110001100
111100110100011101
000010000110101110
000001101101001100
000000111000100110
111101100000111011
111110000100011111
111100011100110010
111111110101001011
111101111000000101
111111111100101110
000010011001100001
111100011000001011
000011001101011000
000000101000001001
000000110001100100
111111111101100110
000001100011010001
000101110000100100
000000000001011001
111001011011100101
000000010111001111
000001001100011111
111111000001011111
111101011101101001
000010011110110010
111110111011001110
111011100111100100
111100010001101100
000010010010100111
111111011110100011
111111101111101000
111110101100001110
111110111111111000
111111110101000011
111111101010010111
111101100010110101
000001101110001001
000000100011011100
111111001101001000
000011101011100101
000010111010001100
111110000110000000
000010001110111101
000001010110011010
111110110011010101
111111111000001010
000001010001011011
111110101011001001
111011011000000010
000010110000001001
000000111011000100
111111010000100001
111101011101110100
111110000000000100
111111011011000000
000000011011100000
111110001011000110
111111000000000111
000001001010100101
111111100101101001
111111000000110100
111111010011110010
000000110101000000
111110000000101011
000001110100001101
111101100001001101
000001111011100111
111111001110110001
000001011101001001
000010011110101011
000001011111110110
111100011010010100
000000100000001100
111111111011110100
111101110101010110
000001111001011001
111110001000010111
111100011101000111
000010011000000001
111100000110010000
111101111100101001
111101110001010111
000000011000011101
111111000000110101
000010111001001100
000010000001110001
000010011100101011
000001110000011011
000001000010110110
111101100100010011
111101001001000110
111100001101000110
111110001101100011
000000011000001101
111011110001110010
111101010011101100
111110001111111101
000001110101011110
111110010010001010
111100000010110100
000001001100100101
111100001100100110
111111011011000000
111110010111010011
000000101011001111
000001000110111100
000001010010010110
000011000110000111
111111011010001111
000001100000101001
000011001101110000
111100101100100110
000000100101101011
111101011110110010
000010000101110010
000101011111101111
111101110101010101
111111110000111000
111011001011000111
111101000001011000
000000101100001110
111111001101101110
111100101100011010
111011111100111000
111011111011011010
000011001011111010
111111010101011011
111110111011001111
000101001011101110
111101100101110010
111110001001011101
111010111011000101
000011101000001000
111110001110011000
000001101011011010
111100111110110010
000000001110100110
111101011110010110
000000100111101110
000011010001011110
111110101011111110
000010000101100110
000001110111011001
111101110001100011
000001110000000011
111110100101111011
111011000101101011
000100111011101111
111101111011101011
111110000000110011
000000111000111100
111110100000100011
000010010110101100
111011101001100010
111101010110111010
111101111011001111
111111000111010110
000011001010000110
111111001001110001
000011001011100100
000100110011101101
000001001000100111
111111001000001101
000000001010001101
000011111100100000
000000100111000111
111111010010111101
111010001010101011
111110111011001110
111100010011111011
000100010111110111
111111111011000001
111110101001101001
000000110110111011
111101101111001010
111101111100110110
000001011011010001
000001111010011011
111101000100000001
000000010011010100
111100101011110111
111100010010000110
111110110100110100
000010000101101100
000010010011010100
111101001010000111
111111010100000000
111110111111001011
000001010110000000
111110101110011101
111100100100110111
000010100000100111
111110000011011100
000001000111100011
111100110000001110
111110101101110011
000001000100000001
111111101011001100
000000101001001111
111111110001011010
111111000111001000
000010000011001000
000010100100001101
000011100111001011
111100001001101010
111101111010000010
111100100110100100
111111100010100010
111111001010111010
000010101001001101
000000010110011010
111110110000110110
000010101010000100
111111000010011101
111101101110000110
000000111111110100
111100111100101111
111111011011010000
111100000100110001
111010011111011000
111110001010111010
000000000001011100
000000001010111011
111111011011111110
111111000110110011
111110011010010100
000010111111001110
000101000000110111
000100000111001001
111101010000000101
000100101011110011
000101010001110010
000001110111111011
111111010100001110
111100111101001110
111110000111100101
000001111100010101
111100101011111111
000001111100010110
000000100001101100
000001111001111101
000000010101100101
000000001110000110
111101000001010000
000000111110000001
000001110001010001
111111100101001001
000011111101001001
000000001111011110
111101111001101000
111101100101000111
111110101011010111
000010111110011011
000001011100101111
000100111001001010
111111010100110101
111011110100111100
000000100010101000
111110111101110111
000001110010001010
111111000110111101
000001011011110010
111101011101100111
000000111101000101
000100001111000110
111100000101111001
111110100001110110
111111110000110101
111111010101110000
000000111011010101
000101010111101011
111111100110001100
111101011010000011
000001001111011010
000011001101011101
111111110101111000
111110101110101010
000000110000001011
000011100000111100
111111100010110011
000000010000111000
111011101011101010
000101001011100110
111100110110110011
000000000101010100
111010010101110001
000001001010110000
111111100000001010
111100011110011110
000001011110000010
111110010001111011
111100001001101011
111111010110100110
000000001010010001
111101101010000111
111011111100101010
111000110111100101
000010100101101101
000011111100111010
111101010001010001
111111001111101011
111110110010101011
000010010100010001
111011111010000100
111111000000011101
111100100101001100
111000001010110110
111111111111001000
111101101110011011
000010110011000010
000000000110111010
000011001110001010
000010000101101110
000001001100010011
111101101001111001
000000010100110001
111011011110001011
111101000010010010
111010011000110010
111101101100010101
000010101111001011
111101011100110111
000010011001001001
000000000100110111
111111010101001001
111110000010011010
111010111010011000
111110100100001001
000000010111001100
000000111010111001
111101111100011001
000010101100010110
111111110011010110
000001110010011000
111101110001011001
000011101001110010
111011110001011001
000000110001011100
000001011101101011
111101100110110010
000011011001101111
000100010100011101
111110000101111100
000011001001011101
000000000010010101
111100111100101101
111100010001001000
111110100000010001
111111100010101010
111110010111101000
111111011100001101
000000101100011101
111111011011111100
111111000110100010
000001100001111010
111110011101000000
000010000011111111
000000100100010100
000000000001000010
000000111000110010
000011010110000101
111110011111101110
111110000110110010
000000011111110001
000010111110001101
000010100100011001
111111100110011001
111101101011001101
111110001000000111
111100100110101001
111111110101011101
111101111000100011
000000100000011010
111110111101111111
000001000010011011
000000000100111101
000011100001101110
000010110011110000
000100011010000011
000010110011010111
111101111110100111
111011101111101011
000010011111000100
111101110110111011
000001000001110101
000000101000100010
111101010110100111
111111011100111010
111101000111101001
000011101001100101
111100110001010110
000001000101010101
111100101101000001
000010010111111110
111101100101000100
000010101110001000
000011001011000111
111110010111000001
111011100001100010
111111011101010110
111101001110010011
111111001011111001
000000111101001111
111010001111100001
111001111000100110
111011111101001010
111101001110100000
111011101100001100
000010110010110101
111111001010101010
111101111001010000
000101000110010001
000011101110011001
111101000000111101
000100111000101101
111111010011101011
111110110101110110
111100011011010011
000000111011000011
111101101010000000
111011100101101001
111101101000000101
111011101111011111
111011111100000101
111111111010000101
000000100001110000
111110011100000010
000000001101010100
111111110010111010
000010101100010111
111101110111111101
000011000101100011
111101111011100001
111110101100001111
000001101001110001
000000011101001101
111101011010101001
111011010001001011
000010101111001001
111100110110011001
111110111011010110
111110000000011011
111111001100100010
111101001101101001
000010101000101010
000001100011100111
111111010111001101
000010001111110011
111110100001100110
000010010010101001
000010010010101100
111101000001110000
000010100110111010
111101101010100010
000011011010110001
111101111100000100
000010000101101111
000011010000110011
000011011011000101
000010001101110011
111110110011011001
111110110011100101
111111110100111001
111100001111111110
000000101110010001
000000110101000100
000010111101011000
000010111001100111
000001110001010001
000011100010110111
111111111101000010
000001000101000111
111110001010110001
111100011111100001
111110101110011110
000000110100101111
111101000100110101
111110110101100100
111000011111010100
000010111001001110
111010110001010101
111100100100100100
000100010111001010
000101000000100100
111100100111000000
111101100101111011
000000101001110010
111110010100001110
111110111000001011
111110111111001011
000110101011111110
111111010100011001
000011001111110101
111100100000010101
111111111111011010
111111110111001100
111001100111110010
111110111011111100
111111001110010010
111101101000111111
111111100011101100
111111111101001011
000011111000011110
111010101100111101
111111100001101001
111011111100011111
000001100100110000
000001001111101100
111110110010100101
111100011111011110
111101101011001110
000011011111111001
111100101101110100
000001100100000111
111110101101011111
000001010100000111
111010001010011110
111100100111000001
111000011101010110
000001000100000110
000011101100110011
111111111000010010
000000111000011100
111101110101010010
111111111000000111
000000101101111101
111111010100000110
000000011001100110
111110011111110101
111100001110000111
111101100010110010
111010011111011011
000000111101100110
000000000011010001
111111011011011011
000001100111001001
000001110111011100
111011101001101110
111010010101001101
111110000100110100
000000101000000011
111111001000111111
000000000110001101
111011010101001010
111110000111001011
111110110110111001
000001101111110101
111010110000111100
000001000001001010
111101110000100000
000100101001110110
111100111010111111
111101111000100101
111111100010101110
111101100011011010
111110000010011000
111111010010010110
111100100100110001
111110001001111001
111110100010001000
111011011111011010
000001000001001000
111110001011111111
000000111000001001
000001101000000010
000100001001011010
000010110011011001
000001101101110011
111110011011000100
000010100110001110
111001111100111000
111110010100100111
111100100110000101
111110101100010100
111001100001101011
000000100111010001
111010101011110111
111110101011100000
000011001100111011
000000111011010101
111101011000100110
111011111101001000
000000011110011011
111100011010110111
000001110001001001
000011001001101001
000010100111000010
000000110110100010
111111010011110100
111110111001100001
000000011110001011
111111000000100011
111011010000011000
111110100110000001
111110010010000101
000010111110010111
111101111011100100
000000000010010000
000001101101011010
000010001110000111
000001111100100011
111100101111111011
111101110000100010
111100111110101010
000010101100101011
111111000110010111
000000001011101010
111110000010101011
000011110100011101
000001100101110011
000001100010101000
111100100110000111
000100000010110000
000000101001100011
111111100101100111
111100101100100100
111111011001000011
111100000010101100
000010010111101111
000000101110011011
111111000101110100
111110001100100110
111010001110100000
000001000010101011
111110010100000001
111111110001011101
111101100100101011
000001100010001110
000000000011100101
111101111010000011
000001001110000100
111110010100101100
111110101101111101
000101101101111111
111100110010110011
111110111001110011
111101011100011101
111100111101011110
111011110101010111
111110000110110111
111110011101000100
111101101101000101
000010110110010101
000010110000111101
000010001110110010
111101001011011011
111111001010111011
111110001100101100
000010100100000000
111111011111011000
111101101100110011
000011000000110101
000000101110111100
000001010111111110
111110001101001100
000100101101000011
111011111011111100
111111100110110101
111110111101100101
111101101001010000
000010001100100110
111110110100100101
111101111011011111
000100001010100100
000000101001001010
111100011001011010
110110101110001000
111100000000100000
000001010111001001
000010100101101001
111101000001011101
111111100011111100
111110110010101010
000001100010011000
111111101111101101
000001101000110011
000001010100011011
111101001110100011
000000101110111100
111010101000011011
000011010101011000
111101011110111110
111100110001100110
000011010100110010
111101001001100111
000001011010000111
111110100111110001
000010011001000010
111100111110000010
000010001111010100
111111111010011001
000000011000111110
000011110000101110
000000011010110111
111111110010011000
000011100001111110
000010110101100100
000000000010101101
111101100101111100
111111011110100000
111111010100000101
111111100010000001
111110111010110101
111101011001110101
000000111100010000
111111001011111000
000011110100011111
000001011001000101
111011111000000011
000001000010101010
000000011011000010
000000000010001010
000001000111010100
111110111111111011
111111011010000101
111111100011101111
111100101101001110
111111000000011010
000001110101001001
111101010011000110
111110001011011110
000010101100110111
000011010001111100
000001110110110110
000001011010101100
111110111111111011
111110000101011111
000001010000000001
111110001100101011
000001110011100010
000010000110010100
111011100110111100
000001000010001001
000001100100110101
111111100001111101
000011101100111001
111100100011001010
111110000010010101
000011001101000101
000000101110111101
000000010010100111
000001010000111010
000000001110100010
111101001100011011
111111100011100101
000001010011010001
000000111010001110
111010000101010001
111101100001001101
111101111101101010
000001001100001101
111101100101111000
000000010010110101
000000110000100111
000101000010010101
000001001101111001
111111111110110101
111011001001010110
111110101010100011
111010110110111001
111011001011110100
111110100000111101
111001011000011001
111010011101011001
111100101100001110
000001000001100001
111011011000111011
000001110011111100
111110101110101000
111110110011111101
000011000001010111
000000100110111101
000010100100011100
111101001011001101
000000101101001010
111011100111000001
000011011110011100
000001101110111100
000011111010101111
111111110100000101
111110100010000111
111100111001001000
000000010100111011
111111111111011110
111111011111010100
000000101110001000
000011010011101110
111111111111101101
000011011001101100
111111000010011000
111110100101110010
111101010001011101
111111111100001010
000001101001101101
111011010101001111
111011000001101010
000001110011101100
000010100101100111
111100000000000011
000001000100101101
111111000101001010
000010101101011110
000010000001011110
111101001111000100
000100001111100110
111100110011110111
000011000010101001
111100101100110000
111111100100010111
111100110001110101
111110001100010100
000010100110111110
000010011111000110
000010000110011111
000010010110110010
000101110000011010
111100010111111001
000010011111111100
111010111101011011
000011100110001111
000010010110111001
111110101111111110
000000001111011000
000100001111011000
000011110001110101
111111010101011111
111100101000110001
111111101001100011
000001110000001010
111111001110010101
000000010111000011
111101000101010110
000100001001011001
111110101000110011
000001011000101011
000000000111000011
111011110010000001
000011100101100100
111110001011101000
111111100011011000
111111100100010000
000001101101111000
111101001000111000
111101001001101010
000011110110001101
111100011000010001
111111111111101100
000000101000001110
111111011000100000
000010011100101111
111000110001010011
111011100000100000
111100010010011010
111110100110010000
111111000011000001
000011110101110000
000011110111100010
000000111011111010
111111011110101001
000010100001001010
111111101111001100
111011001101010000
000010101111011100
111100000010101111
000000110011100001
000000100110001000
111110111111100111
000010011000111111
000000001000000100
111101010111100110
000001110001101111
000011000000010010
000010100000111110
000000110010110100
000000000100100100
000000110010110001
111110101011011111
000001110011100001
111100011010000001
000010001000000110
000001001010011101
000000001101110110
111100101111100100
000011010100011101
000001100100010011
111101000111000011
111011100111011110
111101110111000010
000000001111100011
111110111111010000
111100111000001100
111100101100000101
111111110000100101
111101101001100011
111101100110100111
111110010101001000
111101011001100000
000010001001011001
111101010001010100
000000001101111001
111110110100110111
111111111110010110
000001010101000000
111101010010110100
000000000100001100
000000110110000110
000101101101000111
111011000010010011
111111110001100000
111101011001000000
111110011010011010
111101000111010001
000100001001100101
000010010111011111
000001011111111000
000010100111000100
000010000100101011
111100100001011011
111100111000000000
000000011110011011
111011001111011110
000011001001010110
000000000000110010
111111011011100100
111110101110011101
111101000111001101
111101111110011100
111101110001001110
000001010101110100
111101100100001100
000000001110001100
111110001010100011
111101100001101111
000011010010101001
000001110000000101
000010000111110100
000000000000110100
000011101010110011
000010001011101001
000100001101110100
000011010001011110
111100001010110001
111110001001000111
000101011011001011
000001100111110101
111111001110101100
111100110100011100
111101001010001001
000001111000110111
111101001101011001
111111010011011010
111110110010011001
000011001000011000
000010010011000111
000011111101101110
111101001001110011
111100001000100110
111000010100110101
111100010111001001
111110010011010101
111100000110111111
111110010100010010
000000101000101001
000010101110110011
000000000000000111
111101111000001000
111111100011101101
111010011111110000
000010010101010011
000010110110101011
000011010111010011
111110100100100111
000100000000100010
000001010100110011
111100110001010011
111110000000101000
000010010000011011
000001101110000011
111001111000101010
000001011101111100
000010100100001010
000001001000111011
000100011000110000
111111101000110001
111111110100111000
000001100100011000
111100101000110110
111010001100000110
000001100001010110
000001011100110010
111101011011111000
111100100110100001
000010011101000001
111100001100101000
000000111110100111
111101000101110010
000101100001100100
111110011111011111
000000101101110011
111111010011000101
111010100110100001
111101011111011110
000001011000101101
111011000010110101
111111011100010000
000010011100001100
111101110001111010
111110000000011010
111111100000110110
000011101011111101
111001001010110011
111111100111010111
111011100100000011
000010010001100110
111111010110111101
111100010111100101
000010101101000101
000000010011110101
000001001010011100
000011000000100111
111101010100110001
111110001100000101
000000110011011010
000001011111110011
111110111000110101
000010011011001001
111011101111001110
000011101100100110
111110111001011100
000000001100000111
000010100100100010
000001001011010100
000000101001010010
111111010111101100
000010001111000100
111111111100001000
111011100000111010
000000011010111111
111110101100000001
000000010011110100
000101111110110001
000011100100010110
111111111101100001
111011100011100111
000010101000110000
000000110010000100
111011001010100000
000000110010100001
111111110101010101
111101011001001011
000000000010011100
111101110100100000
000000011101100101
000100100010111110
111100110010100001
111110111011100101
111101110011010011
000000011110110000
111101110110110000
111011000111100001
000100010101001100
111111101111111110
000000001011010101
000001110001010100
111110001000011101
111011101100110110
111011100100001100
111101010010101110
000010011010100010
111110100010111111
111110001000000010
111011010000110010
111100001011011110
000011011101010111
111110010111001010
000010001110111110
000001011011010011
000000111000100110
111110000011010110
000011111111111100
000010100000101110
111100100000100100
111101001101110101
000000000100101101
000010011110111001
111101101000110110
000000101100110000
111011001110110111
111111010111101001
000001000101010010
111100110011101111
111100000100000101
000010010011110110
111101010110101111
000011100000010001
000000010111101011
111110101001111011
111101000011100101
000011010111100110
111101101010011000
000000100111000010
111100101101111000
111101101010010011
111101000111101011
111101001000000110
000001010100000101
111101001010011111
000100101110111010
000011011111000010
111111001111000010
000000101111111111
111110001101110100
000001100100111001
000000000100011010
111100011101111001
111111001011000010
111110111001001110
111111111011001111
111111100110111000
111101101010011111
000000100000001010
111110100010010000
000010101111001000
111110011011010101
111110001110011101
111100111001111100
111101111101010110
111000001000101010
000011101111010111
000011011000100101
000001100100111010
000010001010010100
111111111111110001
000000010110001101
000001100101100110
111100011100001100
111110101011011010
111101001010100101
111100110110010011
000101000000101000
000101001000000110
000001101110110001
111010011000011010
000001010111111111
111111111110001010
111001100110000011
111101010100110100
111100010110001011
111010101100011110
000100001010001000
000010101000010001
111000101000101011
111111101011011100
111110011100010000
111100010010000001
110011011100110000
000101111111100010
000001110101000111
000001100101001101
111111001110111101
111001010000001010
111011011001111000
111101010110100100
000000111100111001
111101010110101000
000000001100000100
111110001011100101
111110000111010110
000011000100110010
000010010000100110
111000000110101000
111111101011100110
000001101011011101
000010101010011110
000001011011111101
111110100100101010
000000000100110010
000001101010101011
000000001100101100
000000001100001111
111110000101010100
111110101110001111
111101011110001110
000001110101111001
000010110000011111
111110101001000000
111110011101010101
000001010000111100
000001000100101100
000000111100100110
111111100000001010
111111100011111101
000001100000100110
000000011111111010
111110010111001111
000001000011001111
000100110010011001
000010000100011011
111011111100110010
000010001000010110
111111110001010000
000010110010111001
111011111100110101
000000110111101111
000000111100100001
111011111000011001
111101110100010101
000010111101010000
000001111110001111
111011000000101011
111110010111001000
000010000000000101
000010011000110110
000000100110011001
000010011011111010
000100011101001010
000100000101101101
111110001010011010
000010110110100101
000001111101011010
111100001101000101
111111110101011001
111011110001001111
111011110111001000
111110001100111111
000010110001100011
111100101011110010
000100101000100001
000010001000010111
000000100010010110
000101001111011000
000001110100011101
111111011101101000
000101001000001111
000101101101100000
000000110011010011
000000100000011011
111111001010110110
111101101001110001
111100010010111110
111111100100110110
000000001101100011
111110011100001000
000001000010001001
111100110110110010
000101011111001111
000001010111111111
000011000110110001
111110110011011011
111111011100010000
000011100011011010
000001010101001111
111101110010110011
111001111010100000
000000100100001101
111110010100010101
000000101000110011
111111110100100101
111011010000011001
000000101000010011
111111100000011010
111101110101000010
111111101000001110
000000101001100010
111111001010010101
111111111010000000
000001100100001111
111100001100000101
111110101110101001
000001100100011111
111111110100010001
111101100001110010
111001111100100000
111101000011100110
111101011001101000
000001000101011011
000101110000001000
000011011011110111
000100001011101001
111110111100001111
111101011111001111
000001010011010000
000100001110011101
111111100011101000
000000111001111110
111110110110000001
000001001001011101
111111101111010101
000110110000110000
111011111100111110
111101001110100100
111101110010000111
111011110110011110
111111100000010111
000001001101111100
000001000110000101
111111110001011001
111111010111011010
000001101011110101
111110010000010000
000011001101100010
111101000100101010
000000000100111111
000010001111111101
000010011001111010
111101110010011111
000100100101001110
111100000011110010
111100100111110000
111100011111100000
000011000000101000
000000100000010100
111001100101001111
000000011100111010
111101111110111110
111010110000100010
000010001110100110
000001010000001101
111101100100011010
111111100111110101
111011100111001111
000000000110101011
000010001110011011
111100110100101110
000011110010011101
111101101011110101
111010111001110100
111011010010011110
000100101111000000
111010111000010111
110011111001010011
111011010011100101
000000000110000110
000100111110101011
000101000100000100
000000110001101111
000001101000011101
111100101010010101
111101011110111111
111100101100100111
111101010001011101
111101010101110011
111100000110100010
000001111011001111
111111110010010000
111111000001001111
111110101011111101
111110100011001111
000010011000110110
000010001010010111
111011101001111110
111010111000101100
111110011110111001
000011000110100101
000011011000101000
111110011110110101
000100001111100100
111110100010110111
111100010010010110
000000000111111100
111010100010011001
111110010011001011
111101100001101110
000001001001000000
000000100001001010
000010111001110101
000001010110011011
000011011100010100
000000001101110101
111011111011011111
111101100110010111
111110101100111111
000001101110101010
111111111101001101
000100001101110000
000011011011011111
000001000010001101
000000000110101001
000000001101000101
111111100101100111
000000110111100000
000000111011001101
111110010100111011
111110011110001011
000011010011101101
000001011011101111
000010011100100011
000001000101011000
000001000001010110
000010111000011000
111110000011000101
000001000011000000
000000101100100101
111110010000101001
000000001010100110
111111111110111111
111111010100100101
111101110001111100
111100110010111100
000011001101000001
000000110100010000
000010011110011001
000010001100011110
111101101001110010
111110100100011000
111110110011011101
111100111110100110
000011011011011100
000101111011010011
111110001111001101
111101010100001001
111110110110011101
111100000101100001
000011110101011110
000000001010000100
000010101100111100
000000110111011111
111101110001010001
000001101000110101
000001110010111010
111111001111100001
111111010111110110
111010001100010100
111101111001111001
000001111011111010
000000110011100111
000011011001010110
111111000011010101
111101101001001101
111001110110111100
000001101110110010
111101011101100001
000001100010000000
111011001111100101
111000001000101101
000010001110000010
111111010111110101
111100110010001100
000011101100001000
000001100101000101
111110111101101101
111110101111010010
000000111101011101
000010011011010110
111110001110100010
111011110001000001
000000010111100010
111001011101100111
111111011000001110
000001001010100010
000001101011110111
000010111011011111
111101011000100111
111110100101000000
000000101010010100
000010010000000010
000000101110111011
000001111110100011
000001010011110110
111110101101001001
111100000111100101
111011111000010000
111011111001101010
111110111110011111
111111010111011011
111110010010110010
111010011011011001
000000110001001101
000001111001101101
000001111100101111
111101011001001101
111100001111100001
111110110100011000
111101100110110101
000010100010010010
111111000000100000
000001111011110110
111110011010010010
000001001011000011
111100101001100001
111111101110101110
000010010011100110
111101100010111111
000001010100011001
111110000101010110
111101101110010000
000000101110001000
111011111000010010
000000010001101100
000000000001011011
111111000001111010
000011101101011010
000001110111010000
000000101010000111
111110100011101111
111101010101001111
111100010001011000
111110101100010101
000011101100111101
000101100010100010
111100100000011010
111001101101010010
110110001010101001
000100010001101101
111101011011101010
000001111111101101
111111100110111010
000010100111101000
111110110110111110
111101101100000110
111111111101010111
111101001110010101
000010110100110010
000011010101000111
000010010111110011
000001011001000001
000101010010101100
111100000011000110
111101111000101000
111111011001011010
111010111000101011
111111000010110001
000000111011101011
111001101101101101
111101100010001010
111110010011000010
111110000110000100
110111111010000000
000001010001010111
000010000110010100
000111011111010011
000011111100111111
111010110001000101
111110011001001011
111110101100010010
000011011111011101
111110111101011100
111110101101001110
000010001000011110
000101100000001011
111011010101011110
000010100111010010
111010100000100000
000011001100000100
000001011010011011
000010001100110001
000100001001110110
111110101010010011
111111000000011010
111110010000011001
111011110011111110
111010000111100100
111101000010001010
111101110101100100
111001111011111000
110111101001100011
111100111010000110
111010101111001110
111100001100100100
111101101100101010
000000000100110100
111010100100101100
111110111000100001
111010101010111000
111111110101010011
000001011001011001
111101110101101100
111101010110100000
000001011011100111
111101101000100011
111110110011111001
111111000001010000
000001000001101111
111101000010011100
000000010011111010
111100010110011010
111100100000101101
111110111010001000
000000100001010011
000100001010110100
000000011110011000
111110011000000110
000001101110101010
111101001010110100
000000010110110101
111110000000010110
111110010101110101
000100000111110010
000000000111101000
000011010111001001
000000101100100011
000010010101011111
111110100100011111
111101010000111000
111001101011000101
111100101110110100
111010111101100111
111010101001111101
111011011111010101
000100001110000010
000001000011100001
111110100010001111
000001011110000101
111110111111110101
111100110011110011
000001101101000110
000000011001110011
111011100100000010
000010111001101011
000100001001000110
000101111001100100
111111010100001110
111101010111001100
000001101111011001
111100011100100011
111101110001010000
111011011001100001
111111110110110011
000011100100101001
000000000011001010
111111100000110101
000011111111110110
111111110011110010
111110111100010011
111100111101100100
111101100000111110
111110101111101001
000010100111100110
000010000001001000
111011000101011011
000000100110001101
000000101010000010
000010101011011000
000001010110011101
000001100011001000
000000100100010000
000000001101000001
111111000100110111
111101111010000001
111101110111001101
111101001010011110
111111101000000010
000010110011101111
111110110100110100
000001110101010011
000011001100100000
111011011101011101
000010010110000101
111001011101001000
000010111010110011
111011111001000001
000010100010101110
000011010110010000
111101100100011100
000000000001101000
000010010110001001
000011000111000001
000001100010101000
111110010101111000
111110001000001011
111101100000100111
111011001111100110
111100011000011000
111110101010000101
111111010000011100
000001011110111100
111100010010110000
111111011010110111
111101001111100001
111111001010011001
111101001010101000
111011110110010010
000001101010000101
111101010000100001
111111010011010010
000000101000100101
000010001100110101
111100110111101101
111110111111000010
000110001011001000
111100111101010001
111110110001111010
111111111001111001
000011100111010011
000001101110111011
000001110010111011
111110111101010010
000100000010000111
000011100101010010
000010000111011000
111001110001010010
111100101001001111
000010011000000000
111110000001110111
111011011100100110
000000010010010101
000000010011011100
111100111001100111
000000101101101011
111101011000100011
000100100010011111
000010000100011001
111111111001111011
111001011010101111
000010111101100010
000010111010001011
111111010111101000
000001011000010011
000010011011011101
000010110111000001
000000010110110011
111101000111010111
111110010101000001
111011111001101110
000001110100100110
000100001101010000
000101100011101011
000000111111000000
111100100000100001
000000011110100111
111111101101001100
111111100100001101
111011110011101000
111110000010001111
000010000010011100
000000100110110010
111010000101010010
000011010010101110
111101001110011101
000000010001111100
111110110111100110
000010110001101111
111100110111001010
000001011111001100
111011110010101010
111100100110001011
000001110110011101
000011001010000101
000001001011111000
000010000010010110
000010000000111101
111011111011111011
111010111100111100
000000011000111010
000001000101011111
111101000000011010
000010110011001100
111101010101111000
111101010000110011
000011100101001111
111110011000100111
111101010011101000
111111100001001000
111101000001111000
000000010100011110
000000110101001101
111110110010101101
000000010010010010
111100001011110101
000000110010101000
000010010110001001
000001101100010101
000011101011100011
000001111011111001
000000000001100111
111110001100101001
111110001001110000
000001100010001111
000010001111001011
111011110000010011
000001001111000001
000010010011000001
111011010011101001
000000110100011000
000000011000001000
111101100010100100
111101010010001111
111101001011001000
000111101100100100
111100011101001110
111101100010001001
111001100000001101
111110011011010000
111010111100111001
111111100110110000
111110100001011110
111110111011000110
000001100001011011
111011000010111010
111100101111101010
111011100100111010
000011011110111011
111100000000010101
111111110011001010
000101000011111000
000011000011110001
000010010101010011
111111110101110010
111110100010011001
111101110111000010
000011000100100001
000011100110111001
000000110011101011
000001011100000111
111100100110001111
111111011000000100
000001000000000110
111101001110011011
111100001100101001
000001101101110100
111111001000000010
000010100010110100
111101010100010001
000011001001110000
111010010011000000
000010100101101110
111101001110010110
111100100111000011
111100100011101001
111010101111111001
111111001001010110
000000010010111110
111101001100000011
111010101110101010
111110110000011110
111110010101010110
111111000011010101
111101001011101110
000001011111111010
000000010101110001
111111010111010011
111011101000001101
111110011110110111
000001010010111000
111111000011100100
000010111011101000
000100010000100111
000010001110010110
111100011111100111
000000000000010000
111100000101011011
111111001010110100
000000010110001001
000011111010000001
000100111010101100
000001000101000000
000001110011000100
000010011011001101
000011110010010000
111100111111010001
000010000111100100
111011001111010110
111100101001100101
000011100010101011
000011000011110011
111110011000101010
000001011000100100
000001001111110011
111101011001011101
111011101110001100
111100111001000010
000011000001110010
111111011111011000
000001001001110110
111011101100101101
000011011100101010
111100000110111111
111110010000001111
000011110101110111
111110001110010110
111011010000110011
000011111100000110
111110001011001001
000011101110100101
110111010110010101
111100100111110111
111101100010101111
000001101010110011
000000101011011101
111110010000000111
000010001001101111
000000101001100100
000000011000011111
111101100001000100
111110110101000101
000000100101010000
111100010100110110
000000111110101110
000000101110101001
111110100100011000
111100011001110001
000000010001111110
111101000000011000
111101000000011001
000011000100010111
000000011001111110
000000100100000001
000000101110011011
000000011001111101
111111010001000000
000001011100101110
000010100010110010
111101111100101000
000000011011101010
111110010011000101
000010011010011101
111111010001101110
000000110011001110
000000100011110100
000000101010110000
111111011101111001
111110001110000100
000001101001101000
000011000111011110
000000110011111001
111000010011110100
111100010011010100
000010000101111111
000011000000101011
111100111011100001
000011010111001010
000001010101110000
111011011111101111
111111010011000111
111101011000000000
111111001111110001
000011000010110010
111111111011000010
000001001000101110
000001011010000001
111110111111110110
111011000100101111
111100000101110100
111101101110000101
111110001101100110
000000100111101001
000000011110110111
000000110101011011
000011111111111100
000000110011101001
111111011010111101
000101000010111110
000111001111000110
000001100011010110
111010010100110001
111101001010100010
000001111011011000
111111100010111010
000000110111100101
111110110111000010
000000110001000001
111111001010000010
000000110101100100
111101010010001001
000000010010101101
111100001111100001
000000011111010111
000001010101101101
000001001000010101
000000011100010001
000000100110001010
111101010111001000
000001101100100111
000010001110001010
111110110001111100
000000100100000110
000000010100001011
000000100010111101
000001010100101101
000010010000011001
111111010111000010
000001011100010101
111011010101001000
000010001011010001
000000010010101000
111100110001011001
000001011000100111
000010000000100110
000011000111100011
111101100101110101
111111100110110011
111110010010101100
111110100111111010
111101101111111010
111101101000111100
111111001110100111
111110011000100101
000011011110110101
000010001000100001
000001101010101001
111101011010111100
111100100101100101
111111001100110010
000010010010100010
000000010000010010
111111000110001010
111101000101111101
111100110100011111
111101010011000111
000010100100001110
111011010110110001
111101000101111100
111110100000000011
111101011001101000
111110111111011101
000010010000011100
111110100000010010
000010100010101100
111111011000111001
000000100000001001
111111011110000010
111111010011111111
111111000001001100
111110011001101111
000000011100101110
111011100101001000
111101111000110110
000000011100101000
000100001100011101
000001110010110011
000010110000101111
111110101010010100
111110011000110110
111111111100011001
111101110010010010
000010111101010101
000100001010110011
000000000110011101
111110111011110001
000001100111110010
111000101010001111
111010011110110100
111101001100101010
111101100001110011
000010000111110001
000000110010111010
111110111111010110
000010101110011000
111011111011010110
111011000011111001
000001000111100001
111100010110111100
000010011011011010
000110000010111001
111100111100111011
111100101010000001
000011011101100000
111111101111010110
111101010101011110
111101001110010100
111101110110111000
111110000010001111
000010110011001101
000011001101110111
111101001011100001
111110101010000010
111101111101111001
111011010010010010
111011010011001111
111110011000111000
111100111001001110
111110101101100010
000000100101010101
111111010001010010
000000001111010110
111110101010010000
000010110111100101
111100011001111000
111111001101101111
111011110110011011
000000000000110010
000000001100011000
111011101101100110
111101100010111100
000000010100110101
111101011100110000
000001110001110100
000001010011100000
000010110001111000
000000011101011000
111011100111110111
111100110100101110
000001111110110011
000000100100100010
000001110111111100
000010001000001010
111111011010110000
000001000111010001
111100011010111111
000001110001111100
000011001000000110
000000011011110001
000000010110011011
111100011000001011
111111000101000001
111110101101111011
111110111001000000
111101110110101111
000000100001000100
000000001001001111
000000010100101001
000010111101011110
111110010000001001
111110000111110010
000101001001100101
111101100001011110
111100000001100100
000001010011110001
111110101000111001
000000101101111011
111100011110000011
111110101010011010
111111110000100110
111100111101101111
000000001000110100
111100110001110011
111101110001110111
000001000110101010
000011010001000011
111111001111000111
000001100101101010
000000001101101100
111111000111101011
111111000001101101
111111000100001000
111111111100001011
111111000110100000
111111011011100100
111110110111101111
000011011111000000
000001001111111000
000000100111100110
000011011001110011
000001010000011011
000011011010100011
000100100110010100
111110001101100101
000001111000111011
111111101001011100
111010110101100111
000000010001101100
000001001111010011
111100001000101010
111101101101100000
111011010010101100
111100110110000010
000000101010100101
111110111001001101
111110101011010111
111111101111110110
000001001011100000
111110000111001001
000000000010001011
111110110000100100
000000101000010101
000000000111000110
111110000010100001
111101110110011010
111100101111111010
111101101000110111
111111000000101011
000001001111110001
000010010111100001
000000111111001100
000000010010010010
000101000000001111
111101011001000110
111011010111101101
111101100011000101
000010000101001111
111100001101111100
111101110100101110
111111100011010101
000000011010100111
000010000001101110
000100000000011000
111110010001101111
111110110011111010
111110010111100111
111011001011011111
111111110000101010
111100111100111010
000101001010000101
111101101001101100
111111100011110101
111011001010001111
000000110110101011
000000011001000101
000010010001101100
111111100001011100
111100101100101110
111100110000001111
110110000010101100
000000110100111111
111101011101100111
000000100100101100
000000101001001011
000010100011111001
111111000100100111
111110110100001011
000011101011011010
111110010101110111
000001001001100101
111100011001101001
000001100011110000
000010010010011001
000001010000111111
111111011011011111
000010010000101110
111110011111010010
111111001000110100
000010010101000010
000010101100101110
000001011101100110
111110110001110010
111110101110011011
000000010011000010
111100011010110000
000010101111001010
000000011100010000
000010001000110000
000001101110000101
111111101011011010
111110110110100111
111110110100110010
000001111011101111
111100110011000001
111111100001100000
000000101101010000
000000011001011101
000000001110100111
111100111100110111
000011000010111001
111100101101010010
000010100110011111
111101001111100010
000011010110010101
111111010111001100
111100001100000011
000000111101111010
111011110011111000
111100111000111010
000000110111010100
111110110111110110
000010100100010010
111110011100001011
111111111010010100
111101011011100001
000000010011100100
111110011011011001
111101001011100011
000001101010100000
111100010100110100
111011111101001001
111110100011110001
111101100111110000
111101111001111010
111100110110110111
111101111100110001
111111111111101001
000000111111010101
000011110101101010
111011100110100110
111100111011100101
111101010100110100
111101000101100101
000001100010111011
111111111111010010
000001000000011101
111110010001110001
000000011011111000
000001111110001100
000000101001111100
000001101011100010
111011110110001001
000010101101111100
000010111001001000
000001011011011011
000010100100001010
000101001111101001
000000011011010011
111111100100000001
111111110010100010
111101010111111010
000011011000111010
000000110000010000
111101100011101010
111111010000100110
111111101101110110
000001001010010110
111111011010001100
111110111001010011
111011111000001011
111111101000001010
000000110010000101
111110000111101110
000100010011001100
111111111010100111
000010100101101101
000011100110100001
000010001110000110
000000011110011110
111110000101000011
111101111110111110
000011010000100100
111110100100100111
000000111111000111
111101100001011011
000001101110000100
000000101000010100
111100000011010011
000010101110010110
000001101010100010
111100101100101110
111111010100010010
111111110010011011
111111010011001011
111111011010000011
000000000111010110
111010011001101110
111101100001110111
000001101111010110
000000110011100011
111111010001100101
111110000101111111
000100011101011001
111100111001110110
111011011101010110
000001010000000001
111111110001010100
000001110001011011
111100010001110110
111101100100111001
111111101001010010
000011110110011111
000000010000100110
000000111111101010
111111011100010100
111011011001010110
111110100100100111
111100001110100111
111011111001001100
111100001000011001
111100011011000000
111011111000100101
000010101110001110
000101010000011110
000011100111100010
000001101100100100
000010111101100001
000100011100110010
000001000110100001
111110011111001100
111000100110000100
111110010111000011
000010011101101001
111111001100110010
000100111110011011
000000011001110101
111101000110010111
111000001011101110
111100101001110111
111101011011100011
000011010001100101
000000101110001011
111110100110011111
000001001010001000
111111101110111111
000000010000100111
000001000100000011
000000100100000101
000010000011010101
111111001110000010
111110010011000110
111101011001101100
111111101000010001
000000110000101101
111011101110110111
111100001010101001
000000001001001110
111111011100001101
111110010111000100
111100100111111100
000001000000100110
000100010011101011
000000100010001100
111111111101010011
000000011000000100
000100100010100010
000000010001010110
111010110101111100
000011110010000101
000010100110110101
111110011000010010
000000011110100001
111111001101111000
111100101010101100
111111001010111010
111101011110111011
000000100010111011
000001100011011101
000001010001010010
000000000000010111
111100011011101001
111101001100001000
111101000101011010
000001001011100000
000000000111111100
111110101101000100
000010111110001000
000001110001100110
111110111111011010
000010111011110100
111100110111011100
111110110101110110
000001101011110110
111111001111010010
000001011001111000
000000110110011010
111100101001000010
111110110110101110
111111010110110100
000001100000001000
111110011010110111
111101100000011011
000001110011100011
000000001100101010
111101010101000011
000000000111011111
111110010110011001
000011011100100100
000011011010110110
000100100110001010
111111001100001000
111100110101011100
111101110011011100
111110111011010001
000001010101001100
111010001010001100
000000111111001001
000000101100100110
111101111101110101
111111100110101101
111101011111010011
000001111111111000
000000111001010011
111110010010100111
000010100001001100
000001110101011011
000001100010100111
000001101101010011
000000010010100101
111101000110001110
000001101010000011
000011110111000000
111110100111101000
111110110000111101
111011101110000111
000100010010001011
000011010101000110
000000011000011001
000000101100111000
000001101011100111
111101001101111110
111111110111010011
111110001111101111
111110000001001110
111110000010001111
000000111111000000
111110011001000101
111110110111100111
111111111011010101
111011111101101010
111110100111110001
000010111110000111
000001001011010010
000010111010011111
000010010111010010
000000010010000001
111100101000011100
000001111000000001
000000110001010100
000001011101100101
000000010100111001
000001100011001111
000000101111111001
000001101111000000
111110101000001110
111101100111100010
111101000000111100
000010100001011011
111011110010110000
111110000111010101
000010110001011111
111101110011100000
000001111110011000
111111110001011000
111100010110010101
111101101000101110
000001111100011001
111111000011111011
000001011101011000
000011111100110000
111011101111000111
111111111111000101
111101100110000110
111110010101011111
000000001010110110
000010011101101100
000000011011100010
000100101101101000
111110000111101101
111111010010011011
000011110011110001
111111101010101010
111110111100011110
000011011010100011
111101010100000101
000100111000111011
000000100010111101
000000111010000110
111100010010100000
111011111000110001
000001100001101100
000010011100011011
111100100110001001
111100110111011010
111100000111010110
000010011011100100
111101111101110000
000000101110110011
111111000001100111
111101111010000010
000001011101010011
000001010001111111
111100011000000100
000000000111000110
111100010101010110
111111111101111101
111010111001111010
111110101110011101
111101000001100100
000011000110010101
111110101101101010
111101101010000110
111101111101111010
111111110100000110
000000111100011000
111011011001011110
111110101100011100
000100000010000011
111011101010111100
111110010110001100
111101110101100000
000011000001111111
000010100000101001
111001110011100000
111110110001110110
000101110100001110
111111000111011010
111000010001011101
111100111010000100
000001000110110000
111101010011011101
111101110110001000
000010010011000001
111111110100101011
111101111010101001
000001010000100000
000001010101001010
111011101010001101
111110010110101101
111110011100110010
111100011010001010
111010100100010010
111101011110011010
000011101111110110
111100111001100000
000011111110001101
000001000100010101
111101010100001011
000001010011000001
111110101001100001
000000001101010010
000011011001000100
111110101011100111
000001100010101101
111011101000111110
000000101100110100
111111000001000001
111101110011001100
111111111000110110
000100111101101111
111101001110111111
000010000011110111
000000111011110001
000010000110001010
000010101101100101
000011100011010001
000001101011101001
000001100110010001
000001101100010010
111111000111011000
000001110110000010
000010001110011100
000010000000100110
000011010011111101
111011000111110111
111000110011111010
000011010111001011
111111110001000111
111110011100100111
000010111011101111
111110110001101011
111111101001110001
000011000011010110
000011011000001000
111111100100110001
111101000101110011
111100011100110010
111111001110011101
000001000101101111
111001110000101000
111100101010000100
000001011000001101
111110000110001001
000011010011110001
000000001001011111
111100001101111010
111101001100100011
111100100101101011
111111001001110101
111110100000110011
000001000011100001
000011011111010010
111100011001000001
111111111100110110
111111010001001011
111111001110101111
000011100011010101
111010010110110101
111110001010101000
000001001101100100
111101000011110110
000001000000100011
111010000000000110
000101011011101011
000010001111111101
111101011010110111
000000010111011001
111011110010110101
111110000101011000
000001101111101100
111011010110011111
000001011001110010
111101100001101001
000011000100101010
000000010110111110
000000101000011110
111111000101110110
111111000100010110
111100100100101000
000100000101110101
000000000000100001
111100101001101000
000001010100010001
111101010110000000
000010000001000100
000010000110111010
000000001101010001
000000001011100001
000011101001111100
111101001001001100
000001000101001111
111111110111000110
111101011100100100
000000111010011100
111011010101011111
111011010100000010
111100010000100001
000010001101011111
111101111010101111
111111100101111000
000001010011110111
111101010100010000
000000101011110110
000010101101011000
000010101111010100
000000101110001100
111011101110111010
000001100100101001
111110110011011011
111100100001010111
000010010011000111
111110010011110111
000000110011100110
111110101110110110
111011110111101111
111011010111110100
111110000001000001
111100110001011101
111100001100001111
000000000110000101
000010101101011110
000010101010100011
000010001100001100
111101111101101010
111101000101111101
111101011010011000
111011111001000111
111101100010110100
111101000010100001
111111111101100100
111011010100100000
111110001101101011
111101011110011001
111101000011010111
111111111000010000
111011100000011101
000011011010111011
111110011111101000
111101000111001000
111111000011101011
000100000110000001
000011110110000000
000001010110010100
000000001001111010
111101111000101110
000001010100100110
111111000011000110
111101001010001011
111111111110000110
111101110000000010
111100111001000110
111110110011010011
111111111111000000
000001010000101011
000001101100101110
111111101111000110
000000111100000010
000001111010111010
111110001101000100
000001011110111101
000010001100101110
111111101010000100
111110101100100010
000011010111101100
111100010100100001
111101000000110010
111111101000100010
111100110110110110
000010111100100101
111111011100001100
000000000010001110
000011000000000101
000000110000010001
111110001110110100
111110100011111000
111111001100011100
111010001110010100
000000110000000000
111110011111010001
111110010111011110
111010100110011011
111111011101010010
111011011101100010
111110000100110011
111101111001011010
111110101000001001
000011010110000010
000001011111100001
000010001011011110
000001001111111011
111000101000101001
000101010100111101
000100111110011100
111110100001111010
111111111100011110
000000001010101011
110111100000110100
111111011010100000
000000100001000111
000000100010010111
000011011001111010
000010010001001000
000000111110010100
111110101100101101
000010100110000110
000000010110001101
000011000101001100
000000110010110100
110111010011111111
111111110111001000
000000000110100101
111110101101001111
111010100010000111
111110110101010001
111100010101101011
000010001011111110
111110010110001101
000011010101110111
111110110110100101
000100100001000010
000000010000110010
000011001111001000
110111001111100010
000001110010100010
111111100001001101
111010010010010001
111100011111010011
111100000101110110
110111110011110110
111110000110110100
111111001110000101
111110010100011001
111110110110110001
000001101111111001
000010010010110010
000010100001111000
000000100111001011
111011101111000000
111100010110100010
000010101101011001
111011011010110010
111111101110010101
000010010101011011
000011101001011101
111010011010100010
000001000110000100
000000010110101000
111101101100001000
111111010000100111
111011100100111101
111111001111001000
000010110111100101
111111100010011000
000010010111110110
111110011001000110
000100100000010101
000010111101110011
000001100101111111
111101110110001000
111101100100010101
111111010100011000
000001001011010001
111110010110010001
111100011110111000
000001010010000011
111101110100101010
111110111011000110
111111110001000011
111101110010110111
000001101011000101
000000111011000100
111110101100111000
000000001111100001
111110011011000011
111110010011111000
111100101111011001
000000000001100011
111101101101010000
111111010110011110
000001001001110011
000001001101100100
111010100001111100
111101010111000100
000000111010000111
000000010000010100
111110010010101011
111101001011111001
111111011111100001
000011101010111100
111101010010000101
111001100111101100
000000010001110001
000000101010100000
111110011011000001
000011100110110100
111111010010011001
000010011001000111
111111110000000011
111110001110100011
000010110110100110
111101101001000110
111110011100111010
111101101011011000
111110001101011000
000010111111011111
000011110101001011
111101111101100000
111100011110001011
000000001100000111
111010110111000100
111110100001011011
111111111011110000
111101110010111100
000011000011000010
000000010111101001
111010000011101100
111101101100100011
000100000011000000
111111111001000011
111100111101110110
000001011101101110
111111011111101101
111101011000100001
000010010011101100
000000111101100111
111111001110010110
000000000010001110
000001110011011110
111111110101110100
000011011000001111
000010110111101101
000001010000101101
000000101000110110
000001010010000010
111110010000011001
111110100001011101
111011011011101000
111110110001011000
000001011001101011
111011111100100001
000001001000011101
000000000100100001
111100111001111010
000001010100001101
000000001100111010
111111100011011010
000000001010010100
000000100101111100
000001010001010011
111110101100101011
000001111101101100
000000010011101010
000001010001001110
000010111100010001
000000110111111111
000000000011100001
000001000100100101
000010000011000000
000010011001011010
000000100111100001
000011011110100000
111110101110001111
111100110111000010
000000100100011001
111110011111101100
111100100000100110
111101000111101101
000000011110100101
111100111111010011
000001001100110001
000001000011101101
000010111001011001
111100010001010001
000001010001000101
111111110011111110
111101110000101001
111110011111101110
000101011010111111
000011010101001100
111101000000101101
000000100001110011
000001001100110111
000001010101001110
000000000001001101
000000110111000000
111001010000001110
111111011111000111
111110100011010100
000001110001000011
111101010000000001
000001110001010010
000000000000100001
000001000001101011
000011111001111111
111101101100011011
111110010010100111
000000001000000111
111100101001011001
000001000010101011
111110111001110110
111100101010011110
000000110001111100
111100001100100011
111100000100011110
000010001000100010
111101101001101110
000000011001111011
111010110000001010
111110011111011101
000010111101110011
000010100111101011
000000011000000101
111101100010011010
111111010100011111
111011111101111010
000000101101101111
000000001110111110
111111101101111110
111110101000010101
000010010111100011
111110000000101001
111111000011110101
000000111100010000
111011001010011001
111111011101111000
000001000110010100
111110001010000111
111101010110110011
000000110101010000
111101110000110111
111110110111101110
000000001010111101
111111010100100000
000000100110100101
000001011000010101
000010110101000010
111111111101101000
111110111100010001
111110111110011111
111100001101010000
000101011111001100
111110110100000011
111110000101000111
111111011000100110
111111101110110100
111111111100011000
000010001110101111
000000100111101110
000011010100111011
000100000001000001
111101110101110111
000100001100011100
000000011000111010
111111011000011110
111101001111010100
111100110101101011
111011010000000101
111101111100001110
111101010010000100
111111001101110011
111111000001011100
111111010011010110
111110101010101111
000010100001000010
111101101100000100
111001110110010000
111101101001111011
000010110011001011
111110110110100110
000010010110000111
111111010100101111
111001100011011110
111111000001111110
111101001001101000
111111011100011010
111110010011010100
000011001000111110
111110010010000111
000001001000110011
111110011001100100
111011110000011111
000000001010101001
111101011001001011
000100001010110011
111101111110100110
111011110010100010
000010000101010101
000010101011101000
000001110010111001
000010100111101100
000000100110010101
111101010100110110
111100100001100100
111111110000110001
000000111001101011
111101111001010010
000011110001010011
111101010010011111
111101101010001111
000001001001001101
000001010011101100
111110010011011110
000011010100000101
111110110011101011
111110010111110011
000000011010100101
000001101001111110
000010110101100000
111011000001101001
111101110001011100
000001111000000011
111101000000010001
000001101001011010
111100100000111000
111110011101000001
000001100000000101
111111101011101001
111110010001101011
111111101000111001
000000110101110000
111111110001011010
111111111110111000
000010000011100011
000100101111110101
000000011011110011
000000110101111100
000000110011101011
000010100010111011
000001101000101010
111101101101010100
000001110000100111
000010010111010101
000000000011010000
111110001011111011
111100010101110111
000000100101000000
111110011100111101
111100111110101100
111100010111010001
111101101101111001
111111111011000001
000010110101001001
000011001010111110
000000101110001111
111100101101000101
000010001001010001
111001111100101011
000000111100001011
111111110110111011
000001000001110000
000010111001111001
000001010000101011
000001000111100001
111101101010101110
111110110001000000
111101110000010010
000010000011011001
000010001110100111
000001011100000010
111101101011110111
000001011101010111
000000011011000010
111111101110010111
000000000111101110
000000100101100011
111110011010011101
000001000000010001
111101101101111010
111110001001011100
111011000010100110
111101111100001000
111111011100011100
000001100110010111
000000110000111010
000000011010001011
000010110111110111
111110111000011000
111101001011010111
111111011001001100
111111111110111000
111010111110110111
000000101101110010
111110011010111100
111101001100101010
111100110011101000
111011111111010010
111100011100100111
111101101011101001
111110000100111101
111110110111111100
111111111000111101
111110110100101111
111111010011110111
111100011000000000
000000100001011010
000010011100110001
000000101101101100
111101001101110010
000010000111110111
000000001000001001
111111011000011111
111111111010010010
000000101110011101
111111001010000011
000011101011001101
000000111101110111
000000000000000111
111110110110100011
111100110010100011
111101100000000110
111101001111110111
000000001110010000
000001001110110100
000000001111111100
111111110000010100
111101111110000010
111101010000101000
111111010110111010
000001111010111001
111111000001011111
111000001010001010
111111000000010000
000000110101011000
000001101111011011
000000011011101110
111100010011011000
000000001011000001
000001100101101110
111110011000010111
000000010000100101
111101000101000011
111011011100001101
111101111001011101
111110010011101110
000001010110101001
111011001111000010
000011101100000011
111101001001100111
000010100111100001
000001111100000100
111111011010101010
111110010101100011
000010111111001001
111111000110011001
111100000100111001
111110100110110110
000001011111001011
111110011011001000
111101010000000000
111111001110010110
000000100101100011
000010000111000001
000010101111110101
111101110101000101
111110010000011100
111110111101100001
000001000100000010
111011111010101011
111110000110100011
111110110010100111
111100101111010111
111101110001101110
111100000010110010
111111100101101100
111110010011101000
000001011010100010
111110100111101110
111110111011010010
000010010110000110
111101101110100110
000000010010001001
111110011111101110
000000101110101010
000010110100110100
111101011000100000
111100101010000101
111110011010101100
000100001111011110
111010011110101011
111110101000110101
000010111011111101
000000100101110111
111111000001101001
000000010001110010
000010101011010001
000000110000101011
000000101001101111
111011111011000100
111111100011100010
000010001111101101
111110100110011110
000001000010010000
000011001110001011
111011100010001110
111111000110101000
111110011010110010
000001001111101100
111111010000111011
111111000110010110
000000001110110001
111101001010111110
111110111000100000
000010011100111010
111110010110011000
111111110101000111
111101011001100101
111011111101111100
111100111010010101
111011000110001100
111111001111001000
111111101100110001
000001110000000111
111100001010100100
111101010100001110
000000111111111011
111100110011011101
000000101100111100
000000111111000001
111110011000100001
000000010111010000
000100010000010101
111111100000111110
000001000010000101
111011011100001110
111111011101011010
000001111101010001
111101100000101001
111111111010100010
000000011100100011
111111010010101011
111111111110001011
111110001111111101
111011111101110111
111111110010010111
111101111101111101
111110011000010110
111100110001001111
111110110100011010
111100010000110010
111110101110110000
000000010100101010
000011100011011110
111111000001001100
000011111010100110
000000000000001001
111101001000110111
111110101101101011
111110010110010001
111101101110100101
000100111110101100
000010010100011100
111101000111100110
111100111000001010
000010010101110011
000000000111001010
111101111000101011
111111111110100010
000001101101101010
111110101110000000
000001010001001110
111110001100011011
111011000001111000
111110010101001011
111101011101000100
111100101011000111
000000100101011111
000000001100101000
000001010011101101
000011111110001101
111110001001000001
111011011000111111
000000110011011010
111101010100100000
000001101110101011
111101111000111010
111111111011101010
000010000101001111
111101011100000011
000000011010001000
111110001010001100
111100110010101101
000001011010001101
111111100110100100
111010011011001001
111110110101100100
111001000101000000
111110010001010111
000010110110111010
000001101001110010
111110001101000011
111111101100000011
111111110011111110
111111110000100110
111100110100000111
111011111010000110
111001011011100010
111011110100101110
000000000001000010
000011000010000111
000000100100000000
000011011111000101
111011101011101101
111101001001100000
111101001110000111
111101010010100011
111101100110000010
111101110111101100
000000111101010110
000000111011111001
111111001110111011
000001101101000111
000010010011101010
000001010001010011
111101001010111011
000000110011000000
000000010100010110
000001011011011000
111101011111000011
000010011011110000
111100100101000100
000001000110101100
000001001100001111
111111100100111110
111100101101011110
000100001111110101
111100000011010000
000001111110010110
111100000100100001
111110110100011111
111110110011010011
111111000011111110
111111110001111100
000011000101010100
111110000111000010
000000110101110010
111011011101000111
000010011101110111
000001001100000100
111111110101110111
000010101111011111
000000010001111100
000001101100011011
000010011101111100
000000001000000000
000001000010011100
000011011100100000
111110100010011100
000010011000101010
000000111100100111
000001011110100110
000000010110111111
000010111001000100
111110110011110010
111111110100000110
000011001110000000
111111101110100010
111111101010111110
000000111100001000
000001100001101101
111101010011110010
000001100111011110
000000011001110011
000010110000111010
000001101101110111
000010001000100010
111111011010100100
111110110011010000
111110010010101000
111111010111111010
000001111000100111
111110111100010001
000011101010010011
000010110111100100
000110001011011001
111111010100000011
111101110001111011
000001000111011110
111110111010101100
000000000101001101
111100100011110010
000001111111110011
000001000001111101
000000010000110000
111111110001110110
111110111000010010
111101001000000010
000000011110111110
111100000101100101
111110001111011010
111111011011110001
000000101001110100
000000111111010110
111111001010000111
111111001101011110
111111111110100110
000100000011010100
111100000000111110
111111110011000010
000001010110000001
111111001010010100
111111000001010100
000010000100010101
111100000001000001
000010011010010001
111110111011000110
111110100110001001
111101000001110001
000001111110001101
111011010011110010
111110101000000011
111100011110110000
111100100011110111
111100111000100101
000000100101101100
000010000001110010
000001000100011000
111101101011100011
000010110010100111
111101000010100010
111110011000001001
111101010101011111
111011001011011110
000001010111010111
000000111000100001
111110010111101101
000011010011011110
000001001000100010
111110001111011010
000000100011010111
000000000100001011
000010110110010100
111110111011000001
000001111110001101
111111101100101101
111111010100110110
111111111000111000
111111010100000011
111101000111001100
111101011000100010
000010011111001010
111110111111111000
111111011100101101
111100011000010001
000010101111010100
111011000101110101
000010101100001111
111110001000011100
000010111110000000
111100100000011010
000000100001100011
111110101001101100
000000010000110100
111110010001000011
111111110010011101
111101000100111111
111111011100101100
111101001110100001
000011001000001001
111111100100101101
111101010111001001
111111110101010010
000001010111100111
111101001111111000
111100101011101001
000010000000111110
111100011001110101
111110001010110110
111101000011101101
111111110001100100
000011011101001101
000001010100011100
000000110001101111
000011011000100010
111100101010101110
111111110111000101
111110010111110101
111110011010110111
111111001100101110
111110101101100001
000011001001111110
111011000100001000
000010001111000010
000001111101111101
111101100010111101
000001001111100101
000000000110001100
111101100111110000
000010011110100110
111101110000000100
111110001111110001
111111111010111010
111111100010101100
111111101101010001
111101001100010101
111110111000110101
111111000010001110
000000010001010000
111101101011001010
000000000000110111
000001101110110010
111101100110000110
111010111101110011
111101110110010100
000100111111100111
000011011011001110
111100101110110100
000000010111000110
000000000011100010
000000110011111110
111101000100001010
111111010000101000
000001001110001000
000001000010011010
111101110010111111
111101001110011101
111110111010101010
111111111010010100
000001001011110110
111100100001101110
111011110001101010
111011101001110101
111101100001010111
111111000001111111
111100010000101001
000000001010110100
111110110111011010
111111001011100110
000010110110010011
111101001010011010
000010010001101011
000000101101101100
111011010110101011
111110111010000000
000010101101011011
111110111001110000
111110001100000001
111101110001100011
111100001101001001
000010000111001010
000000011111001111
111100000001011101
111100111001011010
111101000001101000
111101100110101111
000000110100100010
000000101101011010
111110000011000111
111100011011010011
111100000111100110
111011100000100110
000001010110000110
000010001101001111
111101001111010010
111011111001000011
111111110110111000
111110111100000001
000001100110111110
111111000011000101
111110010101101101
111111010010110011
111110110111100010
000000100010100111
111011111101000100
111010100010001010
111110100010110110
000000001010011111
111110111011000010
111110010111101100
111100111101011101
111101110011010101
111011011000001010
111100111001000001
111101011010011100
000011011101110000
000001000101010100
111110101001111000
111101111110101110
000000000001001100
111100010000011000
000010000110011111
111110010100001111
111011000010000000
111111010010100111
000011000011011100
000010010101111000
000010111111000110
111101101010110100
000000011100100111
000011001010110000
111100100001010111
111110101010010000
000000001110101101
111100110111110111
111111001001001100
111110100111010000
000000110000101101
000000001001000110
111111101010010001
111111000111100000
111110111001000111
000010000100010001
000011001011000111
111111110000001111
000100000001100001
111111100011100110
111111001001010100
111111101010011100
000010110101110001
111111011011111101
000010110011011101
000010001001010100
111110111011100010
000001111001011001
111001000101011101
000001111110010011
111111110000110011
000001110100100101
000010010000001011
000000001001101010
111011110100111001
000010000110101110
000001000101000011
111111000111101111
111101011100100101
000000011001001000
000000101000101101
111100000110000100
000010100100101001
000000001111101101
000010010110111101
111110011011111010
111111100101000110
111101111111110000
111110010110111100
000000101011010110
111110010111110111
000000010000011011
111100011000010010
000001011000011001
000001011011111011
000010011110111111
111100110011100010
000000010010101011
111110110111101000
000001001001011010
111011000101010000
111110001011111111
111100110100000101
111111101001000100
000000010101000111
111011111101011110
111101101010010100
111100111001100110
000001000001011100
111101111000001101
111111010101000111
111110111010000100
111100011100011110
111101100001011010
111101011111110010
000000101000101111
111101111011101110
111101010100010000
000001000110000001
111110110010110100
111110010011111011
000001101011000111
000000101100110110
111100100001111000
111100111101111111
000000011111000111
111110100011100100
111111111110010101
000010100000011101
000000100100011110
111110111010010100
000001010101101001
111110001010000101
000001111110101100
000001010001000000
000001110111111100
000001010110100000
000000010100011101
000000110110100010
000011000101011111
000000001001111001
111111001011111001
111101110110100000
000000110011011110
111110011111110111
111111010101010010
111011110111101111
111110100000100101
111100111010000100
111111011100010001
111111001001011101
000000000000010011
111110111000100011
111111110011000011
111100001100101111
111011010010110011
111111001010011111
111111100000011101
000000000001000000
111110111011110110
111010011111101001
111100101111100001
111111110010110000
111011101100010011
000010101011100101
111110101001000111
000011000100011011
111101100010010010
000010100001111101
000000001101111000
111110101010000010
000010000010111010
111101011101101101
111100010010001010
000101110010010101
000001000000110001
000010011010101111
000011001111001101
111101010101100000
000010001010111011
000001000110111001
111110101111100101
111110111000101000
111110100100010100
000001110001100101
111111011101000001
111111000100111010
111101000011000111
000001000101101111
000000100001101110
000000011100011011
000000000011100001
111101101101111111
111110110000100010
000000010000110000
000001000100000100
000010011111000110
111111110000011110
000011000111101111
000000010000011101
000000111110011010
111111010001000010
000001110110110001
111111101011011110
000000001011010000
111111111110001100
111101110100001100
111010110010010100
111101110111111011
000001010110011101
111110110010111101
000001001001111110
111101101100000010
000000101101100100
000011000110001111
000010001011110011
000000000110101100
111111001001100011
111110011000000111
111101000010010111
000000001001110101
111111001101100100
111101011011110010
111110001110010100
111111010010000101
000001001000010101
111111001000010111
111111100100000110
111010011011010100
000001101101110000
000010110100000100
000001101110011101
000001101100110110
111011111101111001
000000100111010011
000001011101000111
111110100110001011
111110010110100101
000000111101000010
000000000110100101
000000011000110101
000010011100101101
111011010110011000
111110101111010100
000000011010000100
000000101110110011
111100100001001101
111101010111010101
111101100011100001
000001001010000101
111101001100111001
000001100010110001
111111000100111010
111110111001001000
111110101110010011
000001110011000111
000010001011111100
000001011001001000
000000101001101000
000001000101010001
000000001010101100
000010001010010011
111101001101101100
000011100000111000
000001011010011010
000001001110100100
000001100000001111
000001010101110110
000010101011011101
111001101010001011
111010100011100000
000000011111000001
111101010111001011
000100000110101010
000001110001001110
000001000101110000
000100000011011110
111111001000000101
000000101000110110
111010111110111001
000000111010100000
111101001010100111
111110011110101010
000001001101100111
000000011111001111
000000011010101111
111110100110110100
111101110010111100
000001011000011000
111100011111010100
000000101100100101
111101001100110110
111111010110000110
000001011111011110
111110010101010011
000010111000101011
111110100011111001
000011001010001100
000001110100010110
000010001001000001
111111111001100000
111101101001100010
111110111010111100
000001000110110100
111110111001010001
111010100000011011
111111010100011000
000001111101010010
111110011000110100
000010010111110100
111110010101100101
111101110000101011
111101100110100001
111100111011101100
111101110000101111
111110111110010001
111100001001100010
111111110011110101
111110011001111111
000011001010000010
000000101100101100
000000011111110000
111110100010111001
000001101101010010
000000000010011010
000010110101111000
111111100110001001
000010000110100100
111101000111000110
000001100001110101
111110110010110010
111010011111001000
111101011110000111
000000110011110011
000001111101001100
111111110101110110
000000111110000100
111101010111101001
111110111011011011
111101100001100101
111110011000000011
111101001001101001
111100000010000001
111111110000110110
111110101100010001
000100010111100000
111111100000100010
111110101011011111
000001101001010110
000001010111001001
111111000000101010
111100001011011001
000000101111100100
111101111100110100
111110111011000010
000001010000000101
000101000010011101
111111001010010011
111011011110001100
000100101101101100
111101101110000001
111110000010111010
111111101101110001
111110010010110011
111010010010010010
000001000111010010
111110111101011111
000010110011011001
111010100011110111
111010010011011100
111010111100010010
111111010101000111
000000011110101101
111110110100110110
111101001001000100
111110000111000101
000000011001111000
000100001101011001
000000000010110111
111111101110101110
111101000000010101
111111110101010110
111110111100000101
111110110100101111
111101111111100100
000010110000100110
111010111011000010
111111110011000000
000001011010110000
000000011011110111
111111101010011111
000001100110001110
111011110110111111
111000100001011100
000001111001000000
111101100000001011
000001010101101010
111111011010000000
000001111001101010
111101010010000111
111101111001001111
111001110110001001
111100100110010011
111110110100110011
000000110000110101
111111100111011001
000001010001011000
111101100101111000
111100110100100001
000000010111010110
111100111000100111
111110111100010010
111110011000000010
111111010101000101
000100111100100111
111101101000000010
000001001111111100
000010011010001000
000000100000001111
111101010101010110
000010000100010001
111111110100011011
110111101011110100
000001011110011010
000010111001110101
111111111000100010
000011110100111111
000000000100000111
000011000100110001
111011101011101000
000010111011011001
000000010010001111
111011001101001101
000000011011110101
111111011101000101
111000111010110111
111101110001100100
000000001001100101
000001101011101010
111000101000100101
000000000010001001
111101111010010111
000000001110110000
000010011001010111
110110111100000101
000010001111001100
111101001001001111
111011110111011010
000011011111101101
111110110101110110
110110100110111010
111101011111001111
111100100011111100
000010001011011000
111001010111111000
111111011101101101
111111001101110000
000100101111010110
111010110110101100
000000101100111111
111111010110000111
111010001001111000
111100111101010000
000001100001011001
111110011010110111
000011000000110010
111110000001000100
000101001001000111
111100010110100000
111111100110110011
111100011110000001
000001000001001010
000011100000110000
000000000100011000
000001010111100100
000010110110011110
000001011000010101
111110001101010010
111110010100100110
111111101001100111
111000010100110111
111110100011011011
111110000011110111
000000100110111111
000001011111011010
000100010111001010
000010011110010010
111101110010111001
000000110001001111
000001011010101000
000000101010111111
111101101100111100
111111101001101011
111110011000101010
000010100001000111
111110001101001001
111100010100000001
000000101110111111
111101010111010001
111100110100001110
000000010111101101
111110110001100011
000100001010111011
111100011011110000
111111100100011001
111110010100000101
000010110101100010
111100111010110010
111100100000100111
000000101010001101
111100110011100101
111110001001010101
000001111011010011
000001001110110000
111011010001100100
111100110110100100
111101110010111011
000000101001111000
000000100011111101
000001110100100010
111110000100100001
000000100011110101
000001001011111001
000100011001000001
000011000010100101
111010111011111011
000010110011110101
111111111111011010
000011100000010010
111111011101101010
111100110001011011
111111001100101010
111111100011101111
000000110111101111
111101001011100110
111100110000010110
111111110010011111
111111010111001010
000000111101101010
111100011011001110
111110111101010000
111101010100111101
111110100101111101
000000011111110110
111111111011010001
000000111111001100
111111010010001111
111101110101000000
000001111101110101
111110000100011010
111110000101101111
000010101011101101
000010110010101010
111111100100010011
000000000010010101
000000001011001010
000010001110111100
111110100111111010
000000101101011000
000000100110110110
000010111000000100
111100101000111110
111101011111011001
000000000001100111
111101011100011011
111111110101101011
000010100111011000
111101101000000011
111110000100010110
111111101000110111
111100011101011100
111101000101101110
111110111111100000
000011011101110001
111110100101001000
111111011011101001
111101100110011110
111111110000011000
111110111001011101
111101010110111010
000000010001011011
111101100101101101
000000101001001111
000011101101001011
000011100110001001
000011010111100000
111110011010000100
111110001010011010
111110111111001111
000001010011101001
111110111100000100
000010101010000001
111100001111111111
000001110000101110
111100001000011110
111011011111110111
000011100010001010
111110000110101111
000010001001111010
110011111001111000
000001000011111000
000010100010110110
000000101011010110
000000001011100111
110110010110001011
111110000100001001
111011011110001111
111001000100110011
000001010001001000
000000111100101101
111100001000100010
111000001001110011
111110001010100000
000000111011101101
111010110101111111
000100101011011000
000001010101111101
000011000111110010
111100110011101101
000001110000000000
111110010010110000
111110010110011010
000001000100001001
000010101100001000
111011110111111100
111110111101101110
111111111011110111
111100110001110001
000010111001110001
111110110111011010
111111011010001010
000010011011110100
111101101011010101
111111000011001000
111111110001001011
000001010101001100
111011111111110001
000001001100100011
000001110001011000
111101110100010011
000000100100111000
000001100001000001
111100100100110011
111001111100101010
111111111011111011
000001001010111010
111101000000011010
111101110001101011
000001100001101000
111110101000010000
111101111011110010
111101010010011111
111110000111000110
000000011100010101
111111001001100011
000001000010101001
000000000011101000
111010010010001100
000000111101000101
000011110110011110
000100011001110011
111101001100010110
111111111101110001
000001011000001000
000010101101101111
000000000000000000
111010110100000110
111110110111010001
000000100111010101
000001101000011001
111100010111000001
000101011101000101
000010000011101011
000001001110011010
000010001010111010
000010100000110111
111111010010000001
111111011101000011
000011000111110101
000101000100110000
111110000011101011
111101000101000100
000000100111001100
111110100010111111
111111110001101110
000001111001100100
111111010011001010
111111010011100100
111110101110011111
000001000000100100
111100011111011000
111111111001100100
111110111101110111
000000011011101011
000011110100010111
000100001001100101
111110101110100010
111011101000010100
111111101000100110
000000100101010100
111111001010001111
000001101110101010
111001001100000000
000010000101101111
111001100111011010
111111101010001111
000011101110110000
111100011010000000
111100001100011001
111011110001011011
000010000011111110
111011101100100111
111111111001010101
000000010010111110
110111110111100110
000010000101000010
111011011001110000
000001110000110001
111111000111000111
000011000011010010
000010000111011100
000010011101110000
000110111100001110
000001110100010110
111101101000110100
111110011111100100
111110001100001000
111101000011010111
111110110011100000
111100100000000011
111100111100010101
111100111001110000
000101101001101101
000000000000110000
111111001011100111
000001010110001001
111010000011000110
000000111001100110
000110110011001001
111101100111011011
000000111110000111
111111100011100111
000000010101111010
111011000101100100
000001001111011010
000010101011001000
111111010111111001
111111111111001000
111100011011101100
111010111110001100
000011101010101111
111111011001001001
111101011110001010
111011010011111101
111111110110110110
000001101111101000
111110110011111101
111111000011000101
111110111010011010
111101010111110100
000100000011111011
111111100010111101
111110010010000010
000010011010110000
111000101010010100
111111010110100010
000011111101000110
000100000110111011
111110011101000000
111110110010111010
111100001100101011
000000101101010111
000010101010111101
000000000101111000
110010000111110101
111100000111000111
111111001110100000
000001011101110011
000010111001010011
000001010000110101
000011001011101001
111101001101101100
111110100000111011
000011001000001101
111100000011001000
111011011111101001
111100101101010101
000000110000011111
000010101101110101
000001000100001101
111011100000110001
111111101000011010
000001011001110000
000001111101001010
000000000010000001
111110100010111010
111111101001111000
111111111111111000
000100011000001010
111100101000001001
111111100001100101
111110100001100100
111111011011111110
111111011010001000
111100101000001001
000010001100110001
111000110100000111
000010100001000111
111101011011101011
111100110010101110
111110101100001100
000001110000101000
000000001001110000
111110101111001011
111101000100000010
111111011100110000
000010001100000011
000000010010010011
111110100001011111
000001001010110111
111100111001100111
000001111100001000
000010001110101010
111101001101101010
000001101001110100
111101111110110111
111110001110110001
111111110110111001
000000000110011110
111110011100110110
111111110001101111
111111000001000011
000000001000110001
000001101000101100
000000001001100111
000001000000000001
111110100001001101
000000001111001111
000001101111100011
000000011011000010
000010111111010111
111101000101111001
000000001101000101
000011001001000000
111110111111110101
000001101110100101
000010000101001110
000011111101010000
000010011110000010
111110010100100100
111101111001110100
000011111111010100
000101000100100011
111101110011011011
000001100111111001
000000100100111101
000001010110010010
000010100011010101
111111010000111001
000100100010100100
000010111011101001
111111010010110100
000000111000010101
000010110101001001
000001001000111010
000001110001010100
111001111000110110
111110010000111101
111111110010111111
000000101010110001
111011011001001011
111101010011101110
111111000110010011
000001111001100010
111101111111011001
111100011100110010
000010111101010100
000001100000010010
111111011010101111
000001111110000100
000100011110000100
111101001010010000
000110010111100010
000011011110111110
000000001111010011
111100101011011110
111110000001101000
000000110101000100
111111011000111000
000000011100110111
000000101011101101
000010000010000101
000101110100000011
000000000011110100
000000000011010110
111110101111101001
111110101111101101
111101100111000010
000011100110001010
000010100101010000
000000010110111110
111111111101001001
000010001101010100
000010011111011011
111110011110100110
000000000000100001
111101111010110011
000000101010001101
000001000001011010
000010011011010010
111100011010010010
000001011000111110
000100000011111111
000000001000101001
000001101100101110
111101000001101011
111011110101001110
111111010001100011
111101010001101111
000001000010010000
000010100011100101
111100100111110111
111111111000010101
111100001001100100
111110101001111010
000000011110110001
111111011011001000
000011000011010011
111110010010110011
111110111110001101
111101111011000000
111100100110100011
111100111111000000
111100011011010100
111110010110100110
000010011010111010
000000101001101001
000100110100000100
111011101011011000
000010110001111000
111011111011010000
111100010111101111
000100110110011010
000101001111010000
111010011101011000
111111010100110110
111010011100100011
111111010000001000
111111100111111000
111111100001111001
000000001000001110
111110111011101011
111111001110100000
000000110101110100
111111010101101010
000101000010101101
111001101001110110
000100000011110111
000011111101101011
111011100111010001
000100111100011000
111110111111000100
111100001101110001
111100110001011111
111100111010100000
111110010100000011
000000111010011010
111011111111111111
111000101111011100
111011101110001010
111010010010000101
111011101110000010
000010110010011111
111111100011110010
000100011101110110
000000000001110111
111100001101110110
000001110101111110
111100100000110100
000010001001000110
111110111011111101
111110100010111010
000000000100000101
000010000100010001
111011110101101111
111111110101110111
111100001100010011
000000000111000010
111101111001000001
111101011000101101
000000111110011010
111101011000010011
111111100101100100
000000101011001001
111010010000000100
111001110101111010
111110100110001100
111101100110111100
111100110110101010
111100111110010011
000001100101000101
000001110111000100
111111000001111001
111110110110011000
111101110110011110
111110011000111001
000000011001101001
111100001101010000
000011000110101000
111110010001000000
111010011111100001
111101010011100000
111101101101000011
111101011001000010
000000111010010110
111011100111001010
000010101010100000
000001011100011001
111110001000101001
111100110010111001
000001000000110111
111110001111110011
111111101011100011
000010001101010101
111110001111011101
000000111011111101
000001001001000000
111011001111101011
111111100111110101
000000010001010110
111100101100010001
000010100101100000
111111101100101011
000010111101100100
000001111100011100
000010101011100001
000001111110110111
111111111000011111
111101110100100001
111110100000100100
000001100001111100
111010000111010111
111111011101010001
000011011010111010
111110001100101011
111110000100011000
111100010101011101
000000101111110100
000001111101011010
111100100111011010
111100110100101111
111101011101110000
000001100110100110
000010011010100110
000001011010011110
111101001111010011
000011000110011100
111111001101001001
111100110101101000
000011011101100000
111011001110010011
000000011000000011
111110011100011000
111101011001101001
000001100100110111
000010101100010011
000001011000110110
111101011000011011
000010001101010010
111110111100001001
000000011001000101
000011001110000101
111100101001000011
111100100000000010
111111010011101100
000000011110100111
000011010011000011
111110001011011001
111110100000100011
111111110010101111
000000000000000111
000000100000011001
111111111000001101
000100011101110001
111010111010011010
000001110001100100
111111110010110000
111101101111011110
000001011001100000
000001101110101101
111110010000110100
000001101101010110
111011111001101110
111111101110010001
111100001111111011
000000010111111111
111110110100100110
111101101110110001
111111001001101100
111110011111101010
000001010010001000
111101011010010000
111100111110111011
000001001111101100
000010000110110001
111100100000111001
000001101100111011
111101001010101010
000010111011110000
000000011110101011
111011110000001101
000001111011011100
111101101101110011
111111110000100101
111101110001101010
111100100101000101
111111110010100111
111111101000001001
000010011010011111
000011001000110010
111101101100100011
111111011100000111
111101001111000011
111111000001010111
111101111100101100
000100000000001101
111110110101100000
000011001110000010
111100100001001011
111001111111101101
111111000001111110
111101110000111110
000000101110100100
000000101001011111
111110101000001100
000001101111010110
111110001000110101
111101111100001110
111010111001011001
111011100001001011
111101101101101110
000000101101010101
000010000111111111
000000111110100001
000000101000100100
111100110001111110
111110110100011001
000000110100001011
000001111111010001
000010010011011110
111110110010011110
000010110101001100
000011110001011110
111110110101101100
111011010011110110
000010001000101100
111110001000110111
111100001000001111
111100000111100111
111111101101010000
000001010000011100
000100110110001011
111110000111010011
000000100010100111
000011111101011011
111011001111011100
000000100110011101
111011111110000111
111110111001100010
111100010010110100
111110011101010011
111111111011101101
111101100100001010
111101101011010000
000001001011110010
000010101001111010
000000101100011001
111100110010101001
111110101110110001
000000101011010110
000000001010000110
000001100100101111
000001100011100101
111111111010001100
111111101111011110
000000100011011110
111110111000010101
111110110111111110
000000010101111110
000001100100100011
000001111011010011
000000100110100011
111100101000101101
111111001110000001
111100011101010100
111110111100111000
111111110101101111
111101100001110010
000010100000111111
000000101001101111
111111110110100110
111110101010110000
111111000010110011
000010110010110100
111111101111110101
111100111111101010
000001101010011101
111111101000100100
000001011000000100
000000100110101011
000001110000110110
111011010101100000
111110010001010101
111110110010001010
000010101101001111
111111001000111001
111001011100101111
000000110110111011
111110001101110000
111111011101011111
000000001000101100
111111100000011001
000010010001011001
000001011000100111
000001000000101101
111011100100101011
000000000110100000
111011001100110001
111110111110001111
000000011000001110
000010010111111000
111101000100000010
111100001001111001
000000000100000011
111011001110111111
000011000101111100
111111000010011010
111110101001100111
000010010001001000
000010000010111101
000010001100001101
111010011100000000
111101011111100001
111010100100000010
111101001110001000
000001000110100100
000001101100100111
000001100001010010
111111110010000010
000001010000111110
111011101010011001
111111001000101100
000000000000101111
111110110101111011
000011111110101110
111111111011100000
000010100100011010
111111010000011010
111110111101100001
000010100011110101
111011110011001101
000000011011111110
000001111110011100
111101000110001101
000001111110111011
111100110110001011
111001011011100001
111111110000010110
000000010010001110
000001000111101010
111101000100010111
000001111010001011
000011111010001110
111101100110101000
000000010001111011
111101000011111101
111101100011110100
111100011100011111
111111011111100111
111110000100111001
111111011110101010
111110000101100011
111001101111110001
000001011100010000
000010100001101010
000000000100010001
111101101101110000
000101010101101010
000011001100100011
000000101111001011
111111110101011010
000011010011001101
000011010001111011
111011011000001110
111110100010000010
111101011101111010
111100100100001011
000011001000101001
111101110001100010
111110010010110111
000011010110011100
111100111010000010
111101011000001100
111111011010000000
000001001010010110
000010101011010101
000000010110010110
111110011100011001
111110001110011001
000001110000000101
111100101101100001
000000110000110011
000100111111111101
111110100101010111
111100010000101010
000010001110000101
000000001100011100
000000110111111101
110101000000001000
111101100110101010
111111011010111110
000100000111101011
000010011011101000
111110010000001011
000011101001110110
000000100000011100
000000100110001101
111111111111001111
111101111101011010
111111101110100101
111111011110111101
111101111111101010
111110110010001000
111110111111011101
000000001010110100
000000101011010001
000001000011100101
000001011011111011
111101000100101000
000011000110111101
000010011110011101
111101011011100011
000100101111111000
000000101001011011
000001101000110110
000001110100000101
000010010110100010
000001110101011010
111101110110011010
111111010011001111
111011110001111110
000011011001101010
111100000000001001
000001100000110111
111111010111110000
000000001101100100
000100001001010101
000010101100100011
000010101011011110
111111001100010101
111101001101110000
000011001110100110
000001000100100101
111101110010100110
111110111000101010
000001101101011000
111101011100111110
000001010001111100
111111001011001001
000001011111011111
000101010001011110
000000101010011101
111110000011100110
111111000000110000
111111010110001100
111010111110010101
111010111100001000
000000011011100110
111101110101011001
000011011011000011
000100101101000101
000001110000010001
111111001101010011
111111010100010011
111110110011000000
000111001111100111
000001100001011110
111110100110111100
111001100101100110
111100010001110101
111111001110110110
111101111000001101
000000100111001000
000000110011011011
000000101011101000
000011000001110011
000100001111010100
000001101010001011
111000110011011101
111111111000001100
000001000000000110
000010111001101101
111100100010011010
111101000010011110
000000111111110010
111100010001010110
000010010001110101
111101011011101000
111110001110000111
000001000010001100
000000000111011000
111101111110111111
111110111010011111
000011100000000111
111101110011010010
000000111011010010
111111111011011100
111110101001101100
000010101111011000
000001101010111011
111100001100000000
111111110011001100
000001000000110011
111110100100010010
000010011011000100
111101111111101000
000000100111101001
000001100101000101
111111001011001101
111100100110101010
000001100110111111
000001001101010110
000001011101101001
000000110001110000
000001011110011110
000010101011111111
111111000010001010
000001010100000101
000001111101011111
111110110101110101
000001110111111001
111100000010110101
000001001011011000
000100001000100101
111101100101001000
000000101100011110
000000101111001110
111101110101000000
000001001111101111
000001010111000011
111100011101010111
111111000011101110
000011110110110110
111111111110101100
000001110000101011
111110100101111001
000100000101010000
000001010100001010
111111000010000101
111111100110010001
111110010010001110
000010011111001000
000000101011111110
111011110011000000
111111101100101101
111110110001100110
111111101011111000
000001111100011110
111001010001101010
000011001110011101
000000111100010111
111011001100001111
000100001101001110
000000000010111011
111100100010010110
111110010100011111
111101101001001101
000000001011110100
111101010111101110
000000100001010000
111100110010110001
111110000011100110
111111010110010101
000010000010101010
111111100010100010
111110011001101010
000010011100100010
111111110101010110
000000000101010010
000011101000100111
111110110001111010
000000100010100110
111111010111110110
000000010011010001
111110010101110111
111110000010001100
000010101100000111
000000100001001001
111100100101000100
111111000101111111
111100100001011101
111100011101100001
111101001000110100
000010110000101100
111011100011010010
000000011110010010
111110111100110010
000001010000110000
111100110010011101
000001010001101011
000100011100010011
000000001111101101
000001011100010011
000000111110101111
111110011110110010
000000010011001111
111000101111111000
111111100110010010
000101000001000110
111110011110111110
000001010110101101
000001001001100100
000011011100011000
111111011001110001
111001111001001101
111111010111111111
000100010110101001
111100000111001100
000000100101000000
000001110101101011
000001111111011110
000011011011111001
111101010110101111
000100011111010001
111111100010010110
111111010110100111
000100010001110101
111101000110110101
110111011110011000
000011101101110100
111011000100011011
111010001110010111
000011000011100100
111100000010010110
111010110010111011
000001010000010111
111110101010110110
111000011110001110
000100100001101100
111111001001100010
000010000010101101
111111011011100101
111101111000111110
000001010010011000
000001000100011010
111110011100101001
000010001111000101
111100010011001100
111100101001101000
111101111000000101
000000111011001010
000001001110111100
111111110100101110
111111111010110101
111111110000001011
111111111000011000
111110100101101011
000000001001010101
111100111101011100
000001101101000011
000000000100000101
000001000110100101
000001101111101110
000010010000110101
111111011001011011
000001001000100001
000000101111011101
111110101100010011
000001001000100000
000011111000111010
000001101110101101
000001100000101011
000100010000101110
111000001000111111
000011010010000001
000100001011011101
111100001011110001
111100000101110001
000000100101011110
111110101010010000
111111101000100101
111100100111101100
111101111011000000
111100010010110100
000000010101110101
111010100110011011
111100011000100000
000010101110001000
111110101011110000
000001000000110101
000001110011100001
111011001110010101
111011111000101000
000010100000100101
111101000011100000
000000101110111000
000000100001001011
000000101001010100
111111001001100101
000010010101010010
000010111011110101
000001101001010001
111101001000001000
000000110101101011
111110001010001111
000000110010100001
000001100111101001
000010100111101111
000001110111100011
111101111010111110
111110111000100000
000000110100001111
000010100100011000
111001110011110100
000010010001011111
111101110001010100
000100110111110001
111111111011001011
000010001010110110
000010000001001000
000100000000000110
111100110011101000
000100010100110010
000001111000001100
111010001110001100
111001011011100000
110101000010101100
111110001111101001
111101110101011010
111101100000101010
111011011100011000
000001011110010101
111111110100111100
111111011100101110
111111100001011010
111100011100001101
111101011111101100
000000111111010100
111101100001100100
000010011011100110
000001101010000110
000011101001001001
000010100000110101
111111110000000101
111111001001000111
111101111110101100
111110010110111010
000000010110100110
000101001100011110
000011001111111011
000001001111110010
111111001100001011
000001110110000011
111101001100110101
111101011110011001
111100100100110010
111101001010000111
111111100101000000
000001100001000010
111101000000111011
111101101111101000
000010110000010110
111111011000001001
111111001000101111
111110010111100110
111100011100111111
111110101111100101
111100011110010101
111111110110000101
111110111011100111
000010111000110011
000010011101110000
000000110010010111
111101001111101111
111101111101100011
111011111111100111
111101010100000100
000010010110011111
000100010110101000
000000000011100101
111100100010110001
111101100001111101
000001000000100111
111110010101111111
000001110001110100
000010101100011100
111001111000000111
000000101011111011
111100110110101111
111110010010100100
111110111000001100
000001111111100010
111110100010111001
000000000010110011
000010001110101011
000110100110010010
000000001101100010
000000101111111100
111110111001100000
111111011101110101
111111000000010100
111011111011010110
111101100000011010
111111010010000010
000000100001110100
111010111101001100
000001001111001001
111101101011111111
000000110011001110
111101111011001101
000001001011011101
111111101011100100
111111010001101001
000000001111100100
111101110011011110
111101100010111110
111111111111100010
000011111110110000
000010000000011101
000000010010100111
111101111110000101
111101011110001001
000000001100011101
000001111010101111
000010110001100110
111100110110001000
111101110111001000
000010010000100111
000000000011110110
111101111110101110
111111000010010011
111011100110111010
000101111001110010
000011111010001110
111101101110110100
000011000100101001
000000110100000101
000000110010000011
000001101110111010
111111100001100111
000010011011110011
111110110001000010
000011000100001111
000001101111011101
000010110111011111
000010100110000110
111111110001000001
000000100001101111
000000010000111001
000100110110000100
111010100000101110
000000101011010100
000000101011001000
000000100101111011
111010001010101100
111101011001110100
000010010110111010
111100111000010110
111001101010110010
000101010101000010
111110110111010110
111011101010001100
000001001100010010
111100001111111010
111110111101011011
111011000000010001
111110010010011110
000000000001010001
000000101100001000
111010100110100111
111011001000101111
111111110100101110
111000000000000101
111100100111101110
111011001010101000
111000001010100001
111110010011011000
111001010111010000
111001011010001101
000011101110000100
111011111011111101
000011011101001000
111110010110110100
111110100010000100
000010011100111110
000101011111110101
111010110110110111
111001001100000010
111111010101110110
111110011100100111
111101110000100010
001000010001010000
111100001111000111
111100011111110001
111010111100001111
000011111111001111
111111111100111010
000011011100101010
000001000000001110
000010101001100101
000111010101101111
000010011001101110
111111001011100101
111111101100011010
000000000010111001
111111000111001001
111111101000101001
111101111010000010
000010011101011000
000001100101001011
000100000111001001
111101010000010101
111110001000101001
111111011011110011
111100110100101010
111100000010110010
111111101000000111
111101011010010010
000101000000011110
111111010111101010
111111001010110111
111110011011101011
111101110001101111
111010111010010010
111011000110111001
000001101100111101
000010101111100110
000000000011000110
111100101101101000
000001011100101110
000001101111111110
111110110100010011
000010001010110101
111110101010100110
111101001100110000
000010101011101001
111110010010111000
111111111100110101
111110000110101011
000010100101000111
111110010010010111
111111000010100000
000011100001011110
000001000000011000
111110001010001011
000001110000001101
000001101101101010
111110110111000001
000000011011001010
000000010101100111
111110001000011110
111101100011010100
000001000111001101
111101001001001011
111101001111111100
111111110110100101
111101101000101100
000001100011000001
111111010100010000
111111111100000010
111110111111011111
111111011110011010
111100101110100101
000100111100110000
000000011000100101
111111101000000000
000001001100001111
000001011000010000
111011011001101010
111111111000000000
111100111111110111
000001001000110100
000000101101011001
000001010000100011
111111111000010010
111100110000010000
000010101010010110
111010110000111001
111011101111111101
111110111000011010
000010101100001100
111111100001111011
000001111100111011
111101110100101101
111101001011001110
000101001011010111
000011101100100111
001001101111011001
000101000011110111
000000111100111011
111011100011000101
111011010010000011
000011110100000001
000010111010010110
111111100001110110
000000110111011101
000011111010111110
111111001011101111
111111001100100011
000010010000000000
111110101000001001
111100001100110010
000000101110000010
111110111111110100
111111011011010101
111110101010001010
111111100000000101
000000010111111011
111101011001101101
111100111001110010
000011000011110100
111110111111100000
111110111100010011
000000111011011111
000011110101001011
111110110100101010
111111000100101101
000000111111110111
111101101001100011
000011110011000100
111111011001100000
111111010110011010
000010001001111000
000001111010100110
000011011001001111
000010101010001111
111110100101100110
000000111110001110
000000000000001111
111111111010100010
111110100000110100
111100000101111110
111111000101110100
111111111001001110
111100100110001010
000010110000001100
111110001101000010
111101101000100111
111110011100010110
111100010011100100
000000010011100000
111100110010000001
000011100101101111
000001011111000110
000000001000111010
111110101111010100
111111110010100111
000000000101011101
111101101001111000
111111001101001000
000001101101000101
000000001101000010
111111001000001010
000100010001000011
111110010011010000
111111100110100110
111100111000010000
111100110010001000
111100000100001111
111100001011111010
000101000011010110
111011100000100011
000000011100011100
000010000101101110
000011010100000101
111100000100110100
000001110111010010
000000001101001110
000010101010001110
111111101101101010
000000001101100001
000000011001011010
000000000010111000
111111010001001101
000110011111001111
111111111001001100
000010101100001110
111111010001000001
111011010101001000
110110100011011000
000011111010001000
000000001110000101
111100000101010001
000011100001101010
111100111011101101
110111110001010011
000000110010011110
111011011011000111
000000110001101110
111110000110110001
111110100001010110
111110000000111100
000011101111001101
111011000000111011
110111011111110111
000000001001011011
000001100010010101
000001000111011010
000001100011111110
000001000010110101
000011100011110010
000010101010111100
000000010111101100
000010011000011110
111001111100100110
111100101001111101
000010011111000001
111100101001111111
111101111111110001
111100101011000111
000000100100011001
111011110111001111
000001000010101101
111011111111111000
111101011001011010
111011110001111011
111111010000110001
111110101010000100
001000110111011001
000010101010001111
000000110110111110
111110100100101000
000010000110011001
000001100110110111
000001001010010010
000010100100000110
000000101010010000
111110110000100011
111101010000011100
111101010010001110
111111111100011011
000000101011010101
000000110001100101
000000100010110010
000000011100011011
000000000001110110
111111000011001001
000000000111000000
111110001001000111
111111111010111010
111111111100101001
111101001010100101
111011101011101101
000011101011000010
000000111111101011
111101001111000000
000010000010101110
111101111110111111
000011111110001101
000010110111101011
000000000011010100
111101101000100100
000101010111000100
000011011110111000
000001001011111010
111111000000010000
111110001100010010
000010111001110000
000001010010100110
111111100101100010
111111011100010000
111101001000100111
111010001110111101
111100101001010111
000001100111101011
000010010001001101
000011000100000001
111101111011001010
111100111100011011
111111010111000111
111101110111001110
111100010101011011
111111001001101111
111110101101100001
111101000000100000
000001110110010011
000001110010110010
111101001110001101
000011011111100011
111100110001111001
000001011001111111
000010111010001001
111100100010011110
111011111011111011
111010101011011010
000001101101100000
000010010111111111
111001010101001001
000010111100110101
000010101011010001
111101010101111111
111101010111110001
000000011011000000
111101001011101101
000010000110010000
000000101111101110
000000100111110010
000000110110100110
111111001000010100
000010000011101010
111111101101001111
111110001010110001
111111001001101111
000001010101001101
000010100001110111
111111011011011101
111101000100110010
111101111111011111
111001101100110111
000011110001000110
000000101011000011
111101011100010101
111111101111001010
111101001100010001
000011110100111100
111011000110011011
111111011100000101
000001011111000101
000011001000100101
111111110000100010
000000000010011000
000000100101001101
000000101110010011
111111101100010110
111100111100011101
111110001000011111
111111011011010000
111111110000101001
000001010111001100
111101101011000101
111111101010000101
111111010101011111
111100101110011110
000000100000100101
111100101000110111
111100001100101111
111101010000011001
111110001100100111
111111011101101000
000010111100111100
111110001010101010
000001111101010001
000000000001100011
111110001000100010
111111010100111011
111100011110001010
000001001111110101
111110000010011101
111111111111001011
000001101100011001
111111101010101100
111111111111000000
000000011100010011
000010100010000100
111100011000011011
000010100011001011
000000101101110100
111101011011100100
000011001100100110
111101111101001001
000000011111011101
111110001111101001
000000110011111100
111101001101110100
000010000010011011
111111011100010101
111101010101101101
111100111100101010
000001010101011110
111000111001011110
000010000011011111
000001001101111010
000001100110011100
111110100110101100
111111101010001011
111110001101110111
111100001110111001
000000000100000011
000010001001100110
111010101111001001
000100101111111000
000011010001011011
111111101100110110
000001000001010000
000000111101100010
000000011011111100
000010100100000110
111110000110011011
111100111011010110
000100010010111010
000001110101011110
000011101100000110
111110010001000001
111100100110011111
111111110010101001
111111111110110010
111111110000010101
000000111111000001
111001011000100100
111100101100100010
000010111101001110
111110110101101110
000010011110101010
111111110010111010
111110110000011110
000010100011001100
111111101001111101
111010100101001000
000011111100101010
000010111011010111
000000000000110101
111011111100011001
000100100001011010
111001100100001000
000011101011011000
000000011000100111
000001001000010001
000011100111011110
000001000001011100
000000100110111011
111000101001010101
000010000111011100
111011101100010101
000000010110000101
000011100000110000
111001000101011010
000000100011001100
111111000000010000
111110111101110001
111001110000101010
111111100000100110
111111011100100101
000100101100001100
111101000100110000
000010110110011101
000000010000010111
111111010010000111
000001011000000010
000110110111100011
111101001011001001
000110110001000011
000001001001001000
111011001100111111
111110010100001010
000010011101110100
111111110110101011
000000110000110110
111111000110011010
111001011111101101
000010010100011111
000000100101100010
000010011000111111
111101101101011101
000010110100010011
111011101010110111
111111011101001110
000000111111101001
111110000110110100
111110010001011010
111010111000010000
111111000100010101
111111101111110111
000001101010000101
111101101011010000
111110110011000111
000000011101000101
111110011000110100
000100010111010011
111110011010100001
111110001011101010
000010000001000110
111011110101001001
000101011011010010
000100101111001111
000011000111001010
111100101111110011
000010001110100001
111110100011110101
000000000101010110
111111100010010000
000000001111111101
111110111010011001
000010001010011101
111101000101110010
111111110101110101
111110001111110111
111101100010100001
111110110100000111
111110100111110110
111111011100000111
111111101100000010
111100010100111010
000000110101111001
111110110010001110
111100101101100110
111100010100110000
000010100101101110
111101100001101101
111111001000110000
111111100111111010
000000100100100001
000010110101001001
111101100101101010
111111101001010100
000100101000001101
000010000001001011
000000111100000000
000000010000111001
111100001000100001
000000001111111111
000000000101101010
000101111101101010
111100110000101110
000010000101011100
000000000010001110
111110001100100010
000000010011100101
111011101010001100
111100110110100001
000000110001000100
000010000110100110
111111010010010100
000000100101111101
111111110000100010
000001010010101100
000000010111011000
111010110011010000
111111000110011001
000001110001001111
111111110111001010
111110010101010001
000011010011010010
111101101000010100
111110110011100000
000001110001111101
000001001000110110
111111101000101011
000100111110110010
111110010010110110
111100001110100011
000000000101001000
000000001101110110
111111110110100101
111111101111100000
111101100011011111
000000111101001001
111111000101110011
111101101001101000
000011100110101111
000000111100001011
000000011110010010
000100010010100001
000001001101111100
111110000111110001
000000001000100110
111111001011011010
111011011000010011
111101010011000101
111110001000001010
111110001101100001
000000000101110001
111110011100101001
000010010001011000
111111011011001001
000000010001111100
111101111110101011
111111001001110101
000010100001110100
111110100111101000
000001110000111101
111111011100001010
111111101010110010
000001010111101100
000001111100000000
111110110001111000
111111101100111110
111110100010011110
000000001110001010
111101100000010011
000001000110101111
111110001101010011
000011011001100110
000000111100100100
000011110001111111
000100001101100101
000100010011100010
000011010100111001
111011001100101100
111110100100100111
111111100111010010
111101110001010111
111011111110111001
111111011111010001
000000001101011111
000110010100000111
000100010000010111
111011010111010110
000000101001001011
111111010100100011
000100110010111001
000000001100111000
000001000011010000
111100111110000111
111101001010101010
111110000001001010
000010100000000101
111111110110010111
111110110100011100
111111110000101010
000001000001101110
000011111010010010
111101001001101101
111110110000101100
111101110110100000
000010010010011001
111110101100100111
111111001110111010
000011000010111011
111101111100010001
111101001110111000
000000100100001010
000000011101010001
111011100101001101
000001011001000110
111101001001000011
111111011000100000
000100011111100000
000001000110110001
110111011110000111
111101100110111111
111110111011101011
111101001001100110
000010100101010101
000001111101010000
111100100010010110
111101100111000010
000000010111100100
111100001111001001
000010101010011100
111100110000111001
000010100101011110
111101101111000001
111111111101010111
000001000010100001
111111011100000110
000000010111010011
111111100001010111
111101010110000000
000010101111011010
111110001010100001
111110111010000100
111101110011000010
000000010001011111
000010010000010100
000001110111011110
111110001100001101
111111010010010010
000101110001110001
111100110010111111
000000100000011101
111100100001011100
111101100001010101
111110010111011010
111101100000101001
000000100110111001
000001010110000011
111110010100101001
111111000011000101
000000000000001010
000010000111101101
000001000000010110
111111000111010100
111101110011101010
111110000011110100
111101010101110101
000010011110001110
000000010111110000
111000100011111100
111100010110100001
000001111111110011
000000001100111110
000001110011000111
111101000110010011
000010010011010110
000010001110110001
111011101001110101
111111010110111111
000001101110110111
111010011101111111
111110100111100001
111110010111111101
111100111000101011
111111110001001000
111100110001110010
000001010000000100
000001001010010010
111100101011110000
000001011011000100
000011000000110010
000010101001101000
111100110100111001
111110001100001000
000010011011001011
000010010010100110
111101110011100111
000001101101101111
000100111000010110
000010100011010101
000000011101001011
111011100000111001
000000100100110111
111101001011011010
000001101000101101
000001001000110100
111101110001011101
000001001101111001
111010101111000001
000000010001000000
110111011001100101
111101011111100110
111011100100100100
000000001010010001
111111011100000010
111111111100111010
000110101100010101
000001101001001011
111110011011110000
111101001001111101
111101101011110010
111110001000001110
111000011110111010
000000000000000000
111111110110100001
000000111000100001
111111001111100010
000011111101101110
111111110010010111
111001111101110001
111001000001010100
111100111110010001
000001001001110111
111001001011010001
000010110101010000
111101011100100100
000011100011011000
000010101011001111
110111100000010010
000101011110100010
000011111000000111
000000111011110100
000010110000000110
000000101010001110
111000111001010010
000000001110010101
111110110101101101
111001110101110111
000100000110111010
111011010000001100
111100101001100001
000011010100000111
111110010011110100
111111010010011110
000001110101111110
000010101101010010
111110100001111001
000000101100111101
111110101001110101
111101001111001000
111100001100110100
111100010110010001
111111010101110100
111101010011100111
111011111110100001
111101000000101011
111111100010010101
000001101001111111
000001000010101111
000000011111000000
111110110110001001
111100101111111011
111111100000110011
000001101010001001
111111011110010110
000000100110100101
111101010100110111
111101110010100110
111101010110001110
000000111101110001
111111001100111110
000010110011000110
000000101110111110
000001011110111001
111111011001101001
000000101101100101
111111011011010001
000000001000110100
111111100011100010
000000111101001011
000001110100100101
111101101000100100
111100111010111010
111110110110101001
111111100111100011
000010001011110100
000000101000101100
111100101010011101
111100001100000001
000000110011000000
111100111011001100
111110100000000111
000000100100011110
111110101010011000
000011001010101101
111101001011001010
111110111101000100
111110110100100001
111111010001000011
000100010001010100
000001101000010000
000000010001101111
000000000101100111
111111110101100111
000001010000110000
111101000011010110
000000101001010111
111111110110101110
111011011101011111
111101111000011101
111111111110000101
000101000000101111
111111100110101110
000101000001111100
000000110101110111
000000100000100010
111111110100110111
000000011001001100
111110011011111011
110111101110000000
111110001101000001
000000100111011011
000100100110001110
000000101011011111
111101011000110011
000100001111011101
000011110110010001
111010110001101100
000001000011110101
111011111011011111
111011111011011010
111100111001111101
111000001010001011
000001001001010100
111111000010011011
000010010111101010
111111001011001111
000001101100101000
111111000010101010
111101101100011111
111110001111110011
111111011001010011
111101010100110111
000010111100100100
111101010010011101
111100100101101100
000001011100000000
000001011010001111
000100010001101011
000000111001100011
000001011101111000
000001010010000011
111111111111011100
000000010100100000
000000100100000100
111110001011011110
111101011000110010
111101000101100010
000001001110011011
111011101011100101
000000000111010000
111111100101110000
111110100011111010
111100000111010101
000010101010110010
000010111011101111
000000100010010101
000101001000001000
111110011100111001
111110100010001111
111111101011011011
000001000100010001
000000011100100100
111110010011011011
111110101000011010
000001011001011100
000001110111010101
111100100111010101
000000101100000100
111111001101001110
000001110001100101
111110101100100001
111111010110101110
000000000010000011
000000100111011001
000000100111001110
111100010100110100
000010011010100101
000000010010000011
111010111001110011
111110001001011000
000000001111000010
111011001110111010
111011101010111101
111110011111000010
000000100010110110
111101100100110010
000001010101111001
111101000100010110
000010001111110000
111110111100001100
000011101100011100
111101000011110000
000011010110111110
000001110000000011
111111100011001110
000100010010001111
111011101011100011
000101010101110011
000011101011000100
111100101000110001
111100011000111010
111101100010111110
111100010011000101
111100100101001001
000001001101000100
000001011111000101
000000000001011100
000100001100001000
111110001111101100
111110100100000011
111101010000100010
111011100111111100
000011101110111101
000000110101110110
000000100100011111
111110000110110000
111100111110101101
111110100011100111
111101001000101010
000000110100111111
111100100100000011
111011111100101110
111101110011010100
000001001111000001
000000110110110010
111110010011111001
000011011001001110
111111000010110111
111110110000011100
111110111100010101
111111001101111010
111111101001101001
000010110101110111
000000110101101101
111111110111110101
111101100000101111
000000000100100000
000011001011000111
000000000100010010
000010110011101110
000000100111100000
000100101000111101
111010010010110001
111100100110001000
000011110011000110
111110001111111010
111111111010110101
000101000001001011
111011001010100111
111010010000000010
000010101101011011
000000000001011111
000000111000000111
111100010111101111
000100110111000111
000001000000000100
111111111111100111
000001010000001111
111110011001010010
111111011001010101
111010000100111100
111101110100101100
000011111001001000
000001010000100010
000000110011100001
111110010111001000
000000001110110011
111111000011111110
000011001001000010
111111100010000101
111101000101011111
111101011101000011
000000110000011101
110111011111111101
111110011010111001
111111001100000000
111110011111010001
111010001110011100
111111101111110000
000001110010101000
111111110111011101
111010111111110110
111101100110011010
111110101100001010
111011111011101001
111110011011000000
001000111111100011
000000100010111100
111110010110101010
111001101011001010
000001100101101111
000000010101100100
000011001001111001
111101011111010001
111110011101010110
000011101100000111
000001110001110001
000001101101100000
111100111001001000
111011110000011011
000010110011110000
111100110110111110
000010111010110011
000001111000100000
000010111100100001
000001001100001011
111110010110100011
000011101110010001
000001010101000100
000010100111001011
111111011100000110
000011011010000000
111100101110010010
111100110000011111
111110100100101111
000000100001110100
111101111110101001
111111101111110011
111100111000011001
111100000101111011
000000010100000000
000000001111001111
000010001100111011
111111001010000010
111111011111000110
111110001001101000
000001111111000011
000001011010001111
000001101110101100
000001110100011000
000010110100111110
111111001001010110
111111100010100001
000001001100100110
111111100101100111
000010010011011001
111101111000101000
000001101101010101
000010010011010111
000001011110001110
000100011001100101
111110110010010001
000000011011101111
111111011101100111
000000001001100111
111111001001111101
111111010111011100
111111010000001111
000010101001100010
111111101101111001
111111111010011000
111111000011000100
000011000101001000
000011000110101001
111101100110010101
111101011111100001
000011110100101110
111110011011000001
000010111111011111
111011110111101101
000001000110100010
000010111010101111
111110100010001101
111011101011111010
111110011010001111
111110010110011001
000000100110011110
000001001100000101
111110010011011110
000011111000011111
111100000100010100
111100111001000010
111101110010001101
111000100111000100
111101000001101101
111011101010000111
111100001001101001
000001011000110001
000000111111001010
111101101110100001
111110010110111111
000010010100000000
000011111101110100
000010001010001100
000000111011000011
111001100100100011
111011111111000010
000010001111000000
000000000110011110
000000010110010010
111111000111001011
000101000001110000
000011110111110001
111111100001010001
111111110000010010
000010100000010010
111101110011100101
111101100010011100
000011101010001111
111111111000100011
111110001000010011
111111100111100011
000000111001111111
000011010111000100
000001100100010000
000000010000100001
111101000101100000
000000100001010011
000010100001011111
000010001010011110
000101000111001111
000000100001011110
000000000101001110
111101010110011110
111111101100001011
000010100101101001
111100001010101111
000000110100011101
111101010111000101
000100111101001111
111101110010000010
000000011100001010
111110001000111110
000000100010010111
000010010110110101
111101010101010001
000000011010000110
111101001101000110
000001001110101001
111101100110100101
000001110011010100
111100111101000100
000001110010111100
000011000011010011
000001011100100110
000000100000001011
000011001101001100
111100110100100111
111110001101010111
000001101101110100
000000010111000011
111100100111011111
000000001110000100
000010011001011011
111011011100110111
111110110000001010
111101101110010000
111100110101101000
000001010111100011
111101001011001001
111101100000101100
000100010001111001
000010101011111100
111011010111000011
000001100000011111
111110111110101010
111010000000000110
000010110101101001
000001110010000000
000011110100000011
000010101100100110
111111001111101101
111011011010111100
000001110001100110
111101011111110101
111100111011011100
111101011100010110
111111010101001011
111011010001010011
111111001100110100
000101100001101110
111001111001011001
000010011001100001
000000011000101001
110100111000010101
000100000010100001
111110001011000111
111001110001010101
111101010100100110
111110010110101010
111111101000111110
000010000101110010
000010000101100110
000001111101011111
000000010000100100
111010101010010010
000100010101101111
000111000101110001
111010011110001010
111100100000000001
111100101101100011
000111001010110001
000010010010111110
000010010000101000
111011100100110000
000100010000011010
111101010110111101
111010000111101101
111111101101110111
111101100011101100
111111100010110000
000010001100111010
111101011111111011
111001010000110011
111011100100011001
000000011100100101
111010110111010011
111101110101100100
111110010001010000
000001011101100001
111110101100100001
111110000100001001
111010001100011000
000001011100101010
111111000100011011
000011011001011110
000011000101010101
000011000011111100
000001101101111100
111010110100001010
111111010000101011
111100110001100011
111011101011000011
111101101110110010
111011010000101001
111111001011101101
111110001110110110
111111000010101100
000100001000010011
111110000001101111
000000010101000101
000000100111000011
111110001011011110
111101101111100110
111100110110010100
000001101111011101
000000001111001110
000001101101011101
000011110101100110
111101100001011111
111111110111000101
111011010100001100
000001010101001101
000000011110000001
111111011111011010
111100110011101010
111110101010100000
000001111000001011
111111001000001010
000000101100011000
000000001110001010
111100011001000100
111110001001100110
000010001010011011
111101010011010011
111011101101001110
111111001101000001
111100110111100111
000010100011001101
111110010101010011
000010001100011010
111110111000101011
111101110001001001
000010011011000110
111111001110010000
111100100011001100
000001101001111001
000000100011010001
000001100101010110
111110011110110010
000000100000011101
111100111000100010
111110101001101101
000000110010101000
111101111001100110
111111101101001011
111111111110011101
111111110000010011
111111001100011100
111100000011011010
000000101001110111
111110111000101100
111000100011000010
000010011110000011
000010100111011001
111110111010110011
111110100110101100
000000100111111100
111111010001100001
000000111011111101
000001110111010010
000001100111011011
111110000110011011
000001010101001001
000001000111101100
000000110010111110
111101111110111001
000011101100110110
111100101111000011
111110011111011101
000000000001110011
111100100001110001
000001001011110111
111001001111010011
000010001001010110
000000111011101011
111110100001000000
000000101110110000
111110010001111100
000011100011111000
000010000001011011
000000111000001011
000011101011110010
000011000001001000
000000011011111011
111110110011010001
000001100011000100
000001000111001110
111111100100101110
111100011011100001
111110101101001010
000011011110010110
000010010100011101
000001000000111001
000100010111000001
000010001000111101
000001000001001110
000011100101001100
000001011110000000
000010101111101011
111111000110011100
000001110111100100
111100010010100001
111011111100001101
000001011100000101
111010111001010110
000001011111110001
000000011000101001
111111011001101001
000000101111011011
111011110001101100
000000100110100100
000010100111111100
111101110010000111
111111111110011001
000000000101101000
111100111011111100
111111011001111011
111110001010000011
000001000100001111
111101101010011111
000000111010100101
000001111011110111
000000111011011000
111110010110010101
111111101011101011
000011101101100101
111110111010010011
111101010001101100
000010000111101001
000010010101100010
111110011111100110
000001011100110101
000000110000100100
111011101110101011
111001111101100101
000001100111100111
111100001101010000
111100111111010010
111110000000100000
111011101001111001
111110000101000100
000000000010110111
000000101110001010
111100110011001010
000100010101011011
000000011010101100
000001000010101010
111111101010100001
000010011111101001
000011101110111000
000001110000100111
000000100011010101
111100111000100110
000001000011111101
111101110010001010
000000101100101111
111110100110101101
000001101101101100
000010001111101111
111100100001001101
000010101010011111
111101000110101010
000000010111111001
111101101000101001
000010101111000000
111110000001000011
000110110110001010
000001011100111001
111011000101110111
000001111101101011
000010110111101010
000010100101110010
111111000111110110
000010000100111110
111110110011100100
000000101001111001
000100000110010000
111100101001000010
000011110000111101
000010010010100010
111010111011101100
000001110110111011
111100111101011010
111101000000111010
111100101101111011
000011010010111100
111110010110000001
000011011100011011
111111001100011111
111000001000111100
111100110110100110
111110010011110110
000001100110000101
111110110011111111
111100000101101010
111111011100001111
000001110101111101
111111111000011111
000010110001011000
000000000001101100
000000000101010110
000101111011111010
000011101111110111
111100100010010110
000011010000011110
111100011101110111
111101101101000001
111100101111001111
000001100010110000
111011011101011110
000001110010000100
000001111010110010
111001011110110001
000001000001010010
000000111100101011
000001110110111000
000000000001001110
000011011010100010
000001010101110101
000001110010101110
111111110110011110
111111010011010000
111111000011011001
111010100000100011
111011100111001010
000011111011010101
000000010010111001
111111100110001000
111111101111110100
111101011001110010
111110011100111010
000011000111110100
111111101100111001
111101101011111001
111100001110011010
000000110110001011
111110101001110000
000011010101001001
111100111001111000
111110111110000000
111100011101010001
111111101101110101
000011111010011100
000001110011110011
111101110000010011
000001110101101110
111111010111001100
111100000101100111
111101001110010101
000001011011110000
000000000110111100
000011010101011000
111110100001101110
000100010011010101
000010010011011110
111101010010111001
000000011110111010
000000100110100001
111111010111110011
111110000010110101
111111000100011010
111010110110010010
111100101111110111
000010110011110111
111011000010101100
000011001100000111
111111111000110101
111110010000010010
000010110010001101
111110011110111010
111101110010110111
111100000101100110
111011111111100110
000000111011001001
111101001010011101
000010011111111011
111111111110111011
000000010111010111
111110111101100001
000010001110010001
111100000110111100
000001000000100010
000001001001111000
111111110000110101
111101010011010001
000100101010001100
111110011000000111
000011000000101101
000010000111001100
111111101100011110
111100011101101111
111111001011001011
111101000011111100
111011100111100111
000001101100100011
000001000111111111
111100111110111101
000100110000001100
111100100101000010
000010000110101010
111110011001001000
111110000101101011
000001010001100111
111100100010000100
000011010010001110
000001111000101000
000100010010001110
111111110110101001
111111101000011001
111111101001111011
000101100011000000
000000010111010011
111101111111110100
111101100001100000
111101001111010000
000100000110111010
111101101111001001
000011000011100011
111110110110101001
000000011011011000
000001000000001011
111111110011101000
111100110001000000
111111000100100000
111101100101010110
000010110111100101
000000100001111010
111111110000110111
111110010011100101
111100110111010010
000000011000011110
000001010101111010
111110010101100110
111110011111000100
000011100110011010
111101001000111010
000010110000010010
000100100110111111
111110111000001101
111010111000011110
111011010001101110
111110111111010110
111101010000011100
000010101001111100
110111000100001111
000101000011010100
000001100101011011
000001110111111100
000001000101001011
000001010100100001
000101011111000000
111101101011101010
111111000101100011
111100001111001010
111100000011111011
111100010111000000
111010111100100000
000011111101101001
000101101100011111
000000111100110011
110101111110101001
000011100010000000
000001111111110000
000101101101110010
111110110100001110
111110011101110101
111000011110111100
000001000110011101
000000001111111010
000000001010100111
111100011101010011
111101100011010000
111100000001011110
000011011101110001
111111001100110010
111110001110011101
111011011010101111
000010001000001000
111101001000101011
111110010000001111
111101100011100011
000001100000101010
111110100101000010
111101000000000101
111100100010010100
111111000100111000
111100011001110111
111111110010001010
111110100101110000
111111000001111101
000101011001101110
000010001011101101
111100011010100001
000000110011111010
111110100001110111
000001001001111001
000001011001011001
111110101011101100
111101011110101111
000001100000111110
000010111001000110
000001110001100011
111101010001111111
111110011110110001
000000010000010111
000000001011100101
000011111111010001
111101011100101001
000010010111100011
111111100011100101
111111110010001001
000011100000101110
000010100001101100
000010101101001100
111011111110110010
111011111000000000
000011100001101100
000010011010101111
000010000000101010
111100011001100111
111101100000110011
000010100110111010
111101010000111100
111110100001001100
111010011000001110
111100100100101111
111111100101110010
111110110011011011
000010100001011010
111110101000110010
111111010101111111
111111011000111111
000011011011101001
000011101100100101
000101001101000100
111111000011110010
111101000101101110
111111101110101011
111110000111100100
000001010001111101
000000110101010111
110111101010001111
111111011100111101
000000111001110011
000000001000001101
111100101101111010
111010011100011111
000001000100001010
000000010100110000
111011110101110111
000001101101010100
111111001100010001
110110011110010100
111111001101010010
111010101101000000
111111111101001100
111111101101000011
111011111111111000
000010001000110010
111110111101111010
111100101010010001
000010100110110001
000001011111111101
000010111001010011
111101010110110010
000000001011111110
000000100110111011
000111001000010111
000000110101010110
111111000001010001
000001001001111011
111110101101010001
111101110111011001
000010101100001101
000101000000011001
111111000110010001
000110001100001101
111110111010011111
111011101101001001
000001101001011010
111100010111000101
111100010011011110
110111100001010101
111111011100100101
111101000101011101
111111101001101001
000001100010001000
111111111000000111
000001001101111000
000001001101001100
000000110101110110
111100100010011100
000001100001011111
000010101001001111
111001011100011001
000100000110101000
000010110111101101
000010011100101011
000000000001000001
000011101010100100
111110000101100001
111101110110111010
111110001000110000
111110001001010010
000000001100011001
111001001000011110
111101001100010100
111111111100000101
000010010110100111
000000000001011000
111010001110000010
000110111100001000
111101011001110010
111100001011111010
000000010110000111
111011111001101010
111001110111110010
000001100011010100
111000010111011100
111010101110001011
000010101110000000
111110111101100001
111110100111111110
000101101000011100
000000000010011010
000001000011110100
111110110011100110
111111001010011001
000001010001101111
111110101110110110
000100010001111011
000001011101100100
000001000110100110
000001111101010000
000000110010101010
111110100000000010
111101001101100101
000001111110001010
111110010101111101
000011111000000011
111100100100110010
000001101011001010
111111001000101110
000000001001011011
111110000111110000
111110101101110001
000000000110010000
000000110010101001
000000001011010000
111011011001110011
000000100110111010
000010000011011100
000001101110000101
111101011000001101
111110001101011001
000010011000101110
111100100001100100
111110011001010011
111100101010011110
111101010111110110
000101000110011101
111111100110101100
000010011101000000
111100011001000001
111100111100010100
111101001010001100
000010000110110100
111101111110011111
111100000100111011
111110011110000010
000000111101001101
111101101011110111
111101010100011100
111100110011010000
111100110001011000
000000101001000011
000010000101100101
000001100000100010
111010100001000000
000000100101011111
000000101111110000
000001000101000010
111101100110110100
000010011010010010
111101000100101110
111101100000001110
111111110000100011
111101011010001110
111111101111001111
111110101101101001
111101101110111011
000000100111100010
000000011001111100
000011000111000010
000001001010000101
000001101111010101
111100010101101010
111101110110110011
000010010011010000
000001010011111111
000000000000110011
111000100111010110
111111100101000111
000001010000110000
000001011000010000
000001011110011100
111001110011110100
000001010001001011
111101100010000101
110101111100011100
111111111010001010
000000001011001011
111001011111000101
110111010000001100
111010111111010001
000001010101011001
000010101100110100
000011100010001100
111100101001011101
000000011111010001
111111011111001111
111101010100000011
000000011011011000
111101110001000111
000000110001011000
000110010010001101
111100010000110111
111001010001000001
111111001110010011
000011001101001000
000010101110011001
000001001011101111
111011100011001000
111101111000111010
000001001010010101
111110001111010101
000000100110000111
000100101100010101
111100011111010000
000000101101110111
000011011100101010
111111000011100100
000001000101001101
000010111000111110
111100101111111001
000001000100100100
000011001000101111
111110001100000101
000001010010011111
111110111011110011
000010000101010101
111111110000010111
000011110101111101
111111101001101001
000001110100100110
111100101001110001
111011101100011010
000010110111010011
111110100100000100
111010010010101001
111111111110110001
000010010100111100
000001010101101000
111011101111100010
000000111011010000
000000101101100010
000010001011111101
000001100000001111
111100110111010010
000010100110111110
000100110101110011
111011100010101010
111100110000011001
000100010111111101
111011011111010010
111010011011110011
000010001001110001
111100111001000100
000000110101100101
000100000100011010
111000001100011111
000011111101000001
000001001110001100
111111110100000010
111100111011001100
111111101000101000
000001001000010110
111110011100100101
111110010101110110
111101010000011001
000001101001001011
000011011001101110
111110110100011100
111101100101000100
111111001000100100
000001101010100101
000010001010000011
000000001010001010
000010011111001100
111100011011001111
000100101001010110
111111010000010110
111100010111011001
000000000100100011
111010110011111010
000011001001011001
110110010011000011
111110100110110011
111100000111111011
000011000100110111
111110011110010111
111101101000101011
000100100111001010
111010100010101101
111110000000111111
000001011100011011
111010011101100101
111111101011111101
111001001101100010
000100110001000101
111101111110100100
111101011111001000
000010000110100101
000000111100101101
000000011111000010
000000111100100000
111100000010000000
111110110011101010
111101100111101011
111110001010110101
111111100110000011
111011110000101000
000010101111011100
000001000001010001
000011011101010010
111111001111101001
111110001001011111
000000001111001101
111001111000100000
111010110000000000
000101001110111100
111101101111111000
000010011010010010
000000111111000011
111110111011101111
111111001100011100
000011101100000011
000001011111011000
111110000110011110
111111100111110001
111111011010101101
111110001101010110
000010101110010110
111011101101110000
111101100000000011
000010010100111100
111110100011101111
000011000110000101
111111110101011100
000000101111110111
111100100110001110
000101011001010100
000010101010000101
000001010100001111
000001011000010110
111100010010101011
111001110100000100
000001010100001010
111100110001101101
000000101011010011
111111010010000100
000100001110101101
111110111001011100
000001010111000011
111100001110001010
111110011110110010
111011000000011001
111101101010011011
111100001100000000
000110110000010111
000100111000000010
111011011100001010
111010000001001001
111101101110111110
111110100100100000
111111011101101000
000001000111101011
111101111110001010
000000101000100100
000011111011101110
000011110110011010
000000100000010101
111111100010101111
000001100011010001
000001000010111000
000010100101101110
000001001110011111
111111011010001010
111101110100010010
000010010010010101
000011111001111101
111011000001011001
000000001000101001
111101001100011010
000001010000110110
000001000010010010
111111100001101101
000001000011010111
111011100010000111
000010001110111011
111111101011101011
111100111000100101
000000000011011110
111101011100001000
000010111001111101
111110110001001001
111100101110001001
111110010110111110
111011110101110110
000011000000010111
000010000001100010
111111011100111001
000000100000011101
000010011001010100
111101010101000101
111111010100010011
000100100111011110
111110010100000001
000010010011110011
111111011010000100
111111001011110001
111110110101011011
111110001001110010
111111110001000110
111111001101101111
111110110111000111
000001100001001000
000010101101101001
111101110010100110
111100111010011110
000010001110101111
000000111101010110
000000111111010000
111100110100110110
000001010000111011
111111101011001000
111110110101111010
000011010001100001
000000001000011001
000001110110011110
111110111100100110
111010010010001011
111110001111011110
000001110011011011
000001101000101000
111110110100000000
111101101011000000
111110010010111010
111100011101011110
000001011100101000
111101001111111100
000101101000011010
000001010101100111
111101111101101100
111111011100101010
111101111111101001
111001101000010011
111011101000110010
111101000000011110
111101101010110111
000100011000000000
000000100010111101
111001010001010101
111101000100100010
111111101000001111
000001110000101010
000001100000110011
000010000000010011
111110111001111111
111110101111001100
111111000100101000
000011100010000011
000001010011001101
111001101000110011
000110100100110001
000000111100010100
111111010111110111
111110111100110111
111101111101001100
111111100110100110
111100101011011000
000001110010011010
000010111101100000
111110010100111011
000011010001101000
111111000111111111
000011100010111001
000000101101111010
000000100100100111
111111001000011101
111111100110111000
111011111101110110
111101001111110101
000100111101100011
111110000000000000
111110001000011111
111110001111011010
111011100110000010
000001110001110010
111100111100010000
111111110011100100
111110001000101110
000100000111011100
000010111001000011
000000111100000011
111101011101010000
000000011111010100
111110010000100001
111110011101010001
111110111000000010
000000010101001110
111010111010100100
111110101101010100
111110100110011001
000000001110010001
111101010111111000
000010001101100010
111111010001010011
000001100001111111
111110011000001100
111100010000101010
111111111101101010
000001110100000101
000010000110011000
000000000110100000
000000101000110000
000001011101000111
111111011110101010
000000111101010001
111111100100100010
111011110011111001
111101111100100111
111100111010001101
111011110000001100
000010111110011010
000001011011101100
111010000001110100
111101001000111010
111001001110000000
111100010101001001
000001000101011101
111100111110010101
111101100100001010
000001101110011101
111011111010011010
111101101101110001
111110011001010110
000010001101111010
110111110001111110
111110011110111111
000010001000101101
111001100101011111
000010011111110110
000010000111101011
111010111000110100
000001000011001010
111001111000110010
110010001000101001
000110010111110111
111000111001101011
111011010111111111
000000110100000011
111111100011010000
111110000101101110
000011101110101100
000010001100011001
000010001000000111
000000111000101010
110111110010100100
000110001011011001
111110101000100010
111110111010010001
111110100000100101
111101011101000001
000000010101010000
111110010001010011
000100000000011010
111110101101010100
000001101011101100
000000110011110101
111000110011100001
000001011000011111
000001010010111010
111011101101010101
000101010010110111
000000001010011011
111000101010101000
111100101110011010
111101101000011110
111010001111000000
111110000110111111
111011100110101001
111101010111000110
111111011101010111
000010010111011011
111111011101010100
000110011101111111
111100110010001010
111111111110110101
000000010110101111
000010000100111101
000000011010001000
111011011100001011
000001101110000010
111100100001101110
000000100001010110
111101011000100001
111010010001100111
111100010100001000
111111111011100110
111100001110001000
111111001101101000
111111010100100000
111110100101111101
111110100000001101
111110011011110010
000010001111010011
111111000011010101
111011100100010011
111011010011000110
111100010001010001
111101100111101000
111101100001000010
000000001001000011
000000110100101010
111111001100011101
111111100101000000
000000110110110110
000000100100000110
000001111010111101
000000110100000011
111111100101011110
111110101010101111
111100101101111110
000000110000110000
000100001000110001
000100100001010011
111110000000010111
111111101110000010
000001001111110111
000000011111110000
000011010110111101
111100100110111000
000011111010010001
111111010010100101
000011011011101111
000100000100111000
000001011110010001
111101101011010000
111101111110111001
000001101101101111
111101100010101110
111010101101101010
000100011100010110
111110111111000000
000001001101111110
111101010111101101
000001101010010100
111101101010010101
111100000011011011
111110110110000000
000000010000000001
000000101101000001
111111101000010011
000001101100001000
111101010100101100
000011100100101110
111111010000110111
111111111001010000
111100110011100110
111100111011001110
111011111001101010
111110101001111111
111110000111110101
111111101011101000
000000010101101100
111101000100010001
000000110110111101
111110100110000111
000001010100101101
000100011000100100
111101110111000111
000000011010001010
111101101110100000
111110100100110010
111110011100000001
111011011101000000
000011111111001001
111101111000100011
111111011100100110
000000100110111000
000000110100110100
000001011111011100
000011011011101100
000001100010100001
000010110001111000
111110111100010101
111010110010011010
000001010110000011
000100000111110101
000100011000100011
111111001110011111
111001111101001101
000011110101100010
000010101111011001
111111100011011110
000010010111110100
000010011101110010
000011110110111000
111101111001100100
000011111100001010
111101101001000001
000000011110100100
111111010010100000
000000000111110101
111011100111111111
111101011000101011
000101000000101000
111010101101101110
000010100101111101
111110111011101101
111001111100011110
000000000011100010
111100001010000110
000010010001101011
000000000101101001
111111110011100101
000000011001100110
000000000100010001
111100100100101000
111111010000100010
000001000000010001
000001111101100101
111111000001011100
111101000010111001
000010010111110111
000000010010010010
000011000111110110
111111000101100001
111111111000001000
111101100010110000
000000001011000001
000001110011111001
111111100000101001
111111001111110010
000010100101110110
111111001010011000
000101110111110001
111101110000101111
000000100111101001
111100101000000011
000000101100001111
111110111010011010
111101001110101110
111011110100101000
000011000101101001
000010011000101100
111110100100100000
000010000110001010
000000011111100110
000000110111100110
111110001101001101
000000001000001011
111111111000101011
111111100110001100
111101110010100010
000000111110100110
000001001000101010
111110001111010001
111110100010010101
111110000101101100
000010011000001011
111111100101001110
111111011001001011
000001101100110110
000001000011101001
000000011000000010
000000001111010011
111111101010111101
111100001000111000
000011101101101010
111111010101001111
111100110111111111
000000011011000000
000010100011110101
111110110100110110
000001010100110111
111101111011110001
111111101011100001
111011011011000111
000001010100111001
000110000010101000
111110010101001011
111101010111111100
111100001000101101
000000111110010011
111010111001011011
111111000001111001
111111100001010001
000010000110011000
111111011001010101
000001001110100100
111111001100001010
111010100000001100
111111100011111101
111011111100010110
111110111011101110
111110001100100010
111101110100110101
111100100110100100
111101011011011110
000000000000101110
000101011111000000
111111110110101010
111110001010110101
000000100011000100
000101011001000000
111100010000001110
111100110010001110
111110011111000011
111000110111110010
000001001110100101
000011101111100111
111101100110111010
111111110001000110
000001100101111101
111010110000000011
000001101000010110
111111010101111100
111110111110000100
000000000111011111
111111011110011100
111110011011100000
000000101111111000
000000100101001011
111110000010100101
111110011111011001
111111010110111010
000010010010001000
000100110001101000
111111110111011000
111100000001100100
111110000111011011
000000001000111011
111101011001010100
111110110011000001
000010001100010011
111111001011101100
000001001111100111
111110000110101110
000001010000011110
000000000111000011
111101000110111101
000000000111110000
111111100111010000
000010100000001101
000000001010001111
111110001011010010
000000010000001000
000011100100100100
000001100001001110
000001010000110100
111010100101101110
111110011011000010
000010101111001110
000010000100110010
111111001100100011
000010001001011110
000001110010100111
111011100010111011
000100011010001100
111100111000010101
000001111001011110
111101110111100000
111110001101111011
111011010101011011
111101101111100000
000100001001111110
111010000000111101
000101001111101101
111101110100010110
111111100010001010
000010000101010000
000010000101110111
000010111001101000
111100001001011001
111111000101101101
111111001001101000
111111111111001111
000011011000100101
000001101010000111
000001011100111110
000011001101111101
111100110000010100
111101111111000000
000001010111100111
111100110001000011
111111110011010101
000001011001010001
000010100111101001
111100001110011000
000010111111001010
111101011100101110
111011010111100010
111101000001000100
111100111011101100
111110001111011011
111110110110101011
111110100110111111
111111110110000111
111010001001111101
000010000011101111
000000111101010111
000101100110101100
000100000010101000
111100010100011110
111101110001100111
111001111011011001
000010000100101100
000000011000111010
000001010111011100
000001111110101100
000000111101111011
000001000010101011
000001110110001010
000000111000101110
000001111000010100
000000001111001111
000000011100000010
111011111011101011
111011111100011101
111111100011000101
111100011110001010
111101101100111101
000100010111110101
111111111101011110
000000101010000100
111110001011101011
000010000001110110
000000010001001100
111111101001110100
000011010000001111
111011011111101000
111111011010001000
111111111111011010
111011110110010010
111101001111101010
111011110100000010
000001000010010100
000001101010001000
