111100000101010101
000000110011000101
111101011110101100
000000011001001111
111101111110001011
111111001100000000
000000101100000110
111110011100000110
000000001001111110
111001001000000011
111110101111111101
000000111001100010
111110001000110111
111110000000000110
111111101111110000
111110001010000110
111110100110011010
000000011101100101
111110101101100000
000010101111100001
111110101110011011
111100010100111000
111110011000110001
111100100110010011
000100000101100000
111100111101011110
111111101110111111
111111111100010110
111111111101110111
111111010011000000
111110110010000100
111101000110010101
111110000100110011
000010010101111011
111101110101111010
111100110000100111
111100100011001001
000010100101110000
000010110010100111
000100010011111111
111010111110001010
111110000111101000
000000000111011001
111101111011100110
111110111001101010
111101000010001010
111111001010101010
000010010000111100
000001111010010011
111101111000110100
000001110110111011
111111100010010111
111100101001111111
111101000011010011
000010101110010110
111111001110010100
000011000011010100
111101110001011110
000001101010111011
000001011111110111
000001100100010001
111110101000001001
111110010011001011
111111110001000100
000001000100111110
111111011101000010
000010011010100100
111010011110110001
111100101111110010
111111101110111111
000010011011010010
000000110000110000
111100011011000001
000000010001110101
000000101010001101
000000001100001100
111011000100111101
111101111001101000
000000000001100111
000100111110000000
111001011000101111
000000001101010111
001000001110011111
111110000010100010
111011001100001110
111001000000101001
000010111011110011
000001011011111111
000010111111110111
111111011011101110
000000010100011111
111100111011001001
111111110111100011
111011010010100010
111101101111010010
111101001000011001
111110101100001011
111011000011001110
000001000111000000
111100111000101101
111110011110000001
000000000011011010
000001101000010011
000010101010000111
111011100011001000
111000011111100100
111111110100000010
000001000111111100
000000001110010111
111101100110011111
000001110001011001
111010101100100011
111100111001111110
111010110001000001
111111010110010010
111101111110101010
111110001001010111
000000000011001110
000010111111111101
000000001000100010
111110100101111011
111111011001101000
111100011100101110
000011011111011101
000011110110110101
111101110110011100
111100101000100001
111100000001101100
000001111111110000
111111100100111111
111111110111110100
111110101100100111
111101111011011010
111011101110010110
000000111101000011
000001101000101100
000001101000010111
000001111001100110
111101010100000111
111101010100011011
000010010001001110
000010001110101001
111110001111110101
111110011011100001
111010111001000111
000011000111100111
111100101000101111
111011110000101011
111100100111101110
111100100001111001
111111110101110001
000000011111100011
111011110101010001
111110100000110111
111110000010010111
111110101111110111
000011000101101011
000000010001001101
000000100011101011
111101011001111111
000000101101010001
000100111001100011
000001001000110010
000001100001111110
111110100100000011
111100000011101111
111101111101111010
111111100111011111
111111011000110100
000100101111101111
111101010011011010
111111111001100111
111100110110111110
000110000100011111
000110101101000011
111111010010001010
110111101111010111
000011011011100101
111011101000111011
111101000000010000
000011101111110011
111111110101001001
000011101101111000
000000001000011111
000010110111000110
000001110001101100
000010100110100000
111011110011001101
000100100001001110
110110100000111110
000011001000001001
111110101100110000
000000010000110100
111101000110110110
111101111110000000
000001001010100100
000010000110010100
000010100001001000
111011010011101001
000110011011000000
111101110010010011
111100011010100101
000010100011100000
111100010101001011
001001110111101111
000011110010101010
111110110001101111
111010110110000011
111010011111110110
110110110101110100
111011100000111101
000111110011001011
000001111000100111
111110010101111011
111110010011010000
000101010110110011
111110011110101111
000001111111010110
111111010100000100
000000101010100010
000000011111000010
111000100001111010
111111010010110111
111111010101110100
111000010000000010
111111100110101101
000000010111011111
000001110010010011
000000000110010110
000000011111010111
000010001101110011
111010011000101111
000011000010101110
000000101001001111
000010111101000101
000000110111101010
110111010100010100
000010111011010001
000000100110100101
111100100001100011
000000111001111000
111010100001111010
111101010010001100
111001111111000001
000010110011000100
110101110001110011
000000110100011010
000010001000100101
111111101101110100
000110000101100101
111110111110101111
000000111110000111
111100010001001110
111011100111011011
000011101000110111
111111101011010011
000101001001100101
111111000010001100
111011011101001000
111011000101100011
111111010110011110
000101001100000111
111111010011101000
000001110010101111
000001000100101110
000011101110010110
000001100011011101
111010100111110001
000010100110000100
111111101111100000
111110010110011010
111110111010011111
111001110001101110
000110110010101010
000111011100111111
000110010001011010
000010110100011100
110110001110101101
000100011100001001
111100110001001001
000001010010111100
111101010100001001
111011001101010001
111101110101111011
111101011101010010
111100110101011100
111001100001010010
111111000011100001
000000110011110000
111111110001110001
111101110100101000
111011011011011010
111111001010101001
111110110001010110
111110111101011000
111010111110110101
000000100111110101
111010100101111101
111101101111110000
000000001110000000
000100000010110100
000110110111011100
000110011010010000
000010010111010100
111101101110010001
111100010101111000
111101101011100000
111011011001010110
000110010011101101
111110011011101101
000110100000110010
000011100101010010
000000101001101011
000010010100100000
111110010101000110
111101101011010111
000101100001100000
111011010110011011
000101101011001011
111011101100010011
000000010011001011
000001111111011010
000000111010111000
000010010101100011
111101100010110011
111101100000111010
000011110111110010
000000011110100001
111110110001101011
111011111001100100
111100001111110110
000001101011000011
000000101011011101
000011000010101111
000011001001100011
000001001111010001
111011011001111000
000000100100011101
000000011110101011
000001100101010100
111100110010011001
111100010010001010
000001100011111101
111101101111000000
000011000101010111
000010001101100010
111110100110001100
111100011010101110
000001101011100010
111001010111111111
111100011001010000
111111101011001110
000000010110100010
111111101000110010
000000010001000110
111100011101110101
111110110100001011
111100000010000011
111101110111110100
000001001100011010
111101011011101101
111001011110001111
111001111111100110
111101111100010011
000000100000100010
111100110101010101
000001100111000010
111101000011000101
111010001011000110
000000001110101010
111010010011100000
000000110001010000
111100011001001110
111110001001100110
111100111110110100
000000100111100110
111101000010110101
000000100111101110
111110101100100111
111111000011010001
000000110000001011
000000001010100101
111111101011101001
110110011000011010
111111100000010110
000000101010010110
111111100000001001
111110110111010011
000000010110010110
000010001011010101
111110101100111011
111111101001101100
111111100110110010
111100010111001101
000001101001000111
111101010000011011
000011010101010100
111110010110101011
000001110110110111
111101011100110101
111111101101100011
111010100001100010
000001000111100001
111111010000010010
111101100110001101
111101100100111100
111111000000010101
000010000101100001
111110101011000011
111110101101100001
111111110100101101
000010010110110011
111110100000100100
111101101100000011
000001111010011000
111110111100110110
000111100100000101
000111111110101011
111100111011111001
000000011000000001
111000110010101100
111011111000111100
111100001101100010
000101101101110001
000100011011110110
000100101011111110
000011011101000010
000011111000100111
000001010111101100
000001110100000100
111011011111010101
000011001100011101
110111000001111011
001000000001111110
111010111111100000
111100111110101001
111101011101101011
111011000010110001
111110111110100100
111111110000110001
111011101100010110
111111000111101111
000100001000101111
000010110110111000
000001011000011110
111000011011110000
111000001110101111
111111100100010100
111111011100110100
000000111000110110
000010001001011010
000011111100011110
000001001100010111
111100111110100101
000000010111110011
000110000010101111
000001011001100001
111011011011111001
111111100100001010
000000011010110011
000000000111000001
111110010100000000
000010001001101101
111110101101110001
111010101011011101
111100100010101000
111111101001000010
111111111110110100
111101101001101110
000001111010100100
111110110010010011
111111111001001001
111100010101010101
000000010001000101
000010010100101110
111111000010110101
000100110100101110
000010100111010101
111110011100100000
111110010110110011
000001010010000011
111100001011011010
111001100100100011
111100110011101011
000001011100101100
111110110111001010
111101011001110111
000001110010010011
000011001111000111
000000000011111010
000011111100010010
000100000010010100
111111100011110000
111110100011011101
000010001000000101
000000010001111111
000000101111010011
111100000000001001
000010000110010000
111011101011010000
000000101001011010
110101101100101100
000110000110110110
000000101010101011
000011101000100111
111110111100001011
111100001101100100
000000010111101010
111101100011100110
000000101000001000
111111001100011011
111111111000001101
111011011010010101
111101111100011111
111101000110000001
000011000001100010
000001000101010011
000011110110101010
000011101100011011
000011010001101111
000000001111000011
111100110111001010
111110100010001100
000001100001001110
111111000000011111
000001000010111101
111111101011110100
111111000010100110
000001011101111001
000000100111111111
000011101111111100
111111011010000100
111101100100001011
111111001011100001
111110101110101010
111100010000101001
111111000101111111
000000101010000101
000011011111111000
000000110101110010
111110101011010010
111111100010111100
000010100000001011
111111011000101111
000001101010101110
111111001000010001
000010100010111011
111111110111101100
000010101001011010
000001111110100000
111111010111111101
000000111101001000
000101001100011101
000011001001101000
000001111000001001
111101111001000110
000000010110001111
111110100010010010
000010101010010000
111111111100101111
111010010110111000
000011011110101111
000001010100111000
000011000110001011
111110000111101011
110101000101010110
000101111011100101
111101100000101111
000011100011001111
111100011010100011
111110101101000101
000011101000001100
111011111001100111
000000001010011000
111101011011000100
111111011010110100
111001000100010000
000010111011111100
111111110100011111
000000001000110011
000000110010000100
111111101000011101
000001000001111011
000000000110000011
000011000100101010
111111000000111000
000001001001001101
111111010001011001
111111110100010100
000000010111001000
111110101010011011
000010000110001111
111101011110110011
111100011100011000
111101011101100011
111110100100011001
111111111111110000
111110111000000100
000010011011111101
000001011101001000
111110011100110101
000000100001001111
000001110101000010
000001101001100011
000010000100111100
111110000100011110
111110011011011110
111011001101110011
000011100100110110
000000010011001110
000000100000110110
111011010010010000
000001110100110110
111101000011011010
000000110111110101
111011111100001111
000011100000111111
000011110111011000
111100111000011101
111111010010101110
111111000011110111
000010010001110001
111111001110000101
111101101000001111
111111001011100011
000001111111000000
111101100110001110
111010110101001110
111111011101001000
111001110110011100
000100010110001111
000000000100110110
111101100001100100
111111011110101110
000010111100001010
000001011011010111
111101100000011100
111110011000100101
000010100011111011
000001001010011001
000010011011000001
000000100000001011
111011111100000010
000010001100001010
000011100110000100
111111000001010100
111111101011101011
111111101011010100
000010100011101111
110111101111100010
000001111001100010
000000101011000111
000010010010101000
111100100100011100
000011010100001011
111100001111000100
000001111011011011
111110110101010000
111111010010101001
111110111111110011
111111011011100111
111001110011110001
000010111010000111
111101000100101100
111111001011011001
111111001000101111
000000110001101000
111110111001001111
111110111010010011
000000010010110011
111011011010000111
111101111001100001
111100010110001001
111101111100101010
111111100010010100
111101010100101110
000001101110000000
111101001101000000
000001001011000001
111000010111000010
000010100011100001
000000011100111011
111101000110111001
111110000100000111
000001011100000101
000001110110101111
000001100100010110
000000001011100011
111100110010000001
000010010010101110
000000010011010111
111111111011110101
000000111001110001
111110100010101101
111100111101101101
111110000011010000
111011111011110111
000000010101111111
000001011111100100
000000010100100101
000001101100001111
111111010100000011
000010000011100100
111110000101000101
000010001110000111
111110010010110100
000010001101111110
111111000100100101
000001111010100010
000001100010100010
111011010000010111
000000110001101111
111101101010000000
000011101001011101
111100100010011111
111100001100000101
000110010000011011
000001000110011110
000010101001001101
111110001101111100
111101000110001100
000010110010111010
000010100010010001
000001110110000011
111111001001101111
000001100010100011
000011111001100101
111110110011010001
000010110111010000
111111101010010111
000011010111010101
000101101000111110
000100000001111001
000001100000100111
111111100110111100
111011001010101010
111101111010110001
111111001101101000
000011100010101101
111110010100101000
111011100101001100
111010111000011110
000011101010001100
000010010101011110
111110100110010101
000001101011001101
111110001001111110
000100001001100110
111111000110100110
111111001111101111
000010000000110101
000010101000011110
111001111000101100
000101000110111000
000010110001110111
000000101111100001
000000000010011010
111000111111110011
000010110101010110
111111111001110011
111001110111111111
111101110010011101
000100000100001111
000000110011000010
111110111011100101
110110011111000111
000001110111010001
000000101101110111
111001011110100011
111100010101011111
111010001010101000
110110101010111101
000110011010011111
111011010110001110
111110011110010101
111010001011010000
000010010101000001
000000000001110011
111100010010100011
111111100110111110
000100000110010111
111100111100000000
000001011101000000
111011111010111100
000001110000010000
111011011010000100
111100010110010010
111011011011000111
111101000111111100
111111010100101111
000001111100000111
000011110000110000
111110011010001101
000010011111100010
111101010000110101
111110000000101001
000010111101000001
000000111011011100
111101101111101010
111101100001110010
000010110000011111
000001010010100111
000000011000000000
111111111111001110
111101010101110100
111110101011100110
111110110101001111
000010110101110001
111110100010011100
000001110000000010
111110001110000101
111100000111110000
000010010011110111
111111011101011111
111111010010001110
111101100111011110
110110110110111011
111110000011010010
000011001101010101
000001101010011000
111100101110110111
111110110101011001
111111101110001101
111100000111000011
111101000011000011
111100011001111010
000000111101100001
000010011010011111
000100011101111110
000000011001111100
111110110100111110
111110110111011100
111000111111000101
000001011010100001
111010111110011001
000011000111011110
111110010010011111
111110101010100011
000001110001100010
000001011010001011
000001110010110010
110110000100000000
111111011001101001
000000000011100100
000000111010011001
000011010011010101
111110000011100110
000001000111101111
111101111011101011
111000001011101110
110110100010101011
111011011101011010
000000010101100010
000010000010111001
111110111010111101
000000010110000111
111011000111101010
000001011000110111
111111100010111110
111101101100010101
000000010111100011
000001001000011001
000011000100001101
111100010100011010
111011110011001001
000001000100100110
111010101011001111
000010000101110000
000000001101111000
000010011110111001
000010100100000110
000000011011111011
000011010000001010
111100010001101110
000001100000011110
000001001101100000
111111010010101010
111100001011111111
000011100010101100
111101111011010100
111111111101101001
111101001101011010
000001000010111010
000000000011011100
111101111101001001
111110001111000110
000011000100101110
000001110111100110
111110110100110111
111111001110001011
000001010111010101
000000100110100001
000001111010011000
000011110010111100
000000010110101001
111111101111110100
000001100101111011
111101011111111101
000000110011110101
000010111101100100
000000001000101011
111111011000011011
111111110001101010
001001101111110011
000110011110011011
111101111001011101
111111100101101111
000100000111101100
111111001001011110
000011111110001111
000001000010010001
000001111011100011
000000101101110111
111110001001000101
111110101111100000
111110011000110101
111111110000111000
111001110011000100
000101011011110100
111011110011001011
111111100000111110
111110110001011010
000001011111000010
111110010100110110
110011001010001111
111101100011110101
000001000101011010
000001100111011100
110111110010110001
111110001010101010
111100111100111001
000001001011000110
000100001101111100
111001101011011101
000010100001111101
111001110101111110
000100011111101110
000110100011001011
000110001001111010
000101111101000111
111100001101011101
000010100011110001
000000000100010011
111101111110101001
000001011110011011
111010100101110011
111011101110010011
111000000010010100
000011110001001101
111100110100101111
000001110010010111
000010101001010001
111101010011110101
000001111101001011
111101010010000001
000000010101011010
111111001101001111
111110001010100001
000010101101100110
000001100101100111
111110011001110100
000000011110101000
111101000010000000
111101011100111000
000001111000100010
000000011011010100
000000100001110010
000011101101111110
000000001100010000
111100101100011110
000100001000111000
000000011011110011
000001100111101110
000010010011001110
000000011001011100
000010010111011010
111010111000111001
111100000001100010
111011101111100011
000001001110111101
000001110100100010
110110000010110101
000101011110010110
000000001111111111
000101010000001011
111101001011010011
111111101011000010
111111111010000001
111100001110100001
000000001001111100
111110011110101100
000001101100011101
000001101100010001
111110100101101111
111111111110100010
000000001011010011
000010000101011110
000011111000100100
000101010001100000
000110011000000001
000000100011010101
111001101011010110
111100010101010101
111101111001111011
000000010100111100
111111111101010100
000011000110010101
111111110010111010
111111010101001011
000000111111101101
000010100010010010
111110100001110111
000000100100001111
111011010111000100
000110110000101100
000010011101111100
111100000110101101
000100010011001000
000010000000000010
000000010101111010
001001000011000000
110111011010101010
111110011100001110
111011100000101011
111111110011001010
111101110101111001
000000110110111001
000011000101100010
000000100001111101
000011001110100000
111100110010111001
111111101010110111
000001010000001011
111001111110010010
111111011100010011
111110101111100000
000011010101011001
111111000111001000
000000110110000111
111111110010100100
000001001000011001
111011010101101011
111110101011100110
000010110100100111
111110111001010101
000011010001000100
000000000011011111
111110110101000010
000011101000101110
111111101111011000
000010000110011110
000011000011010010
111111001111100111
000000100110111011
000000001001100010
111101101010111010
111110011011110100
111110110000001110
111111011001110001
000000100010101000
111110100100100011
111110010011011110
111100100110101100
000010110101011110
111111001001110010
111111001011100110
000000001011011001
000000100000101000
000011111011110000
111100011100001111
111101001100100000
000010111111011110
000001101000011011
111110101111101100
000000110110010011
000100010011010100
111011111110001000
111111100001011111
000001001011111000
000001111111011011
111111100101001100
111101001010011100
000010101010001010
000010100110111000
111101110011011000
000010101000101000
000001010011011000
000001101111011010
000000010001100000
000000110100010101
111111000101100111
000001001010100110
111001000011011000
111110111001000110
111110111110010110
000011001000010110
111010101010101110
111100100010110110
111010010111100101
000010010001110110
000011110000010001
000000010011001000
000010001010011001
000100101101101001
000011000000111010
111110101101000011
111111110101010000
000000001101001101
111010101011010111
111011110110011000
000011111101110110
000000010100010010
111100100100001100
000000000100111011
000011110111010110
111110111110010010
111011111101001001
111100001001111110
111110100011000110
111110101111110011
111111100001001010
000000101010001101
111101100001001000
000001101000011100
111101000001110101
111100101100010101
111110010100100111
111111110000000111
110111101000011000
111011011011011100
000000010101011100
000000110001110101
111101011001011111
111110101101011110
111101110010000101
111100100110000010
000000111010110011
111011101010110101
111010101000101000
111111000110100111
000011001111100000
111111101011000100
000000001111000111
000010001011111110
111110011110000101
000100001110101001
111111101000100011
111011101111011101
000000111101111100
000000011100101101
000001111001100110
111110111000000011
111110111001001000
000001101001010011
111111011001101011
000011010110000000
000010000110000011
000000111110100010
000010011110011111
111010010011011100
000001101000001100
111110011110100010
000001001110111001
000000100010001111
111011010110100101
111110101100100011
000010110101100110
000000111001111101
000100001001001101
000010011111000100
000010011011010100
111110000110101011
111110101111110011
111010001001010110
000001101000010100
000001110101010110
111101010110101010
111101100101111010
000011110011111001
111101100101100011
111111111111111000
000011011111100001
000001110110111000
000001010111010001
111101011010011011
000001110000101010
000111001110001010
111101101000010010
000000010001000001
000001000001101100
000101001010110001
111011101110001100
111111000001000101
000110011111100011
111011110111001101
000010111100111001
111100110000110110
000001010111110101
000010110010111111
000100011000111010
000100000111010001
000010111110101001
111101001101011111
111101001011100110
111011101011100001
111010001110010110
000101110000010011
000010001111000000
111110010111111011
000110010101111110
000011010010101010
111011010110101001
111100000101001011
111111000010111100
000100110000011000
000101001011100101
000011111100011010
000000101010110001
111110101110010011
111101100101000100
111011001001010001
111010111010010101
111101110001011101
111101110110011101
111110001101000100
111011000100011111
000000000011011011
000110110101011011
000000101010100001
111111001001010111
000011111001101010
111111101011011111
111011111111010011
111010101000011110
000010100011001001
111101001111000010
000101010001010110
000001010011100110
000010010100100000
000100101010000110
111000101001100010
000001000010010000
111100001101001010
111100011011011010
000100001000110011
111101011000011101
000101110111001011
111110011010111001
111100101101000111
111100010100101101
111111000111101110
111111100111010011
000001010000101110
111111110110110001
000010100000001100
111101101000111100
000100000010001101
110110010011111100
000000110111111000
111000010000110100
111100001110010010
111111011110001101
000001001010011011
000000011101011000
000000111100110110
110111111101001000
111111010000101111
111111100111000010
000100110100110110
110110001100110111
000001000000000110
111010011010101001
111111100000001100
111111010010110010
111110110010110000
111010110101011000
111101001101110000
111001100001010100
000011000011000101
000001000110010010
111111001110100111
110110010101010010
111110110111110010
111111111111001101
000000111011000011
000000110101001010
111011010101111010
111001011010101111
000000001011000100
000101111100110101
000011010011000000
111100001000010101
000000000101110011
000011111000001101
111110100100010010
000010000110101000
111011010001011111
000101011100110110
000111101101101011
001011000111011001
111110110010100101
111000101101000011
000111111000001110
111011011000111110
111110010110000111
111011111101010001
000000010011011101
000000111101100001
000000010101010011
111011110001110011
111100111110011100
000001010100011000
111100000001010011
111100100011110011
000011001001011101
111100010000000011
000000100110110011
111110110010111100
000001101010000001
111011111011011101
111101010001111101
111010000101010011
111101011101100101
000001001000000000
111111111110000100
111111001011000010
000110100110001000
000011011010110101
111110110010010100
111001101101101011
111110011011110101
111100011001000001
000001101010010101
111010100000111010
000101000101100111
000001110100011010
111110100000010110
000000101111000110
000000000011011011
110111011101101110
111111000100000000
111110111001000010
000011001111010011
000001010000010101
000000011001100010
111110001100101110
000011011100000010
000001000001010000
111011100111001010
000000110100000010
000011010000110100
111110101010101100
111100100110100100
111011001000010111
111011111110011110
111110000100110110
000001110000111000
111111101100000111
111101010101000111
000010110101101001
000101000011010001
111101001111010110
111111100001110101
000010010101011010
000000111010100010
111111111111011000
000000111101110000
111100000111100111
000100110101000010
000000011011111001
000000001011001000
111110010110110100
000001000101010110
111110110011110010
000001111110011100
111101100101011100
000000110010100101
000000010111000110
000000100100111001
000001010110001001
111101000011001001
111000100011000101
111101100011101101
000010100001111000
111101001101111111
111011001000111101
000010100011101101
000010001010010000
000001011111111100
111100011100010000
000001101001110011
111111100011111110
111110011111110101
111111001101011011
110110001010111000
111010000001010100
000001101111110011
000010100111101011
000010110000110010
111100111110101100
111001011111111010
111110010100110100
000001001110101111
000000111001011100
000010001110010110
111101010110011000
111110010100111101
110111101000001110
111011000101000110
111110011110111110
111111101011011100
111011110110001001
111110010110010011
111111000011110000
111101100001110011
000001010100010000
111110011110111001
111110010100000000
000010001100101001
000001000101010100
111100110101010100
111101110110110101
000100001000100101
111111000110001110
000001101110011110
111111001101000101
000000010100111011
000000000010100011
000010100110101100
111111010011000100
000001101010111001
000010100100001011
111101010001100110
111101111110110011
000001101011010010
111110001110000110
000011101101110110
111111101000111001
000000001111101111
000010111101101100
000001110110011011
000000111001100101
000001101110011101
000000010000110101
110101111110110100
110111111000110001
000100111101011000
111011001111000011
001000000101000101
000010100010110000
111100101100011001
000011010101100001
111000111110101010
111101110010000100
111101010011011001
000010111001111011
111011000001000001
000011101011100001
111011110011100001
111010111001101010
110111100111111001
111101000000101110
111101010111011010
111010111111000011
110010001110100010
111101010011110110
111111101100101011
111111011010111111
000000100000101000
111110100111011001
000000011100101010
111110100111110101
111010000101000101
000001011011111110
000100010110000111
000011011110101111
111111101101010010
111100110110111001
000010010101011011
111110000000011101
111110100001111000
000000110100110010
000100010101100100
111101011010110010
000100101001011110
000001011001010111
111111101000000010
111100110111111110
000010010000110111
111111011101111100
111000010010100100
111110001100010100
000011001010011100
000000010011100000
000001110100000111
000001100000001001
111101101101000010
000011010011111111
000001011110101100
111101011000010001
000011011110000010
000100000010111010
000000100010111011
111011110101100011
000000110100100111
111111011000000100
111011000001010111
111100111101001000
000010101000011010
111111101110001011
111111100001001100
000010001001010001
000011001011000011
111100000010110100
111100101100111100
111100000101011110
111110010011001110
111101011111101101
111111010100111111
111101001010000111
111111111100000100
110110111100000010
000001010001001011
000001001001101010
111101110011111101
111101010010111000
000101000011001110
111100010011010100
000011111101101100
000001010001000011
111011110111000010
111100011010000000
111101010010100100
111111111110011001
111110010110100100
111110101011101011
111000111110011010
111111001101000010
111110111101000010
000000111111011101
000000110100011110
111100100010111101
111100101101000100
000010100110011011
111101110110001100
111001011100001010
111100111000100101
000001011110110111
000100001011100010
000011010100110001
111100100010001011
111111001001101100
111101100010010110
111101110011000110
111100101001001000
111010111111100110
000011000001010001
111110100001010011
000000110000110001
000010000100010100
111011011111111011
000001001001100100
000000000100110000
000001001111001001
111111010110110101
000010101110101111
000010111010100001
111110111010011010
000011100110111000
000000100000011100
000011111011010000
000011110101010100
111111111011100111
000000001111000000
111111100001001000
111001101111010010
000000110010101011
000010001001010001
111011111001111010
111000101100000000
111111010000011001
000110010010101100
000001011111001010
000011110000100101
111111110110000111
000010011111100010
111111100101110010
000010111100010010
000010000001101000
111001101001001111
000110000010001000
111110111100100101
000000010111111010
000010100010101110
000000011011011000
111111011010011000
111111011110001011
000000101111111010
000000011011100001
111101100010011100
111011000010101001
111111011110110110
111101110001111000
111101110011101010
000010100001001001
000001101011000000
000010000001010111
000001010000001000
000011111001100000
111011010001101010
000010110000101011
000001011001011000
111110100011101000
000000011000101111
000000111010111000
111111101111011111
111111111010101000
111011010110110100
111011001001111010
111011110010101111
000100000101000010
000010011010111011
000010100100111111
000000011111001100
111011010101011000
111100101100110000
111101010110101111
111110101010000000
000000001111010011
111111111010110111
000001010000110010
111101001011011100
000010011001000001
000001101101100100
111101000101100001
111101000000100101
111110001011101001
000000010010000110
111110010100011110
111010010110000100
000000001011000000
000100100011010001
111010011110000011
000001110001101101
111111100101011011
111110000010000010
000010101100010101
000000011101010011
111100111101100101
000010010010101110
000011011011111010
111011000010010100
111100100110000011
110111010111000111
111101100011010010
111111100011001010
111011101100111011
111111001111000111
000001001001001000
000000101101011101
000001000101110010
111110000100000100
111111111100101001
111101011011101001
000010100000101001
000001000001110110
111111111101111101
000010000010110001
111110001001110100
000001000111101110
111111111110011100
111111000001011000
111101111100111110
111100110000111010
111101110011101010
111100110110000010
111011111010010010
111100010001111101
000001010000000111
000000101100101000
111100111011001011
111011101011101010
000101001010110010
000100000011100001
111111110000001101
111100000101010011
000011111010010110
000001001001100100
000001110011000101
111110000100100111
111110001011111000
000000000110011101
000011000111001000
000000101110110011
111011010110100000
111100111011100010
111111011110010110
000000000011010100
111110010000111110
111100111011000101
111110110010100100
000010000100101111
111101010100010110
111001110001011001
111101010110001111
000001101001000101
111010101011001110
111010011011110101
111010011010000010
111101101001111111
111110010100010001
000000010001111000
000001000010111111
111100110101000111
000010011100111111
111101110010110010
111110100010101101
111100000011001110
111101001001110000
111101100010110111
000010010001010010
000000101100000010
000000010001000111
111101101110111100
111011111000111000
000011001010000101
111101110101010000
000011110000101010
000010110001010101
111111001110011011
000101110100100010
111100110110011000
111111001111001101
111100011010010010
111110101010010011
111100000111100101
111100111110101110
111111101100001101
000010111111000001
001001010100001100
000001001001000000
000100010101001000
000100001100100100
111111110000110001
000010011001010101
111101100111111111
111111000110110100
000001000001011111
111111100000111111
111011001110111101
111111101011101001
111110001010110110
111100000100011000
000100010001010010
000110111111010111
111101010001110001
000010010011101111
111010101111010101
000001110010001010
000000111110000111
111111000000111101
111110101000011000
111111000000100110
000000011110100101
111011101011100100
000000101011000001
000101000000000000
000000011011001001
000010100001001011
111100011100001101
111001111111000001
001000000101100000
111101111111000111
000000101100100110
000010001010011111
000010111110111100
000010101111100001
000001111010001011
000010100000010111
111111110011100010
111011000010000011
111010001111000100
000000101101011101
111110101010110001
111010100101100011
111110011101001011
000000111111100001
111100101111001010
111111001101000000
111011000011110001
000000000000101111
111111101010000000
000000100111011000
111110101000011001
111101011001101100
110111100110000011
000010101111000110
000000101101101001
111110011010100101
111100111100110100
111100100001100111
111101100110010001
111100110110110001
111110011110000101
111100110010000010
111101110100100101
111100000101010111
111100111010101101
000010110010010111
111100010011111011
000010111000011011
000001101011001100
111110101010010001
111100010111100010
111110001000100100
000010000000000001
000001100011100111
111110011101001110
111101111111001110
111100101100010101
111000001110100101
111111111001111001
111100001101001010
000000001001000100
111110010100000100
000001011000001110
000010011001100000
111110000011000000
000000110000100110
111100000110010111
000001001000011110
111110111011010000
000011110000010111
111101110100010111
000000000001101101
000000011010000110
000000000010001110
111101011000010000
111100000001001110
000000111001000001
111110110100011111
000010110010111100
000001011101010000
111110101101111111
000010010000000001
111100000010111110
000001001101001001
111100111111110010
000000100001011000
000000011000011000
000010110001100001
000001111011110111
111111011111010000
111110101011011110
000010101000100011
111100111110010110
111011110111101011
111101111000101010
111100111111010011
000000001001010010
000100011110100001
000000011100010111
000000011110011001
111011010011000100
000010000011000001
111001101010101001
000010110000000111
000000110000001011
111110101110010100
111111100100110111
000001110100111110
111101111000010111
111111111000101010
111010101101100100
111100101101000101
111001110101000101
000100100001010111
000001100110000001
000000110111111101
000001000101110000
111010100110110010
000000111001100000
111011011011101001
111110001111110101
000011000000101101
111101011100001010
111111000011110100
111110110001101100
111110000001100001
111101101011010000
111011100010010010
000001011111101010
000001101100010101
000100010101010101
111110000100110010
111110000101101100
000001100111001000
110110010001110001
000000100001100101
111000011011001111
111111010000000010
000001001100010110
000000101000000110
000001000010001000
111011100000100011
111100101100110100
000000111010100000
111110011111111001
000001010111001111
000000101110011011
000001110110111010
111111100101000101
000001110100000010
111010100101010110
111110110111011011
111100100111001000
111111000100011000
111110001110001000
111101110001011111
111100011111010100
000000001100000110
111110111011011110
000010010101111011
000001101101010000
000001101001001110
111111111100010100
111111010010011000
111111101001110000
000000101010111000
111010010110011110
000000001111111110
111010101011101100
111010100111011000
000001011101111000
000000101101110110
000110100101111100
111011110110000101
000001100010100010
111101110101110000
111010101111001111
000101011000101100
110100111101110010
000101011110010111
111110111000110111
111011100100010100
000011110110000010
111111111100011110
111001011110001000
110001110010110011
111001111001101011
000010111100100011
111110101110111101
111011101100111000
111100110001011111
000001010010000111
111110010101011010
111100010001010001
111110100111111110
111111111110101101
111110111110101011
000000010010100011
111010001000000001
000010101001100111
111101000011100010
110101010111000100
000000000000001000
111111111010000110
111111000011101001
111101011101100101
110111111101101011
111101011001000100
111000011101000001
000000111010111011
110111001011001001
000010000000101100
111101101100010001
111011110001111110
000001011001010010
111010110011010011
111010110010011011
110101101000010001
000001111010110010
000010100100100100
000100111110101101
000010001110001101
000000011000110100
000010010110101000
000100001011101011
111110101000110101
111101111100001000
000000010100001101
111100011000101010
000000000001001101
111110100101101110
000000000010000111
111100111101010110
111001000011010110
000011011111110111
111111011101111100
000001110111010011
000011011001110000
111111111100101110
111100100011100001
111010000110001010
000000110110111111
110111111100010100
000111010110001110
000000010110110100
111110000111101001
111111001000010110
000010001111010101
111111111101000111
111101101001101000
111110011110011111
000101111101111011
111110100110111110
111010010100111111
111100001010010100
000011010100000111
111111100111110110
111111111010001011
000001000010011011
000011000011011100
000000111011100110
111010001001010000
111111001000100100
000001010011101001
000010001010111010
000010000100001000
111111010010001011
111111000110101100
111101100011011011
000101110010110111
111110110101100110
111111110101001011
111100011001000100
111101011111011100
111111000001100100
000100001110111010
000011001101001100
111110111110010010
000100000111000010
111110010110000011
000001111000100000
111101001011010000
111000001000100101
000001111010010101
111010000100001001
111100011000000111
111100100001010011
111110110001001111
000001001010010000
000100100101100100
111101000000110100
111011110010001100
000000001001001000
111111111101001001
111110100100111000
111111110110010011
000000101001000110
111110110000101101
000001011100001100
000000011100000111
111010111111101100
000001010000001110
111110000111101110
111111011111001000
111100111001111111
000011011110010011
111110100111000111
111111000011101110
111111011000101011
111110001110010000
000001000010101110
111101110110011111
111111110001011111
111111111000100100
000001011111101001
000001011011000100
111101111101100111
000011011001100000
111110000000011110
000001011101100001
000011011000111001
111101111100110111
111110001011001100
000010110011000010
111110101110011001
000001100110101100
111011100111111101
111101010101010001
111110110111110010
000001011100111010
111111001100101011
000010101010101111
000000011111111010
111110001000110011
111101101110110110
000100001010110100
111111011100001110
111100101100111010
111110101110000001
111100101110001101
111111111111100110
111111111100011101
111110011000111001
111111111111001101
000001110110110110
111110011100000111
111101101010011111
000001000011011100
111100011111011110
000001111010110000
111011111000001100
111010101010100001
000101100010110000
111100101001011110
111100110010001110
000011000010011111
000000010111001100
111011001001100100
110110000010111001
111100111111101111
000000101011000110
000101111000100111
000110001001100001
000001100011010001
000010001001110011
111111110010100101
111011111101010110
000010100010111010
000000110000001001
000000011111100010
111100011101000010
111111001000101110
000011100100101010
000000010000110101
000000110000011000
000011101101100011
000100000111101000
111101111000110110
111010011101101100
000011010111111011
111110101100010001
111010010011000101
111101110111110101
111110110001110110
000001111110010001
111001101100001000
111100101001111110
111110000111110111
111101110110111011
111001011111010111
111110101000010110
111101111101001010
111001111111011001
111111100000111010
111101101001010111
111110000100001100
000001010100001010
000010001101111111
111100101010011111
111111011001100110
111101000001001100
000010000111001011
000001100000000100
000101000000111011
111101111100110001
111110011110010001
111101110010011000
000000000010010011
111010101000111100
000010110111100100
000000011110110110
000011100011110111
111111110101111101
000000100100110011
111111011110100001
111110111111001100
111111100011000010
000011011100011111
111110101001000101
111101011010000111
111011110111000110
111110001000100100
111100110101011101
111011110000001111
111111000011000101
111100110110010111
000010110001101110
111111110111010101
000010110001010010
000000011100011101
111010000011100010
000000001010100010
111111011011110110
111100011011001101
111011101111011001
111011101111110001
111111110010101111
000001110110110000
111011101101101001
000001100111000101
000001010011010011
111011011010100101
000010100010110010
000001010100011100
111100011100010110
111110111100011101
000110000100111111
001000010111010110
000100100101011011
000100111110011100
000001011011010010
001000001100111011
111000001001100101
111110110010010010
111010010111000101
111011001101011101
000011111001101101
111011110001001001
000100000111101001
000000100001111100
000011110111011001
000110000101001100
111100000110100110
111111011010010000
000000011010001110
111110100111110010
111001111100011001
000101001100011001
000001010101111100
000110100110101111
000101011010000101
000100111010110010
111010110010111000
111100111110111011
000100110111000111
000100001011001000
000001100110000101
000100111000001000
111100100101100001
000011111011110101
111111000001011101
111010111100110110
000001100001111001
000010101100101001
111011101101111100
111010110110101111
111000010110011111
000001100100100111
111110001111001110
110111010010100101
000001110001000000
000000000011001000
000010001110001110
000011000000101101
110011101010110001
001000011000111010
000000010000101011
000110000110011000
111011010000011110
000111111100110110
000010101000100000
000011001001101110
000010100010100100
111110101010101010
111111000000110010
000000101000111101
111010010111010100
111111100101011100
000110010110110100
000010101011100111
111110100111011110
111110011010011101
111110011110110100
000010100111111011
111111001010010111
111100100000001111
111111111001100000
000100001000101111
111001101100111100
111110010100001110
000001001100111101
111101010010110000
000010100101011010
111100100110011100
000011101010011100
110101010010000011
111010101010010001
111110101101000100
111011001100000000
000011001011110101
111100000011010101
111100010101000100
111101111011000001
000001001110000111
000011010111010100
111110011011100100
111110100011001001
111101111100100110
000001011110001010
111110111001011101
111011100000101100
000000101101001100
111101111011000011
000101010010001000
111110111010101001
000000100001101110
000000001001100000
000000111001111010
110111000100010110
111011110111110101
000101110101001011
111110011001111000
111110010000100100
000101111110011101
000011011110110001
000011000010100111
000100001101000000
111101100111110010
000001000011010000
000100001010000100
001011110001111111
111100100111101000
110111000111000010
000110000101001001
000000111001111001
000010010110001100
111101000001011100
111110001011100011
000001110110101110
000010001111000111
111100001110111100
111101011011001011
000000000111110100
111111011100000110
111101100111000111
001010001101111100
111101101011111000
111110101100100101
000100101011011000
111110011111010111
111110100001110011
111011101101100000
110111111111001001
111111100100110101
111010010011011101
111011000110100111
111110100110001110
000001010110001001
000001100101110011
000110010000010101
110110000101011111
000000001110110111
000000100001110111
111110111110110101
111010110100011010
000000011111011101
111110011000011000
000001111010000000
000100001100111000
111111000100100011
111100101000000100
111001111101111110
000100000100110101
001000011111100101
000100010010001101
111100111110110000
111111111101111001
111110110010010010
000100010100010011
111100111110010010
000010011011001010
111100100110100110
111111110011110100
000010010010100110
111111100011010001
111011111000010100
000011000101101010
000000000010000110
000011011010010111
111101010001011111
111110101110101001
000001000111100010
000000110100111100
000001110100001110
111111101101111010
000010001111110100
000100000000100010
111111010110010111
000010010100100110
111111011100110111
111110011110111111
000001010100000110
000000010011010100
111011010010100101
000001111001101011
000011100010000111
000001010010111011
111111010100010100
000000100110000110
000010101011010000
111111100101111000
111100100111110001
111110101111001000
000001111010110010
111011000110001000
111001100101000001
111101011110100010
000100100101010100
000001101000110001
111100101000011111
111101101111011110
000000101001000010
111101110001111111
111111010011000100
111010111100010111
111111100101001001
111101101111101001
000010100100100111
111011000100111101
000100101100011001
000100001111101010
111100100000110000
000010111111101101
111100100111010110
111010101000001011
000100011111100111
111101101011000000
000011011101110010
111110010101001110
111101010011000010
000000001111001110
111110000100111101
111111100010101110
111011001000000000
000010000010111011
000000000011110010
111101100001000011
111110111110110101
111101000011101100
000010100010101010
111111101111100100
111110011010111010
111110000010000100
000000001010110000
000001111000101001
000011000011101000
110110111000110110
000000000110011011
111011111000100101
000011011100110001
111101110010001011
000000111000111010
000010100000100000
000011010100110001
000010110001001100
000000000011000110
111110011001101001
111110100110101111
111101000100000110
000000111101111011
000000110100001011
111111000000000000
111111001010011100
111011010010001001
111110000100011100
111001000110000000
111010110000110100
000001001110010000
110010000011000110
000011110100001011
000010010010100001
111110101000011100
000010001000010101
111010001011111100
111110100110011110
111110010101000011
001001001010010111
111110000110000001
000101110100111001
000010001110010100
000001010000101111
111000001110111010
111000000010001011
111000001101000110
110110110000011001
110110110010100100
111110000100010111
111100110011111111
111110000110101010
111001111100001001
000110110010011011
000001001011101011
000000111011100111
110110011001100010
111101111101100001
111110111010000110
000100001101000011
111111001100010111
111111110001111111
000001011010011001
111011001010001101
000000011110010010
111110101100001101
111110001101101010
000010000111100010
111111010000010111
111100101110001100
111110011100001110
111011110101010100
000001101111111111
000000011110001100
111100100010111001
111100101101000100
000000100010100010
111101011101011011
111110011111100101
000000001011111100
111111001101000010
111101111101011000
111111011011101001
111000100000010111
000001101000100111
000001111111111010
111110100010011101
111111001011111010
000000001000101011
111011010011101111
111111011010000000
111100011000010011
000010110101101100
111110110111000111
111111110000011000
000001011001111001
111101101010110010
111010101101010111
111111010000100000
111011011101011111
000000001111011011
000010001110101110
111111000000010011
000001110110111000
111000111111011100
111010000110000100
111100000001101110
000000000100110111
111110001101110111
000011101011001010
000000001111010001
111100110111001011
111100000111000011
111100001101010001
111100101101101011
111111100111110110
000010011110101100
111111000101111101
000001110111111010
111110100011000001
111011000101111001
000010011011001010
111101101101010000
000011100011101100
111110111100110100
000001101001100100
111100011100001111
111011110010100111
111111111000110100
110111011100011111
000010110000001110
111101111111011110
111100101011101011
000011101110110101
111111100010010111
111101101001001000
000000110101110010
111111010110000111
111110011010110101
111010101110011001
111101110000101001
000010100100001010
000001110110100000
111101101101010000
111111100110110010
111111001001011101
000001010000100101
000000000111011100
111111111111001100
000011100010101011
111111100001011100
000001011010011001
111111101001101100
111111111110101010
000100011010100111
000000001100010001
000100100010010101
000000100101101101
000010111110000111
111010101110000100
000011001101100110
000000100000001011
111100011101010011
111101101110000111
111111101111000000
000100111001100001
000011000011001100
000101001111101000
111101110011000101
000000000001010010
111110000010010100
000001110110111000
000011010001011000
111001010011001101
000111100001100001
000010010111001101
000000011101100000
111100111100011100
111111001100001110
111111100101100110
000010010010101010
111100010110010000
111100001111111001
000000101000010011
111111000010010110
111101100101111110
111100010010011011
000001111010100011
000010101001111101
000000101111010011
111101101000101011
111101111110001011
000011100001000101
111000111111011010
000100011110010110
111101000110110101
111111011101010000
111111011111001101
000010010111110000
111110101100001011
111111010100101101
111000110101100010
111101110000100010
111110111110101111
000000010110000000
000001101000000000
000011100111000001
111101101110010101
111100010111001011
111110000010011011
111110111000001111
111011000001001010
111110100101111100
111101111011010111
111101100100000110
111100110011001010
111111110010100101
111111000110001000
000000101110111111
111101011000011000
111101110110101111
000001100110111001
000011010110111001
111100001101100100
111111011111100100
111111011010001100
111010010110101000
000001000000000011
000000011000100110
000001011011101111
000000000111010001
000010110110010001
000001001101110000
111111000010011111
000011000111100110
111011101001111001
111110001111001110
111011100000110111
111100010100000001
111100000110100000
000011011000000011
000010011011101000
000011101100110000
000010110110001010
111111010011000011
000000110100011111
111011011111001101
111100111001010010
000001110001110001
111011101110101100
111101110111100000
111100010000110010
000011011010010110
111110100100000110
000001010011001001
111011110000111000
000010011000011110
000010010111110111
000000000000000001
111001110111000011
000011000000101100
000010010110000011
111101101011111100
111111111100010010
111101100011110100
111100011001010001
111011011011101001
111111001001100000
000101000100101011
111101101111110010
000100011011000001
111111110101010001
111111001011000000
111111011001100111
000000010000011100
111110100101111000
000001110110101011
111111101100011101
111100010001100011
111100011111001010
000001100001011101
111100110110010010
111101100101110001
111010100111111000
000011100110100100
000001110100111101
000001110011110010
111110001101110110
111110001001001111
111001001101111110
000000110111110110
000011110100000100
000010101000010101
111111100110111100
111100100110100000
000010010111111101
000001000001010011
111110010101001011
111101110111101110
111111001000000001
111101111000000110
111110001000110011
000000101001110000
111111100100010001
000010001111100011
111100001011101001
111111111111000001
111110110010110000
111110101101011101
111100101100100000
111100001011100110
111111111110110110
000000111011100010
000010001111101010
000000010110111000
000000110111001110
111101010100111101
000010101110001011
000001111011011010
111100111111000100
111000001100010001
111001110101110110
000010000111010011
000011101101111100
111110000101100100
111110111010111001
000000010101111001
000011011110100011
000011110100001101
111010011000101100
000001010001000100
111001100001010101
000001001110011101
111110101101101011
000101010100011100
111100011001110000
000001110110011101
111101110101000011
000101010011001110
111101010111000110
000010001111111010
111011011100011100
111111001100101001
111111110000001111
111101110000001010
000010010110010110
111000100001000101
001000011111111101
111011000111001010
111101010110100010
000011000001000110
111101100010101111
000001100000000010
110101010001101110
111111100010011101
000000100000010100
111110110110000010
000110100001010001
111111011110010101
000001111011110000
000001001111110101
110111100111111100
111110011110010000
000011010110101011
111100001101111010
111111000001001111
111101101101110110
111011000001101111
111011011011100110
111110100000100100
111111001101111110
000011000001110000
000000000111011001
111101000101101001
000001010100000100
111110111010001111
000100100110000101
000000011010101111
000010011100101001
111010011001110010
000010111101111000
111110010001001010
000000000010010011
000010000101010000
111100101100110001
111000011000011111
111110000110001011
111110110000100100
000010011000001111
111010111000001101
111011101101100101
111110110111111100
111100001100001010
110101001001011111
000010110101100001
111011100000100000
000010100110110110
111111100010111101
111010111011010011
000010010000000110
000011110011100001
000001100110100100
111110111110001000
000010000101111110
000001110011001001
000001000111000111
000000010000001011
000000101110100011
000000110101010110
111110110001001111
000001010000001111
111111000111101111
000001000011000001
111111101100111101
000010000010000111
111101100000100101
111111101010100110
000010000111101110
111111010100101110
000001100101010100
111111101001111110
000010111010000100
111111001001111111
000100010001011001
000000001111110010
111100111000000101
000000101100001110
111111101111100010
111101010000001001
111100001110011010
000000000100110100
111100110011111010
111111100101101101
111110001010110101
000001101000111110
000000100010011100
111111011111101010
000000111111110110
000010100111100011
000001011001000101
111110101101001101
111101101000101111
000000011010110111
000001100100110011
000001011010000000
000010011010011001
111101010011100111
111101001110100010
000000010101010010
111010010111101111
000100111010100001
111011001111101110
111001111001010011
111101100000101011
111100111010000010
111101000100101000
111101111101110110
111101001011101101
111110011011011100
111101011110110000
000001000100010100
111100110010110001
000101111110011110
000000101101011010
000001001100001111
111110010001001000
111111010011011100
111100100100001100
111101010111010000
000000011101011010
111010100100011111
111101100100000001
000000001101010010
111011101001100100
111011101101010001
111101110000111101
000010110100001110
000001000000101100
000000011011010000
111111000000101010
000000010001000000
111001000000100111
000010111101101011
111110011010100000
000000110111100110
000001001111111111
111111100111100110
111101101011011101
111001001111001100
111111100011011011
111101111011110110
111100000111100110
000000010100000010
111101011000010011
111110011001110001
111111100001000100
111111100111110111
111101010011100000
111100100011011110
111111110101010001
000100000010010000
000000111100100101
111011111001011001
111000001111000010
000000001100110010
111011110000101110
000001100111010111
000001010011111110
000000101001000010
111110110000110001
000000100101000001
111101100110000100
111111011111001001
111010001011110000
000011100110011110
111011111111111111
111111110011001111
000100110000010100
111110110011001100
000101110111011110
111011010111110011
111111000001011101
111111010101111101
111110101101111111
000110001011101010
111110110000000101
000011110010101010
111101011011111111
111101111111101010
111100110100101100
000010011011001101
111011001111010110
111011110111010001
000000000110100001
111101101010011100
111111000011111000
111101101000111010
000110000100101100
000010000011110010
000001110101100110
000010111000100001
111111000101101010
111110111111001100
111101100001011000
000010100000101101
110111101000101101
111110111100000101
111101111001010100
111100001000010101
000000010001111110
111001101010000010
111111101011111100
111100011110111111
111011000000011011
111100101101100100
111010010000100011
000100111110101000
111110000011110000
111010110110010101
111011111010101000
111101100101000000
000000011101001010
111110010001110001
111011010111111010
000001000110101001
111111100100000000
111111111101101000
111110110001110001
111011100011011101
111101010010111010
000010101001101000
000010100010001110
000000101101100101
111101101001000010
001000010100011101
111010100011101100
111011111101110100
111101010100011000
111110110111100001
111000101100011001
111100111110001111
000111110010110101
000011110111010010
000010001010010000
000110100011011000
111111110100010111
000000111110001101
111110111011011111
000010110000000111
111011101100001101
000101110100100011
111110011000011110
111110111011001110
000000111111101111
000000101110001011
111100010001000100
000001010100010010
111101011000111100
111111111011111100
000001101011011011
111011111011111110
000000001000101101
000001111011111011
111110011000101110
110111111000111000
110001111100010001
111100000001011000
000101010101111101
111100101011011010
111100001101000100
000010000000001100
000011100101110010
000010000101100010
111100110101110101
000010111110101000
000001100101110111
000001111001110111
111101000011100000
000000010000011011
000010111001101000
111110101100101010
000001010010110110
000010101001110100
000010100100010000
111101000111110001
111111101101100100
111110011010101001
111010110011100001
111110001011010111
111110100110000110
000011110110110000
111101101101111011
000010001001110110
000000101010010001
111101001101100110
000011100001010111
000000110000000101
111101111110001100
000010001001010101
000011011001101001
111111111111111110
111101001000010001
000000011011100010
111101111011101011
111111000110011011
000000001110101101
111101100011010110
111110100111001011
000000110001101110
111111111001011101
111101110100001111
111111010010001111
000000111010010001
111100010110011000
111110101010101100
111100011001100001
111111011011110011
111111000110101110
000011000001011000
111101010001110001
111111100100010111
000001001100111110
000010101000111010
111100100111011111
111111000010011001
111111100000100101
000011000000111000
111011101010001000
111101100100001100
000000011111110011
111110101111001101
000000101000010100
000000000101011100
111110000110011110
000000001101111000
000001011100110000
000001010001001100
111011000101110011
000010000111001101
111011010111010110
111011011101101011
000001000110010111
111110011010111111
000010011011100000
000011001000010111
111110000011100010
000001011001011010
111111111110111010
111110100110100000
111111110101110110
000001000110011111
111101111001010011
000001101001010010
111100101110110111
000010101111011011
111101111100000100
000101000000000100
111100000001011100
111100010101110100
111010111011010000
111110001110100111
111101111010011101
111011001001101000
000000100111110000
111011100111010000
111111000011011010
000010111100001110
000000100111011010
000000010001101010
111010001100000100
111110111100001010
111011010111100111
111010010001101011
000001001100111001
000010001110100111
000010100111101010
111100110001110000
111110111101001110
000000111100111000
111101100001101011
000010011100011001
000001111100110100
000001001001001101
000001111101011100
000100000011111110
110100101011111100
111011001010000110
000000111100000000
111011000111010001
111011101011000000
111111010001000010
000000111011111111
111110111111001111
111000000000011001
111111100001101010
000010101110110001
111111111010001001
000010111001011101
111010110110010010
111111000101100101
111011011101011100
111110010111001000
111100111001001000
000010011001011001
111100101101101000
000011001011101011
111001111100100000
110101001010101110
000000000111011100
000001101100110010
111111000100101010
111100000001001001
110110101011111011
111101100101000110
111110111111110011
111101110000011011
111110001000010010
111111001111011100
111011010001010100
111011111101110000
000010001010101100
000001000011000101
111100001000011000
000000101000010111
111111001010110110
111111111010110101
111110011011000011
111011011000100101
000000011000101100
000001001111001001
000011000000100101
111011111101111011
111110100011100011
111110111100110101
000010000000010110
111110110010110001
111010110100010101
111101111011011101
111111110010001110
000000001010011100
000001101110100000
111111000101101000
111110101001101001
111101000001010001
111111110010111110
000001000100101100
111101111000100011
000010101101111110
111111010011011101
000011100000011000
111111010101011000
111101101110110001
111010111011011111
000010000001100110
111100110110001110
111100110101010011
111101001001001100
111110101110011111
111111010001100111
111111101001111100
111101101101010111
111111011011110110
111111111000110010
000100010100011111
000001000101001000
111110011111011000
000000001001110011
000011010001010111
111101010111110000
111110000101000100
000101000011011010
000100110000001111
000100011101110110
111110110101000111
000011000000101000
000001100000101000
000011011100110000
111101001101110000
000001111011000010
000000000100010100
111111100111010011
110110101000100101
000001111101111001
000000111100100101
111111110001010111
111110101101101110
111110110101101101
000000001111010100
000010111100110001
111110110110101100
000001011001001001
000100011101110100
111110110100101001
111010011101101101
000101111011010101
111110100001111001
000110100100001101
000100000001100100
000001110110000101
111011101100001001
111000101010100001
111111011010101001
111100111011111010
000010101101000000
000010011111110000
111110100010101111
111111111010110011
111101100101100111
000000111000001101
111110010110101100
111100100000100000
000000010101100000
000000010010110011
111100100111101001
111111100100101110
111110010001001001
110110010001000010
111110011001010001
000001101011000000
000000110100000101
111111101111110101
000100011000101100
000010101101001000
000000101100110011
111111101010100001
000000011100101000
000000011000001110
000011111110010001
111001100010001010
111100001001011011
000000000100000001
000000011111000011
000001100001111001
000011000110000000
111000111110110111
110111101001011110
000010100001000111
000011000001101000
000010111011000101
111101110110011110
000010001101110110
000000010110101111
111101010101001000
111110011110001010
111101000001011111
111111111110000110
000101010011100010
000100000011001100
000101011101101110
111100010000110011
111011110010101000
111101101111010111
000000010000010100
111011100001010010
111011011011110011
111100011000101111
111110010111010110
111101110100010000
000101011111001111
111111111000101001
000001000101100111
000010001011011001
111101100000011100
111111111111111111
111110100000010000
111110011001010100
000000011101111101
111110011011111100
001000110000101110
111101001011100110
000001100101101010
111000111100001101
110111010100000111
111010111111111011
111110111000011101
111111101100010111
111010101000000001
111110101010000000
000000001001000011
111111100001000000
111110011000111101
111111000111011000
111011101111100101
111011100011001001
000010001001100100
111110010010001011
111110111111101110
000000111011100100
000010100011100101
111101100101010110
000010011000110000
000110111100110101
111111001111100111
111111000000010100
111111100001110011
111100100001001000
000000100010001111
111010111101101001
000001110110111001
000000111100111011
000010100001100111
111111011000110100
111101111100101111
111111100110011101
000001000000101001
111111111100110111
000010110010101110
111111001111010000
000000001000110110
111111001000000100
111111000110111000
111100000110001111
111110011001111000
111101001011000000
000000000000010011
111110111011010110
111000010101010010
111100100101011010
111100110111011111
000011001000001110
111110110010110001
111110000011001011
000000110101101001
000000001010001001
111101101100010011
111010101010001101
000001011111101011
000001010001101001
111000010110101110
000010001001000000
000010100010111001
000000010001101011
111111000101110100
000000100011001101
000001010011111110
000000000111100011
111101111010110011
000010011000111100
000000001111110110
111101110011111001
111111111111110011
111011110111000111
111111101110111011
000001001001001000
111100110100011010
111101001100010000
111110100101110111
000001110011110101
000010000111101101
111101000111111000
000000101010111001
000001110000000011
111110110000100000
111110110100010111
110111010111010100
111111001100101100
111101001011110000
111100100101100011
000001001111011110
000001000100101100
111001111100011111
111110111100010110
111111011010000001
111100100100001001
111010100011101101
111110110001110100
111101110000011100
111101011111010010
111100011100001111
111111011110101001
111111101101010111
111111100001001111
000000000000101110
000000101011011011
111100100000000010
111011000001010110
111100010111101001
111011110111000000
111110110111101010
000001111000010011
111101110001010001
000000001010011000
111110100101111110
000001111100011101
111100100110000111
111111011100010010
000000000000110010
000001001010111000
111111001110100001
000010100101111010
000001100001011001
111011111111111100
111011110110111001
111100110011010010
111110001000100111
111100111010110111
000000000000111101
111111010111010010
111111011100110010
111110101100001111
111011110011101000
111110110101011001
000000011011100000
000011000011011100
000000000001111010
000011001000010011
111110110011001110
000001110100100101
111101011001000111
000011100100011100
110011001000011010
111010001000111100
111100101001010101
000001001010000111
111000101001111010
000001010100000011
000001000000111010
000010111011101110
000000001010011010
000011000110001010
000001000100110010
111100101011011110
111100100011010000
111100110110100011
111000111101001011
000011010110111101
111100110000001111
111011111001111100
111110000010001000
111100101001000000
111100111011111000
000001011101000101
111110100101101101
000100111011111001
000100000011100011
000010101011110010
000000111110011001
111001010001001100
111010011111001100
000011000010101011
111111110110001001
000011001101110010
111111011110101101
000011011110011100
111111011010011110
111010001011111010
111111010001000001
000000000100010000
111101110111010010
000000101000010000
000001001101111101
111101001001100101
111100001010011010
000010110011011000
111110101011101101
000001110001100101
111011101100000111
000010111100010110
111110000001101101
111111010110001011
000001010000010110
000001010101111101
111110011011011001
111101100100011110
111101100111010101
000000011000011000
111110001010110011
111101000110110100
000001010111111110
000000011010101110
111101000001101110
000000011101000100
111110101010101101
111111101100010111
111110100110111100
111101100100000110
111111101100010101
000011111111100101
111101010110011111
111101011101000011
111111001101100101
000101110110011001
111010010011010011
000000011001010001
111110100010110110
111100101111011000
000001110001110101
000000011010100010
000100001001111000
111111001100001101
111111101001000101
111000110110110000
111110011000110100
111111111100110001
000010010111010111
111101000010101110
000100000011101000
111110111011010010
111110011101111000
111011110100001110
111011110101111001
111101000111100000
111111001001001100
000010101001001101
111110101000011000
111111100000000001
000010011000000000
000011111001111001
111100110111011000
000001010100111001
000000001011100011
000101010100001101
111100000100000011
111111011001010111
111101001001001110
111111100101001010
000000011011001010
000000100001001001
000001111011110011
000001100010110000
111111000010101100
111111101001101010
111110111010101100
000010000000011101
111111110000001000
111111100101101111
111011001110101101
111101000111101011
111110100110001101
111100101000000101
000011110101111100
111111000011000110
000011101000010101
111110001011000110
111100101100011101
111101100101011110
000101010100101101
111110110000011110
111011001001001011
000011000110110111
111111100000000100
000001000110111101
000000001001100001
111110100100001111
111100100110001100
000000110100110011
000001110000111101
000010011101100101
000011011010001100
000010001011010110
000001100001100101
111111100100000000
111111000001000000
111111001101001000
110111000000001100
110110010011011001
000001100110111001
111001001110010111
000100001000101000
111111100101110111
111011101010001111
110111101010000110
000010100100000000
000011101000010110
111100101000011000
000010001100111000
111100111010111101
111100101011101010
000000100101111100
000001000001011001
111101011010001010
000011110100010001
000000010110011010
111011011010110001
000010101100100010
000000011010111110
111101111011101110
111111110011000001
111101111001011100
000001100011011101
111111011001111001
111100101111001111
000001011001010001
000000110111011101
111101100001000101
000010001001010001
111011101001110011
111011110011101011
111100011110010101
111101010111101000
000000100011101001
000000110100101100
111010011100000001
000001110111000010
000001010001100100
000001101011011010
000001011101110011
000000000100010001
000010111011001001
111111111111011100
111101111010101001
111100010011010101
111010110101011010
111010010011101010
000011010111010011
111100110000011000
111101010100001000
111110000010100001
000000101001100101
000000010111011001
111101101001001111
111110001010110100
111100111101001101
111110010101010100
000010011100111110
111100011010011001
000001100011001001
000001001010010001
000100100000110010
000010100111010001
111110100010110011
111011010000110011
000001011111001001
111110111010110011
000011011011010101
111101001100100101
111100011111011010
111111110110101000
000001011011110111
000100111101010011
000000010001010100
111110100100001101
111101101100100110
111101100001000100
111110100101000101
111111011111110001
000001010111001111
000001100101111101
000001110010011011
000000101100101001
000000001110001010
111100110000111100
111111110110011001
000000110100101011
111110111010000010
111111001010001000
000010110111100100
111110010000100100
111101110111000000
000010011010011110
111010010001100100
111000000011111100
111011101110110100
111100000001110110
111111011111101010
000000100000011000
111100100000011000
111100110000101010
111100001101111000
111101100011111110
111010000010111111
000000000101000101
000001101110101001
111011111111010001
000001001100000110
000010011001000101
111101001011100001
111111001000001000
111111000100011110
111111101110001110
111111001010100111
111110000010100100
111110000010100101
000000010110001000
111110101001011111
111110000110001010
111101110101101010
111110011111101110
111100001101011001
111001111100111011
000011000000001101
000011001001010000
000000011101111101
000001111100100111
111111111110001111
111101111011101111
111111011010110000
000011001010001101
111111011010010000
000001101101000100
111011111010101101
000001011000111000
000001101101010111
000011100001111011
000001100100010110
111111111111111010
111101011011001001
111110001001010000
111001111011101001
111111000000101010
000001101110001101
111101111110111011
000010011101101010
000001110100011110
111101101101101011
111110001010101001
000100011010110001
000000000001110100
000111111101000111
111110010100000101
111110010000100100
111110100010011101
110110100100100001
111100101110111010
111000000101100000
111000100100001101
111101010101111011
111111100001111100
000000000101011100
111101100010010111
111010000100000011
111110101010011011
111011111000111010
111100010010001111
000000010000000011
000011001000101000
111100000001001100
111110111100111011
000011001110101111
000001101111101101
111111111010101101
111100101011101010
111101000110010010
111101010010111101
000001011101111000
111101111011010110
000010001111000100
000011000010110110
000001000011000011
111100111011110010
111111001100111111
111010110011011110
111110100011011010
000011011110111011
111001100001100010
111111111001010011
111111001100111101
111111000111000101
111111001100100010
111110110100101101
000000000111011001
111111110011111111
111001101010000111
111011111110111111
111111011011100010
000010100110010011
000001011101111101
110101110011111000
111111110010010001
000010100010001100
111100111010110101
111100011101111001
111110111101000011
111101001101010011
111110111101011000
111111001101011111
111101010011100010
111011110111010101
111100010000100100
000101100100100000
111111001100111000
111111110001110001
111101110101010001
111100011111001011
000001101001101010
111100101011011010
111110101000110100
000010000001010010
000011010111101010
000000011001001110
111110101011111101
000000100010010111
111101010100101100
000010100100001001
111111110100100010
000010111110101010
000000001011100111
111110111010000000
111100001100010010
000011010101010010
111111010010100111
111110111110011000
000010001101110010
000010101001111001
111111101011001000
111111110010101101
111100011001000000
111011001000000111
111011100011110101
000000001110010001
111101111101011000
000001001010001100
000000101001000011
111110010001001001
111101001101100100
111101100110001101
000010000111101110
000000000011110010
110111101110010000
000010000100001101
000010000111100011
000101000011111000
111111011101100000
000010010100111010
111101011111010010
111110011000100010
111100100101010001
000011000101111101
111101001111001111
000011111101110111
000001101100010110
111101110001000001
111101100000011000
111111101010010101
111110100000100000
000100010101000001
111111000010010010
111110101000110110
111111011011101010
111001110110001111
000000100001111101
111110101011001110
000010011011010010
111100100110010011
111110100010011010
000011100001001101
111110101110001111
000001111010000101
111111000001011101
000000110101100000
000010111100011111
111101110001101100
111101010101100101
111000101001110111
000010000101111100
111101011100000010
111100111111001111
000011101010000010
111001011101011001
000010110011110111
000011001010011000
000000011100101000
111111111001110100
111111010101110010
000010110001000111
111100110110101110
111100101110000101
000001001111011110
000001111010101001
000001001011001101
000010111010111011
000001001001101101
111110111111000000
000100100000101000
111100110101100111
111100110001101000
000000011000100100
000001011011010111
111111101011110101
111110000000110110
000001010010000001
000001001010111010
111110110101010111
111100001100101000
111100110001101001
111011001101010100
111100101000010111
111011111110111000
111111001100011011
111110100010110100
111101101110001001
111011101110100110
000001101001010101
000000100001001111
111110001110100111
000011010111001011
111111011111011100
000001111001101011
111110000001101001
111110000001101110
000011000100101011
000000110110111101
000001100101011011
000001111000100001
111101111100101100
001001001000101110
000100011011000111
000000010010111011
000011100001100000
000010100101001000
111111101010001101
000001111111111001
000001000100010011
000010000111010101
000011011010001001
000010111011110011
111101011000100010
111100001001110011
000001000001101101
111101100110000111
000110101111011001
111110000100011001
111111110011111011
000011101000000001
000000101001111000
000100011001110111
111000000000111100
111001100010010101
000000111010000101
000110000100000111
110100010001111011
000011101111010001
000001101001000001
111111110110110101
000000111001110111
000011010010010110
000001000011011101
111101000100000101
000100101100000000
000101101010101001
111011011001110111
000011011100000100
110101010101110010
111110010010110100
111111000001110010
111111100001011011
000101111010100101
111101100001000001
111110101101001000
111011001001010101
111101101111011101
000011010000110101
111111100001100001
111100001011011001
000001100101011111
000011110100010101
000000100111000001
000000000010101110
111001101111100001
000001101101000111
000110101101010000
000101100111010111
000111100101101111
111010111001001010
111011100011111001
111110010010111010
000010001000111000
111011110100111011
000000001111110011
000010110010011100
000000111100111001
111100110100011101
001000000111011010
000010000011001011
001011001001111011
000010011011000010
111111101010010000
111101000011011110
111000100111000101
000001101111001011
111110100001011000
111010101010000111
111101110010001010
111010110011111111
000010011111010000
111001011011101110
000000010000110110
111010010001110011
111101100110111010
000001000001011100
110111101100001100
111100010010100111
111010101100000101
000010101111101101
111000010111101101
000001111000001011
111101001101000010
111110100010001000
111100100111101010
111111000110111110
111100111110010001
000000100000111100
000001010100000011
111100110010101000
110111110101111101
000010111011010101
111001101011001101
111110101101100000
000000011010111110
111100011110000110
111100011010000011
000000111100010001
111110000111110100
111100011001011011
000001101000001000
111101111010101101
111100111100001101
000001000101100100
111001110011010101
000011101110011111
111110111101111111
000010000011000000
000110011110110110
110111100011111000
111101100010000100
111101000101010010
111011101010011010
000000011100111111
111110101110011010
111111110000011000
111110010110001000
111110110100101001
000000000000101001
111111011101101100
111110111110011000
111100001001001101
111111101111110010
111100100011101000
000001110010100101
000000001111110100
111101010101010010
111101111101101101
111101010100011001
111110010100001110
111101010011110110
111100011000110101
000001101011011111
000010001100110101
000000110001100100
000000111011100110
111111011101110111
111111001111000110
111111000100000100
111101001101111001
111111101011111110
000010000100010100
000011000010100111
000000101011011011
111101101111100011
111111111011100111
111111001010101000
111111010000011000
111100111011100001
111110011101111001
111101110000001011
000000010010101111
000000011110111010
111110010100111111
111101110100000101
000101111100011110
000001101010010010
000000101101010000
111111100010000110
111100001000001010
111111010000001101
000001001000111001
111101100011000000
000011110000111101
000001101110011011
000001011100100111
111011111100001000
000011001001100100
000001011111100010
000000110111001001
000011000100000100
000000000111101000
000010101000001010
111101111010100011
111111100011100011
111110001101111011
111110111101101010
000000011101100000
000011111011110010
111101000001111110
111110101111010101
111110111110101111
000010000110010010
000011100011001101
111011010010110100
111110110011110000
000101010111110010
000010101100111101
000010100110001111
111010111011011111
000000111111001000
000001000111110000
111100111100010100
000010011011110101
111101110011110000
000000110010001110
000011100111001111
000010010101010001
111111101100100001
000011000110110010
111101100011001000
111101011010001011
000010101010110110
111110111000011000
000100110101010011
110101100111000010
000010110100011111
111110110011100011
111110010000100010
111110100001001101
000011110111101011
111110011100101010
000001000101110011
111011010010010100
111110010100101001
000001011101111110
111011000000111000
000000010010010011
000000000111101110
000001100110111011
000000010101000100
111111100110010011
000001111010100001
111111111000001000
111101101001100001
111111000000100011
111011111010000001
111010011111111111
000001110000000111
111101000101100100
111101111001010011
000010110111100000
000001011001000000
000010000100001010
111010101111000110
111101110101011000
000001001111010101
000011000111110000
000010001001010110
111010001111011010
111111010011001101
000001101001001011
000011101111000101
000001011110100000
000000011111010001
000000111010111100
111101011010000010
111010100111101111
111100111010101110
000001001001000000
000000100101101010
000001111101101110
000001011100100000
111101100101011111
000001001100100011
000001010011110100
000010010000000101
111111000101011010
000001010101010110
000011000101111111
111101100001101000
000001110100010011
000011101101111100
111100100001100000
000011000110100101
111111001011001011
000010010010101110
000001110001100010
000001010011110100
000000010000101111
000010101100000110
000001011001101000
111111111001001110
111111000000100010
000100111001100101
111101011010011011
111000100010000001
000000111010110111
111110111000101100
111101100100000000
111111100110000000
000010110000110010
111111011110011100
111110011110100011
000001010110110111
000000000011011011
000000001010111000
111101100100100010
000110100000110111
000000111101000100
000110001000000000
001001100001011101
111101111011000001
111001101010001000
111111110110100110
111110010111001100
000100101100100101
111110111110001000
000101001100000001
111110111011010011
111101100101001110
000001110001100110
000001110000001110
000111111011001101
000101010010001000
111110001000101111
111011010111100011
111110001110011011
111010111001001100
000001000101011111
111011000111000110
111001011000001011
111111011001100010
111010001010111010
111110011011111110
000001011000100111
111011101110001010
111100001010000111
000001111100011111
111101110101111011
111110001011110101
111010101000011010
001001000111101001
000011001100011101
000000001111100010
111110001011101000
000000111011011101
000000001000000111
000101001101100110
000001011000100011
111111000000100000
111111001101000100
111011101000011110
111110000000001100
000010101011001110
111101111101000011
000000010001010011
111110101100010111
111110010111101101
111111000110100101
000001011010101101
000011110001001110
000010010100110111
111110111001001101
111101011011010100
110101000111101101
111100110011100010
000000010111101101
111110110101010010
111100101110110110
111011101111110011
000011110010111101
000010011010101011
111010110001101101
111110100101000001
111011011100101000
000000111010100010
111011001100110011
000000001001110011
111111001011001011
000000000011010011
111101000110110100
000000001010001101
000000000100010111
111011001001110010
111010111010111100
111110000000110010
000011000101010011
000010101000111101
000000010000000100
111110001010011101
000000001001010110
000010010101110100
111111101010111001
111101100111000011
110110111101001101
000010111001011100
000001110101010000
000010001101111110
111111010011100000
111011100110011001
111100010100000100
000001000111011001
000100010110001001
111011000011110101
000000010101100001
111111111110001011
111001100101010100
000010001101010101
111100111011100010
000001000010101100
111001000111100111
111100010101001110
111011001111011000
000000101000111100
111110111011001111
111110010101111101
111100011000011110
000000100001100110
000010010010101000
000001101111111110
111101000110010110
000000101010001111
111011100110101111
000000000001011000
111111111110110111
111100011010101011
000000110111001011
111101011001010100
111001101110010010
111100101111111010
111110101111101100
111111000010101111
111001100000101110
111011000000111000
111110010110110011
000011001110110000
111100001101110011
000001101010111101
000100111000101101
000000010111100000
111001110101011011
111111100101100110
111111000101000100
000000011101110110
000000110110100011
111111101000011101
111100100110011010
111010011100001010
111011111100011011
000000000010001110
000111000101101101
000010011000111010
111111110111010111
000000011110100000
111111001101000000
111010110011000000
111011011110000111
111111110000111011
111101101010110111
111011111010101001
000011011100110100
111110110110110111
111111010011001100
000100011111000100
111010011101101000
111111110011100010
111111100001001100
000000010001110101
111111101010011000
111111111011001100
000000100101100000
111110100110010110
111101100100111010
111101100100011111
111100111000000101
111101100001101101
000001100110011111
111110010101011010
000010100110000111
111101000011001000
000000110110010111
111100111110101010
000000101110101001
000010001100111110
111110100101111001
111100111111111100
000001001100000001
000001101000100110
111111000010111110
111101111001110101
000000010101111011
000000001101111001
111111100100101000
111101001011001010
111110100101100010
111101010100111000
111100111110010100
000001000000110000
111101110010000011
110111011011110100
000011001100001011
000010100110001000
111110001011011000
000001011110111001
111101000101101000
111101110100111001
111111011101001111
000010010000001010
000010011001010110
111100111100111100
111001100000001111
111110111010010100
111101110111100011
000000000100010100
111111001100010111
000011111110101001
000000001110100100
111111100010011110
000001100010001101
111011111001011011
000000101011101000
000000110011110011
111011111000110011
111011010011110111
111011110111011100
000001111001111100
000001111101001011
111101000000101001
000000101001100000
111111100101100111
000001000110101001
111111111111101001
111010010000000101
111111101011111111
111100010110100011
111100010110100101
111111100111110000
000100010011100000
000010100011111110
111111010101010010
000001010110111100
111100111001101010
111101111000111010
111101011100010110
000000010001010101
000010101100111011
000011000111101100
111101111100010111
000000011110110010
111100100011011000
111011101101010011
111000110000001010
110011101111000111
000101110100100001
111000101011111100
001000010101010011
000001001110100000
000010001010010001
111101110001100001
000010010011001100
000010000111011100
111100100110100100
000001101000011101
110110010100000110
000000101001111110
111111010111010100
111010100011011111
111101010110000011
111101000111110100
111100001000110111
111110101111111111
111001100100010110
111110111101001110
111101010100100010
111101111000111001
000010000010110110
111101110101100111
111110011011101110
000000010110101001
111010100001110011
000011000110110100
111111101111111000
000000010100111100
000000100011101000
111101110000000011
111111001111001010
000001001001100000
111101110001000001
000010001010001000
111111111110001011
111011011001110100
000000011000011110
000011001011101101
111101011000111001
000000101110000001
111111101100001000
111111010011001111
111101001110110011
111100110110000101
000010010011011100
000001100111011111
000010101011001100
000010001010101001
111100000010001101
000011101010101100
111101010001101010
111011101001110011
000100000111111100
000010001001001101
111110010011000001
111100100111010000
111010000000111101
000000101110010010
111100011100011011
111101000110101111
000010001101101101
111101111110010000
000000010001011001
000000000000000001
111100110110000000
000000110010111111
111011010101001001
111100101101000111
111101100110011001
111101011111000000
000000101000001010
000010001000010011
000000000110111100
111100011010000101
111100000010001010
111100000111111001
111011111001110110
111101101000110010
000001000001101011
111100010101010010
000000110111110111
111100001001010001
111010110011011110
111100010001111000
111010000001101101
111111100011000001
111010011111010000
111111000001000011
111010110101011110
000011100101100100
000001110101110001
000001010001100011
111111101011011001
111111011110011001
000000001111010111
111110111101110011
000000001010010011
000001110110011100
111110001010011001
000011000000000011
111111010011011111
111110110001101001
111101010101010111
111110001101011000
111110011001111111
000011011010100011
111111110010110001
111110111010011010
111100100011110101
000000101001110000
111110110101111100
111110100000111000
111110111011110011
111111110010110010
000100001110100011
111100010110010011
111110101000100000
111111010010011001
111110001111100100
111111000010001010
000101000000111001
000001000010101110
111011111000001100
111101010101011110
000001110010100000
111101101010011110
000000101111010010
111011001010011100
000010100110011001
111110001100000010
000010100011101110
000010100100000010
111100100111010001
000010100110111100
000010101100000101
111111001100010000
111100110000001101
111110010010001100
111101111101001100
110110100001001010
000010110001010100
111110001011110010
111111100000001000
000000100001101000
111011111111001100
000000101000111010
111100101110010111
000010011111000100
111110110111111010
111101100100000110
111111100000100101
000011111110111011
111111010010010010
000001011110011100
000000011011110010
000001110110101111
111110001001001110
111111000000011111
111111111101100100
000000001011111011
000001010011001010
111110010010001000
111100001111111010
111111000101110100
111011010001010000
111111011110110000
000000110000110111
000001101000001101
000000011011000101
111101011010011010
000011101101010111
000000000001110111
111101110111000100
111100101111101111
111100011000100110
111101100001011000
000001100000111011
000001000100111110
111110001110000001
111110101000101000
111101110011001110
111110111100101000
111111010111111101
000000111000101110
111111101101101110
000000010000111101
111011010001011101
111110000111001000
000000110010100111
111111110010011110
111111000100111000
000000101000000011
111100000111100101
000000000110010100
000000001000110110
111100001011011110
111110011110000001
111100111101011101
111011010111111110
000010001111010001
000010010111011011
000001110010110011
000000010101111010
111111111101001010
111100011001000000
111111010000101010
111101001111000011
000001000111000111
000100010000101011
111111011010100111
111101101001001111
000000110001010110
000010000001000111
000010001000000010
111010011110011101
111101101111011111
111010111001000011
111100100011110011
111100010111101000
000010110000010110
000010101111011110
111110001100110000
111110010001001101
111110000111000110
000000000111011000
111100011101111010
000000011110111010
000001011011101110
111100011000101000
111100100100111100
000000011110101111
000001010011101001
000001100001111111
111010101011000001
111001011101010000
111011100010010010
000000111011101110
000000010101010110
111111100000001111
111111011110111000
111111111111110010
000000011000101010
111010110111101011
000000000111010000
000001010000110101
000001100111110101
111101010001100100
111101011110001000
000011000110100110
000001010110011110
111011101001010010
111111001001101001
111110011101100011
000000111010001010
000000101000010101
000010111001011100
111111001001001110
000001011101001011
000010001010111101
111100011101100111
111101001110111110
111011011001000110
111111100010101111
111011111011001011
000011011000000001
000001011110011011
111101110101010101
111111000111000111
111111111010110101
111111000010111000
111100001000101100
000000101111101100
000011011110110000
111110001000001010
111101000111111011
000000100110101101
111101011101010100
000010100110010101
111101011110001000
000010001010010010
000110001010110100
111100001000011010
000101110111000101
000001000100011101
111110001011001001
000001001101101010
000000111011101100
111001110000111111
111110110011100100
111101001011111000
000100010011110000
111100111111110101
111100001010011001
000000110110001001
000000001000100000
111100111111110001
000001101011110011
000000101110100110
001000100100110001
111110010100111011
000010001000001110
111101101000110101
000001000000011110
000001101011100110
000101010011100100
000001111110110001
111101111000001100
111100110110010001
000001101100101110
111101010101110010
000011010000100000
000011100111110101
111101010111110101
111111000101111010
000101111010110001
111011110010000111
111000011000001100
111110010010110010
111110011010111010
000001000001111101
111110011011101100
000100111010001000
000000110010110101
111110111010010110
000011010100001111
111100011101001101
111110101010001010
000000110000110110
000100011101111011
000000100001011001
111011111100011100
000011100101101110
000011000100001000
111001011101010010
111111001001111100
000000010100100000
111010101001010101
111100100110100111
000010000010001111
000000111011101111
111110111001111010
111101101110111100
000011111001000110
000010011001100101
000001011011100100
111111000110101110
111011110000010110
111100011010010101
111101111111001011
000000111010100011
111110111010011111
000000001101000000
000000000101010011
111110011101111011
111111100011111001
111011101111011100
000001000100100100
111100011110010101
111011111101000100
111100010111101101
111110000010010011
111110111101000111
111110001010111001
000011111000001010
000010011101010001
111100011000110011
000000000111000111
111100100001000111
000001101010000001
111111000100010100
111100000011001100
000000000101001110
000000111010110111
111101000111011000
111011110001111011
000001100010001011
000000011100001101
000001000111010001
000001010011111100
000000000001000001
000000010010001110
000000010011111110
000010101110011010
111010001011111011
000000101110110000
111101111010011000
000001000101001110
111110011111101100
111111000110001110
000001111111100001
111101011011100110
111110100000000011
111011100110011110
111111000010010010
000010111011100000
111111001101011101
000011010000010101
000000000010111011
111010111110011111
000010011110111011
000000100010100110
111110111100100001
111110100100100101
000001001010000100
000100110001000000
000001011101001010
000000001010010000
111110001000101011
111110001110001101
111101001000101011
111010011110001101
000011001111011010
111111000110111100
000010000100011001
000001110110001101
111000001101000100
000010110000001000
111010101101001101
111101001000010001
111100101010101110
110100111110111011
000001001110000101
111110100110101000
000001100111111011
111111100000010001
110110000000100001
000011111011000101
111101011011001000
111011101000011111
000001101011101101
111111111000011001
000001001001101101
000000101111011101
111111011101011010
000000001001010110
111100000110111011
111011111001110010
000011010101100000
111110001101011101
111111110111110000
111001101000000011
111100011100111111
111011111000000110
000011010011011010
111111100110010110
000000100010011011
111101110000000010
000001011000000101
000011010001110011
110111111101000111
111100100111000011
111011010011101001
111101100011000111
000010110111000100
111110110011101101
000011010001001101
000000011110010010
111011100010011001
111111011100000111
111011010110011011
000001110011111111
111111111110110010
000010111000010110
111011110100011001
000001010001101000
111001101010110010
111100000110000110
111110011100100011
111110011100011001
000010101001000001
111101011001111010
000000001101111000
000010000001101010
111111111011000100
111101000111101000
111111010010000011
111111111100111111
000000011000001111
000000011001111000
111000010000010100
000111000101010111
111111000110101110
000010111101000100
111110110100011001
111100111010011011
111111011001111101
111110011001110011
000110000010110001
000001111011000010
111100100100011010
111100011110011110
110111010100110111
000010101111100111
111001110100010000
000010001010110101
111101011111101101
111011110110010011
111111111011010011
000001110101100000
111111110001110000
110111110000101010
111001011011011000
000011001011000111
000000101010011000
111100101001001100
111110111000101110
111101111011111001
111111011101110001
111101110101000111
111110110000110101
111101100001000101
000011011001010001
000011011100111001
111110000011100111
111011101001010001
111101010110000010
111100101001110000
111110011001001000
111100000100011101
111110111001000001
000010111110101001
111011001001011110
000000011000101000
111101100101010000
000000010011100001
111100100110110000
111111011001111110
000000001110111000
000011100110101101
111110111011101100
111011111100011101
111111100010010101
101101101000110011
111111010010011111
000001000111000100
000011111010111100
000000110110110011
000000011000000110
000010000011101101
000000010011000001
000000011001001010
000000000010001111
111011101101010001
110100110010110011
111111101000001001
111011001110011011
111110011111111110
000000110011111101
111111110110110000
000011100001000100
111111100101110000
000000000000111100
110111010010100100
111100010010111000
000000110111000101
111101010011011010
111110101101110010
111100111011111010
000011101111011101
111110101010001110
111100100101011000
111111011000111111
111100111001110000
000100001101011110
000000100011010101
000000110100000100
111111111001101011
000011011101011110
111100110110111000
000000110111111010
000010001111010100
111011100011110110
111101001100100110
000001101010111101
111110000111000111
000011110101011111
111110101111111110
111111110111100110
111100111000110001
111101010001001010
111110001010011010
000001111011110111
111101001100100011
000000010101111111
000100011111000100
000011101000100110
111000111110000101
111100010100100111
111111110000000100
111111101010011101
111011111011101111
000000100111111110
111101000100110011
000100001010011100
000010101100100010
000010000000001111
000100000101011101
111011100100110001
111100001111111101
000000110100100011
000001001110011000
000010110000110010
111111101000011001
000010011101001111
000100001101100001
000001101011101010
111110100111101001
111110110011011101
111111001011100101
111101111000101011
111110000001101110
000001010000000101
111100010101001101
000001111111010011
111101111110000000
000000001001001010
111101001100110010
111101001100101111
111101001001001001
111100000100011000
111101100000001110
111110111101001000
000010000111010110
111101100110011011
111101011011001110
000001001011011110
000000000111100100
000010011100001111
000001001010101110
111111111110110111
000001001001001111
111111101010001100
000000101011001111
000001010100100010
111011000001010100
111110111011101111
111111100000000110
000000011011000000
111100111000110111
000000011001001010
000000111011101100
111111000110110011
111111101100001011
111011111000110000
000000101010100010
111111011100100110
000001011101011000
111110101111010001
000010000110100111
111100000011001000
111111010101011100
000011000001011100
000001110101010000
111101110010110011
111101011011111110
111111101011100100
111101011010100001
111110100110111000
111101011000111001
000010010110101101
111110010000010011
000001101001111010
000010100110110111
000001000110101100
111011111000000000
000001010011010010
000010100100000111
000000000000111100
111000111111100111
111111010101011001
000010000110110110
000010001011100001
111010100000010001
111110101101111111
111111001001101101
000001000111100100
000010001110011001
111101000010110110
000100011111111010
000010000011111110
000100101101101010
000001011001011000
000000100100100000
000010110110001110
111110010000011001
111110100111000001
111100000001001110
000100000011000100
111010111000111011
000010110001010001
000010101101011010
000000001011111001
000001100110111101
111110000001101111
000100100010111000
000101001010101111
111101111000110010
111101100101000010
000000101000110001
000100111001010011
111100111100010000
000000011110100111
111111100100110001
111111111001010000
000010010100011001
111000100101001010
000000101100100111
111101000011001010
111111111011010110
111011111111000111
111111100110100111
000000110110100010
000011000101100110
111100111100100000
000011101001100010
111110110100110001
000010010101001101
111110100001100000
000000101010000111
000001000010001100
000001110100100011
111100011000110001
000000011110010110
111010101011001011
000011001111101100
111111111111011011
000010011101111000
000010110010001100
000010010000111110
000001011110111101
000010010011101001
000000101000101010
111101111001101100
000010000101011101
111101111100011111
000010001100000011
000001101101100101
111101010100101000
111111000010001001
000001110100111110
000100110001011010
111110011011110001
111101001110101111
111111100001101000
000000010010100101
111111100100110001
111110000110100111
111110111110110110
111110000110100000
000001101111101001
111101101111101100
000000001000111111
000010011001001110
111110110010001010
111110011010000010
111101011001011100
111110010010010001
111111010101000001
111101001000111010
000001001100110011
000010011011001100
000001100000101111
000101111101001100
000001100001110101
111110010000000100
000010000111110100
111111001111011001
111011011001011011
000000010101001101
111111110001111100
111100001110100011
000110000110001110
000011011100110001
111110100011110101
000000000000011101
000101000011001000
000000011100100100
111111000010001001
000100011000110011
000011111100010000
111011110000011100
111000110010111101
000000000100101000
111010111100101110
000111110100001000
000001011000011000
000010100010011011
000001011011011010
111000100111010100
111100111110010111
000011001101100111
001000010010110011
000000101101010001
111101010110111110
000000101111000100
000001100010110011
111100111001111010
000011100011000001
000010100000111001
111001001001110100
111110110011000010
111010010001110111
111100001101000011
000000001000011001
000100000011010101
111110001001100110
000000010111100101
000011001010110100
000010001011011111
111000100010011100
000011110000100111
000101111000110000
111011101011100000
000000100101101001
111111010000110000
000001000101101111
000111101001110100
111110101100110010
111011111101001100
000001101001100101
111110111000011101
111100111010101010
111110011110011101
001000001001000110
111110110010000110
111001000001010100
111111110110110110
000000100010100010
000011000011110011
000101000101011110
111100110101000110
000001110011100011
000010100011010110
111001010110001100
000000111010101111
111110000001100100
000010101011110100
000000110111001010
111010010100111100
000000011100011000
000010010110000110
000011011001110001
111011000011000010
000001101100010100
111111010111101100
111111100001011001
111010000111110101
000001101100111001
000001100100000110
111100110101101100
111010101011101010
111111000011111011
111110111001111000
000000111010111100
111100110101111010
111011111111110101
000001111001011110
111111001000011001
000011010010100010
111111110100011111
000010110001011010
111110000010110000
111010111100101110
111101110000101001
111111000011000010
111110010011010110
000011001111101100
111101100100111001
000000011100000110
000011000101010111
000101110000111001
000010101101110100
111100001110001000
111110010001001110
000000110000111010
111100001100010011
000110000100010000
000000101110010000
000101100100111001
111100000001000101
111101011111011001
111110101010010001
000000111110001010
000001100011101000
000100101011001110
111011011111011000
000100000010101010
000000110010000011
000100001111111110
000001010101101100
001000010010010101
111111001110100011
000001001110110001
000001010011001111
000000110000101011
000010110100001011
111100010111110000
111000101010011101
111100001100100111
000011100010011000
000000100100111011
000000011001001100
111101000010011010
000011011000011001
000100000111101000
000000000000111101
000010010000000010
000101001100101010
000010011000101010
111101111100100111
111101000010011111
111101111011101100
000001011100100001
111110000000001000
000001110001010010
111011110111111010
111111101110100010
111010001000010011
000010101110100000
000001110111000011
000010011000101000
111101110011011001
111100011110011011
111111110000001001
110111010010001100
000001010001001101
111101100110000111
111101000001010011
111110001110010111
111111101111011011
000001011011100010
000001011001010001
000001111111001010
111111110100101001
111101111111101010
111111111001111010
111110000101100011
111101110000101100
111111100100111001
111110010011000101
111101010011101110
111101011111011110
111011001101001110
000010010111111001
000100000101010101
000001100001101100
000001011110101001
111101111011111000
111110101111110101
111110010001000101
000010111011010101
000100000101010111
000010110011100100
000001110111000011
000010001001100111
000011001101001001
111100110010011010
000011100101000101
000000111000100000
111110001010100111
111101111110000100
111100110111100011
111010100111111010
111110110010110001
111100000000111010
111101100010011101
111100001000011011
000011011000111101
111110100111000111
111111101000011110
000000001010000101
000000000011110110
111010101110100111
111100001011010001
000010000001100100
000001011000000010
000100100111110110
111101000101110101
111110011010010011
111000010011101111
000001100000111011
000000000011110100
000010010100010010
000010101111011110
111101101111111111
111101001110111101
111111000101101111
000001100001011010
111101110010111010
111111001011100110
111111011101101110
111011011110110100
111110010001011011
110111100110001011
000001001100111101
111100001000010111
000001010110011110
000000011101010111
111101110011110000
111111011110101100
000000110100100101
110110110010110100
000001010010111110
000001010111100101
111100101010111001
111010000111110111
111111100010111001
111110011001111001
000001110101011010
111111111101100000
000010000110100001
111101101110010001
111110101110011011
111111100001111101
111110111111101001
000011011100110110
000010011101000001
111101010101101011
000001011010101001
111101000000010111
000001000101110001
111011101111000011
111110100101011101
111101101110010010
001010110111111001
000010101111000001
111101010100000111
111011010011100010
000000100110001110
000000110100111000
111101001100111100
111111001010101001
111110110010001010
111111110110011011
111100111001010010
000010101001111000
111101100010110001
111101001110110011
111100001011011010
111111010000011100
111001010000000100
111010000001100000
000000001000100110
111001011101101000
111010101001011111
000011010100111000
000010001110111110
000000001101110001
000000001101001101
000011011110010000
000010100000011111
111101111111110011
000001110011001100
000000100011001111
000001001010101100
111001000101100011
111110011010100110
000000001110111011
111101101101001010
000001001100000100
111011001001100101
000000110111000110
111111011010111000
000001101110011110
000001000011001111
111111111001001001
000000101110010100
000000100011001011
111100101111000110
000000001100001001
000010110111000111
111110100110001010
000000110011010011
000010110000110101
111101100110001110
111001001111101111
111110110010011101
111111110011010110
111110011000011111
111110010111111001
000001011110010011
000001001000110101
111110110110010000
000011001100010111
111111100000011100
000001110100011011
111110110010000100
111111100110100000
111111011001001011
111011100111010011
111111011000010100
000011011101001010
000011111000100001
111101010101001101
111011110000111010
000001011000111010
111011111000011110
000010011110100111
111110100010101101
111010000101101011
000000111000101010
000001010111001110
000001000011101011
111110100001011101
111110010101000100
111111111001111010
000000000101000101
111101110010101101
000010001001101011
111110110101000111
000010001001101010
111110001110110100
111100100011010011
000010001101010000
111101101100111110
000101000111000010
000001111011101111
000010000011100000
111110101010100000
111011011000001110
000001000110111111
111010001001000001
111101111101011001
111010100100110001
000001010101111101
000011010001001010
111110000101000000
000001010111110111
111101001110010010
111100101011101000
000010101110011010
000011011110111110
111111111111000111
111101110110100000
111101010000011100
111101111100110100
111111011010011110
000001000111110111
000010010100000000
000001001100100110
111110101010011101
000011001011100001
000010111000110110
000001111100000010
000010001110011111
111110100011001000
111110011011111100
000000011101101011
000011110000111000
000001001001000110
000000010101001010
111001001011011110
000010001010000000
111010010001111111
111101010001101010
000001111100001000
111010100100010011
000000110101110001
000011010010000000
000001001011010001
000000011011011111
111101100100101100
000010011101000100
000000100011000101
000011101100111001
000000010011011101
000100110100011010
111101000110101101
000001101101001101
000001101110101011
000001001100101110
111101111111011111
000001001100111110
111100000111100111
111110001010001101
001000110111111011
111101110111001101
111101110001111010
111101100110011010
111100110001100101
000001101000010001
000001100101001100
111101100101001000
111111111100001111
000100111001000010
111001111000010001
111111100001101111
111110001001101011
111100111101111010
000001100011010000
111011010101100010
000010010100101010
111101000001111110
111110010110110101
000000101000010001
000010000011001110
000001000001001111
111110111101000110
111100010111011100
000000001001111100
000001011111111100
000000010100100001
111111111110100001
111101100110010001
111110100010001100
000000100011011111
111011111010100001
111110110110100000
000001110110010100
111111110100111111
000011111111011001
111010110101101110
000000001101111000
000001001101100101
111110101101111101
111111110011111000
000001100110110110
000010010001101110
000010010111011100
111110111000011111
000100011101101101
111100111001111001
111110111000111010
111101001100011111
111111101101000001
111011011001111110
111110011011100010
000011001011111001
111110001100111011
000001100101111110
110111100100010111
111100001001110010
000010111001110001
111111011000010110
111110101101000000
000011110001001101
000000110010011000
111110011011100010
111110111100101010
111101101101001101
111111101000010001
111100100001001011
111011101100110101
000001011110100101
000010001101011110
111111110000010001
111100111100111000
111111101001101000
000010100110000110
111001101011000001
111101010101000111
111100101100010100
111100100010000101
111111110101101010
111011011000101001
111110101110010111
111011100100001010
111010000100010100
111100100101111111
111000110101000001
000011011011010100
000010000010110000
111101111011011011
000000001011010001
111100011110101101
111110001000000100
111011010100001000
000000111010001100
111100111101001110
111110001011001010
000000100000000010
000011101110010001
000000001000111010
111111000010010010
111101100000100000
111011011000000101
000011100110111100
000011101111000010
000010010000011000
000000011111011011
000000100100101101
111110001010011000
000011011110011011
000011010001100000
111111001000011010
111011010111101001
111100100110111111
000010011101101101
111101110000110101
111010010101100000
111111001110010000
111111011101110010
000010101000010101
111110010101011010
111101100011110001
000000111101101110
000011001100010011
000000101110111110
111100110000110110
000011110001100011
000010111100001011
000010000010000001
111111000000100110
111110011111110011
000011011010110101
111110011101101100
000000010111100001
111110100101010100
000010000001000101
000011101110010001
000010011101011101
111000010000011010
111100011010011010
111010110101100101
111110011001110010
000011110010000111
000000000110011101
000001011011101110
000010001100111000
000010111001000110
000001001101001110
111101101111011000
000111111110110010
000000010011001110
000000011111011001
111010111000110100
000011111011101011
111111101100101111
000110111011101110
111111011011111111
000010101000100011
111110010101110110
111101000001100011
111111010100110101
000000001100111100
000110101000101011
111101010101100000
000010011010000011
111101100001001101
000101110110011011
110110001010010011
111010001100001100
000001100101110111
000001010011101010
000000110110111010
000000110110100111
111111110001101011
000101011110001011
111111101100111110
000010011000100110
111111011100010111
000100011010000111
000011110001101000
000010001010000001
000000100100100000
000110001100110110
111011010111001010
111111001001010010
111010110101111011
111101010000000100
111011101110010000
111011000101100011
000000111000100000
000000101100011011
111100000100001101
000000010101111111
111111111110100110
111111110001011100
000001111001101000
000010011001101110
111010111110000101
111010101011001100
000000000111101000
000011001010000111
111110110100011000
000000001001001101
000000010000101010
111011110101011001
000001010010011011
111101010111000100
000010011100001011
111011101110100011
000000000101010000
111110000001100101
111100111010001001
111011110110011000
111111010110010100
000010011100001100
111110011011011010
000001101111110001
111100010010100111
111111010111101101
000010111000001000
111110100000111010
111100111111001110
000010010101111101
111111111100111010
111100000001000011
111110011110001000
111110101011111011
111110110011011010
111111110110111111
000001010101000011
000001010011001010
111011011000000001
111111011110001101
000010101110110110
111101001001010111
000000110010010001
000011101001111001
111101101111011110
111111100011000111
000010110111111110
111011001111111101
000010011010110000
111111111100011001
000010110000100011
000000001001101001
000010100000001000
000010101001101001
111110001111100010
111101100101111111
000000001010001111
111111111011010000
111110000100111100
111100111111110111
000010000001000111
111101111000111000
111100011010101110
000011100000001010
000011011100111010
111110010110110001
000000111000011101
111010101010011101
111111110011000010
111100111010100100
111111010011101001
000000001101110010
111111111100101111
111110110101101111
000010000110100001
110101001010001110
111101010111100000
111110010011100001
000000111011010101
000001100101001111
111011111110011100
000001111000010100
111100011010111001
111001101000100110
000010101101110010
000011011001111100
000000110001101111
111110001001010000
111100110100001010
111111011000000101
000000111010111100
111111010000010000
111110001000000101
000001001110000010
111011101000011101
000100100111010101
111010010110001100
111111110101110010
000010110100000111
111101001011111101
111011100110110100
000010111010100100
000010111001000000
000001100100000010
111111111011101101
111101110001001100
000001101111110101
110111010011011000
111101111000011110
111101111011101101
111011100100110100
000011000001111110
000001000110010010
111101010000110001
111001110111101000
000100000000011100
000000110100111100
111100001110111000
111100110110110100
111111010101000101
111100011010100000
000000000001111001
111111011011110100
000000101110001101
111101100101111010
111111100110000000
111101010101001000
000011011011001011
111101111000001010
111100010100011001
000000001101110110
111101010010110111
000000011100000100
000011111111111010
000101101101000110
000001111100110000
111110110111001100
000011101101101111
001001000000110110
111100001100010010
111101110000101110
111111110000001000
111111010111100100
000010110111011000
111101101100011001
000010011011101000
111010100100101110
000000010100101110
111010110011011110
111110111001011111
111101110100010001
000010001101001000
111100101110000110
111001111011000100
111101010101100110
111101001011111111
111100100010111111
000010101011001000
111111000001100101
000100000111010110
000000110111000110
000000100010111010
111111000100111000
111110000000110100
111110011001100000
000000010101010010
000111011000111010
000001111001100101
000000001100001101
111111010111001011
000100011000000100
111010010001001011
111101001100101010
111110000111111011
111011111011100011
111111001111010010
111100001000011110
111110101001101100
111101110101001011
001001000010011001
111011011111000110
111101111111111000
111101010011000101
000010001111111100
111001111101101001
111100110101111010
000101000100100001
000010101111110010
000001100111110000
000010010110011101
111100010001100011
000011101110111010
111101100011010011
111110011100011101
000010100011011010
000000001101010101
000000101011100111
000011110110101101
111111011110100110
111011101100000101
111111001111010010
111010001001001101
111111011010110110
111111010000010010
111001111110111100
111111110010110011
000000101001101011
000001011011101010
111111011101101000
000100011110001000
111101011111111111
111110101001001110
000011000100101010
000110001100000110
000000011111110001
111011001000010110
000001101110011011
000001011010101001
111111101001100101
111110010101101111
111110110111001010
111101011011010111
000001000010010011
111010010010001010
000011111111111111
000100101000011000
000010011111010100
000000001100000011
000000001010011110
000000101000010001
111010101000101000
111110101100011100
111111010010111001
000010111011110111
111111010011100000
111101011000000010
000000010000100111
111111100010111011
111100001011011001
111100000110000101
111111010000110011
111100100100110111
000000001110010100
000001001100100100
000001000110011000
000000111111000011
111110111111011000
000001111111001000
111111110000101101
000001000111111101
000010111011101000
111111101111001010
111100011011011001
111110011001000110
111100101010110100
000010010101111101
000010001100011001
111101111101110101
111111011000011100
111101010100100111
000010111101001111
000000011011111011
111110011000100010
111100100011010011
000000001100100110
000001000001100101
111101110100111100
000001011000011110
111111101101101010
000001010011010111
000010101100011010
111101011011010010
111100010100001001
000010011110000100
000000011110011000
111110110010001100
000001100101011011
000011001000100110
000000011100111101
000000011110100100
111100101011010001
000011100111011110
111111100111000110
000010100000001101
000001000000010011
111110001111101100
000011000111000011
000000100011011110
111110010000101100
000001101010001110
111100000101101100
000001000001000100
000000111101100100
111110111110100100
111101011010001110
111111110111101011
000010101001000100
111111100011010001
111011000100111000
000011000111100001
000100010100111111
111110101011011101
000000101001101011
111110010011011101
111110101010000100
111001001101011101
111001111111001011
111101111111010110
111110111110011011
111110111010100000
000100001111101110
000011001011011110
111101101000111010
000010001010001010
111110100000100110
111100111011001101
111111100010101111
000000000011000010
000010001110101111
111101000011100110
111101110110010111
000010110000111111
111000000011000100
111100000011111110
111010010000000101
111000011100111010
000000000011011001
111110001111100110
111101001100000110
111110100001100000
111110001001010001
000001000010000000
111110000000110000
000011010010110100
111100011111001001
111101101101010000
111100110101110110
111000101101101001
110010110010001000
111100110000110010
111110000111000000
000010000101011001
000000011110111011
000011110011111000
111011100110110001
111100011101100011
000001110011100010
000010011010100001
000011111011010001
111111000000111010
000011111110110011
110110010100111001
111111000001011110
111111001001000011
000001110000000110
000000011000011101
000000011001101001
111111100110001010
000001011111000001
111001000100001001
111100100000100001
000100101001011110
111111000000000111
111111001100010010
110110010111110010
000001000101110111
110110111101011110
111101111010100110
111111011000111011
000011011010100110
111001101000001110
000011110001010001
000001001100101101
111110001011101010
111010100001000010
111111101111000000
111111001101101111
000000011000111101
111110111101111111
111101011011101010
111101000101110010
111110110100000110
000100100100111110
111110100101011101
111100100110010100
000000000101011000
111100111101000001
111111101111010100
111101011111011000
111101110101101111
000001000000010001
111111111111000000
111110010111011111
111011100110001010
000000000011100111
000010011011000011
111111100011110011
111110010010111100
000001110011101011
111101011000000000
111101110100110011
111000101011010101
111010001011010100
111101110001100110
000010010010011000
000101001001110000
000001010101110100
111111111000010000
000000001101000000
111111010000101111
000010110100011010
000001001011100111
000100010001110111
111011101000011101
111110111101101011
111101111111111011
111110100010110111
111110110000011010
111111111011111001
000000100000100001
111111001001011011
111100101111000101
111111001011011110
000110001100110001
111110010111010011
111010111111100001
111101101011110000
111110111001000101
111110010001000010
000100001010100000
000110010011000010
111110010111010010
111101101100111111
000000001001110110
000111001101000100
000010010110110010
000011110001100100
000111011011100101
111110010000011100
000011001011010000
111110011000010001
000010101110111001
000100010001101110
111111000101001110
000011010010101000
000101010000000011
111001001011011110
111101011001000010
111111111100001101
000011001110010001
111111101111111000
111110100000100110
111100001101100001
111110100010000000
000001011011100111
111010011001011100
000011101000010101
000001010011011000
111100011110011001
111110001110000011
111010101110000001
000010101000101110
111011100000000000
000001001001111110
000001001011000010
111011110010011110
111110110110000000
000100111101011000
000000101101001111
000100000001011110
111000001010101011
111101010000111110
111100110001011011
000010010001001101
111111111001111100
000000111001010010
000001100001100001
000101101001001110
000000000100010011
000001110100101110
000011011011010011
000000000001001100
110100000101000010
000010111111001110
000010010110001000
111100111110110000
111011010000101010
000100101010000110
111111111110100111
000001111001111000
111010101101111001
000110110001001011
111011111011001110
000010001100011100
111111001101100001
111100001010010101
000011110100101000
111011101000001011
000010111000011010
000000100001010111
111011110101000000
111101111000001111
111101100110000111
111101110001110000
111010001100001111
000011000010110010
111111111100000011
000010110010011110
111100010111010100
111011111101111010
110001000110011100
000000111011011100
000110011110101010
000001111011101110
000011110101000011
111100101010110011
111111111110110111
000110011010000101
000101011110011001
000000100011111011
111101011100011000
110011001101101011
000101111011110101
000010010011100010
000110101010100001
000010011010010010
111010010110110101
111101001110000000
000011001010100011
000101011001100111
111110110101101011
000010011101001110
111010101001010000
111110011110001110
000100111000101110
000100001110101011
000010110101101000
111010110010000101
111110000100001000
111001100011100110
000001010010011111
111001100111110101
111001011011001100
000001101100011000
111110111011110010
000010110001000001
111111010110011101
111101101101101011
111111000111100111
111000111000110101
000001100101111110
000101111010001101
111101111001010101
000000100101010010
000001011110010100
111101110110101000
000001100011111001
000011001000010110
000001101000101000
111011011111010011
000001111001101111
000001000001110101
000011101110000001
000000010010101100
000010010001011111
000001011110101001
000001101100110001
111100001010011110
111110111010001011
111011101000100110
000001001101000101
111101101001100100
111101000101001111
000000111110100010
111000111000100101
000001101111010101
111110000110101101
000001001101111111
000101000111101010
111111110110011011
111110000010010000
111110110011101111
111101100101101011
111100111111111001
111110101000000010
111110111000000110
111111100000000011
000001010101100111
111101111010100110
111111101011001101
111110011001111101
111011000000000011
000000100100111001
111100000101011000
111001100100010100
000001001100010000
111101110100011100
111110101110100101
000000001100000011
111111000001011111
111110000111011010
000010010011101110
000000011110100010
000000101000001011
111110100001101001
000010010110111001
000001111001000010
111011111111110000
111101000011100001
000000110010100011
000000011110101111
000001110100110011
111011010111011000
111100100110100001
000001000110010000
111001111110101010
111111001011101010
000010000100100011
111100101010000111
000000110110111011
110110110011010101
111110110101000010
111010110001010111
111011110111111001
000000011011011101
000011111101110101
111000011001100100
000011010001011000
000100010010011011
000001011001111000
111010100011111010
111100001001000111
111101000110010110
000100111111100011
000000110100011011
111111100001010110
000011010110110111
000001110101001001
000001101100011110
111111100001101010
111101111100011010
111010000001001111
111101001000110010
111110001001100110
111111110110001000
111101110111110110
000000101011111010
111010101010111101
000001011011111101
000101001100001000
111101100001101101
111100111100111000
000001111100011101
000000011011101000
000000011101110111
111101110110000001
000001111100101101
111100010001010101
111011101010101000
111101110011101101
000001100010101011
000001101010110001
111010111110100000
111101011100110000
111110011111110101
000011101011000110
000000111010001100
000011001001010010
111101000111111111
000000111101100010
111111101111111101
000000101111001001
111100000100111101
111110011111011010
110001001011100101
000001110111001110
111000101101001011
110111111000110101
111100100111111101
000100111110010100
111100010111101110
110110101010011010
111111000101111110
000011011011001110
000000101010110011
001000001111010110
111011110011010010
111100110000111001
000001000001101011
110111101010010011
000111111011101100
111111111000111000
111110110110110011
111110010100100110
000100011101111000
111111111000100101
000001001110011101
111111101011100111
111101010111000001
001000110001100111
000100011111000010
111101000000110011
000010100111100100
111110011101001101
000000000100110010
000010101101010010
111101111100001110
000000111111011001
111100010001010011
111110110100001111
111110011000100001
111101000100101110
111111101101010001
111101010011100110
111110110001100001
000010110101010100
111100001001010001
000001100111110100
111101011100110101
111101110000010101
111110101100100010
000010001101101100
111011011010011000
000100010101001110
111111110110110011
000000010111101111
111111010111101010
111111010011000101
111110000011000001
000010100111000011
000001110011101010
000000111110011100
000001011101010100
000001001001110100
000101101111100000
000010101001000000
000000011101001100
111100010100011101
000011111101010110
000001010111001110
000001111100000101
111110110000011011
111101010010111111
000100010010001001
000001101000010010
000110111111101101
000000011101001001
000000010010001000
111011101100100100
111011011100111101
111001110011001110
111011110101110100
000001111000010110
000010100100110111
111111100000001001
111111111100011000
111111111011010111
111010001001001000
000001010100100011
111101011100110000
111011010010110010
000001010000111000
000011000110110001
111111101100011111
111100100100110101
000000110011001111
111101111110110011
000000110100001101
000011111011100101
000011000110111001
000011010101011101
000001011001011101
111101010110010100
111111001100111110
111110000100111101
111010111010011000
111101111000001110
111111000001101000
111110010010001000
000001101100101110
000100000101000110
111100111000010111
000001110101010100
000010010111111101
000001010111011100
111110001011010001
111011000010001001
000011010101100100
111110110110000011
111110101011001100
000010000010000100
111111011011010111
111111110100000110
000010111100110011
111110010011100001
000000110111000010
000010111000011001
000000010001011010
000101011110101110
111110000100010000
000010111001110000
111110110001111101
000001011110110101
111001101100101100
111110110100011011
000100101101100011
111111001011110100
111100111110111100
000010111001011001
111010111101001010
000000010100100100
111000011100010111
001011010111100111
111101001000011101
111100101100110011
111111101000111011
111100100011110011
000110010000010000
111100111000101011
111101011000000110
111101100111101001
000000111100001100
000000001001101000
111100101110000000
000010101010000111
111010110101100000
000010001001110000
111000000001001111
111111011010110010
111101000011111100
110100001110001011
000011100110110100
111011000100010100
000001010010010111
111110111100110000
000011011010101101
000001111001111000
000000000110101101
000001111101000111
111111011000101011
111100110110001100
111100101100011011
000000100011100011
111110101001000101
000001010110000001
111101000011100000
000010101010001010
111101101001100001
111101011000100111
111110010101100101
000100101000100001
111111010010111011
000010101011101101
111111100110110011
000001000011010000
000000011100100010
111100001011100110
000011000011110000
000000000110110100
111111111111101100
000001110011000000
111110110110000000
111111010010110100
000011111001011110
000000000110100111
111101111001011000
111010011000001010
111110100101110011
000001000110101101
111011001101000110
111111100001101010
000010101100000010
111100001100011000
111100000110110011
111011010101001100
000010100011010110
000100101111100111
000000001100100010
111110011011000101
111100001110110001
111100011001101011
111001100101000010
111110110010110111
000000011110111000
000010111010000110
000100010100101100
000011100011001000
111111011101100101
000010100100000110
111110000111001001
000011111101100010
000010001001000101
000001111110001010
111010010001000001
111101110101000101
000000101101000111
111111010101110101
000001101010101110
000100100001110000
000010111001101000
111110011111011100
000100001111101000
000000100001000001
000001001111111110
000011011111100100
111111110100100110
000011011000101100
000010001111111111
111111010000000111
111100111101101111
111100111000101010
111100101111000011
111100010010110011
000001011111110100
000011000010100000
111101100110011111
111101011011010010
111110001111010110
111011010111100011
111010101111010100
000000110111110010
000001011011010111
000000101101111100
111110101000110111
000000101111101010
000001100101110011
111010100000101011
000100000010010110
000011001111101011
111110101010110110
111001101111110011
111110100101100111
111111100110011010
111011111101111100
111111101001101010
000001100101001011
111100101100001011
111101100010011010
111100100110011000
000010011010010011
111111001100101111
111101011100110011
111111111100101001
111101110111110110
111111011010111010
111001110010110110
111110001111001011
000010111011010011
000000101111011110
000010001100100000
000011001010111000
000000011101101111
000000111000011101
111111111100100111
000000111011110010
111111110101101000
111100100100111001
111001010111101110
000001000110101000
111111010110101001
111111001111010011
000010010010101111
000010010101110101
111101110010100111
111101111111100001
111110000000101110
000001101110111110
000001111010000001
000001111100010111
111100101010111101
111011011100110011
111001111010100110
111111000100100110
111111110001101001
000000011110110100
111101110001011111
111101101010100111
000001010010010100
111110111001101100
111000001110110011
000001111011101101
000010000001111110
111001100001111101
000001011001110111
111100111100000001
000000101011111011
000011111001101001
111111010110100110
111110010001010010
111111001111011011
111101010111010101
000010001000010011
000000110101101111
000100100011011000
000011110101101000
000000111110101111
111010100111101101
111010110111111110
000010001110111001
111110001111101011
000000101100001000
000000110111100100
000100000111000100
000001111001110100
000010110111000101
000000110001100101
111101001101010000
111110010111000001
000010111100101000
111010101011100110
111010111001110010
000000101110001110
111011011111110101
111100101110110111
000001011101001001
000010011111011000
111010001101000010
000010010111110110
111001011101110010
000100001111100101
000100010001101110
000000110010011010
000010000011100011
111000110010111010
111111010011110000
000000110001100101
111001011010011010
000001100010111000
000010110101111111
111101101011010101
000000100110100111
000001100100100101
111100101001100000
111101011101100100
111111101011100011
000110001111000111
000000100001110111
111111111100111111
111011010101010000
111010000011110101
111110101001111101
111001100110110100
000100100010110111
111110100000001000
000001000100010110
000000111001100110
000000111001011111
111111011001100110
111110100100011000
111110111010110101
000001001000011100
000010100000001110
111111110001111000
111100100011000001
111010000110010101
000011101010001001
000000101111010000
111111110110010101
000000011101111000
111110110000111100
111100110101110011
111111010010111100
000001100100001111
111101000011010001
111110111110001110
111100111101111101
111111100000000101
000010000011001011
000011001101101101
111110010011111110
111101110000011101
000010001110111101
000001111001011111
111010101001110100
111000101001011101
000100111010111010
000010111111100110
000100110100110010
000010100101101011
000001001110011001
111100111010101000
111100111000110010
111111000110011011
000101001000001010
111110101011110111
111101001001110011
000011101111010000
000000001011110000
000000100111010011
111101100001101100
111110001100011000
000011100100010001
000011011101001110
000000010110000100
111111101010100110
000010101110011100
000000011100000101
111010001101111110
111101000001001000
000001011011110110
000001111101101010
111110110100110110
000001110100011001
111100101100110100
000000110110000000
111110000000011000
000001010110111110
111111001010110011
111111000001011011
111110011011010001
000001000111101101
111101011000000100
111110100101000100
000010001010001010
111110101011000110
000000001001001000
000011011110111111
000011011111000100
000101000000110111
000100000100011110
111111001100011000
111110110011001111
111111000000110001
111101010101111110
000001010101101010
000100011001110100
111101001001000111
111100111011110000
000001011010111011
000101000011111101
000000001000000000
111101111100111110
111111001100011000
111110111111000110
000000011001111010
000000100011110110
111100001110001101
111111011000001011
000011011010010110
111110111000010100
111100110000010011
111111110010100010
111101010011100011
110111111111001001
111101001111001101
000100000000001111
000000001101111111
111111000010000100
000000010011111110
111110010110100111
111111110011010000
111110100001001000
111111101110101011
000001001010111001
111100100110101011
000001000000011001
000101100011010101
111111010101011100
000000110011000001
000100101000000111
000011100010110111
000001101101001111
111110010000011011
000010000011110001
000100011100111001
000001101110000010
111100011110111010
111000110010101001
000011100000100011
000001010110001001
000111001100101001
111111011101100011
111100000101101100
110111101111111111
000001000101110101
111101100111000111
111111101101011010
111110101101001011
000100110100111001
000000100001101111
000000010001011011
000001001000000010
111110110011001001
000000001011110101
000110010110000110
000110010111111011
110010010111011000
111111000000111011
001010000100110110
111100010111100011
111110011100000011
000111001011110010
000011001101010011
000111001010010111
111110001101110110
000010000000101110
111001110010100101
000101101110010110
111101111110100001
111011100010101001
111111001111000011
111101101100100100
000110010110110000
000010011000101011
111100011111100010
111000111011011011
111001100111011101
111001101110000010
111011100011101100
111100000000101010
000101100010110011
000110000101010001
111110100110101100
000001011100101101
110010010100101010
111101101101010010
000111110111110100
000010001100110010
000001010001100010
111111101100000100
111111100100111101
000101100011110010
000100100011110101
111100001000000110
111111111011111000
111011100101010111
000100011111011010
111010001111001011
001010000000000001
111011000000001111
111010101110010000
111111010000010000
111110001101010001
000010101011000010
000000000111110011
111001110101101001
111100110111000100
000000010001001110
111100111001001111
111011010100010011
000101101000000110
111011110110110000
111011110101000011
110111010001111000
111101100111101000
000101011001111011
111000100110101100
111110010101101011
111100011101000101
111110111011001101
110110101111011111
000010101001001111
111110011011011111
000000100011101001
111100111010110110
111110011100010010
111101000000010100
000100011011101001
111100010000111110
000100010100011001
110101010001100110
000110111011100101
111011000001101011
111110111001110010
111110101011100111
111011001110101111
000011100000100100
000000011001101111
111010111101001110
111010011001100111
111110001001100010
111110101111110000
111101011100110111
111111101101101100
110110100011000010
000010101000111001
111110110010110110
000001110101111000
000010000101011011
000010101000010111
000100010111100100
111010000101000011
000000010010000101
000001010101101011
000000001000000001
111110100011100110
111100101010111011
111111001010111110
000000110011111001
111110000010100101
111100100011100100
000001110111100100
111101111111011111
111100101001000111
000000110101110001
111101110100011110
111111110111111000
000000001100111011
111110011100111110
111110000101110000
000011010001111011
111110001100111011
111110010001011000
111110000010000010
111101100101011011
000000101000101010
111110010110010011
000011001000110100
000000100001000111
111101110010000101
111111011010110110
111101111110101111
000010111110110001
000011101010101000
111001110100011100
000000011000000000
000011110001111011
111011110111111001
111111100001000010
111101011111111000
111110100111000111
111100110000101001
111011110100001111
000001010001101101
000011100011000010
000001011101110110
000010110110001101
000000000101001111
111101100010100110
111110111000011010
111111010101000011
000000111101001011
111111011100101101
111111110010000110
000001101011010011
000011010000110000
000000011111011101
000000010000100000
000011100001110101
000011001011110111
000000000011001000
111111101011001000
111110110010011111
000001010000111100
000010011001111101
000010110111011101
111000001110111110
111111110111000011
111111010000011001
111110110001001101
111100000111100000
111111101111011111
000010001010101111
111111111000010100
111111100111100001
000001010111101011
000001101000110100
000000001010101011
000011100011100010
111101000101000010
000001110110000011
111001001110010000
111001111101011100
000011010110011001
111011001100001100
000000011001100101
000011111110011010
000011001001000000
111110010010001111
000010101011001111
111011101011101000
000100001101000001
000001101111000010
111111111111100010
000100000010000100
111100001010000101
000001110110111001
000001100010010111
000101000011111101
000001011100110001
000001010101001011
111110111011011011
111100010110111011
000010000010000110
111101010011011011
111100100101110110
111100110000100011
000001010101111011
111110100111011101
111101010101000011
111100000110000101
111100001010011100
111100110111011100
000000000011010111
111000101100100111
000001010111111111
000010010000101100
111110100001011000
111101101110100111
111110000111111011
111010100000010101
000000101000010010
000010001001111010
000001110010100011
111010011100010010
000000101100001110
000000011011001010
111110111000110000
000000111101011110
111101011110100100
111011111000100110
111110011000011110
111111100111101010
111010111000100010
111111000101110110
000000111101010111
111111000111010010
000001000001010010
111111100111011011
000001100000010100
000000110100101000
111111111111111010
000000000001011100
000000010001001010
111100100000110100
111010101011101010
000001010100001000
000000010000010110
000000110010001011
000001000101001101
000000010110110010
000100101110010101
111100101110110000
000001101001010010
111111101110110010
000001001100110000
111111100010110011
111010011000011011
000001100010000110
000011010011011111
111101011110101011
111110100011011011
000000011010100011
000010101000111101
000011100101011101
111100100001001010
111110101001101001
000000100111110000
111111110100010011
111111000111010101
000101001000011111
000010110101111011
111100111110011100
111010110000000010
001000100000100010
111101101001110001
111100110111000000
000101110010000110
000100101000101101
111110111100111000
000100001000011111
001000110101101000
111101111101010011
000000110001111010
111001011110011010
111111000011000000
111101110101010010
000001100010111000
000100110100000101
111111011000101111
111010000011000100
111011001010010110
000001010010011110
001000110101010110
000100111111011001
111100000010100011
111111001100010010
111111101010111110
111001111100100111
000101110111010011
000011000100100111
111010001101001011
111100001110111011
111010101101101001
110101011000111010
111101110100001011
111010000001010101
111010010011110000
000000100010010000
111110000111011001
000011110001000000
110111111000101010
000011011100000110
000110001111010111
110101010010101011
111100011001001110
111011110101101100
111110000100000101
000000011100001111
000010011111000111
111101010110101111
000101011010011001
000001001010001111
000010101111101000
000011110001001101
111111011110011011
000000111100100111
000001101010110011
111101101010101100
111101110000110001
111100111000110010
000101010001011111
000001110100110110
000110011001001000
111110011011111001
110111111110110101
111101010001011010
111111110110110100
111111011110010100
111101110111011011
111111011001111110
111111001100000000
001001000001101110
111110110110100100
111011010000011101
000001111010001100
111000010110111010
000010010100100110
111010100001010011
111110011100010000
111111010011000111
111010011001000000
111010000011111000
111011111110110001
110110110101000110
111110110100100110
000010001110000101
111111000110101101
111111001001100000
111101000101010000
111110110101100011
000011010001101100
111111010111011000
111100110110100101
111111011000111101
111010100000011001
000101011101001111
000000011110101110
111101000101111001
000001001010010000
111101000100100111
000011000110110011
000000010010100010
000000100100100100
111010111010011010
111111010010101110
111011010110001101
000010000001100010
000010011010100011
000001000100110010
000001111110101001
111001000101101010
111111111010110010
111111001001100010
000011110110001000
111111101111100001
000000101011001101
000000001010000011
000001100001010110
000100100110010010
000010001101101010
111111010111000110
000000100000001010
111011101001111111
111101110001000110
000100000100011001
000001110110110010
000011000000110100
000010001101000111
111000110010001110
000001001100001011
111011011001001001
000000000011001011
111100010011011010
111101101001000110
000011110001000110
000001000100010000
111000100111111100
000100010011011000
000101111100101010
000000000011000001
111101100000000000
111010110111101001
000000111111110000
000100000100100001
000000010011010110
000000101101000111
000011000000010001
111111011100111001
110111010100111110
000001000000001010
111111101011000101
000100000000000010
111111001000101100
000011011100110010
111100101100100000
111001001110111000
000001101010100000
111011101110011010
111111101111110101
111100000011101100
111111011111110010
000001010000010111
000000101111010100
000001110011001101
111101100101001010
111100111110111001
111001101100101101
111101000100100001
000011010010001000
111110011011010111
000000010101010101
000011100010110110
111101000110011010
111110111100001111
111111010101100001
111111111000100100
000011110010101010
000000011011110010
000000110000011110
111111011001010010
000001011010010000
111111010001110011
111110001100100001
000101011111100101
111110111000010101
111110110110000100
111110001010110011
111111000111001110
111110100101001000
111101000010101010
000000000001100110
111111100000010111
111110100001110111
111000011010100111
111101000100110101
111011010000100101
000000001010111001
111011101101000111
000000110001000100
110100111011110101
000011011100110110
000100101011110000
000100010010011001
111011011111000010
000000100000011011
111000101111010110
000010001110010011
111101101101101111
000000010100011010
111111101011011110
111110001110000010
111111101110001100
111111111000111100
000010110101111110
111010001000001011
000001110100010010
111111101010110101
111101101110000000
111100111100101111
111111001000010100
000001110111101010
000000111011010110
110110111001010011
111110011010000011
111100111000001011
111101001000111001
000001010101101010
111100011100110110
111001111100001101
000001001101010001
111111011110111011
111110011101110010
111001101111010011
000101000011010101
000011010000010110
111100010100000100
000000111011011111
111100011001010111
000010111010101100
000000001100101101
111110010000011011
111111110110100001
111100001001110011
111101100110001000
111110100001000110
000000000011111011
000011111100101011
110111100101001000
000011101111011110
111110011011111001
110100001010010000
110111100101011010
111101000100100001
000011000010001110
111000100101110010
000001101100100011
000001011110010110
111011101111010000
000011101010111100
111001110111100001
000010001111001110
000010011100110101
111011101011010100
000100011111000110
000000011100101011
111100110110010000
111011001010000110
111110110001011100
000001111001001001
111101010010001101
111101000010001011
111001110000110101
000011111110001101
000011010001101011
111010011110100011
000001010110100111
111010111111010111
111111111011100110
000010001111000111
111101010111010110
000010001010010011
000000011110110010
111111101011111000
111010011010100000
000010000000101111
111100110110101111
111101100010110011
000000100001100111
111110100110100001
111011110000100101
111110111100011110
111110110100011110
000000100110010000
111011101101010010
111101111011011010
111011001110010110
111111000010011011
000011110001010000
000011101111000000
111100101100000000
111110101110011011
111010011010001011
000000111100111000
000001101110000010
000011110010001100
000000110110110000
111111100111000111
000010011100110100
111111101101010110
111111110111110011
111100100011010101
000001001111110001
000001100100111101
000000000010000011
000001011100110011
111101101111011010
000010011100001100
000010001101110010
000001000000110001
111101010011100011
000100010111110000
111110000000111111
111101001111010001
111101101101010011
000000100011000110
111111000010100011
000011111111001110
000001000000000101
111101000000110001
111111110111100001
111110111100011100
111011111010001010
111010100011100100
111110011011010111
000000100000110010
111111100101110000
000010110111101011
000001010111001111
000001101001100111
111101001110101010
000001000100000000
000001110010001000
111110010100000011
000001000001010110
000000111001110101
000001000100111000
111101100011010001
111110100001001110
111111001111100110
000000100100011111
111101100100000011
111100110011010111
000000111001011101
000100110011000011
111101110110001111
000011010111010010
111101000001111000
000001001011001111
000001111111011110
111110011011101100
111111000111010001
111110101011100001
111110011100110111
111101010010110011
000010100001100110
000000100100111101
000100000001010011
111101100011101110
000011001000001101
111111000011011101
111110110110111001
000000110110100011
111111100001111101
000011010001001111
000011001011110111
000001000110000110
111111010110111110
000000000111100110
000000011111101110
000001011000101110
000000010010011111
000010111011010100
111011111000110011
000100101110101100
111100010000001010
000011000011100110
111100101001001001
000011110101001000
111111000110110110
000000010110100110
000111000001000011
111100011101101010
111110110110001001
000000101000100100
000110110110011101
111110000010101101
000001101101111110
000001101000110100
111101010000001000
000010111000111000
111100111100110010
111101001001110011
000000000010110000
111001100000101111
000000111100010011
111111000011010010
111101100000100001
111111000100011000
000000111111010001
111100111111111110
000000010111011111
000000000101111000
000010011001001011
000001100111111010
111100110101101100
111111100110001001
000000000010010000
111101110110111111
111100010000100001
111110000101100110
111110001101010100
111101111110111100
000011010001000101
000001110000000001
111110111001110101
000011100101100101
000100101110011100
111011100110111010
000000000000001101
111011011110011000
111111111110011011
000011101110100000
111110011111001101
111110011010101111
000001011111001010
111100100000011011
111111010100000110
111110111111001001
000010101110000110
111110001001000000
111011011111100110
111010011000111101
111101000111111000
111110111110011100
111101000100001101
111111101101101110
111111000000101100
111100110100000000
000011001111010101
000100101010001001
111100000100000110
111110110011010101
111110001001001001
111100110100011010
111111000111001001
000000010110011101
111010111111010011
111111100000101011
111111111011101101
000001101100011111
000000100101110001
111010001100001110
000000000111010110
000010100000000111
111100100001101110
000010011101111100
111100101101010011
000010110001100100
000010011010000110
111110000001111111
000010010010000101
111111001111001011
111100011001010100
111101111011100110
000000000000001111
000001111101000100
111111100001010010
000001101001001111
000011110110100000
000010110100110111
111110100101011110
111100010001010011
111101101011111110
111110011010010011
000010011101111000
111110100010011001
000100111110100000
000100100100010001
111110011000011111
111111111000101101
111100011111001010
111101011101101010
111001101101010010
111011110100011111
111011101111110110
111101000011010101
111100100010100110
111110001110001111
111110101100101010
111000001000011110
111110000101011011
111100010010010111
111101010010001011
111010101100000101
111100110101100111
111101000100001101
000000011110101110
111110000111010011
111101110010010100
111101010000110000
111110000001001110
111101011000111111
111110010001101110
000010101011111010
000010011011100000
000010110001011110
000000101001111000
111111110110110111
000000010000101011
000000110111110100
111110110111100100
111100111000110101
000000000111101111
000011100100111001
000001100101100011
111110101101101001
111010111011010011
000001111010100110
111110100001100110
111110111101110100
111110101100011000
111111101111000110
000000101011001011
111101101101010100
111110100011111001
000001001101011110
111111101101101111
111110000000100010
000000111110000011
000000010100000000
000011011100001111
111110010001100110
111001011110110001
000011110001010110
111011010111000111
111001010110101010
111110000101000000
000001101000111011
111110001011100010
000001011010100000
000001011111010101
111110010110101011
111000111000111100
000000011000110101
000110110100110001
000000001101111001
111100000100000111
111011011001000101
000000101010011000
000000110101011101
111111111010010010
000000011000001111
000010001000100101
111010010000100010
111111001110100011
111110111000011010
000001001101100100
000000011011111010
000010111100011101
000101100110100011
111101001011110011
111011001110010110
111000110010001011
111111000001101101
111100011011001001
000011110001011011
000000011101101110
000010110000110011
111111110101011110
000000100011101100
000000101001001111
000001111100101011
111010001101110110
000000010110101001
111111000000000110
111111011010110100
111101101001100111
000100001000100100
111110100010000011
000001001110000000
000000000010000010
111011001010101101
000011110010010110
000011110000001100
111101110011011010
000100100110101111
111011011101000001
000100010100110110
111100100000100111
111011101101101000
111010110100111000
111110101111100010
111110010110110010
111111010011011011
000001100011111110
111101001010101111
000001101000011010
111011100011010110
111101000100011110
111111110111111101
111111000001110100
111111000001011110
111001011110111101
000000110110010001
111111111001100010
000001011101001001
111100011100100101
111110101111100101
000001110010010110
111101110111111111
000000000111110010
111101100100111000
111001100001110000
111111100000101100
111011010110001110
111000110110000011
111111100110110001
111011001011111000
111011100110111110
111100100000101111
111110000011101110
111110010111101100
111100111011001001
111110111110011110
111100111000101000
111110111100010011
111110100010010101
111101010111100010
111001001011010000
111101001010101011
111111100100110001
111111010000000110
000001111000101001
000001100001100100
000011010011001100
111110101000010101
111101111011001000
111010010011111001
111111010010100110
000001100011000000
111111010001001000
000001000000000110
000000101110100111
111010111001100100
111100000101111111
111111110001111001
111110001010101011
000000000100111100
111100101100101111
000001111111111110
000011010010111100
000010010011100001
000000000100001010
111111110100000001
111101111110100101
111100111111010010
111101000110000100
000000001111101011
111111111111110110
111101111000111000
000000110101011000
111111111000101010
111111110110111110
111001110101001001
111110000011101110
000000100001101111
000001001011001101
111100110111011110
111111000011101110
000010000010100110
111011101010001100
111111100011001011
000101001001011101
111101001100000001
111101110011110010
111101110111101100
000000001010011010
000010000111000110
111101110011010001
000000000100101100
111111100111010111
111011010111001101
000000111010110111
111110001110001010
111101110111000100
111110110000011010
000000001011111101
000010011100000010
000001110101100100
000000000111000001
000001101100111101
111101101110000010
000100001110101111
000001011100111100
111110010110010111
000001000100101010
000000001111110010
000010000101100011
000010001001010101
111011101011100011
000100011101001111
000011011110010001
000001101001001001
000010000011111011
000010000110100110
111011100101110011
111100100101011000
111110110001101110
000001111010101000
000000001001010010
111011111001010110
000010011101110011
000010001000011001
111011110000010111
111111000010011100
111110010110000101
111110111101100100
111100100111001010
111110110100001110
000000010010100001
111111110000010101
111100101100110011
000000010111110110
000010001111001100
000000010100110011
000011100000110010
111110101011100010
000000001100100110
000000001010100000
111111111111011100
000000011101111100
000001111001101001
111111010101001100
000100010011100001
111100000110101010
111001000000011101
111101101100110101
111001010011001011
000001100100000000
111100100010110001
000000110111110100
111101000110111110
000000111011000100
000010101010111110
000001011111000101
111011001010000011
111011010100111101
000000111000111110
111110100111000100
111110101100110100
111111001010011010
111010101110110010
111111000011100111
111110011110010001
111111110011111101
111111100001111010
000000001011110011
111010110111011001
111101010011010110
111011111100001000
000000101111010011
000001100111110000
111101000110101110
111100101110010101
111111010010110000
000110101011001000
111011010110010010
111001011110001001
000000110101101101
111110011010001110
111101110011000001
110111101011010111
111011100100010101
000001111010100110
111110000110011110
111111101010000110
111101110000010110
110100101110110111
111101111001011110
000000101100010100
111101110110010110
000000101010011101
000001000001000110
000100001011110110
000100001110000010
000011101010010001
111111000111101110
000011011011011011
111110000010001100
000101101010110010
111111011001010010
000010100010010101
000011001010110001
000011101110011100
000010001110111110
000010001011010001
000010010001100000
111110110111000101
111111010101101100
111111001111001001
000111101100011101
111100101100110010
000000000011101111
000000100101010110
111100001011110010
111101101010011101
111010011000110111
000001010110100101
000001110100001000
111010110100101000
111011110011100111
000011001111000010
111001000111010101
111011110001001111
000010111100100011
111100100000000001
111011101100010100
111001101100110001
000010100100100001
000011010001010111
111100111110011110
111100011110101111
000100110010101111
111100001100110010
000010101010011101
111001110111000001
000010101111100111
111110011001110001
111001110111110001
000011100000100001
000100111110001001
111100110011011111
111100000111011100
111011110101011010
000011100110101001
111101000111111111
111100011101001011
000000111010000010
000000000000000000
111101010001011000
111101000111100001
000001000110100100
000000000001001111
000010100000000110
111110100100011011
111111011100000100
111101000100011001
111110100001111001
111111001000111010
111110100011111000
000011001011101111
000010001101000000
000010001111100010
111110011110111100
111100010100000100
111110011101111000
111111001110110011
000001011111110100
000000000000010011
111101011101000100
000000101000110100
111111000111001011
111110000000111011
000010101010001011
000010110101010100
111010111000110110
000000011110110001
111110100001001111
000010000100101101
000001001001100101
111110100011000010
111110000010011100
000001010001101000
111110010000001111
111110101110100010
000011011010000111
000010100001001000
111001011111100110
111111001111011000
111111011001001100
000001011011101010
000010011100000010
000011111000100010
000011000110101100
000011101011011111
111101110111101110
000010010101111001
111111111111011100
111110100111100101
000001101010011100
000000111110101111
111101110110011000
111111011010010100
000010111001100000
111110011010011110
000001101010000000
000100010101000010
111101100000000101
000001001100101100
111100011111001100
000010001101111101
111101101001000010
111110000110111010
000010101000110011
111110110000111011
000001010010111110
111101011111101111
000010000101011101
000001001010011010
111010011101000111
111110101100010111
000001110110100010
111101101000001110
111011010110000100
000001111110010011
111111101011001101
000100011111000010
111111111110110001
000001101000001010
000101000001101001
111111000000001011
000010010100110011
111100011100001111
000010110101000110
000010011010110000
000111110110010001
000001101000011010
111110010000101100
000011010000111000
000011000110100111
000011100111111011
000000101001000111
000001010100110101
111001011001111010
000010001101111010
000010110001011010
111011110100010100
111111110110110111
111100110011111100
000000110100011000
000110110110101101
000100101001010110
000010000110011001
000000000011010000
000101011110100010
000000011010101100
111101001011011011
111111110010101000
111011000001100010
111100000110010110
000001111100101110
111001111100100000
111110001111110000
111101000100101100
111011011011101101
111100110001001101
000001100111101000
111111000010101110
111110000110001101
000101000110101101
000010111001000111
111011010001111110
111010011000101100
111101001101011110
111011111110001101
000010010110001100
000000001100010111
000000011101001110
000001010001110101
000011000001011110
000000101010010100
000000101101110011
000000100000110010
111001010010011101
000010101001011100
111111011101011110
111101001010101111
000001000110000101
111111001110101000
111111001110001100
000000100011000001
111111010100110011
111110111110011111
000100100111111000
111111111011100101
000011011100110011
111110111101111101
000010101101111111
111100101011010000
000010000110110101
111100101110111101
111110111001001001
111111101101000011
000100011100011000
000001001000011000
111101010000110010
111110011000101001
000001111011001111
111110101101111000
111111110010111100
111110100110100000
000000100010111110
000000000001001101
111111010111101100
000010010101000000
001100111101100111
111111011110101100
000100110000010001
000000010101010101
000101101000011000
111110111101111101
111100010111101100
110101001011001100
000111101110110001
111111001011101000
111110010100000111
000011100000010001
000101110101010011
000101100000111100
000000100000111001
000110100010101011
000110010000100110
000001010101000100
111110101100101001
000001001010111001
111101010000001011
111100101110000011
111101000011111000
000001101101110001
000110111000000001
000100011011001011
000110110011010100
000011001110111001
111011000100110001
111010110001111000
000110000101111000
000001111000111010
001000110000111001
000100100101111101
000101100101101001
000101110110001100
111011101000110100
000000011110000000
000010001000101000
000011010011110010
111011010001000000
111001010110011010
111110100000111000
000001000110110100
000110001101010001
111100111000111111
000001110000110000
000100110100101110
000010100011001001
110101001110110010
000011101010110001
000011111010111000
000001101000011001
111111000001110000
111101000110011101
000000010000000100
000010111011110001
000001011110111011
000100111000011000
000011000101100000
000100101111110001
000000011110000000
000100100011010000
111101110000011111
111110001111010000
110111110110001110
111001101100100000
111111100011111100
000011110110100100
000110110101001011
111110100010000010
000000111100101010
111111100001011011
000001000011010101
111110110111000111
110100110111011101
000100010011111011
000010000010001000
111001110000010011
000010100111110100
000100100011100011
000110011000111010
111101001101011111
111101000100110000
110111101011110001
111111101111010010
111100001011110110
000001101011001011
111111101111100000
111111001001000111
111100100110001101
000100001010000110
111010111010100110
000110000110011000
111011101000110101
111110111101011010
000011010100100001
000000110100101110
000000011010001111
000100111110101000
000010111011100001
111110011010010001
000000011101001101
111010000001110111
000111001010011101
000001001110001011
111011001101010001
000010001100111101
111100010100000000
000010100011100011
000011101000000110
000100011000010010
111100000011011111
111010110000000100
111011111110000110
000000110101010010
111101001111111100
000100001110011110
000100010001000000
000001111001100011
111100100110101001
111011110100010101
000100111001111000
111100100100000010
000001011111101011
111011101011100000
000001111111010100
000010100011100111
001011111000110010
000101101111010111
000101100000101000
000110010100110101
000101100000110110
000010000010110110
000001110000010100
000000011111011011
000011010101100110
110011110101001000
111101101010111111
111110110101111011
111101101100110001
001000101010010010
000000010101101010
000111001100111110
000010100001110001
111000011111000001
000000110001100011
111111001011010010
000001110010001000
111111111101010000
111111110011110010
111111001000010000
000011000100011010
000101000100011000
000001111111111111
000010001010111010
000011000100111110
111001010011110101
000001110011010111
000000100010000010
000010110101110101
000011101000011001
111111101001100110
000000100011101010
111001010000111101
000100101111101111
111110000101100100
111111111111010001
111100100110110101
000000111010001111
111110011001110001
000100101010000010
000000101100101011
111111001110111010
000010011000010100
000001111111000110
000100000101000000
000011100000011011
111110011000110011
000001111100100101
111110100001010011
111111000001100011
111011011010100110
000000000111000010
000101000101011100
111111111100100100
111101010001000010
000001010010011011
000010000111000011
000001011011110101
000000110000111100
000101100111011101
000100011000010010
000000011011101010
000011000011111110
000000001111100101
111100010000011001
000000011101100000
000010010100000000
110111000111100000
111111011001000100
111111110010000110
111011011001110011
000011101111001100
000000110001000111
111101111111001001
111100010110000010
111110001100101100
000010100111000111
111100110111000000
000100010000110010
000000010101111100
111101001001100010
111011101010111111
111010001101010100
111110101110000101
000010000000001111
000100011011111111
000000111111001101
111111001100101111
000110111001001111
000010111010110001
000100010100000100
111111010001110110
000011011110010011
000000100110100100
000000010101001110
000011001000101011
000000110011011100
000000001001001111
111110010111111011
111011101110110010
111101000010011000
110101100110011011
111111101010110100
000001111110110010
000100000101111101
111010101001101110
111101001100000001
111111011100010101
000010110110101111
110100111001110001
000011101001010010
000111001000011000
111111010100101111
111010111010001100
111111010100011011
000000110010000010
111111010010101100
111111110001111101
000000100111110110
111101010101011001
000000101001111101
111110100100010110
000010010011010110
111100110000110100
111011111001000000
000001001110011100
000000111110010100
111100000110001110
111010101100010111
111010101100000011
000100010110111001
111110011011110000
000110011111110100
000110111110000001
000010111001001110
111101011011100101
111111110000011001
111111110111110111
000001111011000011
111101100010110010
000011111100110010
111111101001100100
111011101011110010
111011010010101100
000011010111011101
000000000101010011
000001001110011011
111110101001011111
111101111100000101
111010101010011110
111111100010001101
111100101010001000
111001101011110010
111001111000111100
000000111011101000
000000101100110111
111111110011111101
000011000011110110
111110010110011110
111110101100001101
111111100101101100
111111011100010110
000010011110110010
111000101111001010
000000010011100000
000011100110010100
000000101010111110
000001001110110001
111101110011001110
111100110011100000
111110101010100001
000001000101011100
000000011001100110
000000110000101100
000011000011001000
000010111100100101
000000111110110000
111011101100011001
111011111011101010
111110100111010010
111110110111100101
111111101111000000
111110000111011111
111101101011000001
000001100111011101
000000001101110010
111111010101011001
000010101101111110
111110011111111010
111111110010011010
111100010011100010
000011111000111011
000000101010100010
000000000010011001
000001100110000011
000001111100100111
000000011001010100
111001010011000110
111111010110010000
000001100011101110
000000101001111001
000001001100110011
111111111000010001
111110100100110001
000100001001100100
000010010011010010
111101000010000100
111110000110111000
111111110101100110
000010001101010100
111001100011111010
000001111010100111
000000100000101001
111111100111000011
000001110011000111
111111100011011101
111011110010010000
000000100001010001
111111000011001110
111111100010010101
111101101001000001
000011011001101010
111110001100011001
111111011000000111
111111011010110010
000000101001111010
000010111000110101
111110010110110100
000000001110000100
111101110110010001
111111011011111011
000010001111111111
000001011111010101
000010111110011101
111111000011010010
000010101011001110
000010000010111011
000000000101001000
000011010000111001
111110100010001110
000000110000001110
111111001000001000
111101110001100101
111101011000110011
111111111111100011
111110001100111100
000011000000101101
111110000100000010
111101100001101110
000001101111111010
111101100100011110
000001010111010100
000101011001001100
111101111111010000
111100010101000110
000000000101011001
111111111111100110
000000010001101111
000010011001010001
111100011010001001
000011101111110100
111001000111000100
111100100100001001
000011011100000001
001001110110011111
000010110001011111
000010100011100100
000001100101100001
000000100111010111
111010010010101110
000001101110111110
000111111100111111
111010001011101000
110111100110101110
000000100100001110
111111101101110000
000000001110001000
111110000101111110
111101111001001000
000010000000001001
000000010011110010
111010101000001100
000000111010010100
111110011101111101
000000101001111101
000000101001011100
111100111001000010
111100111011100111
111111111101001011
111111001110010111
111100010001101100
000010001011101011
111101101101011001
111010110010101110
111110000000101010
111100110111101111
000011000011011000
000010000111101011
000001101111000001
111110001010010001
000000110010100000
111110100101101001
111111010000111001
000010011010101010
111111000011100000
000001000011010110
111101000111011101
111110100000101101
111110000011101100
111101110111000110
000010110110111000
000100000110011010
111110110101111001
000011001111101000
000001001101101000
111110010110101111
111101110011001110
111100101000011010
000001100010001100
111010010110111101
000001011111101000
000010000010101110
000000101111000011
000000101110110110
111111110110100001
111111001011101101
000101001010110100
111110110110100001
000011011110111011
111010110001110010
000001011110010011
111011000000110001
111110001110110100
111010011101100110
111001000000101011
000010101010000111
000011100011011101
000100101010011001
111011010110000010
111100100001100010
111110011100010110
000000111100110001
111100110111100111
111111001010101101
111110101011001001
111111101110010100
000001010010010110
000000101000100000
000010111111101011
111101110100101101
111011111111001011
000011110100101001
000010111101101000
000011111110010100
000010000000101101
000011011010111011
000001011011100001
110110111111001001
111001100100101101
000000110111110111
000000111000001001
000010010101101001
111110001111100011
000000010000111101
111110110110010101
111101010001101011
000001110110001101
111110100000000111
111001000000111100
000001000100000111
111111110000111101
111101100101111000
111100100101100010
000001010010100101
111100101110010110
000001010001010100
111101000110101101
000000000010101011
111101101100001011
111111011111000101
111011111000001101
000000111000000000
000000100010111000
111111110110000001
000001000001101101
111110111101010111
000011000101101011
000011010010011001
111101100110000101
111011011011111101
000100000001111011
000001010001000111
000001110101110010
000000110001010010
000001000110000101
111101010010000010
111101100101001111
111100110100100101
111100000110110100
000100000000110011
000011000100000101
000101010010111101
111010000011111101
111011110101110110
000000110110100011
111111001010110101
000000101110010111
000000010100010000
000000111001000001
000010101010101001
111100101000001101
111111010011001110
000101101010000101
111111000110000100
000001101100001001
000000110000110011
111110010001000101
111111100001111011
111101010000000011
111101100000010111
111110000011101000
111011111110011110
111010100100110010
000011010100000111
001001101000011000
111010100011110011
111110000111100100
000101011010101001
000100010110011111
111001101011010100
111111111001101110
000101111010111010
111101111010010011
111101110100111110
000000101111111110
000010010111101100
000000101001000110
000001100101101101
000011110101100001
000100100100100101
000110101110000110
111100011001000101
000011100000011101
111001100011111000
000000001000101100
000000110011010111
000100011000011101
000001011100100111
111010101101111001
111101111011100101
111111010000100101
000000001101110101
111101111101100110
000101100101100001
000011011011011110
111110000000001011
000010010001100011
111111010101111101
000011010010000000
000011100111010110
000110011101000101
111110100010001101
111101001111010111
111110010001001001
000001000110010011
111101000011101100
111111000001011110
000010010100101001
111100100101101000
000001000111101011
111101110010111111
111110111000100111
111100100011000110
000010101101100001
000101011011001110
000100001110100000
111110111110000110
111011011000101010
111001100110011100
111100110010011111
000001110110000000
000011101101110001
111110001010110000
000101010100010000
111111110010100110
110110101111000111
000110001100010001
111101001011000000
000101000010000110
111010101101010011
000001000010001100
111011010010110000
111111000010111011
111010111100000000
111010100000010011
000001010111101110
111111111000110011
000101010100001111
111100100000111010
111111110010101011
000000010000110001
111011011101001100
111100010001110011
000011100111111101
000010101010100110
111110101000000011
111101011011111110
000001010001100101
111101011010101010
000001110100001110
000011010110100010
111111001000000110
111101000111000011
000010101001100101
111101111010000111
111101111111001010
111110011001001010
000001111110110111
111111001010010110
111101111010110100
111101101010100011
111110000101101111
111100010101100101
111001011001111110
000000001011001111
000001101000010100
000010001110100001
111110101100110011
000010111100011101
111110000110011101
111110001111111000
111100000111101111
111111111110011010
000000011111000010
111111100100110100
111101000111000011
111111010110101001
000000000011000100
111101110001010011
111110001011100000
000100101000100101
000010111101110100
111101100101101000
111111101010000011
111110101000010100
000010000100010110
000000000101111101
000010000111101001
000001110011101010
110100101011011100
000000000111000110
000001010000010100
000101001110000100
000010111001101110
111110101101011001
111111000001010011
000010011011011110
110101010111010101
111100010110111111
000100010000111011
000000000010100000
111110011010111010
111000011110001100
111111100111010001
000000101111111111
000000000111101000
000010110110000101
000011010010000111
000000111111100010
111101000100000100
111100010100011001
111101001001001101
000000000100100110
000010010001001100
111011001100111111
000010010010001010
000011011010001101
000011111010101001
111111001001000011
000000011011101000
000010110110011100
110111011111000110
000001010110100110
111001110110011101
111111110101110101
000010111100110001
000001000000111101
000001111010110100
000000010101000000
000001010111000011
111101100000101111
000000000010110111
111000001101001011
000001010110000000
111101100010100111
111101110011101001
111110111111001111
111111011000110001
111110110001100011
000100111010111100
111010101001111010
000100110001110111
111111111011001011
111101001100110110
000011100011011100
111101101000101111
111011000001110000
111111110000100101
000001110001101111
000001101001000110
111101111000011001
000011110000000100
001001100110000111
000010000111111010
111110101010110101
111101110011001111
111101000110111110
000001111001110111
111111101010100001
000100110011001111
000010010011001111
000101100101111010
111011111010101001
111111101100010111
111011011010100011
111111110100010110
111001111100111010
111011100110011000
111101000110000111
111011011100010110
111101100001101100
000010011111110011
111000101010101010
000000000011110100
000011100100001101
111110000010100010
000001110101100001
111011011110100111
111011111101111111
000000011010010111
000011110101011111
000011011011101011
000011110011111001
000011011111011100
000101000010101101
000100111111111010
000011001110100000
111110001001110010
000000010110001010
000011100000000101
111100001011110000
000000001010001000
000011101101010000
000111001010010010
111111000100001011
111111011001001011
111010010000010110
000001101001100101
110110100111110111
000000111010111000
000011000011100000
111010111100110010
111010110101110101
000010111010001011
111011011011101001
000110110101001111
111111111100101101
111110000001101000
000001101100011001
000011011100100110
111111010100001111
000011000111101110
000000100011100111
000001000011001010
000000100101100011
000101001011100111
000110001110011010
111100000010110110
110111000110110111
000011100000011110
001000000111111000
111111000111101001
000000111100111010
000011000001101100
000011110110110100
110111001101011110
111011011101111111
000110101010001001
111010000001101001
000010010011001100
000010010001011011
000000001111100111
111100110000000011
111110010101100000
000011011100011101
111110011000000101
000001100001000100
111100011110000000
000100110110010111
111110001001100011
111110010111110011
000001110001011111
000101000001010001
000010100100000011
110110010100011010
001000011010011100
111110111001010011
111111110010110101
111000100110011010
000011111001101010
111101000001111000
111110001001110111
111111101100011011
111000010111011010
111111111100110111
111000011110110101
000011111010011110
000011000001001001
000110110111001011
000010111111001110
111111000101001011
111110111010101010
111101100011100101
000011010100110010
000111101110011100
000001000011010110
111100010001100000
111001010010101101
000001011111111110
000011111000111110
000011011100100000
111110101010011101
