000000100101101110
111100111001001010
000000101000011011
000100010010111110
111111100100000001
000001100100011011
000001000000000111
000001001000111111
111100111101100110
111010011001010011
000010111100011000
111110100100111000
111111100001100010
111010111010100010
111010010011100100
111111100011001011
111111010111010011
111110110011110011
000011000000000001
000000100010000101
000011000001110111
000001010001101011
000001100001000110
111100011000000111
000001111001111011
111111110011011000
111100011110001011
000001010010000011
111110001111110100
111111100001011000
000001100000101011
111111001111100000
000001101010100100
111110110000000001
111111011101111101
111111011010000011
111100111101000111
000000110111010111
111101101101011001
111101110111111010
000000001001100001
111111001101010111
111111100110001110
000001000011111011
111110101100111000
000011011111011100
111001101010000101
000010110101000100
000010010000100001
111011010101101000
000000011110011011
111111011101000010
111111111001110001
000001110000011100
111101101000101011
000000100100100000
000001101000010100
000010011011010110
000010001100011010
111101010110011111
000000100110100011
000001111100101101
111001010010100011
111101101101100100
000101011000000110
000100101100101001
000101011111100100
000110001111101101
000001011101000100
111110010101111110
000011100001011111
111110001000100001
000010011010100000
111111010100000000
111101001011000010
000000000001101011
000010101000110001
000011101101110010
111110000001100000
000100100011001110
000000001101000100
000010101101100010
111001110001101001
110110101101101011
111111001011111111
000000001000011100
000010000001000111
000010011111010001
000000010010000110
000001110100111111
001000000000000110
111111001010001010
111110110001100101
000000000001010011
000000011001111000
111101010001000101
111110100111100011
111001011000010100
000001000101010001
111101001000011011
000101110100001011
111110111011111100
111100000011010110
000001100110101101
000000000111110001
000001000001000010
111011001100001010
000011011011011000
111010000011100101
000000001110101010
000000110101011110
000001101001100011
111111101100001100
000001101011111100
111100110110101110
111101100110001001
111011101101101010
000001100011001110
000001001110001000
111010010000011101
111001110111110111
000010010010100010
000010010111100010
111101001110001010
111010110010101111
111100110110100110
000001011001110000
000001000010011100
111101011100111110
111110001111000001
111110100000110011
000000001011000011
000011111010101011
000000010100100111
000001110111010110
000000000010011010
111110010110111000
000010100110010110
111101111101111000
000000111000101001
000001100011000111
111100000011001011
000000011100101010
000100011110110010
111110101000110101
111101100110110001
111111000000001001
000010010111111011
111100011001100110
111101100000100011
000100100100111000
111101101001100111
111100001100011000
000000101000111110
111111010101110101
111100010111100111
111100010011000001
000010000000010111
000001101011000010
000010001101010011
111111001110100000
000001001010001111
111100000111101101
000010000111010110
111100010101101111
111101111000110110
000011011010101000
000000010100101100
111101101101000010
000001111110010001
111110000001001011
111110100101011010
000001001011010101
110111010101111111
111111100000000111
111010100110111000
111110110111110000
111011110101101111
111100000110010110
111111101100111100
111111001100000000
111101000001001100
111111011100111100
111110010011011011
000000101001001000
111100100011001111
111100000100001001
111010000010110101
000010001010000001
111111011010100100
111111001010001010
000011110011000101
000001011101010101
111111111011001101
000101011001100100
111100000011111111
000000011100110001
000000000000101111
000001110010010111
000000101100100000
000000001010100100
111100001110011001
000000000011010000
000000101000000010
111111011100010000
000011100010110011
111001111000101001
000101011011001010
000010001000011110
000001010011111110
111110110100011110
111100110100111001
000001001010000111
000010000000110010
000001011001110101
111101101000110101
000001111010010001
000100001011011000
000101001111000001
111110000000101100
111110010100000001
111101100011001011
111110000111100001
111111111010111100
000000011100011101
111011011101010100
000001100011000010
111110110001011110
111111110101000000
111110001110010101
000010111111110101
111101110010011111
000000111101100001
000000101011000101
111100110111011101
000011000110000110
111101010111101000
111010010000111111
111110100110111011
000011000000010000
111111000111111001
000001001000101110
000000010111111110
111111110111101011
111100101010101010
000011000001111001
111110101100110111
000000000110000000
111001011000001001
111011111001011100
000001000101110000
111001001110001100
000010001001110110
000010110000001101
111101110100000111
111101001110110001
111111110010100000
111111111101110100
000100011111111110
000001111110101010
111110100010001011
111110001010000011
111111001111110010
111111110011000111
111010101000010111
000001010110000001
000000011111101100
000011110101101001
111101101000000100
000010110110000100
111111011001110111
000001110001111000
111101101000011001
111111010101000010
000010011010111100
111110001110001100
111011101010001110
000010001100010011
000001011111001000
000000001001010100
111111000010000010
000000100011111000
111011110001110001
111101110001000010
111111001100111001
000000110101011001
111111001011111000
000010111000000010
111101010001000100
000011101011001110
111001110001101000
111100110001010111
111001010011100110
111101011000001000
111111100101110010
000110100111101100
000001101110000010
000100110100110110
111011100011011001
111011100111100011
000011111101001111
001001111011010010
000011000111110000
111101001110111110
111100010111110100
000111001000101011
000100001011010000
111100011101000000
000001000000001000
111101000110001100
000000001100101110
000100010100010011
111011110011100111
110101101111000010
000101000011001000
110101000010001100
111010010000011101
111010010110110011
000001000101010001
000100110010111010
000000000101111111
000001011111100011
111101110101000010
111111011010111001
000000001111001011
000000101011100001
111111111000111101
000010101001110100
111110011001011001
000011000101100010
111001110110100110
111100011101000100
111101100111000101
111110011111000100
000010100100101110
111101100010101001
111110100000000000
000010110010101000
000011010011010000
111111000000000011
000100110111111010
111011111011000101
000001001111111111
111110101011000111
111101101110000111
110111101011000000
111111001101100001
111010010001100001
111010100001101101
111101100100010011
000000000010101001
000001010111111100
000100000101111111
111101001010001101
111110001001001101
000011110000110011
111101100100100111
000000010110110001
000000101101010111
111110001001011011
111101010000100010
111110010001010011
000001100001101011
111101111011111101
000100000001110001
000110010011111010
111011111000111100
000011011100101111
000001110001110100
111010111010110111
111110010100111101
111101011001010010
111100110100010100
111110110100110001
111101111100010111
000011011000001010
111100100001001101
111101010101111011
000101110110101110
000001110001000110
000011001100100100
000010011000110100
111111100010001010
111010111110101101
000001110010011010
000000011100001110
000000010011110000
111101101001000001
111010000100010001
111101001110110101
000011000100100111
111110111011010110
111101000100001110
111110001110011111
111101100100111100
111011011100010101
000000011000011011
111100110100000101
000000101001011010
111011111010101111
111010000110111001
111111000100010100
000000110011110101
000000110110101001
000011100001001011
000001011100100110
111001110100111000
111011111000111111
000001110100100001
111011101111001001
111011010011010100
111111000101101011
000001011101100001
000011011100110101
000011111011011100
111100110010111011
000001000001110110
000010110101110001
000011000011110011
111110010010110100
000100011101110111
000010011001011000
111101100100000100
000011101010001101
111111000101001101
000001001111100011
000000000111001010
000000110110001101
111111111101110111
111110101110100011
111111011011011011
000011101101100011
111100110010111011
000011000000111010
000001110001000110
000001111100110111
111111101110101110
000010000101110001
000100001011000111
111110001011111011
000000111001100110
000000011010000111
000000101000011000
000010011000000100
111101000000001110
000100001111001100
111011110001000101
000100100101010011
000011100101110010
000000110001100010
000010011010010111
000010011110100101
000010011100010111
000000000111000101
000001000010001011
000000100111001110
111100111000011111
111111010001110101
111100101101110001
000000000111011010
000011111000000001
111100001001011011
111111001111111010
000101010011110000
111101011001001111
000011100111011101
111110100000100110
111101110100000001
000001010111000100
000010111101101111
000000100100111101
111110001011001000
000001000100001001
111111101000110001
000001011101001110
111110111010011100
111110101100111001
111100110001110111
111100001011010101
000100001001110001
111111011101110000
000010111110010101
000010001110001110
000001011111011011
000010101010111101
111111101011011010
111111100110010000
111111000110000001
111001110100110010
111010011010000010
111111111010101011
000001100001000100
111100100111011001
111111001110111111
110111111000000100
000001100100000011
111101100010001000
000000101101000001
000011011000000010
000000000110000111
111100101010000100
000000110111000100
000010000101100110
111011011011011001
000110110010010011
000010101011001110
000100001101011011
111110011000010110
111011100100000000
111111110100101000
111011110110010101
000000100001001111
111111100111010110
111000111110001100
111110011110011100
111111110101110011
111011011111000000
000011011100101110
000001010000101000
000010111011010000
000011000000110111
111101001001000100
000100110110000011
111110110011110101
111110100100101101
111111110000000011
111110010100010001
000000110101101000
111110011001100100
111101011001011101
110100010101010010
000000110101101000
111101110001000100
111110000010110111
111111101001011111
000101101010101101
111011111000010011
111111010110010001
001010010110101010
000010111100111110
000010010100111111
000001001100000000
000011101100110010
000001010010101100
000011100000111001
000011100001010111
111001101111011110
000000010010001000
111100000101001101
111111010010010001
111011101110001101
000101011011010011
000100000101000010
000011100001110010
111100010111100111
000001011000101010
000001000000101100
001001100011010101
111110010110000101
000011011011111011
000010010011101110
111111001100110110
000101100111000111
111001001100111000
111101110010010001
000011010110011100
111110001010101110
000011110010010010
111110001101101001
111011010011011100
000110111010000100
111000010011000110
111001101011011000
000010100011010011
111110111110100111
111110100111000010
111110000110101101
111111000011101000
000001100101100110
000011111111001010
111111100101011011
000001000110110111
000010001010101001
111110001111110100
111100010011101111
111011010001011111
000000000100000110
111001100100011010
000001100111111111
111101001100100001
000000100111011111
111110100110100101
111110010000000101
111010111110000101
000100100001000110
000010010110100101
111101100110001001
111110011001110100
111101001001010000
111011100100101000
000010010010001100
000000011110101011
111101111111100111
000011010011000011
000001111011101111
000010110000111000
110111000001011110
111110001011100111
111110000101110000
111101001000110011
110111110010000011
111100000011111100
111010100101011000
111010111010100000
111110100001100100
000001010000110100
110110011000011100
111111111000101110
111110011111010011
110100111111001110
111011110000001011
000000001110100010
000100000110010110
110111111111101011
111111101010011000
111111111100010010
000010010101100010
000011000001011110
000000001111101111
111110000010001100
111101100100101000
111101101100011101
000010111100100111
111000010110011011
111011010101000110
111100001001111001
000001101110001000
000011101000000010
111010110110010111
111011101101101101
111101100110110110
000010000110001111
000010100000000100
111100011011011111
000010101101111010
111100101011010001
000010000110010000
000011101100110110
111100010010011011
000000000111100010
111011011111011111
111100100111110001
111111100100011001
111001000100001000
000000101001110010
000000010110001000
111101110101110100
111111001111101001
000010110111000010
000001010100010011
000011101110000100
111110101101100010
000110000100111001
000001010100001100
111101111110110101
111110110110100101
000001110001000001
000000011011110010
000000010100010111
111110001101100110
111101000011000010
000000011111101000
111100000111110100
000001111100011100
111101100100111100
111110110111100000
111010100011001101
000000011110110000
111110001011001101
111101011001110100
111110100100001011
001000001110010001
111100010101000110
111011001111001010
000001000001000001
000000000100001100
000001000000000100
000010000001011001
111111110100110110
000010000100011111
000010000010100101
000001001010111110
111100000001000010
111101101001111001
111100101100111001
000010010110110010
000000101010110011
111010011111010101
111010111000000011
111011101010000001
111110010010101101
000001100110010010
000100011100100011
000001100101010000
111110010111111011
111101000101100111
111110011100000110
111011001110100101
000100110000010010
000010111001100011
111101011110011101
000101011111100001
000010101111000100
111101101010000110
000001111010110001
111110001101000000
111110000101100110
110111110101010101
000001111001011000
001000101011110010
000001001100010111
000010011011000101
000110100010101011
111011010001011000
111101101011110110
111111000011101000
000100111001001011
111010001010110100
111100001100001110
111101101010101100
000000111101100011
000010011000001110
111101100010101001
111101110010100011
111100110110110000
000011100100111111
111111001111110111
000011010010001001
111111010101111001
000001000010001100
000000101101000001
000000011000010011
111011100001100010
000010001000110010
111111110110100000
000001111111111001
111111000011100100
000000010001111011
111110111110000110
111100101011110010
111001000101111100
000000000011010101
000010011010000100
111110111101111110
111110010101011101
111111110010111010
111110010111100101
111100101001000110
000000011011110101
000010101101011101
111101101010010000
111110011111111011
111110110011111111
000011001110011111
000000011011011101
111111111101101010
111100110100110011
111100100100111110
111011111111001111
000001101001011001
111101010111000011
000010010110001011
111101100000111000
111101011011010010
000011101111100101
111111110011100000
111011001001101111
111011100011101111
111110011101011110
111110010101100010
111001110100101001
111100011101001000
000001001011110110
111011011011001110
000000011100101110
111110101000100000
111111101100111110
000011100010100011
111100111010111101
000000001000100111
000001111110111001
111010001011101010
000001111100111100
111110000010011110
111110000001000000
000000000110101101
000010001110101000
000010011101111000
000100000111100111
111111100010010000
000010000010010101
111101000100110010
111010101100100001
111110011110000110
111010000001011111
111101111000000000
000000010100000011
000000010110111001
111111110100111111
111111001101010100
000010010011011010
000011001100101101
111101111100011101
000011010000100100
111100000001000010
000011101000101011
000010100110100110
111101000000001011
111111101111100100
111110001011000101
000001110010101001
111110100000000111
111011000000010101
000011100000011101
000001111001111010
000001101110111011
111111100000111011
111111100110110100
000000110001110000
000001111001101111
111111100101001011
111101001111001100
000011011011001011
000000110110100001
111110011001111000
111111010001001100
000001010101110110
000000000110101111
111110110001010010
000000010101000101
000011011111011011
000000101010011110
000001100000111000
000000101001111010
000010110010110010
000011000011111101
111100111011011110
000001000110010001
000010110100100101
000000110010100010
111101101111100110
111111000101001101
111100010101001110
000011001101111001
000001011101110011
000001010001011100
000000101101010001
000000001100000011
000110010111110000
000000010001001100
000000011100101101
111110110000110011
111000010100101010
000000001001011011
111011101001001111
000000010101101101
111111101111011100
111110011000010111
000000011111100100
111110000000001000
000000110110011111
000011001100110110
111001100001101011
111101001100110101
111110000010011000
000000000011011001
111100100111011010
111011111110001001
111110100100001110
111101010101001111
000001010100100001
111011000011010001
000101000100111101
111101111111011110
000000011100111111
000001001010001000
111100110100101010
000000000011011010
000000101100000100
111100001111100011
111101011110110101
111111011011011101
111100001011110110
000010011110101000
000001110101001100
111101110011110000
111111101011110010
111011100110000101
111111111111110101
111011101010001001
111111001010101101
111011010000011110
111000010001110010
111110110011011001
000001011110010000
000001010100000100
111110100001001011
000001100011101111
111110100010001011
000011101101100111
000000000110101100
000010100011001101
111100100010001010
111101000101111010
111010000001101101
110011010011001110
111101100101100011
000001010000011101
111000001111101110
000100001001010111
111010010011111010
111011000001111100
000011011001011110
000010001111100010
000010101011000100
000001101100110101
000011100111110000
000000101011101100
111011111001100010
111011011111100000
111111101101100111
111101000011100000
000000111000011111
111111111100000000
111111100011110101
111110100101001101
000100100111010100
111110001011101010
000001101001100111
000001100101101000
000010100011001100
000010000001011110
111110100110100110
000001010011110100
000100110001000000
000000001011110011
111000001100010000
111111001111101111
000000101001001110
111110111110101110
000000101100111011
111111001000000100
111011101111010101
000000011000100011
111110011100100111
111110001011101111
000001101010100111
000001111010010111
000000100010111001
111110101001001100
000011000000011010
111111101010000111
111011101101101001
000000101110011101
111100101111111111
111111011010101001
111101101011001010
111101100100000001
111101001101100100
111111001001100001
000001010110010100
111110111010110100
111110111100100101
111111011100110101
111100000110010010
111111110010001111
000100011001100110
111110111000110111
111010010110110100
111011011000001101
000000001010011000
111111000110010001
111110000010001010
000001111000011100
111110000010011010
000001010100110101
000000100111110000
000001010101101000
000000100111000101
000000001000100100
111011010001100101
111100111010010001
111111100101000111
000100011000001111
111010101001100001
000001100110110101
111011111011101111
000000100100111011
000001010011111000
000001111100010110
000010100001110101
111111101111110101
111101111000000101
111001111001111010
000001101010101110
000000100011011110
000000100000011110
111100100101011001
111011111101011101
111111001000111010
000010000110001100
111110101100010101
000001000011011111
111100001111100100
111111100101000011
111111101011011001
111101100101011001
111110011011000010
000011010101011011
000000010011100101
111110001001010100
000001111001100110
111011101110100010
000000010100011111
111111001000010010
000001110100100000
111101110000100011
000000111110011110
000100000001000101
111101000111101111
111111110011000100
000010011110010101
111001111111000011
000000101011100000
000001111001101011
111000011110001011
000100100011100000
000011100111110000
111010111100100101
111100100010000100
111110010100001000
111111101010001101
000000111101011101
111011101101111111
111111011011011010
000100011011000111
000101001000000110
000001100000010000
000001100100100000
000010111101011110
000010100101110011
111111001010110100
000000001111010001
111100000100101011
000000011011001110
000000000011110000
000001010100101011
111110010001111001
000001011011110100
000001000111011111
000001011001000101
111111111111110010
111011111000100101
000000110000110000
000000100011110100
000000101101000111
000011110101011100
111100111010000110
000001111110100010
000010011011001010
111100101111111110
000100111110001001
111110100011010010
111011100110001110
111100000110111010
000010100010001100
111011000110110100
111100101011110011
000100000000000100
000010110110111001
111111011000101110
000011100110010001
111011111001100101
111111110101101101
111111011101001100
000010000101011110
111011001001100101
000000101100011100
000010001100110010
000000001010111100
000001100101000011
111111110011111110
000011101100010110
000001010111010100
000000011100011101
111100101111100101
000100001110000100
111000000010100000
111111010000100010
000000101110001000
000000010101011010
000011110111001001
111111011010000001
000010101000011010
111110010101111110
111111011110111101
111110001011111010
111110000110100101
111100101010110111
111101001111011010
000000010101101111
000100110010100100
000001011000011011
000101000110010101
000100000100100000
000011100001011110
000000000110100010
111110001100010010
000000001010101101
111110001011011100
111010010101011111
111101001100101100
111111100001001001
111101001100001101
000010001001100001
000001010101101001
111111010110010000
111110001011110001
000000111010001110
000010111000100110
111100111110001101
000011011101100000
111011011100111101
111101000001001010
111001101011110100
111111010001000000
000000111101100100
000101000111101111
111110110100011100
111111110110011110
111110010011110111
111101011001101000
000000000111000011
111011010110001100
111101011101011001
111110001101011000
111101101111000001
000010110110001000
111110101000110101
000001010101100010
000001111101100101
000011001100000111
111100001110100110
111110101010011011
000000001111110010
111111110100011011
000011100110000110
111110100101011010
111110011110100011
000001011001010011
111101100010011001
111110010101011000
111110010010011011
111111100110001111
111011100000100000
111110001101000000
000011110110110110
111100001100011110
000001000101111010
000100010000100011
000001100010100010
000000101111100001
000010110111111001
111100011000101001
000101000110001000
111111010011100101
111000001001101000
111101011000100011
000011001010100110
111110011101100000
000000001010001100
111101000010100010
111101010111001111
000001000011001000
000001011100100110
000001111001011110
111110110011110110
111111101011000100
111101000011000101
000001000101000101
000000100110000011
111110100110110100
111011011011100011
111011000101101101
111111110011101111
000000000100111010
111110011010011111
111101111111010011
000000011111001111
111001010101001101
111100101010010111
111100101111010100
111110111000101111
000010111010001110
111111100100010100
111110101001110111
000000001011001101
111111000101100111
111011111101111111
000000101010010000
111101001011010011
111100101110010001
111110100011000111
000001111011100111
000100010010101100
000011000010010010
111100111000001100
111110100010111010
000100110000111001
000001110110000101
000001111101111011
000001110000111000
111110010111000111
000010001111001110
000010101011100011
111100011100000111
111100101100101001
111111011000000010
111110100111000101
000000001100000011
111101101011100010
000001011100100110
000011001101000100
000011000000100100
000000000000110110
000000000000001011
111100101011000010
111101110111010101
111101101100001001
000000100001111011
000010010111010111
000000101000001010
000010111110110100
000001001100000100
111111010011110000
111111010100111010
111101111110001110
111110101100001110
111101110110000000
111101011110000110
000000110110010110
111101100110011011
000100001000010000
000000010100110011
000001010011101101
111111001111101110
111010011101010010
000001111101111110
111101010000110000
111111011010010110
111011010101111100
111011111110010100
111110001100010010
000100110101111000
000100001000010101
111111000101010110
000001010010001111
000010111010011011
000000101010110100
000000000001100011
111001101001011110
000001111011011001
111110011011000110
111111100101011100
111001101000101001
111101111101111111
000010011001001011
000010101100101101
000110101100001011
111010100000001110
000010000011001110
000101001000111000
111111010101101011
111011100111010011
000100110110010111
000000101110100011
111110001111101111
000010010101100101
111001111000010010
111110001010101101
111100111110000010
000001100001110010
111100100010100011
000001100001010110
111010011100010110
000000011010110011
111101111110011100
000010100110111100
111110111011111010
000000100100011001
111111011100011110
111110000111111010
000010110000100101
111100101100111101
111110110011100111
000000100001010011
111110111010111111
111100000010100100
111110100101001010
111101010101111100
000000011001100111
000100010111010011
111011011001001010
111111101010010011
111101011111111110
110111001010110110
111111101110110001
111010000111010011
111000011011000010
000011110101101010
111111100111110000
000011111011010001
111001100010111001
111001101010001010
111110110010000011
001000000110100110
000001000011000110
111110011010101110
111101101010011101
000100111000111010
001010010011101101
110110011000101110
000001000010011111
111000100011010100
000100110010110110
111111101001100100
111001110000010001
111001110010001110
001001001000001110
111100110100101101
111011100001011100
111100011000010011
111101001001110011
000011100010110000
111111010000111110
000000101000000100
000001000100110100
000010100110110111
111011101110110011
111110101001110000
111110010000111101
111111110101101101
111101111101001101
000010100000001111
111001010111111000
111100000011110100
000011111110001100
000001010000011111
000010101110100011
000000111011110101
000000111010011011
000000010101001010
000000101111100111
111101011001100010
000001001000000010
000000011010000000
000001011000111100
000011110101000101
111110101000111001
111101111000010000
000001000101000011
111010010101101011
000001110001001011
111010010111011110
111010100110011010
111110011010100100
000001101100001000
111111011100011101
111110001100010101
000000001010010000
111110110011110111
000001001000011011
111111000100010001
000001000111110000
111111100010000010
111110100111001011
111101100001101101
000000011110011011
000000001110111100
000011110010101011
000000110110000110
000101110100111110
000010011000010100
111100101011010011
111101111101010010
000001111000001000
111101010101001111
111100011001011010
000000010011000010
000000111101100101
111101011100001001
000000001101111110
000000000111000111
000011000110110111
111101111011111001
111111110111000011
110111100111100111
111111001110110001
111111011011001100
000000000010110111
111111101110010111
000011011101110000
111101010100001101
111110001110001010
000000011000101100
111111011111110101
111001110110101011
111110111101100101
111111000001001011
111110110100111101
000000000111110010
111001101111011101
111110100000000101
111111101000110111
111111110010100110
111101101100101010
000010010001100100
111101100000101011
000001100000111101
000011111011100011
111110111011011101
000100011110010100
111100111110010010
000000100011111101
000101001010001011
111101001010011100
000010110111000011
111100100110010111
000100110001111111
111110111100000010
000000101111010101
000011110011110010
000011101010011101
111100000100100010
000000110011000010
000001001001111000
111110011011111010
111110010100011101
000000011111000110
111111110000000001
111110101100011010
111111010100011001
111101100000011011
111011010000101001
111110010010100011
111110110010110100
111111101101110100
000010011101010101
000011001011000100
000100011001000101
111100011001010101
000001010011110100
000101010010111011
111001111001010010
000010000100000000
000000000010000010
000010110010000000
000010110000110000
000011101010110011
111101000010000000
111101000110111001
000010001110010010
000001100100011100
111100111000011001
000011100110101001
000001000010011001
000001101010001000
111110110010111100
111110010110000111
111101101100111000
000001001000101100
111110111001011111
000010101000101001
111100100011000111
111111101001100101
000000010100000011
111110111010011111
000001110110001000
000001000111000011
000000000000001100
000010011100000001
000000111000111111
111100001110100110
111100101001100101
000011011101110110
000010001110100100
000001100100010000
111110111000001000
000001101101001111
000011011000000010
000010010011011101
111110001010101000
000001000101100011
000011001001101011
000001111110001101
000000000101000001
000100000001010000
111101000010111010
000001001010110100
111110110011100000
111011001111001010
111111111001010010
000000101000001110
110111001111100100
111101110010111101
111101011011000111
000010110100101101
110111101001111000
111101011110101011
111001101111010011
111110011000101100
000000110001000000
000010101010100010
000001001001100010
111100111111101000
111010110111010010
000010110101001010
111100100100010000
000101111110001111
111110111111110010
111110011010000001
000011000101100001
000000000111101001
000000011101110010
111100100001001100
000000001101101110
111111000001011111
111100101011110010
111110110010110001
111110111110110101
000010100100100011
111101100101000010
111100111001011101
000000100100001011
111100111000001010
111010001010000001
000000000101010001
111110011110101110
000000001111000001
000000001100101100
111101101111111100
000010000010110111
111011100111001110
111111101000111110
111110110111001001
111101110001100010
111110111100000011
111100001010100001
111011100110100010
000100001010110000
111101011011101111
111101011000001001
111011010011110101
111100101010111101
111000000111100001
111110010111111101
000001110011010111
111111010101001110
000010001110010011
111101001011000111
110111100001001111
111110101110011101
111010111000011100
111001111101001101
111011111111110011
000110111110110010
000011001011110100
000001100100010010
111010111111111111
111011110111100100
000001000101010011
000011000100000001
111010101110110000
000101000101110100
000100001111001111
000010011100010010
000110111101101111
111000010011011100
111000101011001000
111111111001000010
000000111100111001
111101101010001010
111001010011110010
111111110011101011
000100000000010101
111101001110000010
111011100000100110
000010111100111100
111001110100000001
000010110101011001
000000101011010001
000000010100011000
000010111001100000
111101100100010010
000000001111001100
111111010100101110
000000111010110000
000011010100001011
111100010110010101
111000001101011100
111100001111001010
111010010110101011
111111101100111101
111011011011001100
111111001101000000
111100010001100111
000100011110111100
111010111100011000
000000010101001111
000010000001011010
000010010100111000
111110010110111101
000000001011011111
111111000001011110
000001011001111111
000001110110001001
111000111001110001
000011001100000101
000010010000110011
000001100110101010
111010101100101101
111010010001011010
111101010110101010
111111011010011010
111100000101011101
111011111010110010
111000100110100101
111110111110000101
111101101011011111
000110000110011101
111010010101101111
111111100110010111
000001111111111100
111100011011000101
000010011111000000
000000011100101001
000010011000001000
110101101000011000
000000101001000111
111111011100011101
000101000111011011
111100111110001111
000011101111110110
000100010110001000
111101011111011010
000001111110110000
000100000000011000
111001101011110000
111010110010000001
000000100111100100
000010111001010001
000100111111111001
000011000001101100
111001101100110010
000010001001000011
111111100110100010
111100111011110100
000000011100111111
111101101011000101
000000011100111010
000000000000100100
000000111101111010
111011111101110100
000011100000011100
111010011100110101
111110101101000111
000100000100100100
111001011010011101
000001101111000000
000000110100011001
111011011100111001
111111010111100010
111110010100110010
111100100110000011
000000011100100110
111011100000000001
000010101110000111
111111010010010111
000010101001000001
000000110001101000
111111100100001101
000010101101101001
000000101111101101
111011100100010100
111010001011001001
111111100100100110
000001111000000110
000001000000111111
111011100100010111
000000001111111011
111000010001100000
111110011001010100
000010110110110111
111100011000110101
000000011011011111
000101001011111010
000000100100101001
111110011010000000
000101011010110011
111111100010100001
000010000010101111
111110000100100011
111111001011000001
000001100010111111
000000110010010000
111000000101101011
111100000001100101
111110101000000000
111111010001111011
000011110111010101
000010011001001111
111001011001011000
111100100101100011
111011100110111110
111111011000111100
111110101010010001
000101011100100111
111100101100001001
111110001000111101
000011010101001100
000010101110000011
111100110110100011
000011110110001000
111100110101011111
111111100100010100
111111100001011001
000001100000101010
111101011100000000
111101000101010011
111100000110000001
000000011100010011
111001100001101100
111101010000010111
000100101010110100
000010001100110101
111111101000010010
000001000111110000
111011101000001110
000001101000011000
111101001111110011
000100001001111000
000001011000110011
111101101110100101
111110011011100101
111101101101111111
000101011011111011
000010100111011100
111100010010111110
111111110011011000
111110000111001010
000000011110110101
111111001010001001
111111011110101001
000001001010000101
000001001010000101
000000000000101001
111011110000001011
111110010110010001
111100011001000111
111110110101000100
111111010100000000
000001101101101011
000011010001000011
111100010100110111
111011101010110111
000001010011100110
000010110101000101
111111101110110101
111111100001011001
000010100001101101
111011100111001111
111110101001010000
000001101001110010
000001111000010101
111100111111101110
000100110100001010
111101101111110011
000000101011101001
000000111100101010
111101000100110110
110110011110011100
111110011101111010
000010011001110110
111111001000010101
111111100000000001
111111100111110111
000000010001011110
111100101111101100
000011000001101000
000100101010001101
111100101100110001
111001110001110010
111100111110101100
111110100010111011
111101110100011000
111010110101010100
111011110111101000
111101110110011100
111011101110111111
111111110111101011
111111000011100101
111110010010001001
000011000011011100
111101110001010011
111101000000001100
000000101100100011
000001111100000011
111101101001010001
111110101110011011
000001010100101110
000001110110011111
000001110111101100
000000010100101100
000010011101100111
000011000000010110
111111010101110011
111011000110001001
000010011100000110
111010111011100010
111110011011011011
111111010101000101
000010011110000001
111101111101011100
111111111111111011
000010101010010001
000001010101000100
000000000110100011
111101111010011110
111011101000000110
000011000010000100
000001100001101101
111101001100000000
111111001100001110
000010001111101000
111100111111001000
111011111010011111
000001010100010011
111101111100011101
000001110100001011
111111110101100010
111100011011110110
111111110011011110
000001101110100000
111100001111101100
111001001110011000
111100001101000000
000001110111010011
000000001000010001
000011000100001011
111111001101100110
000010011000101000
000000111110101011
111101011001101010
111110101111100110
000000011100011101
000001001101011011
000010110000111100
000010010001100101
000001000010110001
111111110010101000
111100011110110111
000000000100100000
000000000100110001
111100110000000100
111111100101010001
000011001110000101
111110010011011011
000000101111010111
000010100011000110
111111101010010000
111110101110101111
000011110010101000
000000001110110000
000001101100011101
000001110000101101
111100010101110011
110101111100111101
000011000010000100
000000001101001011
111101001000010110
111111000100111111
000001000011101001
111111110100100001
111110111000000111
111100100110111000
111110100110010101
111010111001001101
000010000110110111
000000011000110001
111010001011110011
000000110101110010
111110111011111010
111110110101001100
000000111101001000
111100100100100101
000011010101111111
000001001110111010
111111001011111100
111110001101111101
000010011000110001
111111010101010111
111110111010010010
000010111011110010
000000000010011010
111111000010100100
111101100111100101
000001010110110000
111101101101101110
111111001100001110
000010010011000101
000011010111111000
111000000000000010
111110111110001001
111110001110010110
111111110000000010
000001100100011010
111101011101100011
000001010111010001
111111111000011001
000000110010011010
000001010101010111
000011011011111001
000001010011010001
111100100010000011
111011001000000000
000100110000000110
000011000111011110
111110001111100101
111111011110011000
111110100001000101
111100110010000110
000001001010101011
110111001000001011
000100000011111011
000010101001100101
000010010101101010
000001001001100001
000001111110100111
111101001100101101
000000100001101001
111100011011110001
111011010100010000
111101000101110101
000000110001000110
111111100111001011
111010100100010111
000001101010011101
000000101010000010
111111101011000110
000010110101011010
000010101001001010
000001001101101010
111101001001011110
000001001110111100
111100101111100100
111101010101001001
000100011001100101
000100001100101010
111110100000100000
000010011010001111
111010010100110100
000010100000011011
111110010100110101
111111101101101011
111110000010111111
110111111000100000
111001100100000100
000010000001101101
111010110100101100
111111001101101001
111101000000100100
111111001000110011
000001111100001011
000000111001110110
000001010110011111
111010110110110001
111100001101110111
000010100001011010
000101000001001001
000011011100001000
111100111111101100
111101000110110011
000001111001101100
111100101000100010
111111101001000110
111111000000001001
000000001011100011
111101100001011000
111010001011110100
000001010101110110
111110010101000000
000000001110110100
111010001111101100
000100011001101100
111011101111111000
111101000000111010
111111100001110010
111111111010011011
111110110000001011
000101100001100000
111101010010111001
000100100111001000
000010000100010111
000001011000000101
111011110001010000
000001001110101000
000001110001100010
000001000011101111
111001100011101101
000010001100010000
111110100000001110
000000101111100010
000010100111111000
000000001001110001
111101101000111001
111101111001011100
111100001011000101
111011011001011011
000001100111111100
111110000000110001
000001000110100101
111100101010010110
111111011000011101
111110010001101101
000001100101110101
000011011011100010
000001011111001000
111100100100100111
111001000101100110
000011000011111101
000000011000111100
111111010010011111
111100101101100011
111101000011111000
111010110111001111
000011101010010101
111110111011110000
111010010111111000
000010100001100000
000011000001011100
000001001000011000
000101000010110101
000110110001111011
111101101100100001
000010101100000101
000000111010001011
111111101000010111
111010100001001010
000000010001011010
111011111101011011
000100010100000000
111111111000110001
000010000000110111
111111000011110000
111111001110010101
000000110000100100
000000100010000111
111010001110101010
111011111101111100
111101101101110100
111111100111000000
000000110100010111
000011100001001111
000100011000110011
111111100011001011
111101110100111110
111111100010000001
111010001001100010
000011001110001111
111111010001010001
111011011001110110
000010110001100110
111101110010110100
111101100101111101
111111111011000011
000000101110101011
000000100001001010
000001000110001110
000010001000101010
111110000111110011
000010010010010110
111110010010010111
111101111001000111
000010001010100011
111110110011000001
000001011000111101
111100110001100111
111100111011001111
000001101011000000
111101111101100110
111011110000111001
111110011001110011
000011100010100011
111101001010011011
111101010101010000
000001111001110111
111011001100111000
000010001001001101
111010001010010100
111101110111010111
111111101100000011
111110010000101010
000000001111110000
111100100110010010
111101011111010100
000010010110110101
000100100011011010
000000111101100100
111110010100100010
111001110100010101
111101100001101011
110110100011010010
000011111001001101
111111110011110011
111011101000100000
111110101001001110
111001101010001001
000011010001110101
111101110011110100
111000111010100010
111101110000100000
111111011010011111
111101000101000010
111100100101110111
000000010010011111
000001000110101001
111101001011011101
000011001111001111
110111000010010001
000111010111100101
111001011010010000
000010000011100100
111101011010111001
000010010111100100
111010000110000011
111111001011001010
000010100101100000
111010000000011111
000010111111010000
111111101111010000
111110010001111010
000000101110001111
000010111000101101
111111010010011101
000001101000011100
111111111001011010
111100110001100010
111100011101011000
111100101101111011
000001011001010100
111011101011101100
111111000000011000
111110100100101101
000101100000111111
000010100100101111
000011000111110010
000010111010110011
111000011111001000
111100110100000010
111110100010011100
111010110000010011
111111011100011101
000000100100010010
000001111011101111
000001101001000001
000000001011001011
111110011001100001
000001010001000100
000001011011011001
111110100011011000
000001101000110001
111100110110010110
111110100101000111
111110101001010110
000010111111001111
111011100110100101
111100011011100001
000010001000110100
111101110100100101
111010101101110000
111101011110001101
111001101100100100
000011100011110000
000000110001001001
111110000110001010
000100010010000010
000000000001100110
000000101011001000
000001100101110001
111101011101110000
111100111000010111
111110011001111011
000011110110001100
000010101100011010
111111000010001000
111110011010111000
000010100111000111
000011010100010101
111111101011111010
111010110001001000
111100111000001111
111101101100110000
111110010010010000
111111101010001101
000010101001001001
000000010001110010
111111000000011010
110111000001011000
111100000010010111
111101000101110111
111101110010011010
000000111110111000
111101010110000111
111100111111000101
000010010010000100
000010100001100101
111111111100011100
111110100100110111
111110100101010100
111111101010101011
000001100111011010
000001001000000111
111111101110001001
111100110101010110
111110101100100101
111101000100001011
000000010101011011
000011101111110100
000001100111000000
111101010110100011
111110111001101001
000001011001111010
000001010100100011
111111011111101111
000011101000011001
000010110010111000
000000110001001100
111110001101000001
111110111010101001
111001001110100111
000001101000110000
111111000110000011
111110111010111110
111111001011100110
111010110010111000
111101100010011010
000011110100001001
000010110110101000
111110111010111000
000010101111101011
000001011110100101
111111100100101110
000101101000011011
111101000010111011
111101000111011101
000001100011011100
111101000110110001
111111100110011010
111111101110010001
000000111110010101
111111001101111100
000011101011010111
111100111100101110
111111011011011110
000001010010101001
111101001011100010
111101011011100100
111011100101111101
111111111000110001
111101010011100000
111100101100010110
000001110110000001
111010110010010001
000101111100101000
111100100110101111
111101010110110100
111110000010000001
000011101010101010
000011011101110001
111100111000101010
111011001101111100
000010110100110000
111101011010100011
111100110101101011
111011101000101101
111101011001111010
000001011010101110
111110100111100001
111001001011001011
111101001110111011
111101010101100000
000010101110101011
000001001011110010
111100011001001000
111110010011011000
000011100111000010
111111000101001001
111110111001101010
000011000011111101
111100110111010110
111101111011111010
111100101011011000
000000000011100101
111010101011110011
111100011011011011
000010011100100001
111110010000101100
111010011001001010
000000010010111100
111010010001000010
000000110100000111
111101011111011101
111110111101000011
000010101001010011
111111110100010100
111101111110110100
111111101111001101
110110111111011111
111010111100111000
111010100010110001
111111100100101011
000000010100001110
111110000001110010
000010010011001100
000010110010101010
000011010001010111
111010101100001100
111000111100011011
111001110110010111
110110001111000111
001001100100101110
111000100100101001
111010110010111111
000000100111111010
111111100011000000
000011011000010111
111010011000001000
111011111100100100
111111000010101100
000010101000010010
111011111110110001
110101011111101111
110111011110011110
000010101111101000
001011001111010101
111000011110101100
111010111111010010
110101100001000110
000011011111100001
110110111001011000
111010010111110010
111011101111010100
000010100011001000
111111000100001001
111101010010000000
111110001001001111
111110100110100110
111101001000001000
000010110101111011
000000110111000110
111100111001111001
111111110010011010
000001010001011101
000010010010001111
000000000110011001
111110000010110110
000001010001100110
111111011011111110
111001001001101100
000000011100001000
000100111101011010
111001000011010101
000111000100001110
000000100101011001
000000110010010001
111100000001101100
000001010001000011
110100011101001001
111100110011011010
111101010100101101
111101110111001011
000011000100000101
111110111000110111
000010000100110110
000000010011001001
111100011111011000
111010110000101101
111011100110101001
111101010101001010
111010100100101100
000010011111001111
111100000000101000
111100111101111011
000001010100101010
000000000000001000
111110010000010000
111111001101010110
111011111101110100
000000101110110010
111010001100111010
000000111111100110
111110011101110000
111111110111010110
000001000011110110
111111010000100000
000000101001101000
000001111000100010
000011010001001101
111111011110011011
000000111001011111
000001110100101111
111101111111001101
000011011100000001
111110101110010110
111101101011100101
000010010110111001
111111010010100011
000010111010001110
000000111001010011
111110100101011101
111100001110011111
000111010011001100
000101000101000110
000000101001111101
000010000011111110
000000100001010011
111101011100000000
000000001011100001
000100001111111001
111111101110111100
000000001001010111
111100011001100010
111100111100101001
000000111101000000
000011001111001000
111110011001000010
111101101110101101
111111111001101111
000000010000011000
111111101000000111
000011111110100011
111001111011110100
000001001111101010
111111011000101000
111010001011010100
000110000010011110
000100001011110000
000011001101101101
111101110001111000
111010110111111110
111111000000000000
111000001110101101
000001101000100010
111100000010000100
111101110110001101
000100000000010111
000011011000110010
111100011110001101
000000011101000101
111111000001101111
000001000010001011
111111100010110100
000101000010100110
111101011011001001
111100110010110101
000010100110010001
111100101010110010
111010101110010000
111101011010011100
111101111100100001
000000101001011011
000000101100110000
111110100011000011
000000010100001111
000000001100000001
111101111011110110
000010001111101001
111000010110111000
000000010110011001
000011110001010001
000001100001101111
000000011100010100
000100000110011001
000001111111001100
111110011100010001
000000010111000111
000010000110111000
111100001101101111
111110110001001001
000000100101100010
111100111000000110
000000110000001100
000001110100100110
000011010000100011
111101110100011001
111010011100000011
111111010101001100
111101010111110100
111101110011100001
111100001101000001
000010100100010111
111111010101100101
000001010000111101
111100100111000111
000010001111110111
111101000110111101
111111001000011100
111100100110011001
111100110010010010
000001100000001111
000010111101001110
111111110011010100
111111101000001101
000000100111010100
000001000010100101
111101010100111010
111010000011110000
111101101101001001
111101101111010100
000100101111000110
111110010110010010
111101010010101101
000101001011111010
111101101001110011
111101100010110111
000001000111010111
000001000110000110
110001010101011111
000011111100110111
111111110011110011
000010011000000001
111100000100111110
111111011001010101
111011001100100010
111111000101001010
000000110111111100
111111110011011100
000011110101100001
111100011110001101
000000011100111111
000100011011000110
111011101000100100
111110000011000001
000010000000110000
000010011100011101
000010011011111011
000010001010001111
111100001001111110
000000101101011011
000011001100111110
111011010111111011
111111010100111101
111101010011111001
111101001011010001
111111100000111010
111111101110100000
111101000010101100
111110011110011000
000000100000011000
111010001101010110
111111110110010110
111101100011111010
111111111011011001
000100000100000101
111101001011000101
110111100010010010
111011110000111101
000000001001000100
111110101111111000
111110000001110011
000001110100001010
111010100110110101
000100000011001111
000001111101010101
111011111101111100
111100100111000011
111111001110100010
111110111101100111
111111000001011000
111011110000111010
000100011111011111
000000110010101110
111010111011010101
111010010101010111
111101111111111100
111100000101111000
000101001111001100
111110011110000011
111101110100100100
000010010101010001
000010111100100001
111100000010001010
000001000001100100
111110001110110101
111011110111010000
000111101011011111
111010101001001101
111111000111111001
111110001110100000
000011010110010011
001001001100001001
111010000001111101
111101011111011011
111010010110000101
111100000001110011
111000001010011010
111111111010111100
000000110110011000
000010100100001111
000010000110001001
110111100010011111
000011010000000100
111011101011010011
000001111011101010
111110100111010110
111110101111010011
111101101000110101
000011100100010001
000001001010111010
111111111011110000
000000010000111010
000100010100111000
000001000001111101
111000110010100011
000001010100111100
111011000000000111
000011101110100011
111010001000111011
111100101100110001
111001101010001100
111111110111110101
111010010010101001
111111000101111110
000000110011101000
000000110000110011
000100101001001101
111101101011010111
000010111001101010
000100001000010010
000000010100000110
000100111000100110
000010111001001000
000001110101100000
111111001001100001
000001011100001110
111110101010010001
111101010111011100
000010100000000101
111111001110111000
000010001011111001
111101011010100010
000001011010110111
111111100111011000
000010010111100000
000100000110100110
110101101000100001
000100110100011100
111011010001001111
000010010000111100
111010000000010110
111110011111000010
111110100100110101
111100111110110100
111101000000011100
000000001000101001
111101110100101010
000001101110111011
000011011101000100
111010001111001010
000100111001101000
000001101101000111
111010110110010010
000101110110010100
000011011011010000
000000100110111110
111101011011011100
111101110010011010
111110111000000001
000001111001100101
111111000011110101
000010010110011010
000011000100101100
000000001000010011
000000011001111100
000000011100010110
000010011101010001
111100101011101100
000010000111110111
111110010101111101
111101001110111010
000100100011100011
111000101011011001
000100001011101001
000010111101100110
111100111010100111
111110101101111001
000010001000010010
111100110100101110
000010100000001010
111100000110110000
000001000001000000
111110110001111110
000100000011111100
000101111001110001
111110000111000010
000010011101100011
000001010010100011
111110100010100110
111011011001011010
111111000101001010
000001111000011101
000000111101100111
111101110011010101
111100001110001100
111111000110001010
000000110001011111
111100111000100001
111011111100101001
000000000101010110
000100111101001110
111111011010010111
111011110100001011
000010001101000000
111110010100001100
000011010100100111
000011101110011100
000011110110000010
111100000011100110
000101101000011100
111110010110011101
111101101100110100
111101001110000100
111010010111000000
000100010001000101
111111010110000100
111101001101100011
111111001100110011
111110100011010011
000000111001111001
111010111010011111
001000010010001001
111010011111001110
000000000100111010
000010111011001101
111100010010000111
111101111111101010
000011011010111010
000011001001011000
111111011110101011
000100101001001011
111011100001101011
111000111110100110
000000111111001111
000000100000100110
000000110000011011
111011100101000110
111011101010100000
111111110000000011
111111101010101101
111010111011110000
000011111010101010
111101000111000100
000011101000100011
111011010111000100
000010101111001101
000001000000001100
000101111110101111
000100000000011101
111111100001111110
000111100011111000
000011011001110010
000100101100110110
111111111110110100
111011010110010001
000011001100001111
000000011100101010
111111001010011101
111111001000011101
111110111011010011
000001011001010101
111111110111011111
000100000110000101
111110011010011111
111110010001000101
111111001010001111
000001010110111011
000001101001101001
111100111100000001
000011111000110011
111110010010000110
111011110010010011
111110111000011010
111101101001011101
000000110001001001
000001010100001011
111110100010000011
000011101111011101
111110111010110000
111101000111110001
000000110101011010
111110001110011111
000000111110101110
111011101011011110
111110110001000011
111011100101011010
111100011101011111
000000001110011100
000000110010101001
000000000100011100
000010000010001000
111100001010001111
111110010111010110
000000001011001110
111111111010100101
000001101101111001
111011010100011100
000100011111011101
111110100001000001
000011110111010001
111111010101001001
111011011111111110
111001111101010111
111101100101111111
000010000101010001
000000001100001010
111110011110001001
111111000010100001
000001011110111111
000000011001110000
000000101110111100
111111001100100110
000000010101001110
000001101010000001
000010101011010110
000100101011011100
111111101100101010
000100001111000010
000001001001101000
000010100000010010
000000110010111101
000010100111001011
000011111101001010
000011100001000110
111110001110000010
111111100000000001
000110100000011001
111111101111101001
111111010101100011
000000101010111001
000010101101000011
000000001010010101
111101000111101100
111111000011010111
000001000110111100
000100101100000100
111110011011000010
111111100110011000
111111010001000000
111100011110000010
111110101000111001
000001110111111001
000011000110110000
111111000111001001
000001000000001011
111101000110101010
000010100110000100
111111110000000100
000000001010010111
000000100111101001
111111110100110011
111101010111010100
111111111011101110
000011111100100010
000010000011010010
111110001110000101
111101010011101110
000000101000101011
111110101111111111
000011100111001000
111011100101011101
111111111111110100
111111111000000111
000001000001100101
000001100110111110
111110011100111100
000000100110111110
111111011100101100
111110010110100110
111110010011011011
111110010101111111
111011011101011001
111010100010001010
000000011111001110
111101011110111011
111111001011100000
000000100110001001
111011100011001010
000001011001101100
111001010010111111
111011000101001001
111111100101010101
000111000111010011
000100001100010000
000010111101110110
000000010111001011
000011010110110111
000001011101000111
111010111000000010
000011110101101001
000010100100010000
000001000110000001
111110110110110110
111111001010011110
111110010000001110
000010110001101010
000010000010100000
111111110001101011
111110010011111100
000001000011011101
000011010101011001
111110101111111101
111100011111110100
111101100011001111
000010000011111000
000000111001000100
000010011100100010
000100001101000111
000101111110000001
111100000101011010
000000111111100110
000011100000001001
111101000100001110
000010100111010010
000000001000111000
000001110001110110
111000110000111010
000010010110100111
000011011101101001
111111010011101111
000011111001001111
111101010010001010
000000100100010000
111011001001100100
111110110110100110
111110110001101011
000011011111001101
111111011010101100
111111001010000101
000001011001000111
000100001101011101
111011010111111111
111110000010001101
111100000111111010
111111001110010110
111111010101111110
111101100111001010
111100000111001111
000010100010011010
000010011101101100
000101100000010010
111011100011111111
000011111000100010
111011111100110010
111111000110000001
110100010010000000
111011001111010000
111101011011100011
000100100111011110
111100000111101001
111010000100000000
000100000000000011
111110010001100100
000001001100111010
111110100111101110
111110111010000111
000001100001010000
000000100011101100
000000001011011011
111010101011111010
000001010110100011
000010001100110011
111111010101011110
111111100110010100
000010010100111001
111100011010000101
000010011110000011
111111110010110111
000000101101011111
000010011111011101
111011110101110101
111100011010101111
000010101101111011
111100000010011100
111010100101101111
111011100101111001
000010111110010010
000001111101011100
000001100101010111
111101100111110000
000010111011111011
111110010110000011
000011100011011110
000101001000110111
000011000000000101
000010111011010100
000010111111100101
111101110100110010
111000101111111111
111111000101010100
111111001011111111
111101100000110001
111010111111110101
000010000000010011
111111000110000111
000000010000010001
111100110011010010
111101001110100100
000011110100010100
111110010100111100
111111100100000010
000010010000101101
000011000111000000
111101101100100001
111110101101000101
110111001010000110
000011100001011001
111111110011111000
111111110010110100
111011100010110011
000001010011100110
111100011110101111
111111100100000100
111100100101101001
111110010001100011
111110100101001000
111101111011100000
111101000011011001
111010101100000110
111101011001101000
111111000101101111
000001100111000110
111101110110000000
000001001100100000
000000100111010000
000011101010111000
111011110010101011
111100010110100110
111011010101000011
000011110001011100
000000011110110111
111110011011000000
111111101111101011
111101011011111101
000011100110101111
000000101111110000
111100100000010011
000011001101100101
000000010101011000
111110010011001000
111100110001110100
000011001011010101
111111010000100101
000001000100101001
000011010111001010
111110111011000101
000000011110000100
111111110011111010
111010110010101010
111111010001011101
000010001101111100
111101001101110111
111010000010011100
111101110000011110
111111011101011110
111111110010010101
111110100010011111
000010001000100100
111110001100100111
111001101011011100
111101011110010001
000011000101011110
000001010110010010
000011001110110000
111111010100101011
111101100100101110
000010110111100010
111101011010100111
111100111101000100
111110000010100110
111110100100110100
111111101111000101
000100011001101010
000000011010000100
111000010101010011
000100000001000110
111110000110111110
111111010000110111
000000111001010101
111010110101011111
000011111000101110
111100001000011110
111101011111010000
000000110010001111
000000001100101010
000011000001011000
111111001001111100
000001000101100100
000011011110011111
111111110010110001
111111010101100101
111101001101110110
111110110101001000
111110010101111110
111101001010010010
000010011011011101
111101111010000001
111110010001100000
000000001001010000
111100010100001110
111100110101111111
000001101110011010
000000001011011111
000011010000010010
111101101011101110
111001101000110010
111101100010101111
111111111101010001
000010010110111110
111101001010010010
111111000111101011
111101100100100110
000001010001100000
111110000001101101
111111000111100110
111101111011100000
000011000001011000
111110011111101100
000011000111111011
000000110001101101
111110001100100011
111000001111011111
111101110100111011
000101100110010110
000010010001001010
000001010111101000
111010101110101101
000001010111111001
111101010111000011
111111101110101110
000000010001110000
111101001111101011
111100010000110111
111111110010001111
111111001100100101
000011011111011111
111111110010010000
000010011101010110
111110000001010001
000000111100011011
111101101010001000
111110101011100101
000010000100000110
000001111100001101
111111110101001000
111110001111010100
000100001010010110
000011110010101100
111111001100110111
000001000100010010
000001100100111000
000010000110101110
000001010111000010
111100001011010001
000010111000110100
000011000101010111
000011100111011011
000000011110101100
111011111010001111
111101100111110100
111101011011100110
000011001111010001
111100000011111010
000000100110000010
000110001000110010
000010101110110001
111110000010110101
111101111101100000
111101000011101110
111100101101001011
111011101101001100
000000010101001011
000000010010010101
111111110010010101
111100111101010111
000001011111100010
111101000000100101
111110110010111111
111111110110011100
000000010101101000
000000110001000011
111100110110100000
000010100000001001
000011001010010101
111111100000010101
111111110110001000
000010100011110000
000011001110100010
111110001000001100
000011011000100001
000001111000101110
111101001101101100
111101010001011100
000010111110100000
111110010000100101
000001111100011011
000010111010100111
111001110101011011
000001100011101111
111101100111101000
111110001010111001
111111110100111001
111101001011101110
111101000001011011
111111110011101110
111110110100100100
111110011000000110
000000100001100001
111100000000101010
000010110100001100
111101000100100010
111111110011100101
000100100110101011
000001010010101000
111110101001111111
000000110000111011
111110000101001000
111111001110011000
111101101111010001
111010111000010011
111100001110000011
111101100111110100
000000101111011010
000001110001000001
000011000011010000
111001011001001000
000000000100011011
111101010010000010
111101011110000001
111010100110100010
111001000010001100
111101000001001100
000001000010010001
000001011101111101
000001101011100011
000001110100100010
000001100111011010
000010100110001010
000000100001110011
111110111011000001
111110010000100001
000000111111110101
000001101000110111
000001000001101100
000001100101010001
111110111100110110
000001100110100110
000010101111100010
000000001011011100
111011010100011011
111111010110011101
111111100011111011
000000101011001001
000011011110001010
111101000110100111
000000000110010011
000010001111000010
000000011100011100
000000001101010000
000000111101110100
111101111010001101
000101010000010111
111110100100010001
111101101101000011
111100001110110100
111101000101011010
111111110000010001
111011000111101000
111111010001001100
000001011111111001
000000010010111111
000100000001000001
000000110000001011
000010101001100100
111111010000010000
000000001101100011
000010011010011111
000000001101100000
000111010011000010
111101011100101011
111110010111011100
111101100001101001
000111110000110111
000100001000001111
111100001101100000
000010000110111111
000000011000101011
111101000001100111
111111100110011011
111011100100010010
111101010111111110
111101001101000101
111101011001101000
000001001000011001
111100101111011101
111101110001101110
000011000010101001
000000000101000000
111101011101101101
111101111101111001
000001100100111100
000011111010011001
111100101101100110
000010000111110000
000001000101100110
000000100100000001
000100010100111110
111110000110101101
111101010100111000
111101110010011011
111110101111111100
000001110011001110
111011010010011011
000001101101101110
000000000010111000
111110010000110111
111110010100100101
000011000101011001
111111010011000100
000000111110011001
111110101011101010
111111000001011100
000011111000001001
000100000100101101
000000111010101100
111110101011001110
111100011101100100
111101000111101010
111100011101011001
111110010000101111
111101011001110010
111010111111011000
000000111010010000
111111010001010111
111010101001111011
000100111101000111
111100110000010111
111100110101111000
111101000001100110
111101011111011000
000010010011001111
111110010010111001
111111010000111110
111111110010000110
000010100011110111
000010011001001111
111101110010111011
000010001100111011
000100011111011010
000001100111111011
111110011100011011
111101010100010011
110111111001001100
000110010010110100
111111011100101111
111011010100101001
111011110011110101
111101100101100001
111100011010101011
111111110110001110
110111101110111011
000001100010101010
000001110010011100
111111111100111111
111111110110111100
000000011000110000
111101110101011000
111110101100001101
111010011001000010
111110010011100111
000001001010001101
111111001000010010
000010111010000100
111011110110010110
000011001000100110
000000000111111101
111100100011101111
111111101110011000
111110001011001110
000001111111010101
000000110100001111
111100110010111100
111001100101101100
000001110011111111
111011011000110010
000011001101110111
111101110100101101
111100101110101001
000000010100010001
111110101110101111
111101011000101011
111110111111000001
111001100111100110
111011100000110001
000000000000101100
000000001101001000
000000001000100001
111101101111100110
000100000010011011
111100101101001000
000000010100001001
000000001111010011
111101011110100011
000001000100101000
111100100011101001
111110011110000010
000001011111100001
000011111110000011
000000001010011101
000001001111001000
000001010001101010
111110110111101101
111110000101001101
111111100011111101
111100101111010010
000001100010001110
000011000101010100
111101011011111010
000100111000100110
111100100101100001
000000010110001001
000010111010011100
111100100100101100
000010111111111011
111101001111111101
000001110000010100
111110111010111110
111110001101111101
111101000001110001
000001110111100010
111101010100111000
000001010010011000
111001110000000001
111110111110000110
000010001010111001
111010111101000001
000011101110001001
111110001011111111
111010110011101010
111110000000000100
111110101010010000
000010011110100111
111111100011011110
111100010001000111
111111010000101001
000000111011100010
000001000111110101
111111011110110101
111100010100001100
111100111001000010
000001000001101111
111100101010001101
111011101010010000
111110111011100110
111110110010110111
111100101001111101
000001001000111000
000001000001011110
000010111101110110
111111011101100100
111101010111011011
000000000111100010
000010000111011100
111110000110100111
000100011110101001
000000110100010110
000001110010101011
000001110010001110
111101000110001011
000010000101011100
000001000111000111
000000011100000001
111101011100001101
111011110101111010
000010110100101011
000001110000110110
000011010011100010
000011100100110110
111100101000100010
111110011100101111
111101100010101011
000001001101011011
000011001000010001
000011000100101110
000011111110100111
000000100010100000
111101101110101100
111111100010100110
000001110111110011
111110010010000001
111100110001011001
000001011010110100
111101000100000111
000010100100001000
111110001101011001
111111110110001010
000010011101011101
000000010101000111
000000010010110110
000010100010001100
000011001011011101
000010101000000001
000000011010000101
111101010001110100
111111000111011101
111011110001011100
000001110011000001
111111101111111101
000010010101000010
111111101111100010
111100000111011011
111110100110010100
000000001010101101
000000000101101100
000001010110110001
000000100000110111
111111011011100111
000011010001110001
111101100001110111
000000111110100011
111110111011000101
111100111001101001
000001001101110111
000001001111011111
111110000110101101
111101110110001101
111111001010000001
000000011000011100
111101100000011000
000000111100111010
000011010100000111
111010011100010110
111111010111110110
000001010100111010
111111000011000101
000010001000001111
111011001111010000
111101001100001110
111011011100010100
000000100100011000
111111111101100100
000100000001010000
111101101011010011
000010011000110111
000001101010111100
000010100110011100
000010111011010101
111111111101101100
000011111000100111
000000101111111100
111110110101110110
111111110000100011
111111101011100000
111111001011111010
000001010110011110
000011011010010011
111001000110011101
111011011100101011
111111100010000010
110000010010000110
111100110010011110
000100111111111000
111011111001001111
111111000000111110
111110111101110001
000001010101101110
111110010000010100
000001110001011000
000100110011001110
110110101000011111
111010101000110111
111101000111111011
111110100101000100
110101000100110010
000000011000001100
111101111101111010
000001011100011111
111011001101100011
111111111111011100
111111101011100000
111100101111011110
000110010101110010
000000011000110010
000110010001100110
111101110101100100
111100101011110100
111010000001110101
000001100011001010
111111000011100000
111100001001011000
111101111000111111
000011000001100011
000010001000101110
000000111110111011
111110001101100101
000000010110110000
000001100111101101
111111110101101111
111111001111011001
111110111100010110
000100010100010000
000000000111011101
000011000001111010
000100110110100100
111101101100011011
000000010111000011
111110110001111111
111011001111101010
000011011111110000
000001011100100001
000010010110000011
111010111100001011
111010111101100000
000010001000011010
111101101101011111
111010110011001100
000000000111100110
000110101110110011
000100010111011101
111011101111100001
111110101010101110
111101111011100011
111010000000011110
111011110010111100
111011101111000111
000011001000010100
111110000101111011
111110001100111100
111100001000001110
000001000100001110
000000000111110000
111110001000101111
111101111001010011
000001110011001001
000010000110101101
000000011010101001
111101011011011000
000001100111100010
000000001011001000
000001111010100110
111010100000110100
111011011010011100
111010110011110111
111101101000101101
110101011111011111
111100010101000000
111010111001110111
000000001111010010
000010011101010111
111010111000001100
111111101110010111
111010001011010111
111111100001010111
000000111100010100
111010101101011011
111001111110110001
111001011101101101
111110010111010000
111111101011111001
111011110010101100
111111011101001111
111011001010110001
111100111110011111
111111100001001101
111111101111101100
000111101000111111
000001001111110001
111101110001111110
000000101101011111
111101101010111000
111111111101110001
111110010110110010
111110001111000001
000000000100101110
111011001100000111
111110000000111011
110110000011000101
111000011100100001
111000110010011100
111001110001010101
000010110000001111
111100001101000000
000011011001011011
111101010011100001
111101110001001010
000000110000110100
111110000011010100
111101111111010110
000000000110111000
111000011000101100
000000010101100010
111100100010000111
111110000101100111
000001000010011001
111110011110000011
111100101110000001
111001110101111100
000001000011000100
000000101101101000
111010111111101001
000000101101001101
111101011001011110
111010011110100010
111101010000010010
111011010010011000
000001101110011001
000000000110000111
111101000101000100
111100011000110101
000010011100001101
111110011000101011
000000110100010010
000000101000011010
111111010111110101
111111000101000111
111101010111110111
111100111010110010
111010110111111110
111111110101011000
000000010110100101
111101010100111010
111011100100001011
111001110100011001
000011111100101111
000011010011110100
000000101001000000
111010100111100011
111001110010111011
111111101110101111
111110000111110010
111011101011000110
000000110000001101
111011101110010110
000011000110110011
111001101011011000
000010110000100010
111110101000100010
111100111110111000
111111000011011000
111110111111111111
111101100000111101
111101110101000011
111100001110111111
111101111000110100
111110011101000010
000001110010011100
111111001010010110
111110000110010001
111100010101101011
000010010111001001
111100101000100011
000001101010110101
000001000010000010
111101101100010010
111111101001110010
111110101000101101
000100101100010010
111100001101100010
111100110100010101
000100101010010000
000010010110101000
111001101001111001
000111101001100111
000001100000011100
000100101010110101
111101101111001101
111101101100111101
111110011000100110
111101101011110010
000011000101100110
111010001110000001
111111101000101000
000001011101100111
111111110000101001
111101100100010011
111110111001010000
000000000101111000
000001000100010110
111111110001111001
000010101000111110
111101011010011000
111101101010000000
111011101010101010
111010000110110010
111110111011010000
111010100001010001
000000110010110010
111111011101110011
111111000011000001
000001000000110100
000001111111001011
000000000011000110
000010000011011001
111111010000111001
000000110110001111
000001101111001100
111011011000111110
000010101110111101
000001000010101111
000001101000100110
111101011010110011
111111011001001100
111100111101111100
111110101000111101
000000001100001010
000001011011001100
000001000111111110
000001100111000110
000000001111100010
111000011011010100
111011101111100100
000000100010110110
111110001001000000
111110011001110111
000010011010110010
111100101001111110
111101010110101110
000010110101000010
000000110011000111
111111110001111010
111110001110001111
111011000011000110
111101000100110000
111100110110111011
000010011010110101
000000101101100010
111001100100101011
111010001110100101
111110001100110111
000001010111111100
000011101010100000
111111100100000111
111101110111101001
111111110010001000
111100010010010000
111111100100101011
110110010000101010
110111010000011000
111111011001111010
111110000100001000
111111100000101011
111110001000100001
000000000010011110
111110111011010100
111101000001101101
111011000000000001
111101011011110100
111011011000111001
000010110111101011
111100101000111100
111100110010011010
000001101010011011
111110000100011001
111110111101011011
111100100111100110
111101010010001001
000000001110111000
111110110110110100
000010010100110100
111101000110001111
111110011001011000
111101001100011110
000011011101000100
000001000001001010
111111001001010100
000000000111100110
000001001110101001
111111010011100100
111100000000111011
000000010001100001
000011011100001010
000011111011001101
000000100110101110
111100011110110010
111011100011001111
000010000100111001
000001011001001000
111011001001001111
000001011001110001
111011100100110010
111110011010000011
111110010100001100
111110000110010000
000001110100111101
111111110100101000
000001110001110000
111111111101101001
000010011110111110
000011111000100110
000010111110110111
000010000100100000
111011101000000101
111001100000011011
000000110010101101
111111100011111101
000001011011101001
000000101111000100
111100101111110010
111101100100101110
000000000000000010
111111001101011110
000011100000010011
111111011110100101
000010011101010010
111110010011100000
111111110111010001
111011000011110110
111101110101111111
111110110010101101
000001011010101100
000000011001001011
000000100111111011
111011100011010001
111111110110010111
111110100100110001
111100111110110010
111100111111111001
111101110000100010
111100100000100011
111111110111110100
000001101111100101
111101111010110011
111111111110110011
111100110111001100
111101110111100110
000001101000011101
111111111000001110
111111100001101111
111101100000011010
111011000100100000
000010011100111101
111011101110100010
111111011010010100
111011100001111101
111100110101001101
111110111110000011
000001001000101001
000000010000101010
111101111100110001
000011110001100011
000000001111110101
110111001111010100
111110101010011001
000001110000001101
000001100001100011
111001101011001010
111101011111111100
000000111010100101
111101111111000001
111100001000100101
111001010001011000
111010010110011011
111110110100111100
111001011011001001
000001010111100000
111011001111101101
111111101011010011
111010110010110110
111101101000011110
000010101010000010
000000000000101000
111101000001110000
111110110000111001
111111110011101100
111000001000011100
000100100101011101
000000001000011011
000001100111110111
000100100000011011
000000010111110111
111100000100011001
000000010011100011
111011101000011001
111111110101010100
111110011110000011
000001101010000110
000010111010000000
000001110011101011
111111010100100110
000001111110110110
000011011000100110
000011011011011001
000000110011101110
000001110101010011
000001101100001000
111001111001000100
111110101101101011
000011100111011111
111010000001100000
111110000010110101
111111001010000011
111101010101101000
000010010100100101
111101110101000010
000001110111111011
111111101110000000
000011110101110011
000011111001100101
000010101000011000
000010101001010010
000001001101110010
111000110101110001
111110011010111000
000011000100001110
111011000101001100
111111011100110011
000001000100101111
111011110001100010
111110000101000001
111100101111011100
111111101011001100
000010101010010011
111111001100001100
111111000110011110
000011000100110100
111111110111011110
000010000101010100
111101101111001100
000100011000011010
000000001101010001
111011000010000011
111101101010000001
111101111101100000
111101011100101001
111101101000100000
111010010000111111
111111100110000100
000001001010110000
111001011111100001
000100000100001000
111110001100101111
000011101111011001
000010001001000101
000001001101000010
111101100011011100
111110100010101001
000001001101100101
111100010100010001
111111101101000011
111110101010010010
000010111111101010
000011100001101110
110110101010001000
000011000101100101
111111101001111000
000001111100100001
111101011100111010
000001100111000110
000011110011010010
000000110100001101
111110111011110010
111101011101011010
000010101101001011
000001101101011000
111111111000000101
000011101110100000
000001100011001000
111101110110110011
000011010110011011
000000011110101100
111001110110101011
000100010010010001
111010110011111010
000001101011111010
111111001000010110
000011110001110000
111101001110011101
000011011111100101
000000101000010011
111010011010011111
000000101111101011
000010010111101110
000010110001110000
111010010001101100
000010001001010101
111111101100100101
111010111110011001
000001101011101101
111110101000100110
000000011110010001
111110001101110100
111110101111110010
000000001101011001
111010111101011000
000011000101010010
000001011001101010
000000010101110000
000011110100001000
111101110101001001
000001110111110110
000011001000011000
000000101011110011
111111111111111100
000100011011100000
111011001000110000
000010010101100110
000011001001111100
000000100101111101
000000110110100110
111110111011011101
111100011111001000
111100101010000100
000000011101111011
111110011011000111
111111101000110011
111101111110000100
111101101011000001
111111011111011010
000000001111110101
000000000001111111
111101101110100011
000000111010011001
111111001001011101
111110110110000001
111110111011011111
111110011110110110
000000100101001001
000010110011000001
000010110110110011
000000100101010101
000000001001101000
111011110101010011
000000100001000111
111111011011000101
000001001110110111
111101110100001111
000000111101101100
000000111111101011
111111111011110000
110100000001011111
111111111000100101
000100101011000000
000010111110001100
111110011011000110
000000101110110000
111111000011111010
111110111110001000
111111011110010101
000000001000110111
111110100101111001
111111000100110011
111111101110101011
111101001000101101
111110100110100011
000000100011110011
111000010010000111
111111010100001111
111110101100101000
111011110001011000
111110111100010101
000000001101010011
111010111010001001
000010001011000011
000010011110011000
111111100000010011
111110111100011000
111101110010110001
000000001011010110
000010100001001010
111110100100011000
111101110101111010
000001010111111011
000010101111000100
111111011110000100
111101010010010111
111010110000110111
000000100111111111
000011101110111101
000001011010010111
000000101010011010
000010101100100111
000100110101110000
111101110010101100
111101101001110110
111110100010110000
111110111011010101
000000001000101101
111111100110101011
000010110101011000
000001111000000101
111110100000000011
111111010010010010
111110010100010110
111111001101011101
111101101110100111
000001011110111000
000010010101011110
111100100011000001
000010111011101011
111110101111011001
000010000111001101
111110101011110000
000000010001010111
111001100010110110
111111111101110101
111100100100010011
111101100011000011
000010000011101101
000000010010001111
000010111000110110
111011011001111001
111111000111011111
000010000101010001
111111010111011011
111100011110010011
111011011110101101
111111101110111101
111101001101111001
000000000000001001
111111111101011001
111001101110011011
000010000000101011
000100100000100011
111110010010110110
000011010000110111
111100110110111001
111011101011110101
000001100111100111
111110110110011111
111011001100001011
111111111110001000
111110100000101011
000000001001100001
111101001000111100
111101011101010111
000100001000111110
111111101001101000
000001111111110000
111011100011110011
000010010101101111
111111101011001111
111110111001011110
111010001100111101
111110100110011100
111101100110010111
000000001101100111
111100001001010100
111101011101010011
000000010100101110
000000011100101000
111101111010100001
111100101101110011
111100110111110000
111110111100001001
111101100011010110
000001101111101000
111100001101010010
111111000010110001
111101010010011111
000000110100011011
111111001011001101
000010111110100011
111100010111010110
111110100010101100
111010000110001100
111111001000000000
000011011010001110
000011100111100001
111101101000010100
000000001000001011
000000010011010001
111101110101010011
000000001111000101
000001101110001101
111110001110010101
000000100100010001
111101110111110000
111110101101011011
000000001001011101
111100011001001000
111111100010110000
000001101101001100
111100110110100000
000000100010110001
111101010110000011
111111110010101001
111101000010011010
000011001101010000
000000111110110010
111100111011101100
111111101111101111
111110101111011100
000001111001111110
000001001100101010
000001010100110110
000001011001111111
000000110111100011
111101001100111010
000010100000011110
111110010101000100
000001010101101110
111110110100100101
111101001010111101
000001101100110100
111000101101110101
111110010101000001
111111010100000011
111111000011100011
111111000111000111
111011110010100110
000001101000111100
000000010010010101
000100101011011001
111001110001011101
000000100110011011
111111101001110101
000000011000100011
000101010011110011
111110000001100101
111011101010101000
000010000000001011
111010110101011011
111111111001100000
111101100110111000
111010111111110111
111110001111010000
111101011011010011
000001101010010110
111011110011100100
111101000000010001
000100010011011111
000000111011100010
111001110000010111
111101000000110110
000000111101011110
111110000001001000
000001100000100100
111110100100110110
000001100111011110
111111010000110100
000000101111011001
111011110101101011
111101101000111010
111100111010110000
111100000100110010
000001011110011110
000001000001101110
000000111000011001
111011100011001110
111110101010011001
000010110101110101
111101101010010000
000011011110010011
111110110010000101
000000101010110100
000100011111011100
111101010011000110
111100100001111011
111100001101000110
111110100001000010
111101000000110100
000000101001000010
111000110001101000
111110001000010100
111111011110010111
111111111100001111
000000111011001111
000000000000011011
111110111000100101
000011011001000010
111011101011101110
000000010110100010
111111101111110010
111010010100110011
000001010111101011
111011000111011000
111100101111001101
000001011010101001
000101011101111111
111111111100101001
111010100101110111
111110100001101111
000001110011100001
000100110110011100
111111011000111010
111111000111001110
110110110110111101
000010101000101011
111100001011001111
111101110110101101
111011010111000010
000001011111110111
111110100111010000
000000101101001110
111010001000111110
000110001101111000
000010011100001101
111111100000000010
111110111101010110
000011001111000101
111110011000100101
111101010000011111
111010001100001001
111011010111001010
111101001001101011
000000100101011111
000010011010100000
111101000001001110
111101110000010011
111100110100111001
111101110000100000
111111101111001011
000001100011000000
000000011110001000
000011011110001110
111100101100100100
111000000101101011
000010110011111010
111100100011110010
000000110010011101
000011010101111001
000001101011001111
111110011110110011
000000111010001001
111110010100100011
000000110110010101
111010111100010100
111110011101100001
000000000101010000
000010111000010000
111100100000100111
111101010100000010
000001100110011000
111110111000001110
111110011001011110
000010110111011110
000000010110011100
000001001011100010
111101010000101101
111110111010011011
000001110000100001
111101001000000001
111110110000000011
000000100011000010
000001010100000100
111101101001100111
111011111000011111
111111100111110011
111111011111001111
000001010001000110
111110111011111111
111100100010011011
111101101001110010
000001110101100010
111111000010100100
000000000110101101
111111011100100011
111110111111001010
111110101101110101
110111101011101110
111100110111011010
000010110100010111
111011101100011100
000010001011100110
111100111000101110
000010101000011101
000001000101001101
111100001011010010
111000001101111001
111101101111001101
111110110110100110
000000010111100001
000010010100011011
000001000111100111
111010010011010001
000001101100010100
000011010010110011
000100100011111100
000011010101000000
000000011110010000
111011010111001011
111110011011111101
111100100010000011
111110000001010111
000001000001111010
111100110011000011
111100011000001001
000101111101011111
000001001000010100
000011011101100111
110110001010011000
111110111011011010
000000100100100111
111101000111110110
000010000101111010
000010100010001010
111111110110110110
000001010011100110
111101011110111100
111011001101100000
111110100010100010
000011110010101001
111100111110011111
000001000100111001
000001001010000011
111111100100000111
000000011110111110
111011011001011010
000000111100101010
111110111000110110
111111011011111001
111110011110010100
111110001111110001
111101111111001111
111101011010001110
111101111100010111
000010000001011000
000001011100011101
111101011011000010
000001011100010000
111110100010111001
000010110011101010
111111110000101100
111100111000001111
000000001101011001
111111110011101011
111110011011100001
111111101010100101
111100100011010100
000000000110100100
111111000011111000
111110110110001000
111101111100100001
000010100010010011
000001100010111111
111110000011010010
111110000110110110
000000100001010100
000000001010001000
111011110001111101
111111000101001110
000001111101100001
000011100011000011
111100100110011000
000001101100101000
111101100011111001
000010011101011100
111101000001000001
000001101001110110
000010101000011111
000001011111001001
111101100000101011
000010111100010011
000001101111101110
000000011001000000
111111001111101100
111111001101010011
000000100101110101
000000011100111001
111111010110001110
111110100011110100
111111110100011011
111100110110111111
111100110100011111
000000101110100100
111101100000000111
111100000111110101
000001010001011111
111001101111001011
111101101111010101
111011110011000000
000001000000010111
111011000000001000
111111001110001011
111011000001000101
000011000011011101
000010011100110001
111011111001110101
000010011100001100
000011001011100110
000011100111100101
000010111001100100
111110011111100101
000011111001101111
000000110111011000
000000001110000111
111010110010111110
000000000011101010
000000101000100110
000100100101011101
111111010110100000
111011010110111100
000010100101100101
111101100100111011
000000011010001100
111101001100011000
111111100101000101
111101001000100110
111101011000000110
000001001011011010
111100011100010111
111101100111011110
111111101100100110
111101000111000011
111011001111011111
111101011000010011
111010110010001000
111111101111111110
000001000000010010
111010101100011011
000001011011110100
111011100100000101
111110101011011110
111101110011001100
000010111111111100
111110111100000101
000000100010110010
111101100111110100
000010011000001101
000011100010110001
111110111010111100
111101111110001001
000001010001101110
111110111100100110
111110100011101011
000001101100010111
111111001010001100
111111100111101110
111101101011110010
111100000100101101
000000110101011011
111101010010111100
111111100000000010
000000010010010000
000000110010110110
111101010011100111
000100010110111011
000100011100001101
000011001110010011
000011100011101011
111100110000111111
111101111101001011
111110110110010100
000000001101010101
111010001010000101
111011110000010111
111010110010101111
000001011011001101
111101100000100001
111010010110100010
000010101111001101
000100011111100011
000010110010000010
111111111001100010
111111110010110101
000001100111011000
111100010011000001
111100111010110011
111111111010000011
111110000000111110
111111100100011110
111011110110110101
111010100111011000
000001110010001101
000011000101001010
000010001110101111
000000100100111110
000100111110000101
000001110100011110
111100011100010011
111011111111000101
111111101001001010
111101001001011000
000011001000000001
000001001010010101
111010011001000000
111111000010001011
000001000100101110
111011110100011000
111100100111101110
111100101110001110
000000011010011010
000011100101010001
111011011010101001
000000011101101110
111100011010100001
000001100011011100
111111011110100011
111101010100111111
111111111111101110
111011000111110110
111100111000000001
111101111000011100
111101111010000110
000010000111010111
111111000000000001
000000011000101000
000001001110000100
000001101101101010
000101011011101000
000010000010100110
000001111000110110
000001001100111001
111110001011010111
111101001001000110
000001001011001001
111100100101101111
111110001001110001
000001101111100010
000000011110100101
111000001000100101
000001001110011011
111110000101001001
111110001011100110
111111011010111110
111101011010010001
000001011111011101
000010001101001110
000010101110011100
000001101101110011
111101111110010100
111110011110100110
111011111000100011
111001101111001111
111011010100101010
111111110010100001
000100101010001111
111101001111111010
111101100001111001
000001111011111110
111001100100011110
111100101111010001
111111010011101110
000000100111010111
111111000101000100
111111001010000000
000001101111101011
000001101000000111
111111001011101100
000000010110111011
000011011101110011
111111101111111101
111101001000100101
111111000010000011
111100101111001001
000011001011000101
111101111111011001
111111100001001100
000010011110101111
000011010101110001
111110001000101101
000000000111000010
000001010101010101
111110100010111110
000001011010110100
111011111110111000
111011001100001100
000011010101111100
000110110100100000
111110010011000010
111101100001100011
111011100010111100
111101010100111001
000001000001111111
000001001001100001
111111001001001101
000000110101000010
000000010100100110
111110011101111000
000000111101110010
000001110011110111
111110110100011100
111110111100110100
000011010110010010
111000010010111011
000010011000000100
111100000011110010
000001011111010001
111110110101100011
111100010111110101
111110011000001011
000001010011010011
111111000001111100
000000100011000000
111101101101011100
000010101001111011
111011101110000101
111110000001101010
000001110100100000
111101101000001110
111111110110110101
000000100100110011
000000011101011111
000000111110001010
000011000110110001
111100100110011100
000001101100100001
000001100000100111
111110001001100001
000000111010101111
111101111100111001
111111011011011101
000010001110111001
111100011111100011
000000000100101000
000010010100001010
111101010010100000
111100011110010111
000000100111010001
111011111110001000
000010110110110001
111101100011010100
000000000110111010
111110010010101001
000000010011101101
111101011110100101
111110000001001011
111011111111100001
000000011110011111
000010101010001100
000000101111101011
000000101010111101
111111100101111010
000010100100000111
000010000101000001
000000110111010011
111110111010111101
000000100001011000
000011110111101101
111100100011110000
000000001101100101
111100111011011110
000010010111111011
111110111010001010
111111001110000110
111111111001100001
000000110100001101
111110001000101000
000001100110001011
111011101111101000
111101110100000111
000000001111111111
000000000001011000
110110110011110110
000000111010001110
111111110101001011
111111111100001000
111110101101000111
000000101011110110
111101000000000001
111111000010100011
000010100110010000
111011011101011110
111110110111110010
111100110010010110
111011000001110111
111111011101100001
000000011001100010
000001111011011000
000000010100000011
111010001110000110
111010111000101010
111110110111110101
000000111111110011
111110100001010100
111110110010001011
111100111101101101
000001110101000011
111111000000011011
111110100001011010
111111101001110010
111001111001011011
111011100101110100
111100111100101111
000001110011000101
000011010100001000
111110110100010000
000011110100101001
000001000111000111
111111001011001111
111110110100110010
000000101000101110
000010011110110100
000001111111001110
000000111110101110
111110101000101101
000010000001100111
111110101111101001
111111010111111101
000001101011000001
000011101110000000
111110010000100011
000000000100000000
111100010001101001
111111000101011000
111110100101011101
000000100010100001
111111110110000111
000011000001100001
111101101011111001
111101110001000010
000000111111111010
111100010011000010
111101100100000010
111101011010101100
000000011101010000
000000010011101001
110101010000101010
000000100101010000
000010111001111110
111101001001001110
000001100101110110
111100111110111101
111111111011011001
000010111101110001
111101100000100011
111110000111010101
111100111110011111
111101000010001101
000000111011101001
111010110100000111
111101111110110111
111101100101110000
111101101011111111
000000010110100000
111111110001000011
111011111010011111
000010001001001001
111101101111110110
111100100111100100
000010001101011000
111001111110101001
000000100110001000
111110011101010000
111101111100001001
000011101101101110
000001010101010100
111111101000100001
111110111100000100
111010011011100111
111101011110101110
111101100101010001
111110110010001111
111101001001010100
000000011011100011
000001011101101001
111100101011001101
111101010010011101
111010110000110110
111100000001000000
111001101011000000
111110101100100010
000001101111000010
111101101001001010
111111101000100100
000001001001010110
000000101101011110
000000001111100100
000001101000110111
111111111111111101
111110110011000011
111100111110000101
111011100000110101
111101000101001001
000001000001010001
111111100110001011
111101001000110100
000011111001001001
111101001000010111
000010100101111111
111100001100110010
111101111011000001
000000000011101011
000011011000101111
111101100001010010
111100001101011001
000001101101001010
111100001101100110
111110101001010000
111111101111001011
111100000001000000
000001111000000000
000010001010110100
111110101110000100
111101111011001100
111101101001001001
000000100101000011
111011001101001110
000001100110111100
000000111110101101
111101111110000001
111001011110001100
111111011100111000
111111011100110000
000001110111100101
110110111110101100
000000110001010101
000001100011110000
111111101010000000
000011000111111010
000001110111111000
000000011111100011
000100010011100010
111000000001111001
111110010010111100
000001000110010110
111110101000100010
111111110011001011
000000110011101101
111111111100110011
000010000110001010
111110101010101110
000001000100111110
000010000100000011
000010110101101001
000000001011100110
000000011111001000
111110010110111111
111110111010000101
111111001000101111
111011110111110110
111100011001011010
111011110110111011
111110000101001100
000011000000011000
111110001011011110
000010110011111110
111111011001101111
111101010111010000
111011100001010011
000100001100001110
111010110100010111
111100111011111011
111011110110111011
000001110101010000
111100100010010010
000001011100110101
000001110100100001
111011011101111100
111100111100101100
000000110011101110
111111001000111101
111110010111101100
000001110011110111
000001100101000110
000001100010011111
000000010010011111
111111111110101110
000001110011111010
111110010110001110
000001100101001110
111110101001000001
111110011001011001
111111101100110011
000000111111111001
111111101110010000
000010010110101110
111100001101011000
111100011101100010
111100101010010011
111111001100001011
111111110101110000
000011011000001000
000000111101000101
000100001111000110
111100111011001011
111101101111001101
111100001111101001
111101010000111001
000011110110101010
000010111110010011
000000101011101101
000000011010101001
111001101011001000
000010010010110001
000000010001100110
110111100000001110
111111101010001110
000010011001101001
000000001111111101
111110010010001011
111110111010000110
000010111100111100
000010001110001100
111110101010101110
000000101100100110
111110100110000011
111110011001010001
111100101011011101
111110100010100110
111110101000100000
111111110110101001
111110111011001000
000001101111101110
000010110010110110
111100101001000101
000001001111100000
000000100000001110
000011110110111000
111000001000011100
111101101111000100
000011010000000001
000101011010111101
000001100010001010
000011001111100100
000101011100000000
000100101101101000
111110010111101001
000010010100000101
000011001111010001
111011101110110000
000101000100011010
111100110111000000
000011110011110111
111100010010011111
000000100111101010
111001100000110011
111101001100011010
000010001001101110
111111011110011001
110111010100100110
000001111011000010
111101101111001101
000001010011110000
000101110101000010
000000111001111001
000000110011001101
000100011110000010
111011010111111101
111111011101101000
111001100101110100
000010101101001101
000010001010100010
111100010110100101
000001110000100010
000001100101001011
000000101000101011
111110000100010110
000000011110110111
111111111101101110
111110011100111011
000010100010100010
111111001000100110
111111001010001010
111100110010011101
000001100110000110
111111101110110011
000000011111010011
111110111010101100
000010011001111010
000010000101101101
000010110111010011
000011001111011110
111111011011101110
000010001010111011
111101010100110001
111111010111001011
111111111011001010
111101110111011001
111110111010100010
000001100111010001
111111110111011001
111110111001100111
111111110101000010
000010101101101110
000011010001000100
111110000110110110
111101000010111111
000000100010110010
111111011101111001
000010100101111000
111111010000111101
111111101010011010
000001010011000001
111101100000111011
000101100110100111
111110110001100000
111100011011110101
000010011101011101
111111001101000001
000000010101100000
111110111011100000
111100100000100010
111101010111011110
111111000000111000
111110101010111011
111110000101001110
000010111011001101
000000000110001000
000001000010110000
000011101100001100
111011001110010010
001000000101101011
111011110110010110
000000001101000001
000000110111110110
111010100111111100
111101000001110111
000000101010101010
111011110000000001
111011001100010000
111110001110001010
000011001001010010
111101000100001011
000100010111011110
000011001000101010
111010011100001000
000000000101111100
111100010110010100
000000111111111000
111010110110001010
000010010001001100
111100110100000001
000000001011110100
111100110000011101
111110010010010111
000011001100110001
000010001001101010
000010000011001010
111110110100001001
111100111110111001
111100001000101100
111100101000010111
111011110101010000
000000110000010001
000001011011000111
000010111101110010
111111101000110000
111101100010111100
000010010101011000
111111100111001100
111110010101000110
111101000100010010
000000111100111011
111111000110001101
000001010010010101
000000100011000110
000010110000110000
111110101100010011
111100111010010011
111100110100101000
000001110000000110
000010110111111101
111100101011100011
110111100111101011
000011010101000100
111111100110010110
111111001101101000
111111011010111111
111101110011011100
000001101101101000
000011101101000001
111001110111100000
111110101011101110
000000010111010111
000001101101001001
111011100111101100
000000111101000011
000001111110001011
000110010110001000
000011000010000100
111011111001001111
000001011001000111
111101011010110110
111101010010010000
000000100111011110
111111011100000011
111110001111000001
111101011000000010
111111100000100100
111100010100010000
111100000010001111
111111101000010100
111100111101001011
000100101110110001
111110011001011111
111001001011111010
000000010011101101
000100110101101111
111010011000001110
111101010111011001
000000010100011010
111100111011010001
111100111000011001
111101111000010011
000001101100110010
111011111000011101
000001011110111100
111100111110111010
000000000000101101
111010010001011010
000000000000101000
000010011101000101
111111101010010011
000001111111010001
111101010001001111
111111100000101100
000000100110010011
111101110101110011
111111010010000001
000001011011110011
111100110111001101
111101110011100010
000010000100100111
111010111111110100
000000110000010101
111110110010000100
000011011011111010
111101000010011001
000010011110011100
111110110101011101
111110111001011100
000011001010101101
111110101010011110
111011010111000001
111100111100100011
000010101000101100
111101000100001100
111101011011110001
111101111011000111
000010011001101000
111100001110100000
000000100001101111
000100001101001101
000001001010010010
000000011000010011
000100111001110000
000000101000011001
111001001000011100
000000010010010100
111110010110110000
111100110110110111
000000011110101011
111010111111000110
111111010100101010
111110100001000001
000011100000101011
111000100100010001
111111010001001101
111101101101111101
000001000011110100
000000110100011000
111110111011011000
111001110000000011
000011110010010001
000000001111111010
111110000010110001
111101110110000010
111011111001100110
111011110000001000
000001000101000111
000000001100000011
111010011010110101
000000101111110010
000011011111011000
000001110100001000
110111001101111010
111110100000100100
111101110001010000
000001101001010111
111111111000101101
000001001011001101
000000010010000110
000010111101000110
111111100111111001
111110001101100000
111101011100110111
000000101001100000
111100010001101110
000001101000110101
000001000001011010
111100110111010101
111000100111011010
111101111001011101
000001000101010110
111101000100001100
111111100110001010
111011111101111011
111100000111001110
000010010001000011
111100010001111011
111100100000111100
000000001011101010
111110001001111000
111100110111011001
000001000000000111
111011110001100001
000100100111111001
000011011010111010
111111101011101001
110111100100111111
111001101001101101
111011010100100101
000110001010110111
111011001011110010
111010001101110001
111110011010010000
000000110000110101
000001110110110101
111101010100011101
111101110110110010
111101100010010010
111111101010110011
000001010000111000
111001011100010100
111110101110100111
000100100110100111
001010101110101001
111100001011100111
111110111010001110
111110010011110111
000010111100100110
110111111100000100
111100100010111000
000100001110110010
000011011111010000
111111111101010101
000000111100110111
000000000110010001
000001000001010101
000011010101100110
000000101010110000
111110010010001010
000010101010101110
000001111100111010
111001111001011111
111100111000000000
111001000000111011
111111011001010001
000100111010010110
000011011110110101
000001110110100010
000001000110000110
000011111000010010
111011110100000010
111111110001010011
111110001010011001
000000011000111100
000001010110111101
111100110101111000
110101110101100101
111111011010110100
000001110110111110
111110000110100000
000001011111100011
111100000101010001
000000001111001111
000000011111100100
111100111110111110
111111010011011100
111111010010010101
111111001010110010
111111111000010111
000000000000101111
111011011010001110
000000001000111011
000001011011110001
111110110010101110
111110101000010001
111110000111110111
111111011010011001
111101000011100011
000010111001101001
000000101110110100
111101111101001001
000000111011100010
111100111110110100
000000111011011000
111110100100001110
111101011110100101
111110001010000011
000010100100011101
000001100001100100
000001001000010001
111101110001111011
000001100111001110
111111010110011000
000000011111001000
111011110111111000
111101010001110101
111110010010101000
111011101001101100
000011110000111000
111101000000000111
000000010010111111
000001100010000000
111100010110011001
111101100100110010
000000001100010101
111100000100111111
111111000101111011
111101110110010101
110101110001100001
000001110110001011
000011111110001100
111110101111111110
000010011001110100
000001000111111100
111110110101100000
000001011010110001
000000011011100100
000000100010100101
111110100111100011
000000110010000110
111011100100011110
111100000101001111
000010100101110011
111011001100000010
000000101111100111
111101011110100110
000100111110000000
000010111100010101
111010110110100000
111111101101010011
111100010100101100
000010011100110000
111110001010100000
111101101001110110
000010111000000011
000000010110011011
000011100000000010
111110101010101000
000000001011100001
000011010101011100
111111010011110100
000000111100011011
111000110001011000
111100100101000001
111101001100000111
000011101000011010
111011100101011100
111110010000111100
111100111100111100
000000010111001101
000000001100111000
000010111111100010
000010111111100010
000001001001101001
000010110000000000
000011000101000110
111010100110001101
111101111110000000
111101000011111101
111110011110010000
000000100010011011
111011111111110111
000001001010101100
000100111111100100
000000110101000111
000000001101100001
111111101011001010
000001110101101001
000010010010010111
111110100101000101
111110100100101000
000000111111001000
000001010101001110
111100100001010111
000001000011000110
111110011110000111
111101110110101100
000001110101000011
111100111010100000
111011100101010100
000011011011101001
111100001000111110
111110001100001001
000001101010010110
000000001001101101
000001000100111101
000000000100101110
111110001001000001
111100100010111001
000000001001011010
111110110010000101
111011110010100010
000011111111110100
111110010110100101
000100011101010000
111101111111110110
000000001110100010
111110111101110000
111110100110111111
000000000010010100
111111011110101110
000100010011101101
111100101011111111
111001011111111110
111010111110000101
000010010011010001
110111101010111000
111111100110111101
111000010111010101
000000110011101101
111000100110110111
111101101001101111
111110101111101110
111100010101110000
000001111101100111
111111111110100000
111110100101111011
111011001001010100
000000011000001011
111111110001011111
000011011011011010
111101110011111010
000010011011110111
000000100010101111
111110001011010110
111101110010101110
111010011001011001
000100111001011000
000010001111000111
111111001100110111
111011111001011000
111101111111111011
000011000111100000
111110111100000001
111111001111100011
111011000001011000
110010101000011011
111110100001000101
111100011011110110
000010101100101100
111100010111010011
111110101011010010
000010100001100000
111101100100010001
111001001000001110
111110110000110000
000000111001000101
000010011101100010
000011101001111111
000001100001110010
111011011100011010
111111100001111101
111110010000100111
000001101111110000
111101000011100010
000000101100101010
000010010110011000
000000111100000000
111011100001011110
000001011110010100
111111000100000100
111110000111110011
111110011100000011
111100101111001110
111100100110111101
000000011011110011
111010001001011000
111100001100000001
111111100110101111
000011011001111011
111100010100011000
000001111110011011
000010000000010011
111111100000111011
000010000100111010
000000101011110000
111100011001100101
111100101001110001
111111111110100100
000011000100001100
000000010100001100
111001101111110000
000000001001110000
111100011000010100
111110001011100111
000001010010111010
111111100011000101
111101101011000001
000010010111101011
111000111000110100
111110000011110001
111110001100010011
000000010100100010
000011000101000011
000001101110010000
000010111011110101
000010100101100111
111100111111111111
111111001011001000
000011001010011000
000100010010010101
000010001000010101
111001110111110111
000001100010011100
111100111001001110
111111110111011001
111010010111101110
111111110111100010
000001101000110000
000000011111010000
111101000011110101
000000010001000100
111100110100011000
000001001001111111
111111101101011011
111100101111100101
000011110110100101
111111100000101001
111110010100010011
000111011011000011
111010011001001011
000111001110100000
111011100100110011
111111101000100011
000001001111110011
000001001010000001
111101100000010000
000010101011100001
000001010001010100
111110010111101111
111011110000001100
000001010001100001
111111001111000100
000010100010000010
111110001101111100
111101101001010110
000001010110100001
000011000100111001
111001100101011001
000011011110011000
000001001101101111
000010001100011001
111110011100111000
111110010000100101
111101110110010110
111111110110110000
000100001000000111
111000110100010110
000001000010011000
111100100001000111
111000110010101010
000011011101001000
111101011111000101
000010010100101010
111110111010101101
000000111101111011
111101110101010001
000010001010001010
000011111011001001
000010001100111111
111101110010000111
111100001101100110
000011100000100000
000000010110000110
000011001100000000
111110001111010010
000010001110101010
111110110110110011
000001100010001000
111110110010001001
111001011111101010
000000010010001101
000001001011101100
111100100101010101
111100101010001011
111111000100101100
111100000000101011
000001001101000000
000010001000010011
111110111110001000
111111001011110010
111110111111011011
000010001011100001
111111011010001110
000000110011011110
000010101001000001
111111110010011101
111011111111001011
111101010110111011
000010010111101001
000010010011110010
000001101001100100
000010111010011011
111100011101100011
000000001000010010
111111011010111001
111100001010001100
000000001011101110
000011011110111011
111101100001111111
111101110010011000
000000010100010001
000001001111110010
000100001111101000
000010001000010011
000100110100010111
000010001110111101
111100001100011110
000001000011110010
000011011000111010
000001110110101101
111011100110000101
000011001110110000
000010011110011001
111101110011100000
000011001001101011
000000111100011101
000001111010010001
111101000000110100
000101100011100110
111100100110111110
111110010000011110
000110101001111110
111010110100001111
000000100000000111
000000011000000101
000010000010000000
000010000010111110
000011001000011001
111011110111001001
111101011101001000
000001110000011010
111010100100001100
111100010011011011
111110011000000111
000001000010100000
111100010100100010
111010011001111001
111000101110100100
111110101101100001
000010011010001110
111111111001000001
000001001100110101
000000010101011110
111111100111101001
111110011011110000
111111011000011101
111001010001010101
000010010011001001
111101011111101000
000000101111010101
111111001111011001
111010011010000010
000011100000000010
000000000111000111
000010100010000101
000001010111011000
111110010001001011
000011101001111001
000000100111100100
000100111110011011
111101000010000001
111011111010011010
000010001010010101
111101111111010010
111101111110111101
111111101000101100
000001110100011111
111110110010011111
111111011101100010
111101101101101011
111100101011001011
000001010010100010
000010111011011010
111100110001111001
000001001000010110
000010011111010011
000001001011011100
000001111110000011
111100110110001001
111110011011101000
111101101111011010
000011001010111010
000010110110100011
000000111001000001
000001010110101000
111101010101101100
111101110110100010
000000101001010111
111101100110111000
000000110011001100
000011010011010100
111001101110111000
000010001110011111
111101010101101100
111111101100010100
111101110101111101
000010011001101001
000000001111010011
111101001001011100
111001000110000011
111101010001101001
000001011111100011
111001000110100001
111011101111010111
111111111110101000
000000000111100110
111111010000001000
000001010111000000
111100011101011001
111111010001000000
000011011101100111
111101001101010011
000011000010011110
111100110000101010
000010101101111011
000000001100000011
111111001010100111
000000100010101000
000001100101110011
111110100111000000
000000100000001001
111101100000001010
000011010111010110
000001011111010000
111110100000111110
111110000111110000
000100100000011111
111101000000101010
111110011100000111
111110001110100110
000011110101000000
111110110100110011
111111110011100110
111100101111111111
111110101100101011
111111101100111010
111100101010110101
000011000011001010
111010111111110000
111111000000100111
000000001100001001
000000010001100110
111110011101010110
111111001011000010
111100110111101010
111101101100001010
111111100101110000
000000110100111101
111110110000101100
000000000011010011
111100011101110101
000010001011110111
111110000111011100
111101010110000000
111100001011001101
111010100011110010
111110110000001111
111101100010010100
000010010110100110
111111110000000000
000000011000100001
111111001011011010
000000101011100100
000000010001001001
111011111101101111
111111101101101000
000000011100110011
111101110111011100
111011111110110100
111100000100001001
000001110100011000
111111001101001000
000010001010100001
000010011000100111
111111110011111110
000100101100000100
111101110011010100
111100111100011011
111110101000001101
000010011111010001
111101010111110100
111101101011010011
111101011100010001
000001000011101000
000010100010110111
000000110111100010
111111111110011000
111100011011110011
000001011000001011
111111001010011110
000001001110000011
000011110001101010
000010110000110100
000001111011011101
000001011101011010
111010101111111001
000100011010110010
000011111010000010
000000110000100001
000000110101010001
111100000010000111
111111011101001101
111110101110111011
000010110010010100
000010111101100101
000001010110000010
000000101001100110
111010000001100010
000011110010100101
111010001000000011
111111110111011110
111100001010010110
000000100111010001
111110101010001001
000001001101110001
000001001000111011
111001110110010100
000000111000110011
000011000100001011
000011011101000111
111110011111000011
000100000010111100
000011100111001011
111110000010101111
000000100011100111
000001100111010010
000001110100010010
111100110111011101
111101001000110000
111110100001010010
111101110111101110
000010000010110000
111110010000100100
000000000101100010
111101111000001111
111011101100011000
111101101110110011
000001111101100010
111011100011101101
111111000010111111
111111000011111101
000001100001000101
110101011110101111
111100010011100111
111010011001101100
000011111100100010
111110101011100110
000000000000010100
000000010111110001
111101000001001110
000001111110010100
000001110110011011
111110011100010000
111101111001111101
000001000000100101
111110111111100101
000000111110110000
000001011110001001
111110011101000100
110100000111011001
000001111001011011
111111111001001111
111101010001101001
000001100110001000
111110001001000111
000001001001111101
111110010001000001
111111100000101110
000000110100000010
000000100110111101
111111100101001001
000000111010011110
111110001101010000
111100001110010011
000000001010111001
000010011000011011
111101011000100101
111110010110000011
111100110100101110
000000110000111101
000010111100101000
000010100111000010
000010001110111111
000010001001100011
111110000001001010
111101011011111111
000000001010001001
111000110111010111
111110101001101110
111111111110000011
000000110100001011
000000010011100111
111011001011100100
111110111101011001
000001011111010101
000001100111011010
000011111000010001
000000011100110011
111101001010000000
000011100000011101
111101001111110110
111101111011110000
111101101111111111
000110110111010101
111110111001011000
000011001010100110
111110001011000010
111110011111100100
000001100011000000
111111110110100101
111110100100100110
111101101100101000
111101100010100000
111110101110101000
111011110101111100
111001100000010001
111111000100010110
111111011001001011
000010110011011001
111110110010010011
111101001111011000
111111000000010001
000000101110011011
111111010001110111
111101100001101000
000000010100000010
000001011010110101
000001101100010001
000011100010010010
111111000010111100
111111101001110001
000010101101100111
000001011111101010
000000100101110100
111111001011110100
000001110010000101
111111101010001101
111101110110100110
111110110101000110
000000110001111011
000011111010100001
000101110011011111
111110110101010000
111100001111111100
111111001111001001
000011001010001000
111111001001011111
111101111101000011
000101101101000100
000000001010001110
111110011110000111
000101010011010010
000010101011101011
111111001001100000
000000000010000100
000001101010101011
000010010000010010
000000111001100110
000111001100110110
000101010001010000
000011011000010110
111101100000000110
111010111111010010
000100111100010001
111111010111101111
000000100111101110
000011010000111110
111100111110000011
000000010100101100
000011110110100110
000110111000000100
111111001110101101
000011110100111111
111101001110000111
111101110111110000
000000111110111000
111100101001101011
111111101110010110
000001001110000111
111000100100011001
111111001000000010
111111001101111001
000000111011111100
111001111100101000
111101011110101101
111111000111010011
000001111111110011
111101001110111000
111100000110010000
111111000000111010
000001001010111000
000000101001111011
000000100001000110
000001011111001100
111111000100111001
000010000011010101
111111101000011001
111110111100110111
000001110001111000
111111101011011101
000001000010101101
000001110111010011
111010111100011001
000010101000100101
000010101101001001
000100010001011010
000000000010101101
000000001100011010
000000011110111010
111011010111111101
000001000001000001
111111000001110101
000000010100110110
111110101110000010
000000110101000001
000001111011100011
000100010001001100
000000110100010010
111111100000110101
111101010101001000
111111010010101110
111110110001011011
000000000111110010
000001101111001101
000011010010010110
000010000101110111
000000101000100101
000011010001100100
000000111111000111
111100101010101010
000000011101010011
111110000011001010
111111101001010101
111101101110001001
000100110001111101
111100110000000110
000010101011101101
111011100111101110
111011101010000001
000001010011111000
111101100000011000
000001011101100101
111101111001101011
000010000010000000
000000100100101100
000010101011101101
000000101110100111
000001100011001101
000100110000111011
000011101110110010
111110011111001000
000000010001010111
000001111111001101
111010011110111000
000100000111101010
000000011000000100
111101111101001110
000000011101000101
111110100101101110
111111100111111010
111111110100001101
000000101001111110
111100111011101101
000010010010110101
111100110100101101
111110111100000111
111001010111100110
111100110011001011
000001011000000100
111101000100100001
111101011100010010
000001010001110000
000000100101010001
111110001111101100
000010110100100110
000101101001101011
111101101101101100
111101111001000111
000010011010010110
111101101110100101
000000011000111111
111111110110001111
111100000001101011
111110010000101111
111110001001001001
111100010100010110
000100001000011011
000010111011011001
111111001110000010
000001111111111001
111011001001001010
000011011011010001
111110101100100111
111111110101001101
111101011111100111
000001100111110110
111110011000001000
111010011000110010
111101111000001100
111100011110000111
000001100010001011
111101100001010101
000011010000110001
111111010001011101
111101101100110010
111010001010111011
000000100111011001
111011000110001101
000000101100101001
000010101111010010
111011111011011011
111111111101011101
111110001000110111
111011100100001100
111111010001110111
000100110111000101
000010000011010101
111110111010111100
000001001110101011
000001110100010001
000001100010101000
000011111010101101
000000011011111000
111110100101011000
111101011100100000
111101111100001001
110111110110000000
111111000110000001
111111001010001010
111110111110000101
111110101110101010
000000011010101110
000001101010101010
000000101010001000
111111000011100000
111110001011111001
111001110010100100
111101111101010000
000011010111100100
111101111001001110
111101010101111101
111111000110000010
000001011010011101
111100100001111111
000001001010001100
111110101011011011
111101111000100110
000010111001111010
000001001101000010
111011111101100001
000010001111100111
111111001010100010
000001011010001010
111110100011011100
000000000001111111
000000001101101100
111101111011110011
111111100111001100
111110011010010010
111111101000000001
000010011100101000
000011000111110000
111100110100100100
000010000110100010
111001010010001110
111111100110000011
000000111001100110
111010000011011101
000010000001000101
111110001001111010
111101011010010111
111100110011100010
000001111000110000
000011101100101011
000001100111011100
000010010000000110
111111000101001100
001000101101001000
111100001101101001
000101100100010010
000111100111101101
111101000110110001
111011011111000000
000101001110000000
111001101011101001
000001001111101010
000011011000100110
111110001001111001
111101110011010100
111101001000001011
000110000110110001
000010001111001010
111100101101111101
000100000011011011
111110110100111011
111101000000001111
000001110000001001
111101110101100101
000000101010010011
000001000000110100
111101110001011011
111101100110110011
111101111111010010
000001010011011010
000011101010001000
111111011001100001
000001111001101110
000001111010001110
000000100100110010
111010110011001110
000000111001110110
111101000001010001
111110011011110010
111101111011010011
000011101111011111
000000110111101101
000011011000111000
000000101010110110
000000010000001101
000100001000110010
111111100111011010
000010100011011011
111110000100001000
111110110111101101
000001111011001011
111111111000010100
000011100011100110
111100001100110001
111111010111110001
111010101001101100
000000101110000100
000000010001110101
000010111101100100
111111110001111011
111110011001111010
111111111101100110
111100011001011011
000010011001000111
111011010111111000
111001010001010111
110001111000101010
000011101110000000
111010101001010111
111000000111000100
000010010000110011
111110010100011011
111111000101000100
000000101000011011
111111100110000101
111010111110010110
000001001001001110
000001000111001011
111010001111010101
000100010000111000
111001101001001000
111101000101100011
111100011000100001
111001001001100010
000011110111111010
111111110000001110
111111000110100100
111011100111001111
111110101110111100
111101001110000010
000001111000001100
111001000011001101
110110111010011100
000110100111001110
111001001000001101
000000000101000111
110111010001100001
000000111010000000
110111010000010010
111011000011110111
111101101101010010
111011010101000000
000000111111011000
111111010111010010
000001000101100101
110010101110110111
000000011111111110
000000001010000101
000000111010010110
000000111100001111
111101011110101010
111101111000001111
111011100110010110
111010010100000000
111101111010000110
111011011111111111
111101010011111101
000011110100100110
111111110101010011
000000100011101101
111111111001001110
000010101101000111
000000111110111110
000011000000110000
111111011111010101
111101000001111000
111101010001001010
000010010000101110
000000111000111111
000010011010101110
111110111011000010
111110000000011111
111011011001011101
111011011111011011
111111011001100010
111101000110111100
111110000101011110
111110111010110111
000010000111000001
000010010100110101
111110101100000110
111111001011100011
111111010111111000
111101011101010010
000100111011111010
111101010110000011
000000000100111000
111011111111010110
111100101100100011
111111100111110011
111101101011111111
111011110001010001
111110110001111111
111010101100100100
000011100010000101
111000100010100001
111110100110100010
111110101100000111
111111000100001000
111110011100011110
111110011000111010
111110111010100010
110110100011101001
111010001010111000
000011000110100010
000000101010101110
111111001011101111
111100000111011110
111111000011010001
111011010011101101
000000010010110011
111110110010100011
000011011110111111
111101110011100111
000000011001011101
111111111100110000
111010001001010001
111110010100000110
111110010100110111
111111000011100000
111110111011011100
111111100010000101
111101100111000011
000000101111100010
111111110001010111
000001111101110010
111011101000111011
111111110000111100
111101101010110110
000100000001101111
000010011101011010
000100110101111010
000001100110011111
000010000000101010
000001001011000001
111111010010100001
000010101001110001
000100000111100010
000001001011011100
111111110100101001
000011011010010010
111110010111110111
111100000010111101
111111011001000101
111111111110011010
000000101001100001
000100000111100100
000000001111101110
000000111001111000
111101010010001101
000001001100010100
111011000101100100
000001100100000110
000000011001111010
111110100110101011
000000110110001000
000000110000001001
111101010111100011
111111100101000110
111100110011110110
000001100110101111
000100010000101000
000001011001001101
000010100000100100
111101110011100001
000001011001010010
000010011000001110
111110111000001100
111010110011100010
000001001101000001
000001010001100101
000000110110011001
000001101010111011
000010000110010100
000000101101011011
000010101010101010
111110100010001111
111101011011110101
000010100001001000
000010001010000110
000001100101011101
000000011000111110
000011010011010111
111011100101101101
111011011010111000
111100000101011001
000000110001010110
111111111111000000
111011011011010111
111111010110110111
111110001100110001
000011111001001110
000001001011101100
000011110101101011
111111000000101111
111101111111011011
000010111110000000
111111100101000011
000011010111100001
111010111111100101
111011100101101101
000001001111010110
000000011010011101
111101001110010100
000010111001010000
111111000010001101
000101000010011100
000010001000000111
111011110001000100
000000101111010100
111110000101011011
000011010111001011
111101110101111101
000000110110111001
000011111110110101
000010001001111000
111111110001101110
111100000100011100
000001011101010000
000000001001000011
000100101111010000
000011111000010101
111011010010000001
111101000001010111
000001110001100010
111011100000101110
000100001001111110
000001110110011001
000100100000110011
111010110000101011
000010111011111011
000000111101101100
110111000110000011
111001101010010001
000011011100100010
111111111011100000
111001101011110000
000011100010000001
000011111000110011
000100111100100001
111010001101011011
111110000110011110
000101000100101101
110111010000110001
000010100010110010
000010100001100110
000011101110111011
000010011100000101
110100010010101101
111100100000101110
111111111100010010
111100000011000100
111110110010101100
000000011001100000
000001010010000101
111101111101000000
000100101010010000
111111010000110000
111111101001011111
111111001101101000
000000110100100110
111010111110011101
111001101101110111
000100010100111111
111100111110000011
111011000100110010
000000111000011100
000010001100000001
111010011100100110
000011000001011011
111011001000010010
111111101010000101
000100100010011000
000001101110001100
111010000001000111
111110110101000001
000000000111101101
111111001101111011
111101111100101101
111011010011011000
000111110001001011
111100111110110010
111011101110101111
111111000000010011
111101001000011001
111101010010010011
111010101010100100
111111011101101110
111110100001111110
111000000101010111
111100110011001000
000011010101101101
111001111100010110
000011100011111100
111010010111011001
000011111111001111
000100000110110011
000010011110111001
111111000001101011
000000011101001101
111110011011000100
000100000010110101
111111001101111100
111011001111010100
000000100000010011
111100000100001011
111010110010101110
111111001001101011
111011111010110001
110111100110100001
111011101001001001
000000110100111111
111110001000111101
000101100011010010
111100010000001000
111111101100010101
000010111010011111
111011000101111110
000000111001011110
111111110000110010
111010100101011110
000000000001110011
111011010010101111
000011000111000011
111110010010000011
000001110000001101
111110111101001110
000000001001010001
000010111010101011
000001101101010000
000001110100010111
000001000011011100
111011101100101101
111110010111101111
111011111001101110
111001100000100111
000000001110010000
111111010110011100
111101011101000011
111111100111011101
111011001000101001
111101110110111000
111001000101101011
000010001110110100
111100101100111110
000011111111100101
111101100110001100
111111011000101010
111111000011011011
111111001110100000
000001101011001001
111011001111001001
111011000000010110
000011111110011110
111100000100000011
111111001111000000
111011110111110110
111100100010000010
111110100110010110
111110110001001010
000011100101101101
111100010001110011
000011000101101111
000001010110101110
111111111001001000
110111110001101000
111101001101000001
111010101011111010
111111110001000010
111101110010011011
111110100000100001
000011111111000101
111110100001100101
000000010111001110
000000000000010000
111101011101001101
000001100001110001
000011110010101000
111101101001111110
000000010110101001
000100010100010111
000000111100100010
000011001011001010
000100010101100100
111001101011100110
111000110010111001
111110011100001001
111110110101001001
000010001101101100
111110010000001111
111010011100111111
000001100010011000
000000011101100111
111011101101100011
111111000011111110
111010101111010100
111010011001100011
111000010100010000
000100011101100101
111111100111111010
000000100000000101
000010010010101000
111100111001001100
000000010110101111
000000111001101100
000000110110001110
111111111010010010
000010001111010110
111011000100100000
000100100010000000
000001101011000011
111110101000011010
111110101100111101
000011111011001011
000011000011010011
111100111110011010
111001111110000011
000101101000011100
000000001111110110
000100011111011100
111101010111111110
111110100101110101
000000110000110000
111111010101011000
111110011111010010
000110001010100010
000010100010000101
111111101110101011
000001000100011001
000000101011001101
111101110110001101
000001111001010011
000001111011010100
111110010111101101
000010011101010000
000001001111011000
111100010001010001
111110010011110011
111011001111101010
111000111010000101
111101110001110101
111100111101001111
000010101011111101
000000101001010000
111100101001111100
000001100111000110
111111100011011110
000000110111111001
111101000011000011
110110101110000100
000101000111011000
111111001110000110
111110100000001000
111100100001000001
111101100011000110
000101000001110001
000010111111100000
111111001111100001
111101110100111100
111101010110001111
111101001100011000
000010111001011100
000011001111000100
000001011000011101
111110110011101110
111110111011001001
000010001001110010
111010000010111101
000011000101111011
111110011111011010
000100100110100101
000011111011010110
111010110101011111
000010011110000000
111111011000101110
111111100110100110
000010011001010100
000001110111111011
111110111101000010
111111111011000110
000010110000100100
111100111111110111
111110000000011011
000000110011001110
111100111000001100
000100000111010100
000001011001001110
000000000101111100
000010011110100111
000001110101100101
111110110111011001
111100110110100011
111101011111000001
111111000101011110
111011010010010111
111110011011111100
111100111101110100
111101010111100110
111101000011101011
110111111100101010
110111111010010010
111010100110111101
111000011011010100
000011110110100000
111010001101101001
000100000000010001
111111011101000111
000010010111011110
000000101001100111
111110110100011100
000101111001010000
111111110001100001
000000110010111110
111001010000001011
111110110111101111
111101101111110111
111111001110111101
111010101111100110
111101010010001100
000010000101010000
000010110100000010
111010110000101010
111110101010001010
000000111110100011
111111111011111110
000001101110001101
000000111101011010
111110101000101110
000000110001011001
111101011101111111
111110100110111101
111001010010110101
000100001110001001
000001001110001110
111101111100000101
000001111001001101
000000110010110100
111110111011010001
000000000100100000
000000101100111000
000000011101000111
000010100100000001
000000000100110100
000001110011110111
111101011000001001
110111001000110111
111111010100110100
000101100110111100
000000011111001010
111110011110111100
111110001010000000
000001011101111111
111110100000011101
111111100101100110
111010010000011010
111100100110111111
111111100001011010
000010000001010100
000010001101011101
000001111100110111
111110001001001010
000000111010000100
111101110001101111
111111101011001111
000000010011000001
000010000001010100
111101011011100111
000011011111110100
000001110001110000
111110101010111000
111110101011000011
111101100110010100
000001110011101101
111011101001101101
000000110111010000
000000100011100001
000011100111011111
111000101100000001
000011111111011011
000010110101001011
000011000000101101
111111011110110111
111110000010010011
000010011000010011
111011001110111000
000010011000100001
111111010100011000
111111001011110111
111111101000110001
000001110001111101
000000101010001011
111111110111101111
000000001000011101
000001101001010110
111101001100011000
000000010011000110
000100100011101010
000011001000000010
111110110111100111
000100000100001100
000000100111110000
111100011011001011
000011001100111110
000101000101101001
111000010000010001
111101011110100000
000011001111010011
000010111101011010
111110101100111010
111011100001110111
111111110111110001
111100100100110101
111111010111111100
111001100111110000
000001010101000000
000101011100010011
000010101100110000
111100101111110110
111001100000101111
111111011110101110
110101001110111110
000011001100111011
000000001001110000
111101011100100000
111010000001010010
000001111000000001
000010000100010000
111000010111101001
000110000100101000
111111111101010111
000000001011110011
000000110000111011
000001111010010011
111101010011000001
000001100001101000
111110100111011011
000000000011000001
000010010110000101
111101010011101011
000010101011000110
000010100110011111
000000111100111110
111111100110010000
000000000101000101
111110111000011100
111111110000001010
000100000000010000
000001010011010011
111111101000000100
111010001001110101
000000011010111011
111110000001011101
000011000000100110
000001101010101001
000010111110011001
000000000100010110
111101000000000010
000000010100011101
000100001001011110
000000000001101100
000011000110001001
000000011100011110
111101101101001010
111111100001110110
110110011110000111
111011101110100111
111111101101111100
111011111100000001
111101000101001100
111110100001111001
111011101000110100
111101111110011010
111101100100010101
111001001110011101
111111000111101010
000001110111001111
000000011111100001
111010100111111010
111110001111100111
000011011110111001
111101111100010010
111100100110110110
111101111000111001
111111010110101001
000000100110111110
111111001110001010
000001110011110111
111110011110111111
111100001101110101
111101100001011011
111101011001011101
111010000110000110
000010101111100001
000000111111011110
000100101111001101
000000001010111010
111100111000011100
111101010010001100
000000100001011011
000000011010000000
000000010111101100
000000001100000110
000011000010001111
111111100001110111
000000010001100111
110110101111011110
111111011111010010
000010111101110101
111110100010101100
111011010001110111
111010011110101010
111111000110011001
000000100101111001
111101111100101100
111111100011011011
000001110001000000
000000011111011000
111111011110000100
000011001101001101
000001110011011000
000011101011111100
000001011111101000
000000100001000001
111100011101100101
111101110100011011
111110110000011101
111111101111001110
000010000111000100
000011101000110011
000011010111111100
000001101101011100
000110100010011101
111111111011011001
111111110101010110
111101000011000011
111110001110100001
111111001010101100
111010000101101101
000010000100000001
111101011101010100
000000000100110001
000011000000111101
000110011101110010
111100000111101001
111111010000000101
111110001100110111
111101111000111111
000010100110101111
000011100011000000
000111111001011110
000110110011011011
000010111100110001
111011110001011001
000110000110110010
000000111101100000
111110010111010011
000100011010011010
111011111110100011
000110001101100001
000001010110101000
000010010011001110
111010111011111101
111110100110101100
000000001011010011
111111111001111010
000001111000001010
111100111001111000
000001010100100000
000001100100000111
111100010100001010
000010101010111101
000001000100000001
111110010111011110
000000010010101100
111110111000000000
111111101011101100
000000100100100011
111011111100100111
000000000100110001
111111011010011100
111101001100001111
000001101001000110
000001011011101100
111101101110110000
111100001000011011
000010000110111001
000010100001010110
000001000001001000
000000111100111000
111110110000001001
000001010010111101
000001111111010110
111000101010101010
111111010010010010
000010010101010001
000100110110001110
111100101011101110
000001000110110111
000010000101011010
111100001001101111
000000111110001100
000010110000101101
000000110001111011
000001100011001010
000100000011100101
000000001100010110
000011111011011000
000001001101111101
111111101011010111
111110111010010000
111011000011001111
000010000110100010
111101110000010011
111101101100111101
111110000011111111
111110100101011101
000100001000011100
111111110101101111
000100010110110011
111111010011110001
000001011001001011
111110010110101000
111110001100010101
000000100110100000
000001011000011010
111101110001010101
000001111111111011
111110011011101000
111100000111101101
000011001111011101
111100111110001011
000101011111011001
111101010000000010
111111000010110100
000001000100110111
111011010111001111
000010001101011110
000001000101110111
000001101101110001
000000001011001000
000000011101100001
000011001100011110
111011000011001001
111110101000010010
111101101011100101
111111110001010110
000000100011001110
111101010110001000
111101000001000010
000100011111101011
000000001111010111
000100001001010111
111000110011001011
111110001101110011
111110100001010110
000000111010001110
111101001110111110
111010011010000011
111101011001100000
111111100001001110
111001101110000101
000001110100011011
000001000111101101
000001000000111101
111101001010010111
111100000001001011
000001100110010100
110111010011101011
111110011010010010
111100001110011011
000010101111000110
000000010111101101
000000000110001011
111001011101001000
111111000000111010
000001100111111011
000010100101000011
000000010101010111
111110101110010001
111110000000010100
111101100000001111
000011001100000001
111101111000001111
111101111000111100
111111011110010111
111011111000001111
111111011011010101
111100101110111110
000010100100010110
000010111111001110
111110010111010100
111110111111000000
000001110100000011
111010010110101111
111110011010010001
111110000100111111
111110001000101110
110111000011111001
111100101110110011
111111010000101110
000000000000101101
000010010111000110
111101010101111010
111110110111101110
111111011010000111
000000110100011110
000000010110011001
000001100001010101
000011000000100110
111111111010100101
111101100101110101
111111101011000000
111110001101001110
000000011001010011
111110011111101111
111011001001101110
111100010100000011
111011011000000011
111000111100001001
000011000100010101
111111010110010000
111111111110111100
000010011100011100
000010000001101001
000001100011100010
111111001101111101
111010010110001000
000010010000101110
000010110011010100
000010110101001001
000000100111011011
000011110100001000
000000111010010101
111110010111000010
000000110111101011
000000110011100000
111111101000111111
111110010011000010
111110111001110010
111101001110101001
111110100000111111
000011101010000101
000000110000111011
000001001100110100
000001001001100111
111110100010101011
111111010011101001
000001010000011001
000000100110110110
000011001000010010
111101110011010001
111101110000000100
000000100011111111
111100000100110101
111011111101100001
000010011110010100
000010001111011001
111000110101111100
000001010010111101
111100100011101010
111110100111101111
111100001100111000
111110110010110101
111101111010010000
111101111101001100
000100101000010000
111100010101101010
000100011000101000
000001001000010001
000010110111100111
000101101110010001
000010110001111000
111111110001111101
000111011011110011
111111111000000011
111110110100100001
000000010111101011
111010000001000110
111101010100011010
000001100110100010
000011111000111111
111011111101010100
000000110011111011
000100111101100111
111111011011010010
111010011110001010
111111101000110001
111101000111100101
000001100010010110
000000110001101000
111101001110101000
111110000111111100
111101101011101010
111011001011010111
000100011000001100
000001100101010111
000001000101001000
111101001110001100
000000000011101111
000000110010011110
111111011001110010
111100100001001100
000001010011011011
000001110110011001
000100010000011111
000000100101101000
111110110111111000
000011011111000001
111011110100110110
000000110010100000
000010111011010111
000001010000100101
000001111110101110
111110010110100100
111101110001000110
111101000111111010
000101011000111001
000000100100000100
111101000000000111
000000100100011001
000001000010011101
000000100010011100
001000100101000010
111101001111010011
111111000111010001
000010001011010101
111101110010101100
000000110101111001
111101000000101100
000000010010010010
111110100010001011
111101000111010011
111110011011010111
111000011111010110
111111111111110101
000010010000000101
111110111001011011
111100111010000100
111110010101110100
111110010100000011
000001110100010001
111111010111001011
111111010100010101
000000000110111000
111110011001111001
000000111110001110
000000101000110000
110110111101110111
000011010011010001
000000001010101111
000000111101100101
111100101000111111
000000000100110111
111011001101000010
000010010010101111
111010001101000001
111100101001100100
000001110110111101
111101010110011111
000100010101010101
111100110110111001
000000111010010000
111110011100001100
111000011011011111
111011111111101101
111010111001011100
000011010100000001
000000100000111111
111010111000000000
110010011010001000
111111001111111110
111110000100100011
000011010001001111
000010010111011000
111011011001100111
000010111010110111
000000001100100011
111101000110100001
111111111101101111
111110010000010011
111101000100011110
000000011100100001
111111100100101011
000001110011011011
111111100110001010
000010000100111011
000001100110011010
000010011001000001
111110110010101000
111001000010000010
111101101001000010
000000111000001101
111111100111101001
111110111010001100
000000000101010010
000001101110010101
111100001000011110
111100010110110110
000010000011110000
111010010010110100
111100101000010000
000011010000001100
111100110011111011
000010110111000101
111110001000000101
000001100100001100
000010000001110011
111111101010000001
111110101000000110
111111000110100100
111111010010001110
000001101001001011
111101110011010111
000000110111111010
000010001011111101
111011111100001001
000010110000101001
111100000100011001
000010111011110011
111010110001000001
000000011000011101
111010100010000100
000000010011000000
111110101100101101
111011001010111111
000010010110110100
110111100001010011
111111100001000011
111101001010111000
000001000001000100
000001110000111101
000001111010110000
000000110110010010
110101100011110110
111111111101000110
000000101000111000
000001001111100010
111110000001011111
111101100000010000
000001110011101001
111111100111101100
000010001011110101
000011001011010110
111110001110101110
111011011011100110
000001001011001111
000011001110110000
111011011110101000
000001010111000010
000010010110000111
111110110010111010
000010011011110100
111011110011010110
111100101000001011
111110000000000011
111101100001010101
000001100101110001
111011111011010110
000001000011101001
111111110101110000
000001110111011011
000010010000101001
111111111000100001
111111001001010110
000001101010010100
000010111101101100
111100000110001110
111100000001010110
111110010101111010
000000101111110000
000010010010101110
000001111001000010
000010011010000001
000000011011110000
111101010101010111
111011011011010000
000101000101100001
111100010101001001
000010000101111111
111111000001100011
111100101110001110
000001100110100111
111100101101100100
111100011000000100
111101000110101110
000010001110110000
111101001011000010
111111100111101000
111111010100110000
111110010100011000
111110111101001011
000010111000010011
111101101110111001
111110110110010011
000001001100101001
111110001011001010
111111111011010000
111111101011011011
111111011010000100
000010011110111011
000000000001000100
111111000011011000
111111110101110001
000001100101101101
111101011101101111
111100111111000110
000001010010111110
000000110010011110
111110111100010011
111100101000101110
000000100000010100
111111010001110111
111011110011011110
000011101111011100
111010111101001111
000100101101011101
000101100001111010
000001111011011111
000100010101010100
000100010110001010
000000111011101001
111100000110100100
000011001101111001
111001100100101110
111010110100000101
111110011110010011
111110111011011110
111111001110011100
111110110110011001
000000101011011111
111110101100001100
000001101111001100
111011101111100010
000001110111000101
111110111111011000
111101100110001101
111111000011110111
000011000000001111
000011010101000001
000000110000101100
000110010001011101
111001000100110010
111111110111011010
111010100011100100
000100011111111001
000010011011110001
000000001110011101
111111000000000001
000100011001010010
110111100111101100
000011111001101011
000100100011101100
000100010011001111
000100111111001110
000000010000101011
000001000100101110
111011001101011110
000000101101000111
000110001011001001
111110011110011101
111110101111101001
000101100000000110
111011101110001111
000100011100101010
111001101110101111
111011111100110101
000001111011110010
000001110100110111
111110110010101011
000100010110101000
000010101110100010
111110011011011100
111110010100111111
111110100101101000
111111101110011000
111111101101010101
000000000011100011
000010101001110100
000010100011011101
111110000110001010
111110010100011110
111111000110100011
000001001001111110
111111001010111110
111101100101011000
111111001000100000
111111010111011110
111101000110000001
111110101000100010
111100111111010000
000001101111111010
000010010000011001
111100010100111011
111101100000111010
111000111101101100
111111010100011111
000010001001001000
111111001110001110
111111110001011110
111100100110100010
111100101101000011
111110110100111110
111010110111011111
111011110001010100
000001100010000100
000100100101110110
111101110100010101
000100001110011001
000010010010010010
111111001110011100
000011011111100110
111011100001100101
111100000011101000
111111010010011001
111111100001111100
111011000000101100
111110101100100011
000010010110000101
111110110000111100
000010110001101101
000011100101101010
000011100100100101
000001001111011011
111110001010111011
111001011100011001
111101010100001100
111111101001111110
111101101110101110
000000000001010000
111110111101111011
111001101111011100
111001110010101101
000011100010101111
111011010011010100
111101110000010101
111111001111110000
111010000100011111
000100101000010111
000001110110110110
000001000000000110
000100011001000111
111101000011000100
000010000001111000
111111110010010001
111101010101111000
111101111100111110
111111101111011010
000010001000000100
111100110000000001
000010000001011011
111010110100000111
000010011100011110
000000111000111110
000010010011001110
111110001011000111
111110011101101100
111101110011001010
111011011110010110
111110100000100011
000000000000101011
000000101111000001
111101111101000000
111001001010001110
111100101110100001
111110101010110010
111111011001110101
111111001100111011
111101010001100100
111010110000111111
000000101011110100
111101001001001101
111100110010010010
111101111101101000
111110010010010010
000000100110000101
111111110111101100
111001101010000100
000010011100011110
000011001010100100
111111011001011010
111110101110100100
111011010100101100
000001000100001100
111010111000100100
000001001100010011
111110001101001000
111101001011111000
111011010001000110
111101110100010011
111101001000010111
000011000110000101
000001010011010000
111110010111010101
111110100110011011
111110100011101100
000000111000001110
000000011001001110
111110110111001001
111110011001110001
111110100011101111
000100010011110100
111101101001110101
000000110000111011
000000101000110100
000100111111110101
111101010011100100
111101011100001101
000001110001110101
111110001010101010
110110110001010011
000010010100101100
000011011010111011
000100000100010000
111110101010101001
111010111100111110
111111010011100110
111011001001100101
111110011010100110
000001010000111111
000000110111111101
110111110101100010
111111000100111010
000011101100111000
000101000101110011
111100000011101000
111110000000000001
000011110011010000
111110110100101110
000010011101001100
000100000101100011
111101101000110111
000110001101000001
111010110101011100
000000111000101101
111110001110111001
000001101101100011
111101111000011101
000000100001001111
000011100100000010
111111100100111110
111010001111011001
000011011010111100
111100011011001000
000001011101100110
111101100110111000
111101110000100000
000011001011111011
000000110000011110
000101101111010110
000010101110111101
111010001100110100
000000101110001100
111101111100100011
111111100111010101
000001101011111010
111110010110111001
111110010111010000
000101010010001000
000001101001111011
000000010010100000
111111100011000111
111111101111010001
111110101000010010
111100111000101111
000010010111001100
111011110011111110
111101000010101000
111110001110110110
000000110101110100
000001011110100110
111110001010010000
000011001011110110
000011101010111100
111011001010011101
000000101101101001
000100011101001010
111110010000100101
111101100011111111
111100011110110001
111111000100100000
000000010010010011
000000110010011111
111100010011111001
000000011010000110
000001111011100111
000001111110011100
000010101100011001
111110001111101100
000010101110110010
111101010000100101
000000110100010111
111111011110000011
111111110100100101
111110001001000101
000011001100010000
000011101110110100
111010100010001010
111110000110000100
000001001011010001
000000111100100101
000000110110001000
111010111110001011
000010111100111111
111101001111101011
111011011001010101
111011111110010001
111111110001111110
111111110110111010
111100111101011001
000100000101000011
111011000001001000
111100100111100110
000000111010001101
000000011001000111
111111101000001010
111101111011000000
111111101001101010
111011011001010010
111110001110000001
000000101101101100
000001111001000011
000001110100011000
111100100011111110
111100100110010110
111101111100000010
111101110100110011
111100001101100001
111011100101001010
111100101111100001
000010011101100100
000011101100110100
000000000111110011
111110000000111010
111111110111111111
000010101010011001
000010110000100100
111111010011010101
110101101111111101
000100010111101001
000000101111010111
111110001111100110
111110000001110011
111110001111010100
000011000111101100
111110111110001010
111001100011110000
000000101101100111
111111111101111110
111100011100100100
111110100110000010
000010000100011110
000000101000000101
111110100111110101
000000011110111110
000011010100101001
111011010001001111
111100101001100101
111011101110110110
111100011000001010
000010111011110011
110011001111101010
111111101111101010
000010110010101101
000000101000110110
111111101001000100
111111010011101000
111110010111101010
000011110011000010
111110101101101100
111100010001010000
111100101001101101
000101010100010111
000000000111011110
111101011010011101
000001011000001001
111101000100111101
111110101000111000
111111111001010001
111101111110111110
111010110101010100
111111100101100111
000010111110100001
000010100101010011
111100100010001000
000011001000001010
000010000111011111
111110011001100111
000000010000001011
111101110110110000
000000100010110110
111100010000111000
111111110101011011
111010011111001100
000000010001111011
000001010010100101
000001000010101110
000001110000001001
111011101101001111
000010010010000010
000001110001001110
000001000110111100
111001001011110010
000000111110111001
000010000010111011
000010101100110101
111111100101001100
000010011111011000
000001001010001110
000000001111110110
000000000111011101
000010010111011111
111111000000001011
000010110000110010
000000010110000100
000000100111101101
111110000000111111
111110010100010111
000010101011010010
111111011100101111
000100100101001110
000010001100001110
111110111101000010
000000010110100001
111100111000000001
111110110110010101
000000011101010010
111111111111001000
000001110110110000
111101000111010111
111110110010000000
000001111000011110
000010011111000011
000001110100110000
111100100010010010
000100001000111110
111100100101011111
000000011001001011
111101110100011010
111100110110010111
000010101111110111
000100111111101011
111110011111011110
111011100110001001
000000111011100011
110110101100010000
000001111001010101
000011011001100011
000000011111011010
111010100100100000
111100011010000010
000011001010101001
111001000100100011
111101011101010110
111110001011110010
000100010110000000
000011011101000101
111010011100100101
111111001101010000
111110110111111001
111100001110101001
000010111100101010
000011001011001010
111101000011000101
111101100100000110
111111010101100110
111101000001101001
000010010000010010
111101111101111010
000000000001011101
000000111010100000
111111011011110111
000011100111000010
111110101011010010
111001101011111110
111111111000101000
111001111111000111
111111111000010011
111100010100011100
111101001100111110
000100000011110101
111111100110001101
000000000010111110
000001000001001111
000000001001011100
111111101101101110
000100010110001011
111010101111001110
111110011110000111
111011100000000101
111100111100100101
000011011111001000
111110100101100000
111100101011001000
111110001110111110
111101100111000001
111101011011000100
000010111011111000
111011111110110010
000011110111011011
000001111011101001
000000110011001001
111010001001110111
111110010000010100
111111110110011111
111111010010110101
111100100110000001
111100111110000000
000000101110000101
111110101110000010
000000100110010110
000000110000011001
000010111000101111
111011110000011111
111111111101010011
000010000011010010
111100001001111000
000000001101010000
111111100010010010
111111101100110100
111110001100010110
111110100110110001
000010101110111111
000011011101110011
111011111101101101
000000001110101011
111110010110100001
000010111100000010
111110101111111100
000001000111000001
111010100100001101
111110100110010110
000000110111110001
111100011011000000
000001100000111101
111101000110001000
000010000010111001
000001101110100000
111100111100110100
000011011001010010
111100000110011000
111100011101101011
000010001111011010
000011000100000011
111110011110111111
000010010010001010
111011101001101011
000000100110011001
111110101111110010
111110000101101010
000010100001011111
111101011110000001
000000010011001100
111001000011001010
111101001001000100
001000101001011001
000011011000010101
111011110010100000
000010111000100001
111100100110011010
000101111001001100
000001100110111111
111110111100001000
000101011011110110
111110010000110011
000101011101010110
000000000001100110
001001001101100000
111000101001000011
000010111101011101
110110000011001001
000010110111011010
000010011101100010
111011100011110001
000011000011110100
001001101010111011
111111110000111100
111011100011010110
000110011111110000
111111000100100000
111100001000100101
000111110111000010
000010001110000110
111111101001000101
111000100011100110
000110111110001001
110010010000111010
111111010000101010
000011011010101101
000000000000101100
000001001000111010
000001010111010110
000010110101000110
000010001001100111
111011010101110001
000010010100010101
000010011101111001
000001010111100011
111100000101010101
000001111110000100
111110101111101010
000100110110110001
111010100100110001
111110000011011000
111110100000010001
111100110000000001
000011100111000011
000001000110000011
000010010111010001
111110001101010111
000011010000010010
111111110101100010
000000010101010111
111110001100011101
000001100000100101
111101011111101110
111110110000110010
000000001110010000
111100101001011001
111100111010010010
111111101101101001
111011101001001000
111111000100100000
111111101100110000
111111000110111101
000100000111010000
111111110000000010
000000110100001011
000001110011110010
000010000110000011
111111110100100101
111111000100100111
000000100011011110
111110110101100110
111000100000010101
111101001101111001
111100100100101111
000000001100101010
000001110111101000
000000101110011111
000000010011100000
000011110000011101
000001100011111111
000100011010111001
000100000101111111
111110001101101010
000010001101110011
111111010111010011
111101101101111111
111111110101110000
111110011101001110
111111101110101111
111101011011110000
111110001100011001
111110011111111110
111101010100001001
111111000100111100
000000101010001010
000011110101100100
000001001011110011
111110100010011110
000010111100101000
111011100010100010
111101111101011001
111101110011100010
000000110001001001
111110111110100100
111011010111000101
111001110001110001
111100100000010100
000001100010100011
000011010001110010
000001001111100110
111010001100011000
000000000010001011
000010111010001111
111111100000000111
111010110010100011
000001011101110010
111110000000001010
000001000010000101
000010101011011011
000001110001011001
111101011101011011
111101000110111100
111001111001111001
111111101001001000
111101101100101111
111111011111110100
000001010111100001
111100101111001110
000110101110101010
111101110000101011
111110001101100011
000010000001011011
000000110111010000
000010010000101000
000000101011110011
110111111110011100
000001111111111101
000101010000000011
111101110100100000
111101010011001101
111010011010010100
111111100100100101
000001010101010101
111101111100001110
111111010100010110
000000011111101011
000000111000110111
000000010011010100
111111100010001101
111101011011011111
000110101001000010
111101111110100110
111010110010001010
111111111110010110
000010101011011011
111111011010001111
111110101010010001
111000101010101100
000000000011001111
110111011001001000
000100001110101101
000010011110000100
111010110111001001
000011010000001000
000000010111100010
111111101011010111
000000000010101010
111010110101110110
000010000111010100
000100000110100010
111110101100101001
111100111101111100
111011101101011101
111100001111000000
111110111101110011
000000010011000110
111101101100000100
000000111111100011
000100001011010011
111011011000000111
111010010010101011
110111000100110001
000100100101101001
111111001100001011
000001011110000001
111100010011110100
111101101111111101
000000010011011110
111110011110000110
111101100110010001
111100100001011111
111100010011010010
000000111000011100
111110011010010110
111111101100110101
000000110011100010
000001010010001010
000000111101101101
000001001000000100
000000011001110110
111110010110011001
000010000011000011
111110111011000011
111111111110010111
000010000000111100
111100110010110101
111101110000101010
111110101110100001
000000100011000111
000010101110110001
111110010101111111
000100100011011010
000001101111000011
111111110010011101
000100011011101000
111101111001101011
111000011111111101
000110000101001010
000001011000000101
110110110010000011
000001001011001111
111100010101000011
000010001111101000
111101101000110101
111100000111001000
000010111010100001
111100111110100111
000101011100000111
111000011000111100
000100101000001110
000001100001101111
000010010101000101
000100100011101011
000001001001000000
111100011001111000
000011010100101101
111010010110101000
111111001101110111
111110100100011100
111011111110010111
111101010001110101
000001011001100011
000001100110000000
111100001101100001
111100101100111011
000010111111011011
111111000101111101
111011100101001111
111111010001100001
111100110110001001
000000101110011110
111111000010111001
111100011101111000
111111010010010000
000100100110010100
111001000111000101
000001111010111101
000000000001100110
000011111001001000
000001101100111100
000100000100111000
111110011010010111
111110000001110101
111011010001101101
111101111111101100
000110000011010011
111111110010010111
000010000000000110
000000101100001011
111100100001011011
111100100101011110
111101110111110101
000001101001001011
111011001011111010
000001110100111000
000000111110101011
111101101011010110
111010010000111110
000011001100010100
111011101101010101
000010001001000000
000000111011100110
000000011101010010
000100110000111001
000111110010011000
111110100011101101
111100001011011101
111110010001011000
111011011011100011
000001011000100001
111111110100010111
111110101000111011
111100100000100110
000000100001110110
111001000001101001
111111101010010111
000000111110101101
000100011011101100
000101011110110011
111011110100000001
111010000110011010
000000000001111110
001000001101111001
110110000111000110
000011111011111110
000100010100010110
111011000000101001
000110000000011111
000001001110000111
111110110100011100
111101101001111101
000110110100111100
000011010111010010
111000010000110101
111110110110001010
000001111001100101
000000001111011010
111110010101111011
111100011100111001
111111001001011011
000011100101110100
001001101100101010
111101100011000110
000000101000110000
000001000101111110
111010011101110011
111000010110000011
111101101010110110
000001001101011010
000001110110110111
111011101011011011
110101111011010110
000011111000010110
000011110010001101
000011010001001000
111111001001110010
111110101010110100
000000101111101011
000001101010001110
000011011000010001
000001001011100010
000001000101101001
000010110100110101
000001010100110010
000000011101001011
000000010100010010
111111101001110001
000010000011100110
000000010001000100
111110110101010010
000000011100001110
111100110000011111
000010100101001100
000011011101111100
111111011000001101
111110011001100000
000001110100101001
111010110001011000
000000001110011110
111010010001010111
000000001100000101
111111011111000001
111101100100110000
000000100001001000
000011110100011011
111110101000110101
111110010111111001
000011001101110010
000001000111011010
000011000110101111
111110111011110010
000010110100110000
111101000111011110
000100010000100101
111110111010111111
111100101101000110
000101010010010100
111101010010101011
111111010101111011
111110011110110111
111100111101000111
111110110110101101
000000100110010100
000000110110111111
000011010001010111
000001001110001111
111110101010011000
000001001101100011
111101011010110001
000000001011111000
111010110010011000
111011111011100101
000011011000011110
111101011000111110
000000010001100100
110101000100101110
000011110011111111
000100010101010001
000000000111101001
000010000011110010
111110011011100000
000001100011111110
000011110101011000
111110111010100101
000001011110011011
111111101111001010
111111100000001100
111100100011000111
000011100000000100
111110011110100111
111100001111100110
000010111100111101
000000001100010011
111100100001100010
000010010001110001
111110100111011110
111110110100111101
111111000011101011
111111001111000001
000000100100100100
000011111010111111
111010010000001100
000100010111100010
111110000001110111
111100011010100101
111110111101110011
000001101100011110
000000000010001100
111011100110101011
000001001100001101
000000011010111000
111100110011110110
111101100000111111
111011101001010000
000001111011101101
111111111001100011
000000100100010010
111011111110100001
000110001011101000
111110110011111011
111100000001000111
000011110001111010
000001111101000000
000001111010000111
111110010111101100
000001111011101101
000000000111011111
000010100110110110
111010101110110111
000001010000000001
000010010110100111
111101101111000100
111111111100010111
000000100011110000
000011110011010001
111110000011110100
111100101000000001
111001110110101110
111101110110000000
111111110001100010
000001001011100000
000001101010000101
000010001001001011
000010011111100111
000001010000100010
111110110011110111
111100000001111010
000000110101010010
000001101001001101
000000100001011000
000001100100101011
111101001110100011
000011001010010010
111100000010011101
111110100111111010
000001110101100010
111110011010010010
000011010001110110
111101100010111011
111100101100100011
000101000110000111
111111000001011110
000000101101111010
000011000111110110
000101101011000011
111001100101100000
111111111110011011
111111110010111101
000011000000100100
000100000011111110
000010000001111100
000101001101101110
111110110110110111
000001110000101000
111011010011000000
000000100101010110
111111000000010011
000000111110101101
000000101010011101
000001101100010101
000011101011001101
111001010011100110
000010001000001011
111011000010001110
000001000100101011
111111100110010011
000000011101100001
000001100110111101
111110100101111100
000001011001011100
000000000100011111
110010010000110000
000100101110111001
000010101011001010
000001100111101100
000110101111000100
000011001010011110
000100100100100011
111110101101111000
111110111111110111
000100011100010111
000110100100011010
000000110110000000
000110011000111111
111110111110100011
111101011000001110
000000100111110011
000010010101001110
000101010111101001
000011011101010100
000011111001111011
000000110101110101
000001011001111111
110110111010000110
000101101010100001
111001011110101000
111110101100111101
000011001101100001
000011001101000001
000101000110111010
111110110111101010
111111100100111000
111110001101110001
111001001100110101
000011000000101100
000001101010011111
000001011111001111
000001100100010111
111101011000100111
111110110010111011
111100101000001111
111100000111111010
111110100010011100
000111010010101100
000101010010101101
111111111001100101
111011000100111111
111111000010001111
000010000000011001
111110010010101110
000100011001100010
000100010001001011
000001110001001000
000010000010110010
111000000101010010
111100011000101101
000010101001100110
000110011000100000
000001011000111110
000100100000010101
111110001011011001
000001100010100110
000010101010000010
111011010100010011
000001100010101101
000001000100011010
111101111111111110
111010011101000011
111100100011010011
000001111110100110
000000000100111010
111000101010100100
111100010011010011
111110110100010011
111111100010011111
111010100011000111
111001001011010100
000000011001001011
111110000011001101
000001000110101011
000010000011010010
000011110001110011
111101011111001011
111101100001111011
000101110001001100
111100000001100111
000100001000110001
000001001110100001
110111110101111001
000000111001001011
000100100000001110
000011110011001100
111101011011010001
111110101001101111
111011110000010001
111011010011110100
111110010101011110
111111110101101010
000000011000101100
000011000000111001
000000001100111001
111110100011100010
111111101000101000
111011110101100011
111101110001000101
111111110100011111
000000000010110101
111011110101010110
111011100100101110
111110101010110010
111111001011111111
000000101000110010
111011011011010001
000011100010000010
111011100011101111
111110101101010100
000011101010111110
111111100000001001
000100001001111000
111111101101010101
111010110110010111
111100101010001011
000100000011110010
000011110011001011
000101000001100110
111110000010110010
000001110001001010
000011110000011011
111100111101111000
000100011100110011
111111010001010110
000101101101001001
000010000111010101
111011001011110011
000101001010110111
111010100000101100
000000100111010111
111110101100100100
000011000101001111
111110110111101011
110111100010100000
111001000000101101
000010011011110000
000000110101011010
000001111011000011
111101100100000111
000010001000010010
000010100100111101
111011101100001010
111101001011100000
111110111010011010
000011101010100110
111110111101001111
111100100110001111
000100100000100000
000000011011100110
000010111001011011
111011110101001010
111111110011101000
111110110101101110
000011001011111001
111010010000000101
000011000011100110
001000011101101011
000011010110011110
000101001001010011
111011100100010101
111101001111011011
111000110110000111
111011001010100110
000011001101101001
111111111011000110
111010101010010111
111100010001111100
000010011001001110
000011011111110101
111110101110001111
111110001100011110
000010111001111110
111000011001010000
000100011111101001
111110001111111100
111111011010011110
000001110001100011
111111110111001011
111101011110100010
000001101001111001
000001101101001111
111110101001001000
111101000011111011
000101011100111000
000001000001010011
111010100000000101
000100110011100011
111001100111110100
111101010111110011
111111100011110001
111101000101000111
000001110110010101
000001011001111100
000101001011100110
111101011000111011
111001100010110000
110111100100011110
111110001010101010
111100100001110001
000010010001011110
111101010010101011
000011000011000010
111111100111001100
111110010010011000
111100111110011000
111001100000011111
111101010111111010
000000111001100101
000011001011100010
000000010010000111
111010100111011011
000000100111001100
000000110001001001
000010101100111010
111100110100000001
000001000111110011
000001001110001001
111111110111001100
111111001101000111
111110110100010011
000001010111110101
000000100010111001
111100011010001100
000000010111110010
111110101111001011
111111100110100111
111011011001100000
111111011000101010
111101111010011100
000001000011011111
111110100111011100
000010101011000111
000001111100011100
111101101101001101
000000100010111000
000000011011110101
111011110100111011
111111001010110010
111111011011011011
000001110001110011
111111000011111111
111110100010000010
111110001001000100
111101001001000111
111110011100000010
000010111100100100
111100000110100001
000000001110011010
111010100001010100
000000010101110101
111001101110111100
000010010101110110
000000000011011001
111010010101101111
000011001110111010
111101011001101110
111111101010000010
111111010000011111
000000100010100101
000100001101000110
000011111100011011
111001110101101001
111010100101001010
000000101010010101
111111011000110001
000001001000101011
000100101000100011
000000000111000100
000000101001111010
000000100000111111
111001010111011110
111101011100101111
110010111001001110
111110011101110101
000001110111111010
111101110100001111
000011100101110111
111111011001000000
000000110101101000
000001000011000101
111101101101100100
000011000010111111
111001110000111001
000011011111001100
111110111100011010
000000000111000000
111110101110000100
000001110010110101
111111001010101011
000011010000000111
111001100101100011
111110000010001001
111111010010001100
111100000011000100
111110111110111011
000000010011100000
111101101101101010
000000001010101011
000000010001011101
111111001011101001
111011000110010010
000000011000110000
000011100000110011
111100011110100111
000001001110011011
111011110011010011
000000110110111110
000001001001001001
000010100000011000
111101110011001111
111110010101111111
000010101000110010
000001001111010111
000010100000011011
111011111011100111
111110110101011001
000010100000010101
000000101001100011
111101001110001000
111101001010111010
111100001011110101
000010110101010000
111011011011110100
000011000011011111
111011111111011100
111111010011000001
000010111010101000
000000111110101111
000000011000111101
111111011111000010
000001011101101010
000011001001101101
111111110011110110
111101001111110011
111111101100011111
111001010000001011
000011100001000111
111111001110001001
000001000001010010
000000100110110010
111101000111001101
000011110111100011
111110110100001011
111101000001101001
111110100000010011
111111000111001011
111011001011011011
000011101010111010
000010001111101000
111101111100011100
000011001010001001
000010111100101000
111111110100011000
000100110011111001
111100111000111100
111110110111110100
000001000000101101
111101111001101000
111011111001110111
000011111100010101
000001001110111110
111111001011101101
111101010010100010
111110111101110111
111111100100101001
000011110010001001
111101111000101000
000011010011000100
111010001011001110
000000111011110000
111001001101100000
000000001101110010
000011001100100110
000110100011110001
111110110010010011
000011011111110100
000001011001110000
000010001000110100
000011000110010010
000100010100000000
111110010010001010
111110111100101010
111100010100111111
000000110000110001
111110100000100011
000100000000010001
111011000111001101
111101101001101001
000011111011110101
111100011011001101
000010000010001001
000010101011110110
000000010010110010
111101101010100100
111101001101011100
000000010000000001
111011010011110010
000000000011101011
111101000010101001
111111101011101100
000011010111100101
111000010111000010
000010001100001010
111011010100000100
111110000111000100
111100111011010010
111110011010010111
111101100110101101
000011010001010010
111101110110000100
111111101011010000
111101011111110010
110101111000101100
111111011011000001
111011110111111110
000000111110111000
000001101001111101
111111011001110011
111011000010100011
111101110111101110
000000111011001001
000010011111111010
111110101001000100
111101111111100010
111101001100110111
111100011011001011
000001011101010101
000010011010100011
111111100111000110
000001111100010110
000011111000111011
111011001111010100
111101101101111100
111111110100000000
000010010101001001
111100001001011110
000010101001101101
000001111101011011
000001001110110101
111110000001000100
000000011010011101
000010110111010000
111111100001001001
000011000111011111
111101011111111011
000011111011010001
111100000111111101
000000011100100010
111101001100001001
000000111110010110
111000110010100101
000001011110111001
111101000101101000
111101100011101011
000011100110101011
000001100010110110
000011001001011111
111101000011110011
000000100100001010
111111011001000001
000001100011110110
000010110011011110
000010101001111001
000010000011000100
000010100010010010
000000001000000100
111111001111111001
000001001011101011
111110000100101111
000011010011001111
000000101001001110
000001100100000100
000010101110111110
111111101010000110
111001111010111110
000010110101010010
000010101101011001
111111110100001010
000100001101001000
000001001111000011
111110100111100111
000000010101101001
111111011000000101
000011010011001101
111110101000101110
000001010011101101
000001100101001111
111110110111000011
000011101001000110
000000110000100010
111011100010100000
000010100011100000
000001010011101001
111111101100010100
000001001101110010
000001110101000100
111101100111100001
111111011011110001
111101010101111011
