000010000100111010
111010111010110001
111110000011001000
111110010100101100
000000111010001011
000000000010010011
111110100100101100
111110001000101011
000010011001100011
000000110001101010
000011100111000111
111101000101011001
111101011110010110
111010000101101010
000101111101110010
111011111100111111
111000101111000100
111000010011001010
111111111001101100
111110101001001101
111101110011000001
111101001010100011
000001110111011111
000001100001011111
111111100001001000
000100100010101100
111100111001111111
000010000100000001
111100010001110000
000001010100100101
000001110110100101
111101000010011101
000111000111110011
000011000010000001
000111100010000011
000110011101010011
111110111011011111
000010010010111010
111110100000010011
000011011111101011
111111101001000101
000010001010010101
000010001101000010
000100101001111000
111100101111111111
111011110011010100
111111001100100100
000010000011100101
111010100101001110
111001101100100110
001000000000010100
000010000111000110
000010011001100100
000101110111010100
000100001000100000
000000101100101001
111111010100111010
111111100000110000
111110100100000001
000011110110010011
000100001001111000
111111111110111001
000010010010010100
111101111101011111
000000100011001001
000000100101111110
111101100001110001
111010010101111001
111110001100101001
000011000101110111
000011011111100111
111110001011100110
000001101110011000
000001000001000110
111101011011011111
000001100001101101
111110110000000100
000000110101110000
110111001101110001
000011010000000010
000000100110001000
000001010000110001
000001011010011100
000000010111111100
111000111011011100
111001010000010100
000000111100100010
000010111000100011
111100111001111010
111111110101010110
000010110000101001
000000101000001110
111100001100001110
000010011001010100
111101010111100111
111101110001110110
000001011011110001
111010011111100101
111001001000100010
000001010000000101
111111000011111011
000000111000001010
000011010100001001
111001010101001101
000000010001101011
000000000110111000
000011101011001100
000000111100101001
000000010111101110
111111101010110110
110111000011101011
000000010001010100
000011111110000111
111100011100011110
111001111010011010
111010101010111101
111001100011000101
111101101101101010
000110000001101100
000001110110010110
000010001100100101
111110001100100010
000011100010110111
111011100011100000
111100110100010100
000101000000100110
111100111111100100
000000111111111000
111110111001100001
111100011000000011
111101001111111010
111111010011001011
111101111101101100
111110001111001010
111111100010000111
000010011101010100
000001000110000011
111111010010011101
000010000001010001
111011001101100101
111101011000001111
000001011011001101
111110010001011011
000100110100011110
000001101100111101
000010101111100010
111110000001001111
111011010110101100
000001010010010001
111111100101011110
000101010101110101
111111011101010110
111100000110011101
000011000001100110
111100111101100011
000000011101010100
111110110100101101
111110110101110100
111100010101110111
111011100000001000
000000111100100101
111010100000000110
111111100101110100
000000000011010100
000000010100101110
000000101011101010
000001101111100011
111110100110011011
000001100000101101
111111000001101010
000001100001011011
111010111100110010
000000111011100011
000001001011111111
111101101111001110
000011010111110100
111110011111101001
000001001110100000
111001000011101011
000000001010001110
000000000101101011
000011000000101011
000011101111101100
000011110001001111
000001111101111011
111110110101001111
111101110111101000
111110011011001011
111111110000111101
000001001111001111
111100000011011110
111101001110101110
111100010001001101
000000011110100001
111100001001000111
000000110111000010
000001101011000011
111110000100100111
000100010010101011
111100001111011101
000010010111000100
000001001101110110
111111010000011111
111100101001111010
111110001101111111
111110001000011000
111111000101010011
000100010100000001
000001110000001000
000011001101100100
111010110111001111
111100110000011110
111111010011001101
111111100101000101
000001111111010110
111110101001110011
111100001110010100
111111001110001111
000010101011011000
111100011111010101
111100001101111100
111111100110010100
000001001111111100
000001011110101100
111110000010011101
000010001110111000
111011111001110110
000001000011001101
111110101011110100
111111110100001110
111111100100101011
111110101011010001
111111010100011111
000010111010111001
111101001101001011
111101111000101111
000000010000000111
111101100110101111
000011101000011100
111110010101101110
111111011010000001
111100110100111111
000001000111101010
111111110110011110
111010111010100111
000010000001101011
000010011100110000
000000001011000111
000001100001111011
000011100000001011
111111111001110111
000100010000100101
111101111010111011
000000110000011100
111101000010101100
111011111000111110
111100011101111011
000001000110000110
111100100011101110
111111111010110001
000001010101010110
000010100111011100
111101000001110010
000000000101011001
111110100001101000
111101001011011110
111011111111111100
111111001000011100
000000010111111011
111100111001110101
000111101110111111
111011100111110001
111101010111101000
111101001110111110
111101011011110000
110111110010010011
000100100001110000
111001100101100111
111101011111100100
000001110100101101
111111010110001010
111101100100000000
000001011011100101
111001001101010111
111101100110101101
000100001011010110
000011000100000110
000000010010001100
111101110000010011
111110000110000010
000110110111111011
111111000111010110
111110001011011100
000001110010110001
111101011000110011
111110100001110110
000010110001010101
111111001100101001
000101011000110000
111111101110111111
000011010100111100
111111110101001001
111111111101100101
000100100000011111
111110110011110011
111111111011110000
000010100100011100
111110111001010001
111111001100101110
111100001100111011
000001000110101101
000001101111101000
000010110000101101
111111110111001000
000010101000101001
000100011100110010
000011100111111011
000000111010111000
111011010001011011
111110001001010001
111010011010001101
000001111100101010
000011000011010011
000011100011001101
111110100000011011
000000011010101111
000010111011101101
111111101010100101
111111011100101010
000000100011011100
000000011011110001
000001011000010001
000000011111100101
000001101101000011
000011000000100111
000011010110001000
111001100001100111
000000101101001000
111111010011100001
000100000101011001
000001111110100101
000010110100110001
000000011000111111
000000001010100011
000000100101101110
000001010001110001
000000010101100110
111110101101100010
000001100001001000
111100001011110110
000011111100001111
000011011000101110
000011110101010011
000100011111101011
111100001011110101
000000011101101100
111111100010001110
000101000011101100
000000011010001001
111011110110011000
000010011000010001
111111010101101011
111101011111100000
111010111100010111
000010000110011111
000001001000101001
111101010100100010
111110001000011011
000100111111011001
000011000010011011
000000000110011110
111111010111100101
000000110100000110
111011001100011111
111011100001110001
000011001101010101
000001010010011110
111011101110110010
000000010111000101
111100001110000100
000001000011110100
000010101101001101
111010110111111001
111111000101001100
000001101000100111
000010100101101010
111100100111100010
111110110101000011
111111011000011110
000000111101001101
111111011000110011
000001101010100010
111110001001110101
000001000110100100
000010001000111001
111011011010000010
000010100101000111
000001111110111010
000000010101110110
000001111110000100
111110110110010100
000011111011100010
000000101010001111
000001000001000011
000110011000011100
111111111000001110
000010001101000100
111111011011010011
111110111000010010
111100110000110110
111110111011110010
111010111000001110
111101100110001011
111100000101011011
000000000111101011
111111111100100110
111111011001011011
111110101101111011
111011111111100010
111110100111101001
000010000011110111
000001101110101101
000001101001100110
000000111111001101
111101010111011100
111110010100000010
000011000100000010
111110101000000011
111101100110000110
000000010100001001
111100010001001011
111101010000011100
111111001110101111
000001111011010111
000000010000000001
111111001101101001
111111000001010001
111110011100011111
111101100011110110
000000101011011001
111111001001110100
111101110000000110
111101111111111111
111111110101100010
111100101111001000
111111101110000000
111111001100110000
111110010011100010
000000011111000111
000011110001110111
110110010000001001
111110100000110001
111100111001011011
000011011001011110
111110101111100000
111010001000011000
111111010000011001
111101001101010111
000000011111000100
111110100111010010
000000100111110111
111100010111000010
000001100101110100
111101010011010010
000001010010101001
111101011111000001
111010001011111101
111110101111011110
111001010100100000
111010000100111011
111110111000000100
000010101001110110
000000011101000010
000000110111101010
111101110011110110
111110101101011111
111100000010110000
000100001000111110
000010000111001010
111100111110110011
000000111110100001
000010000110100001
000001101010100010
000010010111101001
111100100100110000
000001011011101001
000010010110101101
111110100111111010
111111001000001100
000010101110011011
000001011101001100
000000001100011001
111111110111000000
000010000110111100
111110100101001111
000001011011000000
000000110000001110
000010011001100011
111101010101011100
000010010010111010
000001111011001110
000000101110110000
111100110111000001
111101110111111010
111110111011000110
111100101111011001
000010010101111010
111110100111010110
111100111101010100
000001010110111011
000001100101011101
000000110011100101
111111011010000111
111111010000010100
000000110101110010
111111111111110010
000000110100000000
111101000000111010
000001101110101111
000000000000110111
111100011110100100
111100111010110011
111011010010100110
111110101010110010
111101100111111000
111110011010010100
000000001101011011
000100011011100001
000011100110110101
000000010110100110
111111011011000100
000011011111010010
000000110111000101
000011010101100110
000011110101011110
000000011010111110
111100000010101101
111110011110000011
000001011010000110
111110010010100001
000010001101101110
111110010110100000
111101011101010010
000000010110010110
000010111110010010
111100011001011101
000000010011001011
111100101001101000
111011101110011000
000011010001110110
000001100110110101
111110001010000100
000000001111110111
111111100011000010
000100100111101001
000001101010001001
000000111011001001
111110101000101001
111010011010000111
000011000001010010
111110110100011101
000001110110100110
000000110100111001
000000010010111010
111110110000001101
111011100001000100
000010011111000001
111111101100100101
000001110011010010
111111001000011000
111111010111000010
111111011100101010
000010000101010101
111101101101100100
111110010110000010
111101110111010100
000010001110101000
111100011110010000
000001011110101010
111101011000101110
000001010000001011
000000101001111110
000001000001110111
000000101100010111
000011001001110001
000001010100000010
000011000111101111
111011001011110000
111100101110101010
000011011101000111
111000111001000100
111111011000100101
000100101010010101
111111000100011100
111100110011001111
111101111100101101
111110010100100011
111100100100110110
111110000001011110
111101010000111010
000010100011111100
000010011101100100
111110111000111011
111110000010010110
111100010011101011
111110111001011000
111100110111000100
111110001000001000
111101111110101100
111101001010100011
000010000100100101
111100101110011110
000100110000110111
111010111110110100
111111000110111000
000011001111000101
111100010110100001
111110001000000111
000001110010100011
111100111011111000
000010000101100001
111101110000000000
111111001011101011
000011111110101110
111101110100011111
111110111011010011
000000001000000000
000010111111010001
000001100001110100
000111101100100101
000010111111011011
000000001001001001
000000000000100001
000100000111010111
111110010001001101
000110010000101100
000011110111110100
111011000100100011
000001110001111001
111111010000011001
000010000110111111
111100100100000011
111101110010110110
111100110111111010
111100110101101000
111101100110101111
000011111100010010
111110101100111001
111010110100100011
000001111100110000
000000011000111111
111101111011000100
111101100101001111
000000110111011101
111011100001011111
000011010010010011
000000100100101100
111100000001111001
111111010001001101
000000101111001001
000010010110110010
000010000110011110
000001010111101111
111110100011000001
111111100110010101
111100101100011101
111101110100010100
111100101010011010
111101010110110010
111110000110000001
111110000000001101
111110010110011110
111001111010010011
111111111000100000
111101110111000010
000010111000100111
000000110111101101
111100101011110000
111101000111010001
000001010000001011
000001100101001010
000000001110101011
111110100100001000
000000101011010100
000000101100110101
000011000001100111
000011011110010011
111110100001100000
000001010001000011
000101011000101110
000000001110100010
111110100111101001
111101011110101000
111111011001000010
111110111011001110
111111010000110100
111110000000000110
111110111100111000
000100110001011110
111100111000000011
111110111010100111
111110111001001001
000011011100010110
111110111001011000
111010011010000101
111010101100011011
000110000010001011
000001100110010011
111111100101000010
111010101000011000
001001000011000011
111111110100000010
000000000110010001
000000011110001011
000000111101010011
000000011000100111
111100101110111000
000100011000100001
111001101001000010
000100010011011011
111100010010110000
111001110010110000
000000101010011100
000111000101101100
000101001100001011
111100110011000001
000011000111000010
000010111010100000
000010001000110011
000010010010001011
000001001110001110
111100111010010110
111101010001010000
111111011100110111
000100010110001010
111100100001010110
111110000010111101
000000101110000110
000010110000101001
000100011011001110
000011100000001111
111110101011011101
000100110110001110
000110011100101010
111101110001010110
111101000110100101
111011111011000011
000010101000101010
111110101100001011
111100101000001101
111110110110000100
111110100000011011
000001010010110110
111001101001111110
000011011010111101
000010101001110000
111111011100010011
111101101110001101
111110110111010101
000001111100001001
111110000111011001
111110100110111001
000101111111111101
000000111000100111
000010100000011001
000101010011101011
000101101100011010
111010100100001001
111111011100010001
111101011010001010
000001110011101001
000000010100011101
000001101110001101
000000001000101101
111111010001110001
000111001010011011
111111100001100111
000001100100101000
000100000000101011
000001101100010111
111111101110100011
000001101010001101
000001101001010101
000000110101111001
111110100100011101
000001011111111111
111100110001010100
111101100111010001
000100000001000011
000000111011011110
111101011101001000
111101011111010111
000010110111011101
111101110100110001
000000010010110111
111110011100111101
000011100110110110
000010010100101100
000011011100001000
000000001001001111
000000100111110100
000011110011101111
111011110010010110
000011010011110110
000001111101100111
000000111011001110
000001001010011111
111011111001110001
111100000101111000
111100101010010001
111110111011000111
000001001101110110
111100010111001101
111100001000000100
111101000011000101
111111001010110001
111111011111001110
111111000011101111
111100100100111000
000001011110100010
111110110001101001
111110001001011010
000000111110000111
000000011000100010
000001100111111100
111111101011111000
111111000010000100
111111000001101011
111011111011001011
111101100001101001
000010001001001101
111110111010100101
000001101010000110
000011011001110100
000110001111101001
000011110110100001
111111111000010110
111011000000101110
111101000011001111
000101100000101000
000111001000001111
111110110011100100
000011101101000001
111111110001110111
111100001111100011
111111010100000111
000000110101001001
000000101010110111
111101001100001010
000001010001111101
000101101110110101
000000111001110010
000001000100110100
000000101001011111
111110111010000011
000010101101001010
111101100101011101
000001001111110000
000100110010001110
111101101011110100
111111110011011001
111011111100010001
111110111101101101
000010010111000010
000000101000011011
111100111111000111
000000111100011011
000101000110011011
000000011010110000
000011011000001111
111100010111000110
000011101000011111
111111111010110100
111110000100111011
000011101100111010
000010111001111000
000001101101111110
000101000110111101
111111010100000010
111101010111000011
000001100111010000
000110000010011000
000010100111011011
111101110111010010
000001000001100100
111100011011011100
111110010001000111
000000111011110110
111101000110111101
000010111110011010
111110111000000010
000010010000000100
000001010111110001
111101010110110011
000000000111001110
000010000101111101
000010001111011000
111110111100011010
111011110001101110
111001011111100110
111111001010110011
000000000000011111
111110111010000110
000101001100011000
000100111101111100
000000100111001100
111110110101000101
111110101111010010
111111100011110001
111111110110100110
111100011110010111
000001000101011011
000110100011010100
000001011100110011
111100100000011001
111100111110010010
111011100101101100
111111111000001110
111111001000001000
111110101010101010
000001001111001011
111111011001010101
000100010000100001
111110111010001010
000011000100100010
111110011110111111
111110101001111000
111011111110000011
000000011111111010
111101100100100110
111101110010010000
111111100100010110
000010010101110001
000010010111010011
111110010011011111
000100000010000000
000000011010100011
000000110110111110
111111101100110100
111110001010101011
111101011111110110
111110101001111100
111010010100101100
110101111011010111
111100101010010111
111100111000111010
111101100100011011
111101100101010110
111011011100001100
111110110100110100
111111011010010111
111100010100000101
111100111011000010
111111111111110111
000000010000100110
000100110111011010
000010000111000000
000001101111011001
000100001011011110
000000010001010101
000101110011010011
111111010100010100
000101011010101011
111010100100000110
000001011110111001
111111100011001101
000000100010000000
000001011011001011
111100100010010000
111101110101100110
111111011001010010
000011011111001100
111111001100110111
111001111111001111
000110011010101110
111101111010010000
111010111111111011
110111111010101101
000011101100001111
000001010010000110
000001010011101011
111010111111011111
111110110101011011
111101101010001001
111110001110111010
111010010011010011
000011000001011001
000000101111010100
111011101001110001
000001101000110100
111110101011010100
111110011001111100
111011111000001000
111100111101011010
000010100001011101
000001101100101101
000001011001111110
111110000011101001
111101010111111001
111110000111000100
000000111111111001
000010010001100001
000001111010100010
111100101010001111
111111000011100101
000010000111000101
111110101011110101
111101101100000010
111111110010001001
111110111011001110
000010111100011001
111110001101110101
000001011110010100
111110100001111110
000010111101000010
000010101110011001
111101101110100100
000001100111010001
111111000111000010
111101100100100100
000011000001100011
000011011010000000
000100100010001101
111111100101010101
000001000001001111
111100101101101011
111011111001010001
111101011001110111
111111001001011100
111010110010010111
000001010000110111
111100111011101111
000001111001111010
000010111101000100
000000100111100101
000001101001110010
000000001110001011
111010011101001110
000100000101101100
000010010011011101
111100011011000011
111100101011011010
000010011000010100
000011111111001010
000000010001100110
111110111100110100
111101011010101000
111111110111011001
111110101001001110
000010011011110010
000000110010000111
000101100101110001
000011010100011011
111110011011100010
000001000110000001
111100010100001001
000101110010001011
111100000111010011
000100101101101101
000001111010001100
000010011101001000
000010010001001011
000000000111011001
000101001001010101
000000110011110101
111111010000011001
000000110011011111
111111011110101110
111110001111011110
111011011101000110
000010001111110111
000011000000011100
000011001111011000
000000000011111011
000001111000101011
111100001111010100
000001011001110111
000100111110001111
111110011111001111
111101101010100011
000001001100001001
111111000100010101
000100010110100101
000001010111100000
000100110111111000
110111101001000011
000011000011110110
000010001001111110
111111010001000011
111110010111110100
111110111001110101
000000100011101001
111101111110000011
111110001101011001
000001110101000011
111101111100011111
000000110100110011
000001111101101011
000010001011110101
000000111111111110
000001100010000100
000100011010111110
111100111000000010
111110101011010100
000010000111011101
000010010111000100
000010000001010001
000001000100101101
111011111001001001
111011000011011110
000000111111100010
000011011100111110
111100100111110111
000000001101001011
000001011101011111
000000000000110110
000000010111001111
000010111011110110
111110010100001011
111101000010001000
000011001101011111
111101001010000110
111101011111000100
111100001100101110
111110000010001101
111111011110011100
000000000111000011
111101110000101001
111100001010110101
111111110110111000
111111000100010000
111111000011111111
000001110100000101
111101110001000011
000000001011100010
111111000011001010
111110010100111101
111100010001001111
111011001101100000
111001010001101101
000011000001001100
111001111001110011
000101101010010100
000000101110000100
111100111010100110
000011000111111110
000001000111011001
111100001110011101
111101001010110110
000010110001000110
111110010101011101
111110100000001011
000000011000010010
111101000111010111
000001101111101000
000011011000001101
000001010100000010
000001010100110111
000001001100001000
000001010100101111
000001010000100101
000000101000100111
000000011011001101
111001111101011101
111110110011111111
000001010011111100
111101001000100111
000001011010111111
000011010000100100
111111011110100101
000000011001001001
111110000110100011
111100000111010000
111111010010000111
111110100100100011
111110100100111100
111101101011110101
111101010011011000
000000011100101100
000010111110100111
000001100011101000
000011001000010011
111111001000011111
111100111010001111
000000001100000010
111100101001011010
111100101001001100
111101000111010000
111111111011101100
000011010111101101
000001100100111010
111100000100110100
111110101101010110
111100110110010000
000001111011010111
111010100110000101
000001010111001000
111111001110010101
111111100101001000
000011111110100010
000011001011100001
111100010010000011
111010111000010111
111101110011101001
111111011010111111
111110100010110110
111110010101001101
111101110001111101
000001111000101100
000100001000000110
111100100011110000
000001100111011100
111110111101111111
111111110000001000
111011101001000000
111101001100011111
111100101001010101
111111000111101001
111101111110110010
000001110011101010
111101101111101111
000000011101101101
000000011101010001
111110011010110110
111100100100001111
000001110110100101
000010101110000000
111100100101010110
111101110000100001
000000000010001010
111111101011011111
000010000000011010
000010110000010001
111110110101110000
000001001110001101
111110101110101011
000000100100011011
111101000101110100
000000111011100000
000010000010101001
111100010011110010
111100110110101010
000010001111111111
111101110111010111
111100100111100000
000001000110010100
111110010011111001
111101001110001001
111110011011001100
000100110101000101
111001010000111010
000100001000100000
000100100100001010
111101001011110100
000011010011111001
111110101101101010
000001001110010100
000000111100101011
111101101010100110
111100000011000001
111110000010000010
000010001010010111
000010010010000101
111111011001111100
000001110111001000
111100111101001001
000010000000000101
000011111100110001
111101110010001111
000010010101111111
111110100111011001
000010010011110000
000000010001100011
000001010100001001
000000100010100011
000010010111101101
000001010110111011
000010101111000100
111110101100110000
111100101010010011
111101011001101101
000000110110110110
000001001000111101
000001011110100011
000000101111010010
111111001000101100
000000101101011111
111110011100010000
000001100100011101
111101010010001100
111011010000010110
111111001101001010
000000111100100011
111110001100101000
000110001001110100
000010001000100010
111100101111011100
111101110011001011
111100010110000110
111101000110111000
111111111101010101
111110110011100001
000010100011111001
000000101001101010
000010001011000000
111011010101011000
000011100000101011
111011110111011101
111100100110001010
000001010000010001
000010011011010001
000000111010011010
000000111010101101
111011100010100000
000100100110011101
000001000000100111
111111101010111011
000011011010000001
111101010110100011
000010001001110110
111110011001111100
111100000000110101
111110111011111101
000001110001010010
111110001100010101
111110111001101010
111011110101100101
000001000011000010
000001100111000001
111111010111000110
111100010011100100
111110101101011101
000001001111100101
000000001011010000
000101000000111101
111111101011000101
000000000011100111
111110101110001111
000010010011110000
000001110010010100
000001000000010101
000001101011010101
111100111001010000
111100010111011101
111010100100111110
000000101010001011
111100011001011010
111110100001111000
000001111100011011
000000111010101000
111111011010100000
111110111100011010
111011110001111101
000010000110111111
111101110000001001
000001011110001100
111101010100010001
111110111101101000
000100010100111001
111111111101111011
111110011101110000
111110110100011010
111101111111101000
111111110011010100
000101010111000110
000100101110111011
111111111010101100
111100111100110110
111101000000010001
111111100001100011
111111100101111011
111101101001001010
000001101100101111
111011111101101111
111110000010011010
000010111001110101
000100011111000111
000000011101010011
111111001110011100
111110011101101101
111101100010101101
111111011100100011
111111000010101110
000000001010001000
000000100101110000
000011010001100101
000010001000100000
111000101111011000
111100100101001000
111111110111010110
111001011000101001
000001100010100111
111111100100001100
000011101000100101
000110001111110000
111101001010100011
111110101010010000
111011001000001110
111111100111010111
111110110110001001
000001100100000011
111110000001000001
000010110000101100
111110001101010010
111111011101000100
111111010111010111
111101001111001110
000010101100010010
000000111110100001
111111101010001111
000001000100111011
000001011001100010
111110001100110011
111100000000000111
111111011101000000
000101011110110100
000000100000011000
111110010100000111
000011100111100101
111101101100101100
111100111000100101
000000011010011001
111111101011110110
111100011110111000
111111101000011000
000000010000010111
000000010010111000
111111001001101001
000000110011000011
111111100010000000
111100101100101001
111101010010010001
111110001101100111
111100111011001010
111010110000010111
111111100001001111
000011000001111011
000011011000110000
000001111110110000
000010111000111110
000010111111100101
000010100001011000
111110001100001111
000000100110111010
000000011101001111
111110011110000110
111101000101110011
000000000001000011
111101111000000010
000010100000010000
000000011111101011
000010000100111101
111101001101011011
000010100010101111
111101101000110001
000010110000111101
111110100001101001
000000111101111100
111111010111101001
000000001010011101
111101111110101100
111111010101101100
111110011000111111
000001000000000101
000001001000110011
000000110010000111
000001001100111000
111110110101111000
000000011100110001
000011010100100101
000001000111111010
111110000100011100
111101100110101010
111110101000011011
111100110000011110
111101000100110011
111111010011101100
000000011000001110
000010011010111011
111101110010010000
000010000101111011
111100110111101110
111111010101101010
111111010111001100
111110010000110000
111101011111111010
111101011111101110
000010001000011100
000010010101011010
111100111110010101
111010100011100000
111101101000101100
111001111010101111
111010110011100111
000010011011100110
000011111110001111
111110101010000011
111111001001110001
000011000101001111
111101001001111101
111111111110010100
000001101100011110
000010000011001100
111011110011000011
000000101101110010
111110111001110100
111111100100111111
000010111001110011
000000101001011001
111110011001001100
000000000100110001
000001010101110001
000010001011111100
111101001100001000
111111101101000000
000001000110100110
000010001010110111
111110001110101000
000000001100011101
111110010001011100
111101100010001011
000001111001100100
111110101100101001
000010000011010011
111110101101011111
111101111111000011
000010001011100100
000001100010001101
111111100110010011
000001000001010101
000000100000111110
111110100110111110
000010000101111000
000000101010100001
111111110111110000
111111011011001100
111110011100010010
000011000111110001
000010001001010111
000100101101000010
000010000000001100
111101111001100001
111101110000110110
111010110111000011
000010100000100011
111101110100100111
000001000100001100
000001010100000000
111011110010010100
111110000100100110
000010110111001010
000000100111001001
111110100010110110
000011110101111101
000000010000001010
000001110111100010
111011010000100111
000000000001110101
000011011000100111
000011100100011111
000001101110000001
000001100111010111
000010110100011011
111101011111101110
000011001010001111
000001110100101100
000011010111011111
000001001100110100
111101110111010000
000000000100110000
111100010100101101
111100100110010111
111100100111010111
000011110111010111
000010011100010000
000010100010001010
111111110000100111
111101010110100110
000011101011001111
111101000100100111
111100101011111101
111110110110010101
111000111010011001
000011111001111110
111110000000100101
111110000011101000
000010001010100100
000010001001101011
111111011000011111
111110001100010101
000001011100101011
111100110010001000
111110011001001110
000011100101011100
111110000100010011
000010111001001100
000001001011000101
000000010111010011
111101100010110000
111111101001000000
111110101000010010
000001101010111010
111111001001001101
111101111111110110
111011001101011110
000001011101001111
111111100000110000
000010011111101011
000011100011101100
111101110001100100
000000100010101000
111010101100101011
111101001011101101
111110001110111111
111010001101111000
000001001100000001
000011000000101010
111110010100011011
000011010000001001
111101001001010011
111011100101101111
111110101111011001
000010001000001010
000000100011101101
111100001011110110
000011011000110010
111111001111000010
000000010001010000
000011000001111100
000000011100011011
111110101000001101
000001001010101001
000010000000011101
111001110011110101
111110100010000100
000001110010001101
111101010000110101
111110110110101100
000001000110010011
000010110011111101
000000001111000101
111110000011010010
111110010000111110
000001000110001101
000001111000001111
111111100001011010
000001110000010001
000101001001101110
111101100011001111
000011111010101000
111100011000101101
111111111010101110
000101000011110101
000101100011010111
000110011011110101
000001100110000000
000001110100101000
111101001000001110
111110110110001000
000101101000000101
111111111101111000
111011011001001001
000000110010001101
111111100111001100
111111111000101100
111100110101100100
111110010111010110
111110011110010100
111111011100110110
000000000001100110
000101000101011001
111101010110001010
111101101111111110
000001110000110110
111101110011110000
111011101000001011
000000011101100111
000011011010001001
110111100101111001
000000110001101110
111011111111000110
000010011101010001
111110010000111111
000010000000000000
000000111011101011
111110101101110001
111110111110001011
000001000100100010
111111101000111111
111100100011110100
111101101110000110
111110010000010111
111110000110011110
000011011110111101
000000001001110011
111101000001001001
111111101010110000
000001001001111101
000011001111011000
000100001000000100
000010101000111110
000001110111010000
111100011101011100
000000010001001010
111111000010011111
111111000010100110
111100010000010011
111111010000111110
111111011000101011
000010110100110111
000000010101110110
000000001111110101
111111000110111110
000000001001010110
111111011101001010
000000110111111001
111110010101011100
000000101001110011
111110101110001010
111101010001111100
000000101001110100
111101010011010000
000011100111011101
000000111110001000
000011000111100101
000010101100000011
000010011100010011
111111010011011101
111111101001101000
111101101111110011
000011010110111100
000000111101000101
000000001010011001
111110101011110011
000010010010000010
111101010101001111
000001011101010010
111111011001100001
111010010111110011
111110101111100101
000000011101101110
000000100100010011
111110101000100011
000001011100001011
111110001100010010
111100101101101010
111110011000010100
000000111101110011
000110000011001011
000000111111000011
000000011010010011
111110100100001010
000001000000001011
000001100001111111
111110110011110010
111110110110111101
111111111101111000
111101000111110101
000010101101101101
111110101100010011
111111110011111111
111101100111100011
000010000101111111
111111011010011110
000010101110010111
111111000100100010
111111110000111111
000100111000001100
000010101011001110
000001101000010010
111010010101010110
111110011011010100
111111011001100101
111010000100110101
000000110001011100
000011100001111011
000000000011100111
111110110111001010
111111100111001100
111111101011010100
000001010011011010
000000100001000010
111110110100101001
111110000101100101
000001111001000110
000010110001011100
000001110110101011
000010101000001110
111111111000110011
000101110100100010
000110110101101111
111110101010110110
111110111011111011
111111011110100111
111011110001100011
000011001110111001
111111011011010011
000000011001101110
000001001100000000
000100001101000011
111111101000000011
000010001111011001
000000010000011110
111111101100011001
000001111100111110
000000111100000001
000010000110001011
111100100001000000
111110001110011101
111101100000000001
111100001001010001
111111001100010111
000001100011000101
000100000011011011
111110111000011001
111111110110000001
111101010100011111
111100101110100100
111100010010111000
000001001010010000
000010001001111010
111111101001001000
111101010001100101
000011001001100110
000000011111001100
000011111011010101
111100011100011011
111101001101001000
000010100101100001
111101001101010100
000000000001111001
111110100011010011
000000000100011110
111100100101100000
000001110001010100
111111100111001110
000000011110001000
000000000011010010
111110111111011101
000000010110011000
000010000111000101
000010011000100010
111010111011111100
111101100100111100
000000000110111111
111101110100100010
000000001010001111
000011110011010101
111101101011000010
111101010010101011
000001111111111100
000000000111000111
111010011010001100
111100100001010001
111111000111100101
111100010010010010
000001010100100000
000011010111100011
000101100100101000
000101010000110101
111111111001001111
000000010001110011
111100000010011001
111111001110111001
000011101100100011
000001001101011011
000000110110000101
000001110111000101
111101001100001010
000010101001111101
111110100100101110
000010100101000100
111010101110010000
111100000011100001
000000010001110111
111101010101101010
111111111110000100
000100001101110011
111111110111001111
111111000110110000
000001000100100010
000000101110000000
000010100111111010
111101110100111001
111111100101010111
111111000111111100
000001100101000110
000010010011111000
111101011101001000
111111101111010001
000010011000100110
000010100011001111
111100110101000000
000001101101110111
111110111111001100
000100110010010101
000001000110000010
000000111101101011
000010110101100001
000000011011010010
000000110000100110
000011001111101101
111110000001001101
111101011011001001
111100100101111101
000100110011011001
000100000101100100
111100110111101111
000000010111011001
000001110011101011
000000001010001101
111011011011110100
000000101001110010
000010010010001110
111101100100101011
000000100010011111
000001000111010000
111111111011010001
000011001011001110
000010110110011100
111111110100010001
111011010011010101
111100110011111001
111110011100110111
111100000010100101
000011101011011110
000011110100011011
000101001000000101
000010001100010011
111111111110111111
000000111001111001
000010101101010010
111111011110011010
000100000001011010
111110000111010011
111001111001111000
111111110000000001
000011000000010100
111100100000111010
111100111110010110
000000011010001100
111110100110010000
111100111011011110
111111011001110011
111011110101001011
111100100001110101
111111100011011001
000000010001001111
000010101010101110
000000110111100101
000000100110001010
111101101110101100
000001010111001110
111111011010110011
000000101111111010
111111010101011010
000001110000111110
000010110000111000
111110111111001100
000010010110011001
111011110111001011
111111101101101001
000001010010011000
111111101011111111
111101110110101111
111110010101100100
111100101110000011
111110000111100010
000000010001100011
000001100000111010
000010111111110100
000001100001110101
111111010010110011
111101011110011100
111100101110011110
111100011101100000
111110010110001010
111110111110100000
111111100010100110
111111110010101111
111111101010110000
000010011101101110
111110000011000111
111111100001111100
001000000100101010
000000110110111101
000011101101001000
111100000001101110
000011011011000110
111100010000010000
000000111110010011
000010110110100110
111101010100100000
000001011010011111
111111111100001010
000000110100000110
000010001110110000
111111011000110010
000010001101011000
111010101110111011
000000011101100111
111010110011100010
000010010011011100
000011010011001000
111110010011010011
000001010011000111
000001111011110010
111101111000110101
000000010000001100
111111000011001100
000100101010000110
000000011111101101
000001010000001011
111001100101100010
000001100110111111
111011010101011000
000000011000101101
000001011001001110
000011011110110011
000100110010000000
111100110000110001
111111101111111001
111110111101000000
111110000101000110
111100110000110000
111110000100101000
111110010010110011
000000001101110100
111101011000100100
000001010010011100
111100011100000101
000010110011000010
111101101101011001
000001101001001001
000011011101011000
000001100011001110
111101011011111011
111111010100111011
000100010111011011
111110010100100110
111111010001100110
111101000110110001
000011010101100100
000001010100100111
111110011111001110
000001110111010011
000010010101110110
111011010100100100
111111010110100100
000100000011000110
111000110101101000
000010010110100011
111111111101000000
111101110001010111
000010110010110011
111011111111111111
000001011100011111
111101110110001011
111010010000110111
000100100000101010
111101001011011011
111011111011001001
111111000111010001
000110011100100001
000000010011110100
111111111110000110
000000011011110101
000001101101110101
111101011010100100
111110001100100000
111100010111001000
111110011101101100
111011111001011000
000000110101010001
111100010010101111
111111011000110000
111101011001010110
111111010101111010
111100011011010101
000000001101010110
000110011001001100
111100100100110110
000100110010001000
000001001100011100
000001000001011001
000010111011111100
111111110000000000
000101100101011110
000101000111011110
111111101000000111
000001111101001100
000001000001010111
111100011100110110
111000111111101110
111101000100011110
000101001101001111
000001000001101011
111111001010111101
000010000110001100
111101100010010001
111100100001011110
111110010110110101
111010111000111111
000001111000010011
111110110000110000
111111110100100001
000000101011011100
000100011011100001
000000010110011000
110111110101101100
111110000100000111
111111111011011100
111110001000000111
000001010101000110
000011001111111001
111111110011100101
000001101100101000
000001010100001000
000000110000010100
111101110110111111
000010011011010110
000000101010001100
111110000000010101
000001100110111111
111100111111101000
000001110111110000
111011001110100110
111101100000111101
000001000010101100
111110111001010011
111100000001011000
000010010100001010
111010010111101001
000000100011011001
000001011010100110
000011001110110101
000000010011010110
000001001000101101
000001010101000101
111100110110011111
111101110101010111
111111000010101000
000000100000011110
111111111001000011
000001101110001101
111100110101110100
111100000111010001
000001011010110101
111110111110001111
111101110110010100
000010110001000100
111110000111100000
111100001100010100
111110101010110111
000001111100100011
111100011101001000
000001111000110100
000000111000100001
111111001101111100
111101110000101000
111101111000101000
111110010110000010
111111001010111010
111011110100110101
111111010111000010
111111011110001111
000100100110010000
000010000101111111
000010000011011010
111110100001010100
000001000001100100
111110000110100100
111111001010100001
000001010001110010
111011011101100010
111110100000011110
111110000100000010
111110001101000011
000000010100011010
000001010100110001
111101100110001001
111111100111000100
111011110111110001
000001111100010000
000000100110011100
111101010010000110
000001010001100011
110111101100101011
000010000110100111
000011010000101111
000001110101100000
111011001011111011
000001001000111001
111111011011000110
000010010011011000
111101111111011111
000010101010101010
111101000111011001
111111011000000010
000001111100110010
000000111010111010
000010100101000010
111111010101001011
000100000001110001
111111111001100011
000001010010011110
000001011000010011
000001001110001001
111110111111101010
111111011110110001
111011100111101001
000000000110100101
111111000001111111
111111111011011111
111100001001101000
000001000011111011
111011011111110011
111100010000110100
111100011011000101
111000101010100110
111110010100100011
111011110110001010
000001110000011100
000000000010010011
000000011110011100
000001111010111011
111101001011100011
111010110101000110
111111110101101000
000010111111011100
111101111100010011
000000100011101111
000011001010011110
000001110101010111
000000011000000111
000001000001010011
000000110000101110
111110010000101100
000000000110011001
111100101101011111
111101001011100011
111110011010101100
111111100001100101
111111101010111110
000010100111111110
111111000101110010
111111010011100101
111010111000001011
111111001111010001
111011111010000110
000010000010111111
111111111001100101
111111111110100011
111100001100101000
000011010001111100
111111001110110001
111101111110000010
000001100001001000
111111010110101111
111101001100000000
000011000000110011
111101100110011111
000011100001110010
000000100100101111
000000001100011110
000001001110111100
000001011001001100
111100101111000100
000000101100011110
111101011110010100
000011101111111010
111100011110011011
111011100100000010
000110111110010111
111111100101110000
111110010000100110
000000010100101000
111010011000000111
111111111111001100
111100111100010110
000000100101111011
111101110010110100
111011110001000001
000011000000100110
111111010010101011
000010001100101000
111110101100010111
000001111001010000
111110110110010101
000010101001110011
000010001100101111
000100011011000111
111010001111101111
000001001100011101
111100100001100000
000011000100011011
111100100000000111
111101111110100000
111101100000111100
111110011010100111
111100111100000010
000011000001110101
111110101001011000
111110101000010111
111110010001010111
111101110001010111
111100110000100000
000000110000010001
000000001100110100
000001111111001001
111101000100010100
111011111000101110
000110010011111011
000001001110111001
111111000100111111
111110110101000110
111100000000011111
111101100011110101
000101011001101000
000001000101000100
000000110110001110
111101101100101101
111101011000010010
111111100010101010
111100010011001111
111011011100100111
000010011101101011
000000101101010010
000000000000000000
000001000010010110
000000000100010100
111010011110111101
111101001000010001
000001110101110000
000011010100001101
111101011000100111
000010001111011110
111010000001100110
000000000011110110
000011100100001111
000000011010010000
000011000111110101
000000111101111010
000010010100101010
111110000100111010
111101110011101110
000010111110010110
111110110110001110
111100101111010000
000000000111111100
111100111101011111
000000100011001111
000000000001110110
000001010111011010
000010011111110010
000011000011001011
000000110100101111
000101101110110000
000000100111010110
111110110100011000
111110001101011100
000000100101100011
000001010100001001
000010000100010110
000100100100101011
000000000111110000
111110010001001011
000011000111101100
000001010001111100
111110010010001100
000010010110110011
111101000010010110
111110011101011010
000101100110010000
000011101010100110
111100111110111010
000010100011101010
000000100001101111
000010000001011111
000000110100100000
000010001100011001
111101101011100000
000110101001001110
000000110111101000
000011000010111110
111110000001011011
111010001001010110
000000001100100000
001000000101001010
000010111000100000
000001011111001001
111111010101011101
111111000010111111
000011000000100011
000011101011001101
000000011100101100
000011111110111010
111111001101111110
111111101100111011
000000011111110011
111111010110001100
000011001011010001
000111010100011000
000001110101011011
111100101000101100
000001011111001100
000010010010010110
000001100111000001
000100110011001111
000000110010010101
000001001000000010
111010111111101101
111111011011010101
000111001101111011
111001011010011101
000101100001111100
000001110101000010
000010100010101111
000111110010101110
111100010110011010
111011111101100111
111111010100110011
111101010001010110
000010010111111010
000000100111110110
111011111101000000
000101001100001011
111111001011111111
000011010110100010
111111000111101101
111111101000110000
000001010001100100
111101100001100011
000011000001001000
000000111011101011
000011001010111011
111110010111100111
111111101010101111
000100000011111101
111110001100011011
111100010110100101
000011011010101001
000100011100000100
111100000011001010
000000010111100101
111111100010101111
000001100110000111
111111000100011010
111101101001011001
111101011110100001
000010011110001110
111110000110110101
000011110000000011
111011000100010000
000001101110010001
000001000100010011
111110100101110100
000010110010000111
111111101101000000
000010110010000000
000001111110100010
111110011110111111
000000011110110001
111110010011011100
111101001100100010
000100111010101010
000000011010100101
111110101100110110
000000001000000001
111100011000100011
111100110100111011
000011110001101000
111111100101100100
111101000011111000
000010001000000000
111110011111001110
111111110010001010
000001011111011011
111101100001110111
000011111111101101
111101101011100011
000010000101101010
111110111100011100
000011000110110010
111110100000000111
111111011010111000
000010010010101011
111101111111111100
000011001010001101
111111101010001110
000001010101001001
000010011101011100
111101010111101010
000000110011000110
111011111111101101
000001000110111110
111100010010011001
000100001001001001
111111011010111110
111110101010001010
000010011001001111
111011100110100110
000011111111101110
111111011001101001
111101111110110111
111111001010000111
111011111100110011
000001010010101111
111100001100010001
111110010001111011
111010101111010101
000001001001100110
000010010000000011
000011000010011111
111100111010010001
000100001000110100
110100010110100010
111011100001100000
111101101010101110
111111000111101101
111101100101110101
111100111100001000
000011010101010010
111000101001011001
111011011001100100
000001110001010111
111011101110001100
111011110001111001
000001100000011010
000001111111101111
111111100010101001
000001110010110001
111100100100111100
111110100011000011
111111100000110000
000000011111101001
111101111001110110
000000101110101110
000000010011000010
000010011101110000
000010010000000111
111111110110011011
000001110000001100
000010111101011001
000010101101100000
111100111101110110
000001100001000011
111110001001011001
111110110000001111
111110011110111100
000001100100100110
000010000011010011
111111001011110101
000000011110010011
000000101011001000
111101000110010110
000000100100000111
111101011010101011
000000011000110111
000001011000111001
000010011011110111
000001011111010111
000001011010111111
111110111101111000
111111100010110100
111111111000110001
000000000001100110
111100101110101010
000100001000001001
111111011001110001
000001101100001110
111101110111011110
111101110011000110
000100000100011110
000010010001001001
000010010001001100
000001010011000110
000001100111010100
111111101101011101
111110001111011011
111011011100001010
111111000001100000
000000110010010000
000100100101011110
111111000010101011
111100111010000000
111111101101101110
111011010011010001
111111101011101100
111111000101001001
000000100110000101
000001111010000000
111100100000000011
111101100001001111
111111000111110011
111101000110010110
111101110101000000
000000000111110001
000000011101110001
000001001100100010
111001110100011100
111100101100011111
000001001010111000
000001010000110010
111100101100011010
111100010000011101
111010100000001110
111110110111100000
111110001110101111
000011010100000001
000101011110111010
000010100101001100
111111000100001101
111111110100010010
111111011000000000
111110110101100010
000001110100000011
000001101111010111
111111011110000111
111110010010110100
000010100101100101
000001011001000011
000010001001110100
000000001111000101
000001101100101010
111110010110011110
000100010010100101
000010011110100110
111100011000101100
111110001101111001
111100101001010000
000011000010100101
111110100011010011
000010101011100011
000100100001011100
111101001010101000
000001001101011001
000001000110001101
111110101011110011
111110111010101101
000000011111000000
000011110111111100
000110010111100010
111101100100110010
000001011001011011
111110010101111000
111101100011010001
111111010101110000
111100110010010001
000000110101111100
000000110010100010
000101111111100110
000010011101110110
000000000100011011
111111000101101110
111110010001110000
000010011100010110
111111111001111011
111100011101101110
111111011011000111
000000001000101110
000000100110110011
111111010010101100
000101111101100001
111011110111110100
000000100011101110
000010111111100100
000000010110111110
111101001010011011
110110110110000110
000000000010100101
111111010001000000
111101000100000101
111100100111000010
000000001110000111
000000011110011011
000000101100010000
000001101011011101
000001001010001110
000000001111010000
111110011000100010
111101011001111010
111100010101000010
111111110111100001
000111101000001000
111111000010111100
111110001011110000
000100100111010011
111111010000100100
000010100011000101
000001000111100001
000000110011110100
111110110110100100
000010011001110101
000000011110110111
000000001100000011
111101100001100011
000000111111101001
111111011000100011
111100100001100111
111111011000100111
000010111000001100
111110101011010111
000000100111100000
000001111101011101
000001111100011100
111101101001111100
000100000001000000
000000001011011010
000011010111000010
000000100000100110
111110110110011011
111110111111010101
111110001011011110
111100011011011111
111100000100110110
111111010000111101
111110101011111000
000000100100110111
000010000110010111
111110000001111111
000011000011010100
000001010010101001
000110101000111000
111101000100101001
000101101110011011
111110101001010100
111101010110111110
111010100001000100
111110110011000000
111101000011110010
000100001101100110
111110100111111010
000000101000001110
000100110001001110
000100110001000001
000001001010110100
000000110010000000
111111111000111011
000101010001011101
000010011111100011
000000101100001001
000011111111101110
111011011111100011
111110001100001000
111011110000000000
111101000000001101
000011001100101100
000011100101100011
111100100010111110
000001100100101101
111111010101001100
000000111101100100
111100110111001010
000000010000010001
000011000001001000
000011101101010010
111110010111101110
000010100001100000
000010100000001100
000001011111000111
111110000100001110
111110011101111011
111110110100101011
000010000010100011
000001101010101011
000000010000010000
000110001000000010
000010011110000010
000011111100000001
000000100110100111
000001100101101010
000001000100000100
000001011101001100
000010001101100011
000011111101010011
111111001111011100
000000000010111101
000101000001110111
001000111001111110
000000110100001000
111110001010110011
000110010101111000
111101001011011010
111110000010111000
000001011110101000
111101011101111110
000010011000011011
000100101001111100
000000111010100000
111010101100010011
000001111111111010
000010001010100001
000010001001111001
000010000110011010
000010101011111001
111110101001011111
111011111111011010
000101001000110000
000011110110100110
111111100011100010
000001100011000100
111111110101101011
000011111111111110
111110001111100100
111111000011010011
000010000110011011
111100010001000010
000011101110111000
000011011101001010
000000010111000110
000100100010100000
111110111101000110
000001110011000011
000001101101010100
111110100000000101
111010011001111111
000000000000111001
111110011000011101
111101100101010000
111110001001101010
111100110000011010
111110000011011010
000010100110111101
111110101010110100
000000111101000110
111111011110101110
111110010011101000
111101100110110101
000100100010101011
000011101101110110
111010001000001001
000001010010011101
111111110000001101
111110000111110111
111110100111000000
000000100100110110
000011110101000100
111011111110011101
000001110100101000
111110001101101000
000001001100110100
000000001000010110
111110011110010000
000010101111111100
111111011000010011
111010011001001010
000001101000011100
000010111111110110
000101001101010010
111110010110010101
111101100111110011
111111100100101001
111001111110100100
000101100000100010
111101001011101001
000000111110010110
000001011100001011
111101010100010100
000000110100111100
111110001011011001
111011110001101001
000001010111001101
111111011101111100
000011110010101111
111110001011111000
111011101101010001
000000111001000110
111100011001011101
111011110011110000
111110111000000000
000100101010001111
111110110111111000
000001011110110000
111110001010010000
111110010001000011
000000000101010001
000001111110110100
111101011010101101
111110100101111110
000010100111010010
111110000101110101
000100011101100001
000000000111010110
111111101101110111
000100101000100100
111011111010010001
000010010100011100
000001001111001110
000000100110101011
111100111101010100
000010011111110100
111100110011110011
111111011001011000
000010111001010111
000000000011010010
111101111010010111
111101011010011001
000001000100000010
000000101010110101
000101101000001110
111110101000010000
111110100100110001
111011100101000111
111110000111101100
000000101010100101
111110001111110100
000010000011111100
000000011010110111
111011001101111000
111011110101011111
000101010100101111
111110101101011001
111110000100000000
111110010100000101
111111010101011001
000001011000000100
000010000101110011
111111100110101001
000001100110011111
000000010101100011
111100100100110100
000011011100111011
111110001000011101
111111100100010110
000010001100101101
111111010010011110
000000001101110101
111101001010101101
111110101000101010
111111010011101000
000001101101000101
000000110100011111
000000111000111010
111110111111011011
000000111110110001
111110000010100100
000011110101001101
111110110111110000
000011101100111111
000100001111101110
000000001101110101
000011010001001000
111101001111001000
000010110001011011
111011100001010111
000100111011101011
111110101001000011
111001011010010001
111101111010001001
111110010101010010
000101010100100111
000011100001011101
111011110000000001
000000111010101101
111101010011101101
000001001101111100
000111000001110001
000011010000010100
111010101001111011
111101101001000001
000011011110101100
111110100001000001
111000110101111011
111101101100110101
111001000011101111
111111000011011111
000001010001010100
000001000010011010
000000001110101111
111111000100110011
000000011011011000
000010010000010111
000011010101111100
000001010010110100
111111111011010110
111110110101100110
111011101101110101
000001110010100010
111101111000101111
111101011101010001
000011000111111010
111101110100011011
000011110011110001
111111001110101010
111011110001111110
000010110110011100
000011011010111010
111110011001001011
000001100101000010
111010111110001110
111101101010001010
000001111000111110
000011000101100000
111110100100010100
000010000111001100
000100010100111110
111010011000111001
111110111000001000
111111110100111000
111101111111000111
000001000001100101
000001100111100111
000011110010011100
000001011110101110
111111101110100011
111110111000101011
000010001001010001
000101001001010110
000100000100111011
111100011011011101
111101001111011011
000001101101111000
111010001111001011
000010110000001001
000110011100001010
111101000011010011
000010011000001010
111100000001001101
000011100000001001
000010000111101001
111111100010001110
111101000100001000
111001101111000111
111010111100100010
111100011011101010
000001011011011010
111110111001011001
000000001101111000
111101010011111000
111101000101011010
000010010000101100
000000111010111110
111011100100101110
000001111011011011
111110000110111010
111100000011101011
111110111110001101
111111100111001001
111000100100011101
111100000011101101
000000000101101010
111111011011101011
000101011100101000
111101011111100001
000010111001011000
111010111100110100
000000011011110010
111110100000001100
111111110000101000
111100000000111010
111110101001000011
111110100010010101
000001010011011011
111101101100000000
000001110111100111
111101110100011111
000000011111111000
000000000100000111
000000001101101000
000010011000110110
111110101101111100
000011110110010111
111100110101101111
111110010001001010
000001111011010111
000100010110111000
000110100110100001
000100110101001010
111111101001001111
000011001110111000
111111101010011001
000011100101110010
111110001101010100
111101000010100110
111111011110110101
111101010000011100
111100100010101101
000001001110100111
111000100011000100
000001110100101100
111110111100101011
000000010001010101
111111110111001001
000000110000100100
111110100100000101
111110100110001110
111110100000110111
111000101010001110
111010101000101011
000000110110110111
111101101110101001
000011100001111001
111101010101001011
000010101100110101
000000110010101000
000000110100101100
000010010101000011
111011010100000110
000000010011100011
111100000101111010
111111000110110110
000000100101001110
111101001001011111
000000011011111110
111111000010101001
000100100001000001
000010111010101110
000010010101010010
000000011100101111
111110001011101010
111101010111100101
111100100010110010
111101001111100100
111101011001000101
000001001111110110
000001110110010010
111111100110001010
000001001010010101
111011011111110010
111011001010010001
111101100100010111
000110011011001110
000001010101001101
000011101000011001
111110010111001000
111101010110001011
111100111111000111
111100000100001011
000000110001100100
111100101001010001
111110110111010011
111111010111100100
000010111101111011
111111011011000110
111111011010000010
111100100000100111
111101100000101101
111101111001010000
111100001010111100
111111111011100111
000000100011010011
000011111010100100
111101011010111011
000000010100000101
111110100010111010
111111011111011100
111100110011110100
000000110011110001
000011100101111011
111100110110100111
111111011001110111
000100111001110111
000100011100010110
111110111111010110
111011010110010101
111110010010010010
111101111110011000
111110010010001100
111111100111111100
111101010110010101
111100101000111001
000001001010100100
111110010110010001
000010011011111100
111110010011010010
111110000100110001
111110111010101111
000010100000001001
111111000001110001
111100110111011000
111111000110001111
000000011111110010
000000111000000011
000000101101100001
111100000011110110
111111010001101011
000000001101010000
000000111011010100
111100011111000100
000001000101001101
111111111000101001
111011001000011100
000100100110100101
000010110011110111
111101110101011111
111100110001100000
111100110110100110
111010001110110111
000010001010001110
000010001101100011
000010010111110111
111110010101100001
000010000100000010
000000001110111100
000011001101100111
111111101111111000
000100000010000111
000000011110110000
000000110100100111
000010000011101000
111100011011100010
111111110010000101
111101100001101110
000000110111101111
111101001100001011
000000111001000101
000000100001100101
111111111000000010
111101101010000000
111110111111100001
111111001010010001
111100001101100010
111101110101110000
000000000101101111
000100010000000110
000100010100011110
000011011001000110
111111000000100011
111110100110011011
111101001011110010
111111100111111001
000001110010110001
000001110010010001
111100110101011000
111101110110011010
000001111000100101
111110011001010111
000010001100011110
000000010101011000
111111011001111110
111111100010101100
111111011001010001
111111010101100111
111011100010100001
000011000110010001
111110010111110001
000000000001001010
111110110111010011
000010110000011010
111100100010000011
111111010101110001
111101100000010000
111101001011000010
000001101100001011
111110000111100000
000011000110001011
000010111111111000
000001100110001010
000011000010011000
111100011000110111
111100011010111000
000000110111010100
000000100000010001
000010110111110101
000011100101010110
000001101000100110
111111110100010100
111100111000100011
000010010111010001
111101110010010111
111101101100111110
110111011000110100
000001000011000110
111110110010110100
111110101101010011
000001010010010001
111110111010101000
000000101010100011
000010111000100110
000001001111000100
000001011101101101
111100100000010100
111100110111101000
000000110000000101
111110010010100100
111100001101111011
111111111110100011
000000001111111001
111111011001100111
000011000100001110
111110110010001100
111111101101111000
111100111010001111
111110101110011010
111011100101101100
000001000100000111
000000010110101011
111101101000111111
111111100110011100
000011010000001011
111110110010110010
111101011111011110
000001110100100010
111101111011101100
111110010101001101
111101111010000110
000011010001000111
000001001100101001
111111111110010011
111111100001100001
000000010100000110
111111011010010111
111101111001111110
111100001011000110
111110010111101111
111111101000011111
111110101111110111
111011011101101000
111110001111001011
000000101100101001
111101011001000000
111100001110100101
111010001010011100
111101110001110110
000010110110001011
000000001111100101
111110111111011011
000010101100111010
111011110011010011
000000001111111000
000001101000101101
111101011011100011
000011001101010111
111100100010110011
000000111000010100
111110110000110100
111100111111111101
111111101110001001
000101000110000100
111110011100010010
000100000000100111
111100100110001100
000010000110100011
000000101001110000
000011010001000110
000000001101111110
111110111101100111
111111011001011111
111111001000110010
000001010010110101
111110000000001000
000001100100000100
000001000100000010
111011100101100100
111011101100001100
000000011000001010
000000100101000101
000000000101010111
111011111010110110
111011110111111110
000010101001101000
111111110011110111
111110001110101110
111111100010111101
000000111101010101
111110011110011111
000100110111011011
000010110001111001
111101000011100110
000001101000100011
111010010100110011
000001011011110110
111100111110100100
111110111010100100
000011100110001101
000001101110111100
111110100110010111
111110000000101011
111101100100001010
000011010010001010
111110111110100011
000010001101000111
000100001001010110
111011001100011100
000010010100010101
000100101100001101
000000110101010010
000000110101100110
000001100100111010
111110010101000010
111011110010110110
000100011111000111
111101001010111011
000001111101000001
111110111010010000
000011110110110101
000001101001010110
000000101011010010
111111110101110101
111001001111000011
000000100101011010
000000001000110101
111110110110011000
000011000100000010
000001110100011100
000000110000000010
111101110000010111
111110001001010011
000010001010100110
111111110011010000
000001001010010110
111110001011110110
111111000110101101
111101000011011010
000011000100011010
000000011100010100
111100011011011100
111110101011100100
111111001111010111
111111111100000000
000000110101110001
111111001110011100
000101011100110011
111011001001011111
000010101100100011
111101011100000100
111101100000000000
000010010110010011
111110110101001110
111111100111101101
111110011100110011
000011000011100011
111110100011001010
111011111101001001
000100101101000111
111101010101110001
000000011111110110
000001100001110001
111111101101110101
000000110010111110
111111110011110110
000001000111011100
000011101110010000
000001000110110010
111011101011111111
000001111000011110
111110010010111010
000000110100110100
111111101110101111
000000000000001000
000001100001111100
000011001001110010
111101000000001001
000001000100010101
111100100101110011
111100100111111001
111011110010111010
000010101110110001
111100111011100001
111100111110100000
000001001010111000
111101010111011010
000011110001101011
111101011111001100
000000100110101010
111111000110110100
111100010000110101
000010011011010111
000001011000001111
111111011100110111
000011000011111000
111111101000101110
111110101110011010
000110001011001100
111101111000011111
000000010001001000
111100010100011111
111100111011001000
000000110100101111
000001010110011001
111110111100011000
000001111110010110
000100000010010011
000000000001000001
000100001110001010
000000000001010111
000000001101001011
000010100101110010
111100010001000101
000001011111010110
000010110010010000
111111100101111000
111110010010011010
000001101011101010
111110110000010111
111111000001000110
000000000001110000
111011100100111110
111101100101011100
000000111001111111
111110100000100101
000001100011110110
111110101010110000
111111100000110000
000010011111111000
000000100011010001
111111101101111011
111111011001000010
111111110111010101
111110101000000000
000000111100011100
111100101110110110
000001010011101011
111101010100110010
000001011111000101
111100011000011011
000000111001001100
000000101100010101
111100100100111110
000001100110110000
111111000111101111
000001110101110100
111011010000100110
111110101010100001
000001001011010111
111111011110011101
111101001110110101
000010000011011111
111111001110111101
000011010010000010
000001100001100110
111110011110110111
111111101111011111
111110101111001010
000100100011011010
000000111010111111
111100101000111000
111111011101001101
111011100000001101
111110011000110001
111110000110101111
111110001010010010
111111111011000010
111110100100011001
000000100001101000
000001010011010000
111101000000001000
111101001001011110
000000110101101110
111110111100101010
111100111011001011
111110110111100101
000010011101010111
000001010101101100
000000111100011001
111101011011011000
000000010001101001
111100010100100001
000000001110100011
000001010011111111
111111011100011111
111110000010010001
000011011101101111
000000110001111110
111111101100000110
111111000001100101
111101110110100001
000011000011011111
000010000000111110
111101111001100101
000001010000101001
000011011000100110
000010100010001111
111111111010101001
111111000000001100
000010111100101011
000001011101101000
000010100110001100
000000010101011100
111111110011100110
111111011011010111
111110100000101100
000011001101101110
111111011111001110
000011001000010010
111111110000010001
000010011000011011
111011111110011101
111111100110110001
000000110101110111
111111110000000100
111111111110100100
111101010100111110
111110101111000000
111110110100100100
000001111001011000
111110110101100101
000000001011011110
111100110001101100
111110111101011000
111111111001010000
111111010101101110
000001011010110111
111100000111000000
000000010010100111
111110111000000101
000010001011111010
000001101010010101
111110100110100010
111111010101001110
000001011100010100
111111100001100001
000001101000011011
111111011001101001
000010011111001010
111111001000101101
111101110110110101
111110011001101110
000011010000001100
000010000111011111
000001110000111101
000010000001010101
111101111110011100
111111010111010100
111111101011011011
111110011110010011
000010100000100000
111111100110000110
000000001010110000
111111010101110110
111110001101010001
000011001101111000
000000110100101011
111100101111010110
000001110011110001
111111010110011110
000000111001100110
111111111110100110
000000110000110110
111111001101010001
000010101100010010
000001001101010010
000001110011101010
000000001010001011
111101001011011101
000001001001001011
111111010001100100
000010001000111000
111100100111000000
111110010101010010
000001001010011010
000010010111100001
000011110011100011
111111000010000110
111011001001001011
000000101011111101
000001111000101010
000010110110000111
000010101001000000
111100100000011110
111111000111101111
111110010111010001
111111011011110100
000011011101001010
111101110000110011
111011110011010011
111101111100101000
000001100000101101
111110010011111011
000000101101110000
111101101000101011
111011100001110011
000000101010011101
000100011000000011
000001111001111100
111100111110100101
111101101010011100
000000000101101100
111100110111011010
000000001111111001
000010001110101110
111110010111001000
000000111111010011
111110001111011110
000000010101000100
000010010010110010
000001100001011011
111100101010000000
111101100100011011
000001101001100011
111000011111100110
000011101001100101
000001010001000111
111101010100001001
111100100000110111
111101010111000110
000010101001001000
000001000100100000
000001110111010000
111100010101111000
111111010001110111
000000000000111000
111110111100101001
111111011000001001
000110001001111101
111110100111000000
111101111001011001
111100100101001001
111111010010001011
000000101000101000
000001100101110010
000100000101100110
000000101001111001
111111110100010110
111110111000110111
111100110101100000
000011111101011110
111101101100110110
111100100010110101
111101110010100110
000010110001100001
000010111011110101
111100101001010010
111101101000100000
111000101110001001
111101010010010100
111111001001000101
000001101000111100
111011100100110000
000001011110000100
111011111101110010
000000011000010000
111010010001100100
000000010010100111
111111101101101011
111111010010000100
111111101100110010
000000010010010000
111100110011010100
111111101100100010
111110010100000111
000010001011001010
111100111001011011
111111101101001001
000010010101000111
000000010111110010
111101011011010110
111011001100101110
111011111011111101
111111111011101010
000000011110001011
111100011110100001
111111001110110001
111110111110110010
000010010111111001
111101011101111000
111111111110011101
111110100110000001
111101101001101110
111100111100110100
000000000111110000
111101011000100101
111101100110110110
000101000001111110
111110100010111100
111111010010110101
000011001011110010
000001100011110110
111011101011001100
000001000111101010
000011010110110001
000011010101110010
000000110011100101
111110100100111100
111100101111010101
111101011100011101
000000101011100011
000000110001111011
111111000011000101
000001000001100001
111100110001100100
111110000011100110
111101110000011110
000101000111100101
111011110111010011
111110110110011011
111101101100011110
000000001010000001
111101111011100000
111100100000000111
111010000000001101
001010000011010011
111110000110110000
111101110001000011
111101011111001010
000000100010110011
111110101001101111
000001111101101110
000001100100111101
000100001001010101
000001110101111100
111101001110000010
000001111000111001
000011000100011000
000100001010101001
000101110111010000
111101110111011101
111111010000101111
000001100001001010
111101100011000011
111110010100011001
111101100010010110
111011100111100100
111110110000111011
111100110011111011
000001000001001111
111010011111110011
111111110101000100
000000000000000001
000010011101011001
000010000001110000
000000100101001101
111100100111001100
000010000011101011
000011111101100110
111011111011001110
111101001111100000
000010100001000000
000011110101100100
000000111111110110
111111100101010011
111111000101110101
111101100100010011
000000011010111110
000001001100101010
111101011110111001
000010101100010001
111111110010101000
111010010111110011
111010110001111000
111011100000111110
000011010100000010
111110111100110001
000000000001100000
111010000100110100
111100100100010101
111111001000110111
000001010010011010
111111000111011101
000000001101000111
111111101010110111
000011101100001001
111111011010101110
000001001001001000
000000011010110001
111111001001010000
000100001100001111
111111010110010011
111101111011111001
000010001010110011
111111110110010010
111111011001001101
000011110010010101
111101000101001101
000000011001111011
000010010101101101
000010100010001001
000000100001010111
000100111000001001
000100010001010010
000011011011100000
111101101110000000
000010111111010101
000000010111000101
111111011001110011
000000000000001101
000011001011110100
000011011000001011
000011101000100101
111111110011010011
000010001100101001
111101101000001101
111100011001001000
111111011100000110
000010001100101111
000011000101111011
000010100101010110
000001110000011001
000011001001110000
000000011100010111
111111000101101100
111101110100010010
111111110011011111
111111100010010001
111110110111110111
000011011000111111
111110000011110010
000010110001111000
111100110010000001
111011111110000101
111100110101110101
111101111010101000
111101010011100011
000001001110100101
000001001011110001
111011111010000010
111101001001010010
000001010001110000
000011011100000110
111100001111111011
111101100111001110
000000000111101101
111011110000011011
111110110011011011
000011110000000111
000010000011110011
000110001000111011
000011100000011000
111010101111110111
111011111010110010
000011110111101011
000010011010011110
111101101100100000
111101111010101010
000100000110100000
000001011000111110
000000000000011111
000001000001011001
111100111110011001
111000000110100100
111010111100111011
000001101011100011
000001010101011011
000011100000011100
000010100101001001
111111101101001111
000001110001011101
111111000100000010
000011101000011101
111111001110111000
111101001011000000
000010110010111101
111100000000000110
000011101011001010
111110011000011001
000011010101001100
111101011010010001
000001011011010011
111110000110101000
111110100111001111
000010101001011001
111101010010010101
000000000001011111
000010010001001011
111111110111000000
111111101011101001
000010110001110111
111111100101011010
000000000001001100
000000011001011000
111101001000101110
000001011100000111
000001111011100001
111111100111100010
000001001110001010
111100001101011011
000000110000000010
000000000110000011
111101100110101010
000000101100011101
111111110110001011
111100111000110110
111111000111010100
000010011111110101
111101110110010001
111111011010010110
111111110100001001
111110101111111101
111110000100001010
111101101101100111
111010111000101010
111111101111000011
000000101110110100
000001110000010011
111101110110110100
000001000110100101
111101101100001010
111110101111100101
000011110011101110
111111100010101011
000100101110000001
000000100111001110
111111010011010100
000010000011110101
000010110110010000
111011000011100000
000010001001001010
000000101100101011
000011111110011110
111100011110010111
000001011000100110
000000001100100111
000011000100111110
111111010100011010
000000110011011111
111101010010001011
111111001001000001
000000101001100011
111110101110110101
000001101100101010
000001010110011110
111111000110000110
111100000000111111
000000110011011000
000010000100001000
111101111101011110
000000010101000001
111101101100000010
111101111111000110
000001101110011110
000001100011101010
111100111010100001
000010011011100011
111001011011010010
111100101001100010
111101111110111011
111111010010000110
000001101111111011
111010001000001110
111110110011100010
000001110111011101
000001011101000100
111101110110100111
111101010010100000
111100101011110111
111101010010010011
111111110110000110
111101101000110111
000010001000010010
111110101110011010
111100110001110100
000010010111010110
000100110101111001
111110001100111110
000001111011101000
000001001111110001
000000011001111100
111100111101100101
000000110010101000
111010110110101001
111110111010010010
000010110010010101
000000100110111000
111101000111000110
111111100011101000
000100110010000111
111111111011000001
111010010011010110
111100100101001100
000110000100000100
111011010111001011
111111111111101111
111010011100111100
000011100100101110
111110100101111110
000001011110101001
000001110011111010
111111001100000001
000010000110011111
111001100101101010
000011000111010000
000010110111100011
111010101101011010
000001111101100010
000000110100000011
000010111101111000
111110010100110010
111101100010000001
111110010101001010
111010100110001100
111111011010011010
000001110010001000
111110000000101011
000000011010110100
111100100100000011
111111011010001111
111101011111100101
000000111001010110
111101101111001101
111100000001100101
000001010000101110
000000000010100111
000000001011010100
000001101000010001
000001101101100100
000000111101010001
000001101100010011
111101111010000101
000000011010110011
000010111111100010
111110001001011101
111101100110110101
111110110010111100
000001111011011111
000001101110101110
000001011000000110
111111010010101001
111100011001001000
000010111000101000
111100001101000111
111111110001001010
000000011100100010
111110000000011010
000000101101110011
000000011100000011
000001000000110110
000010011011101010
000010011001100110
111011000011111000
111101110100001101
000010100101101101
111011101010101011
111001110110000101
111111101100111111
111111100100001010
111111011111010011
111110001110101110
111110010110010110
111110000010101100
111110111010001110
000101100011010000
111001101000111101
000001110100010000
111101010111010110
111110101100001001
111110011000111000
111110100100110100
000110000111110011
111110111001111101
000001010000001110
000000000000110011
000000101111100001
000010100101001100
111010001001010011
000001001100010001
000000011001111001
111101111100001011
000000111010110111
000000111111111111
111111011011110001
111110111101010101
000001011001001100
000010000110000001
111110001111000010
111110001101010010
111110111111000111
111101001111111110
111111100101110011
111101100111111000
111111100001001000
000000001100000110
111101011111100110
000001101100110101
000001001100110110
111110000010100101
000011001001010111
000000100000010000
111111100010010101
000001011010101111
111110000100111001
111110101110000001
000001001100101110
000000101110101100
111111111101101111
111111001000001011
000010010100101010
111101001110001001
111110110011011111
000001110101111111
111110100110100111
111100111100111000
000000110011011100
000010000101101000
111011111011000111
000011010011000100
000000000010001101
000000000110111100
000001110110101110
000010010010010010
111110001010101101
111100110100010011
000001110000110110
000000000101011001
000000011011011010
000001000011110010
000010010100111110
000000010001100100
000000110000111011
111111110100001000
111110001010110010
000000011010111001
111111111011010110
111100001101111111
111110111100101101
000010110011110110
111110111100100110
000010100101111010
111111010111110100
000011101000010110
111100100011011001
111111010101110101
000011010001111101
111101110100010011
111101101100001110
000000010100001010
111101110111001101
111111011100111111
111111111111000000
111100100110100100
000010111001111000
111110110101001110
000001001010011111
111100010100110001
000000100010010011
111111100100000010
111100000000110100
000100110101011100
111101101011010100
000001011101110100
111100111101000111
000000111101011010
111111001001111000
111011101101010110
111110110011010000
111110101011011111
000010111010111110
111101111111010111
111101001011000110
000000101010001111
111101001000001001
000010110010110011
000010110110100101
000000011111011011
111100101110110100
111011110111001000
111100100011100011
000010100101011111
000010110101110001
111111000101110000
111110010000011100
000000011001000110
111111110101110001
000001110100001011
000000101110010000
111110011001100001
111111001001010010
000010110111100000
111101000010000101
000001011111010011
111100110101010101
111111011101100011
000011010011111001
111101010011000010
000010100011100011
111111010010101000
111101111100000110
111011001010110110
111100011000111100
000001100100000100
111111000011010011
000000001000001010
000000110110010111
111100110001101111
111100101110001111
111110000101111001
000000010000111110
000000010001101011
111100111001010010
000000110000011000
111111000011101100
111111000100000111
000011011100111101
000001100110011001
000001011111000110
111111101000010011
000000011110011011
000010111011101100
000001100001110011
111101110101010100
111100110111111001
000011000101010011
000000001000000011
111111100000011100
111110001110110010
000001010100011010
111101110000111100
111100101001011101
111111111001001100
000010010011101000
111100100011101001
000010101100001111
111111110110000100
000000100111000111
000000101111001001
111111000100111111
111011011001100111
111110111111111010
111110101110110100
111110110111010010
111101100110001111
111111010111010000
111111010010010011
111111001101010110
111101010101110000
000000011111100111
000000101011111101
000001010010010101
111111100010011101
111101110000100110
000010000100011001
111100100110001010
111101001101110101
000010011110101011
111110000101111011
111101001011110101
111110010000100001
000010101010101101
111111111001111011
000001010000100011
111101001111100010
000011010100001010
111110010110100000
111101011100001100
111110010110011111
111100110101001001
000010111010000011
111100011111011001
111110111011010010
000010010011110110
000001010110101011
000000011011000001
111011110011101010
111110100101001101
111110101101110010
000001110100001111
111100001110101111
111101101100111001
000011001101101111
000010001100001011
000001011110010101
111110100110111101
111111000100100000
000000010010111001
111101101001111010
111101110110000000
111101110101101101
111110111011001000
111110110000111010
000001101010000100
000001110110011100
111100111110000100
111111110001101111
000001001100110111
111101100001110000
000001011000011101
000001011000011000
000011001110101000
000000010001000110
000100001100001100
000010100010101000
111101010001100110
111111010101011001
000001111100110011
000000010011010110
000000010000000001
000000110100111101
111110100100010011
111100010001111001
111101001111100111
000001001100111111
111111111110100100
111111000011011100
111110010001100010
000000010001110111
111111101100111010
111111000000110101
000001000011110111
000000001100011000
000010000110000001
111111110000000001
000011001111110101
000010110110111110
111100111010110011
111101110101111010
111110001100011010
111111000000101111
111110100010000010
111100100010110001
000101101111101100
111101010111110101
000100011101011011
000010001110111100
000001101101110001
111111001110011011
111110101011000000
111101111110100010
111110100010011000
111101000011111011
000011111010010001
000011100110010001
000010101111001111
111101001001111000
000001101111010010
000001010100111100
000001101101110001
000011110101100101
111110111011110110
111111000010110011
111110010101001111
000000010101010111
000001111111111111
000100010101101011
111111101100110001
000010010010010100
000001111100110100
111111000111111011
111111100101010010
111101011111010011
111111010001101101
111110110011001011
000011000000000101
111110011010101101
000010100101000001
111111101101110101
111100000001011101
111111010100110010
000010100010110011
111100000101100001
111111110100001011
000011101111111101
111111111100011011
000000000111101011
111101111111001001
111101110001111001
111101110101000100
000001100010111000
000001100001001010
111111100010001010
000011100011110110
111101010010101001
000001000111011011
000001110010100011
111110101000001001
111110011011010010
111110000111011000
111111111000110000
111101010000111000
000000111011111000
000000111101001001
111101010100111010
000001001010010111
111101111010010110
111110010111110100
000001001111000000
111111111100011100
111100110101111101
000000010010110011
000010001010101001
111100101101111011
000001110000111001
000001101010100000
111110001111110110
000001111000110100
111011101110000010
111111100110011011
000011110110010010
111110010100110001
000011010100011100
111101001001100001
111101010111011000
000000000010110110
000000010000111000
111100110110011111
000001000011111101
000000101010001011
000000011001001110
000010101000000011
000010010100110010
000001111110110100
000000001010001000
111111011100011111
111110010101111101
111101100100001000
111110101011011000
111111100101000100
000000100100000100
111100110111000000
000100000110011111
111110101100001010
111111101011001100
000000100011010110
111110100110101001
000001101011000101
000010110001110001
111111010110001010
000000110000101110
000010110010011011
000001011001111101
111111011100101001
000001001101101010
000010111100101011
111101110111111101
111111110111111101
111011010110101101
000011010001111001
111100010110011000
111111011111000111
111111011100011000
111100111001110111
000010000100000011
111111011101100000
111100100001000110
111101111000101111
000010010000001110
000000101000010011
000000010010010011
111111100010111011
111100110101101000
000100111001011100
111111110100010101
111111011000001110
000011000000100110
000010000100001100
111111111101001110
000011011100011111
000010001110101000
000001010011000010
111110011101110101
111101011100001011
111101100110011110
000000101111101010
000000111011000001
000001110000101100
111100011010101111
000010011111001010
000000111110000011
000000011000010111
111101100010101001
111100110001010000
000000010101000010
000001000001000000
000001101110010010
000010010010000011
000010110101011010
000000111101011000
111011110110000000
000001001110000011
000011100010000110
111111011000100010
111110100001011001
000000111111101100
111111111100011001
111111111100000110
111110101101100010
111011100110111100
111100001000110101
000010101001001111
111010101000000110
111111010011001000
111101001111111000
000000011001111100
111010100100100010
111110110100010011
111100010100100001
111101100101101011
000001100100101100
000011000111001111
111100100011110111
000000101000110011
000001010000001111
111111101110101000
111100100000111101
000001010100111011
111110100000111110
111100011010011001
111100001001110010
111111010011111001
000010011000001001
111100101010000100
111110100101001111
000000000111011101
000001111110010010
000000010111100001
000001001001001000
111111110011110101
111101110001100100
111101001111011110
111111100100000001
111100001011110011
000010011110101111
111101010001001101
000000011100010000
111101000011111011
111110001100011010
000011000111011100
000001011110010110
000000111100011101
111111101010011001
000001010111001010
111101100110000111
111101010101001100
000001101010100000
111101101011100100
111110011010110011
000000111110001111
000001101111010000
000001100111001010
000000010010001110
000001000110011100
000001000110110011
000001110010001000
000011011100000101
111110010100110101
111111110000111111
111101010000111101
111110100001010100
111111101101011101
000000000110110111
000000101111011100
111011110100001011
111110010000011101
111110111010001101
111111100100000110
111100000011000110
111110011011001001
000000111111101111
111111111110110010
111101011110100000
000000101000101000
000011000110001000
000001011110001110
111111100100000001
111100000010001000
111110101110010100
000010010011001100
111110010100001110
111101101010110110
000000011100000101
111111010010100011
000010001001010000
111110011000010100
111101110110010101
111101100011100100
111111011011001111
111111100010100111
000001000110110001
000010010101100101
000010011001101001
111110011010111110
111110101011100111
111110001000111001
111111010100001101
000000011010110011
111101011001001100
000010011110001000
000011000100101010
111110011011010110
000001000110000111
111111111110110111
000010110000000010
111110011011011011
111100111101110001
111101110100010110
111110110010101000
111111111011000111
111110000000100110
111110100111100111
111110011100000111
111111110000001000
111100001011010001
111110101010100110
000000110000001001
000010010101100100
111110111001010101
000010000011111100
000010100010110011
111100111010110001
111111111110110011
000100000101011101
111110001101001001
000011010111111011
000001110111001011
111110011111111100
111111001111110011
000001110101010100
111111010011110010
111110010110010100
111110110011010011
111111000101000010
111111011100011000
111111001111111111
000011011111010000
000100001010101011
111101001101001001
000001001010001100
111100010000100000
111110100100101110
000000000110101001
111111000110101100
111110011010011100
000010110000111101
000001000010111000
000000101110101000
111110011111110011
111101010011101010
111101111001110000
000010001000011101
111101001101010000
111110010100000010
111011101000001111
000010110011110011
000011100001010001
111101110010011110
111111001111111010
000001101100010111
111110000010111010
111011100011100011
000000111000100010
111111011111111111
000010001010101010
000000111110011000
111100111000110000
000000011000101101
000011101011101000
000000000111010111
000100100110010111
000001101111010001
111101101110001010
000001111000111110
111100110100001111
000010110011110000
111110101011100101
111100011111000100
000001011001011101
111101011110000100
111111010000111011
000000110010100100
000010001101000001
111010110100101011
000001001111101011
000000011010101100
111101110011110111
000000011000001001
111111001100100001
111100010100110111
111101100101001010
111010110100000100
000000011110100100
111111011100011011
000010010011110000
111100100011111001
111110001101001010
111111100011100100
111100110110110100
111100100001011110
111110100100110010
111110001100010010
000001100011100001
000000100101010111
111101011010110001
111111010000010000
111111100111001100
111011110010110110
111100000110110010
111101101001001100
111100100100111101
111110010010010101
111111110101111000
111111110011010010
000010001011000110
000011000100011101
111111010000010000
111100001101011001
111111001111010111
111111011011000111
111101011111100101
111111000010110011
111111101100001010
111101101000011101
111100001011000000
111100010010001111
111110100100111010
000010010110111010
111011110111111111
111101001011110100
111110010101001010
111101110101011011
111101110100011010
000000011110100111
000010110111010010
000001110000110001
111110111010101111
111101100000010111
111111111001111000
000011000001001100
111111111011101001
111101011001011011
000011110000111010
111110100001001001
111111110101011001
111100101001100111
000000001001110001
111110101110100111
111111011111101111
111100110110001010
000010111111010010
000010000001110101
000000011101011111
111111110101101000
000010000101110100
000001011011000000
000000011100011101
111111101100111001
111111000100010011
000011001110100001
000000100011110001
111110101011000010
111101110000000010
000011001011110000
111111010101111100
000001000111101000
111111001111110011
111110001001100001
000001010000101100
000010001100100001
111100110011001101
111101111100101100
000001011000111101
000001011111011100
000011110011110111
111010110100101000
000010111011101000
111111101001000101
000001100001000100
000001010001111001
000001000011010100
000000011110010100
111100111110011000
000010101110100010
000000110011010111
000001100010110110
111101001011110001
000011010010111000
000010101000111001
111111111100001010
111111010000100101
111110101001011010
000100001110011000
000010100011110110
111100100111000000
000100111100000101
000011001111010011
111111101010101000
111010100001001011
111100000101101011
111111000110101011
000011100000010100
000011110110001011
000000110100111000
111011010111100001
000011001010100101
000000010101111101
111101010100000010
000001101100110011
000100001000001100
111011011001100001
111110010101011001
000010101000011010
000011000001111001
000010111111100010
000000000101110101
000000101011011100
111110110001000000
111111011111101100
111010011101100111
000001101101110001
000011100000111011
000000001100010111
000010000000001011
111101010110111101
111110110001011010
111100001011011100
111111100110011011
111110100101010001
000010100100101111
111101011001101110
111111100001001101
000010001011100101
111011111001101111
000000100101011010
000001110101010011
000000101110100011
111110101111000001
111101010101000000
000000111001111111
000010111001100110
111111101110100000
000001111111110001
000001000100100100
000010111101111101
000001100110010100
111101010110111101
000001010110111101
000001011100010101
111100100101111101
000001110100001000
000000100010110000
111101000010011111
000001101000000011
000010110101010101
000010011110001011
000010001101101010
000010011010001101
111100010110010000
000010101100001011
111110111001011001
111110011011100100
111101111100001010
000001111110010110
111010110111011011
111100010101100011
000001010110010000
111110100010011001
111011101111100110
111110111001100110
000010101011101100
111111111000011000
000001100110111100
111111000110010001
111110110111110100
000001111110001010
000000000010000010
111111010000010110
111110101111100111
111110001100111101
000010100111110110
000010011110001010
111110100101111000
000011111010010010
111110101001001111
000011010111101101
000011011010010010
000001011010000011
111100101011011011
111110111111000100
000001000011101010
111111000000101001
111110111010111100
111110101111011011
111111110110011100
000100110110000011
111100000111101111
111111000100100011
111111110101101110
111101111001011111
111111110110011101
000000101011011111
111110001011111011
000001000110110100
000000000011001101
000001110101100010
111111101010001011
000001011101111101
000001100011101101
000011011011011111
111110101110000111
000000101101110111
000011001011110101
111100100001001101
111101100100101001
111111000000011000
111111011110101100
111111100001100010
111101110111100001
111111101100100010
111110100100110010
111111001100010010
111110101100011110
000001000110100001
111111111111010100
000010000001010111
000010000011010000
000000101110110011
111101000100110010
000000100100101001
000001111110110110
000010101000100100
111111100101110101
111110101100000011
000000000001110101
000010110010101100
000100010100101011
111101100010111011
111101010000010100
111111010010011100
111101101111011011
000000110001100110
000110001101111001
111110010010001100
111110100100011111
111100101010011101
000001000011011011
000010101100110011
111110010101101010
000000110101001010
111111010110100011
111100011010010001
000010101010001111
111111001101010000
111010111101010111
000010000100010111
000011100110000011
111010100100100110
111101101110110100
000001111001101011
111100110111000011
111111101101010100
000010111010111011
111100010111000100
000001110101001000
111110100011001111
111111001110000001
000011001111000000
000010001101010011
111101110111100101
111110001100011110
111111111111001100
111110000000011111
111111011100001101
000001010101111011
000000111100001110
111011011100101110
111110010001110011
111110011000011000
111101100111010100
111101010111111000
000001111101000001
111110000111010011
111101101101100000
111100001010011011
000000010001010000
111101010011110010
111100101000100001
000001001101010011
000000011000110010
111100011000101001
000001011000110111
111101010101011011
000000011101100000
111100100110100001
000000111100111110
111011100011110101
111110010101000001
111100111010101100
000010101011001000
000000011011100001
000001001011010101
111111110110100001
111011010110101000
000011100110000001
000101101101110110
000000100010111001
000100010110000100
111011010111001100
111101100010111000
111110001100100011
000001000000011111
111111000011100110
111110010000101011
000001010001011000
111011110000000010
111010001101110101
111011101101100100
000000000010001111
111110110100100101
000000011100110100
111101100000000111
000101001110001011
111110000010111001
111111101111101001
000000100011000111
000000011101110010
111111010101011111
111100100000110000
111011111001111010
000010100100001111
111101100011111010
000010000000011100
111010110011110001
111111101110001000
000010000010111011
000001101011110110
111101010101110100
111010101111101000
000010000000111110
111110011110110001
000000001001000010
111101010101010001
000010010011011010
111100110010000010
000010111000100000
111111000100100111
111111101100110010
111111000000010010
111100110001010011
000000011111000011
000000001111011101
111101011011011111
111111000011000101
111110001111011111
000001101100011110
111100111010001011
000001000111000010
111110001010000011
111110110011001000
111110001001111011
000001001001101111
000001110001100001
111101110110001101
111110001001101010
000010110110101111
111011010100001001
000001000111101000
000001001101011111
111110001011100100
000011101101001111
111101111110010000
111101011100100101
111110111010100000
111101000011101011
000010001010011101
111100000011001110
000000011010110000
111111100111010101
000010100111010110
000001100010100001
111110111010000101
000010100100101101
000001011101110100
000010000100001000
000001111010001001
000001000101110001
111101010101101010
111100000100111000
111110010001000100
111111011000000001
000001100010101011
111111000000001111
111101000011110001
111101001110101000
111101110010101001
000001101101010101
111101011100110101
111100011011111101
111010011100001110
000000001010100010
000001100101100001
111100001100110101
111101100010000110
000010011101111111
000000000100111011
000000011111011110
111101000110010111
111110111001001001
000001011011101100
000000000010000001
111111000010110011
000110000101001010
000011011110010110
111011000101000100
000000001011110110
111010001101000010
000000011001010110
111101101110111110
000010100101010010
111001011010011111
000001000100110010
111111011010010010
000001111111100110
000011110100000100
111100000001010000
000000110001110000
000011101010000010
000011011000011111
000011000001110011
111110100011101110
000001010000011110
000011001110010000
000000001001000111
111100101011101010
111111111100010110
000010000000000111
111111010010101100
000011000101011000
000000010100111011
111011111001110011
111101110011100011
111011111101111001
000000011101111110
000001000100111001
000011011011000101
111101000111110000
111100100000101001
111110011011101011
111111011011111100
111111101011110110
000001110011111101
000000101001110011
111101010111000111
111110011100000101
000000010101100000
000010011000111101
000000111001101111
000010010000000011
000010001110010101
000000110000010110
111001110111111001
111111010100111111
111101100011010001
111111001110101101
111101010000101011
111110101101010110
000000110111100010
000001101010011011
000001010000111000
000001010001100001
000000000110010111
111100101101101001
111111010111110000
111110010110010001
111111001011000110
111110001010011000
111110110110000001
111101010111000000
111110010111111001
000010010000010001
111111100000101000
111110111001111101
111111000100101011
111111000001111101
000010010001010110
111110011011010111
000001010001011000
111100111101110101
111100010110000100
111110110101011001
111111111001110011
000001011110000110
000010101001011011
000001010111110110
000100010000101010
111101110000100100
111111000111010011
111101011101001001
000001101111110011
111111011111111010
111111001000111100
111101111000000110
111101110110101010
111100011110011011
111110010110010001
111111010111001010
111011110010000101
111111011111101010
111101101000110111
000000111001110011
111101011010000110
111110101001011011
000010110010101010
111110101101001010
111011001100110001
000001001110011001
000100001111001000
000011001101001101
111111111010001111
000000000100011001
000000010000000110
000011001010100000
111111101001001100
111111001110111110
111010111011000001
000010000110001111
000000001100001110
000000111010111000
000001010111010101
000001111000000001
111110000011001010
111101101101010010
111101110100101001
000000001101000111
111001100000011010
111100000101101101
111011110101110011
000000000111000101
000000101000011001
000010110011000100
111101010101100001
000000100011101010
111011110001100011
000010110100100110
000000100000001011
111100110111101010
000000000011101100
111011110101111010
000001000000110110
000000001001010001
111111001001110000
000001100000000010
111110001000110011
111101101011001000
000001110000100011
111101111001001000
111110101111111110
000001000101111011
000011100010001011
111111000111111011
000000001100010000
111101011101101111
000000001101111111
111100100101110000
000000000010011011
000000011101010000
111101011100011010
111111001111011111
000000111110110001
111111001001100001
000011101111001110
000000010110111010
111100101100010100
111011101111010110
111101101110100000
111101101011110111
000000110101110101
000000101100001010
000000011111111101
111110101000101001
111111101101100111
000010011101001110
111111011001100111
000001011001110110
000001000111000010
111111111000001000
111110000100111000
111111010010011111
000100101011001100
000011100101110100
111111010011010100
000011100011000011
111001100111001011
000001111110101001
111110101001010110
111111111001011111
111111000101010010
111110100101011011
111111110000101001
000001101011111111
000011101100100001
000000111011100001
000001110001010001
111110100001101110
111111101110010101
000001101101001011
111111000011101100
000011010110101010
000000000111111110
000001011100100100
111110000010110101
000001001100010011
111001110001101010
111111000100010100
111111011000110010
000001010000101011
000000111010110101
111100010011011001
111111000110100110
111110110011001001
111111011000110010
111110111010001110
000010010000100111
000001001010010101
000011100000010111
111100000100000000
000000101011111111
000000111010101111
111110010110011010
000011111000101010
111101011101100001
111100100010110010
000010000100100010
111110100111011110
000000110001000000
000010110110101001
111110010101001010
111101011010010010
000000100000000100
000000010011111101
111011101000001100
000011101110011000
111101101000100001
111111111100000100
000011111000111011
000001101010110111
000010011111000101
111110110101010111
111110001101111101
111111010101110000
111100111010100011
000011101010010110
000000101010010100
000001001000100001
111011100000110001
111111001111001001
000011011110000001
000001100111000100
000000100011111110
111101111101010100
111100011111110011
000100101001001000
111111011001001100
111100100010010001
111001100111010011
111111100001011101
000100000111101010
000001011000111100
111111011001000111
111101010111110011
000010100010011010
000011011100000101
000001100111011110
111110010101010110
111101101101100010
000000110000110011
000011111010110010
111111011011111001
000001010001100110
000100001100010110
111101011010010010
000010101110010010
111110111001000001
111100101001010100
111110000101011010
111101010001001000
111110111111110111
111011100000110101
000010000010100110
111001110110000110
000001111110111010
000010101111100101
111110111001001111
111110100111111101
000001001110001100
111110001010100110
000000010010000100
000011000010100010
111111110011011100
000001001001000111
111110111000010000
000001010100000000
111100010011010010
000011100110000111
000000010011111110
000001100010111010
111110001001101001
000010010011111000
000011010110011011
111111000000011110
111101110010100101
000000001110011110
111010011111110010
000000010100001000
000000011001101001
111101111011111100
000000101110100010
000011111001110101
000011100000100000
111110000110011011
111111000001111101
111101110000010101
000001111101001101
000011011011000100
000010101110010011
000001001100010100
000001011000000011
000001000010000101
000101111101010100
000000000000100010
000001100101100000
111010111111111100
000011001110010011
000011001011111010
111110001110111100
111101111111110011
111110010011110110
000011001110100111
000010100000001111
000010000110100110
111100011101100001
111110110110001110
000000110111011001
111110000010001011
000010111001000101
000101100000111001
111110111011001100
111101110101001010
000000001110101010
000000100110100100
111110110001111101
000010001111011011
111101000000101001
000010011001000100
000000000010110010
111110001100111100
111100101100100111
111101011101000110
111111100111011111
111111010111111011
111101011101110000
000101100100101000
111011110111000001
000000100011111011
111111110100010111
000010000001101101
111010110010111001
000011110001001101
000000011101000110
111101110101010000
111111011000100001
000000101001011010
111111100101010101
000001010101001101
000000001001111110
000001011101011011
000000001011100011
000001111010000011
111011100010101111
111100100111101101
111101110001001000
111111001001111100
111101010111100110
111100100110101101
000001100110101101
111111100011001111
000100001001010011
000010001100001110
000000101011001100
000011000010010001
000000010011100111
000001110111100110
111110110010000010
111101011101011111
111111000100001101
111111101101101011
111111111100010101
111101100110100110
111110100110000110
000000001110010110
111110100110011110
000010000011001000
000001100111001101
000000100010001111
111100111001101100
000010100111110011
111100110000001101
000010001100011010
111111001011001001
111110101011101000
000001001101110110
111101101111101001
000001101111101000
000010111110101110
111111100001100100
111110011111110110
111010111110100000
000010011100011111
000000000100001010
000000110011001111
111100011110011110
111110010011010011
000000000101001011
000000011100101101
000000111011101000
111110110000100101
111110111011111011
111111000110110110
111111011011010001
111010100000000010
000100011101010001
111010111010011101
111100111101101101
000010000001011100
000001100000011111
000000111110010011
111100100000010001
111111110110001001
111010010100000111
111110011010011110
111110100010010100
111101001010001100
111101110000010000
111101101001111000
000001101011101111
111100101011011000
111101111001100110
000000011100011001
000010011010100111
000001110010110101
000001001100000000
111101001001111001
111100111100001001
111101111000011110
000010101110111111
000001011011110000
000010111011111100
000010110110001101
000001111001011110
000010010011000110
111101000000111011
111111111010110010
111101101001000110
111110010001001001
111101001000111111
000001100000101010
111100010110111101
111111010110010111
000001100010010011
111101110110010110
111111000100001101
000001001010011101
111101001101111000
111101010010010101
000011011110110101
000000001000111001
111110000110110000
111110010011001101
000100101001100101
000010001100001111
111011111000110000
000010100110000001
000000011111010011
000100101001011110
000000101001011111
111110110100111100
111101100101111001
111100101001111101
111110001111110011
000001010100000101
000010011101001010
000010100100001001
111110010010111011
111101101100100100
000001110001010000
111010011011110100
000001111001101001
000011001010010001
000001101110000010
111101101010011001
111011011110110111
000000001110010111
111100000111101110
000011100010000100
000010000010110010
000001100000110100
111111101001111101
000000100101001110
111101000010101010
000010011000101110
000001001100101101
000010100011001111
000000100010100100
000010101111110100
000000011110010010
000000000100111011
111110110011111101
111101101000010000
111101001101111111
111101010100111010
111101011110101110
111100001001000101
000010100100111000
111100110100010111
000010101111001010
000010000000111100
111111010010111100
000001111001111110
000100000101100000
111100011011110110
000000010110001111
000001110100010110
000011110000100000
000011000111010110
000001010010111001
000010011110010001
000001100011100100
111100111011010000
000010001100001111
111110110010101000
000011010101111101
000011001111010111
000000010000011001
111111001111110111
111111110011111000
111111010100000101
000010000011000111
000001010001100011
000010001110110100
000010000110010111
111110100011110101
000001001010101011
000011000100001110
000011010110110001
111101111100010001
000001110110010011
000000000001011000
000100111000000010
000011110001000111
000100001001100011
000001010101001001
000011011100111000
111111101001100011
000000100101000100
111111100101010010
000010100101010100
000101101001010010
000001000010110001
000010100000000101
111101111100101101
111111101011011100
000001000100000011
000011000110001100
111101110101110111
111111111011000011
111101011111100100
111100100000010010
111001101101101011
000010011010011011
000000011001011001
000000110111110101
000000010010010000
111110011111111110
111111001011101010
111001110111110011
000011000011001101
000011111010001011
000100001011010001
111101000100111100
111100001100010101
111111111011101100
000001001101100011
000110010011110000
000110011111001011
000010011111101001
111110010011110010
111101010101000001
111000100001111101
111111110001001010
000001011000101111
111111111011100010
000000000111101001
111111011010110011
111110000001111101
000001110010100000
111110000101001100
000001001000111111
111101100000001100
111111101110001001
111101000011001111
111100100111100010
111101110010101000
000000000010111101
000000111101110111
111100010100111011
000010011101100110
000001100000110111
111110001101010000
111101001001001001
111110001110000001
111101000000000101
111100000100001101
111110001110010010
000000011110110001
111110001011010000
111111100101001101
111101100001000110
000010110001111100
111111100100100101
000010001011100100
000000100010111010
111101000110111010
111100111111101100
000001010011101011
111100010101101001
111101101100001000
000010101100000001
000000011111101100
000000001001111100
111101001101010001
000010100000011101
000011101010100100
000001111010100101
111001101110101101
111111000000000011
111111101110111110
000011000011110010
111101110110100101
111110001111111100
111101111110000011
000101010101010100
000000011000010100
000010001000000010
000000011000001110
000011101101100001
000010101011011001
111110100011111011
111110000000011101
000001100010011110
000000011111110011
111011111000010111
000001100100010010
000001001101110001
111101110101111110
111110001111001111
111110011101100110
000000000111001111
111111100101011010
111111111100110011
111001011101101000
000000110010000100
000001100101111100
000000001000111110
111010111011100000
111110010010010101
000011000110011111
000001011010101001
000001100111111100
111110100111001100
000000101110010110
000010110000100001
111101101100111101
111110101000011010
111101111111001010
000000100111011011
111111000101101100
111101110101101100
111101100000110101
000000111011110110
111110011110100011
000001111101001111
111111111111000000
000011001000110000
000011110100010000
000100000100110110
000010100110111000
000010100111100000
000100100011000111
111110000000011110
000000011001110101
111110101110001001
111011011101100010
000001001101000101
000010010101001011
111111110111000111
000001011011001100
111110111111010100
111101100100111111
000001001011001000
000011110101110001
111111010101111011
111110110011001110
111111011111111110
000010101001101000
000000111000011011
000001111000100010
111100011100101011
111111111000110001
000010010011011111
000001010100000110
111111000010111111
111110101011011111
000001010100001110
111111000010111001
000010110011110011
000010110110111010
111110101001111111
111110100000111100
000001000100101001
000010101101101101
000000000100000110
111100001101010101
000100011001011010
111001000011010101
111111001010000000
111100010101100100
111101001100011110
000000101100011101
000001011111000110
000000110011110000
111101011100001111
000011000101100101
111101000101000001
000001001101010101
000011101001001010
111111100001011110
111110010010010010
111100101001011000
000010010011011101
111110100101001000
111111111100011110
111110010000100101
000011101010111001
111011111100001110
000001100111111101
111110101000110101
000001101110011111
111101111011100111
111111101110100010
000000000101100010
111111100100101111
111111000011011110
000001000001100011
000100001111011110
000000001000000011
000100011101001000
111100000000000001
111111000100001111
111011111011001000
000011100000101001
000000010010101100
000010010111001011
111110100000110010
111100111111101001
000000100110000110
000001010011001001
111101000100111100
111101100000100101
111111000001010001
000001011111110101
000010010011000011
111110111111110100
000001100010001001
111111010010110100
111101110110010000
111110111110001101
000001010100101010
111111001111001100
111011100000101000
111111001101000111
111101000010100101
111100101111010101
000010000111101011
111100100100110001
111010100100011100
000000100100110010
111110010010101010
111111100101101011
111111100110100111
111111001101001010
000000000100111011
111111001111010101
000001001110101111
111111101110010010
111100111110100010
000000111101111100
111101101011110111
111100001101110111
000001101101100111
000010000100110110
000011101000110011
000011010100001100
111111010001001001
111110010001101001
111111111111100100
000000011111111010
111100111101101001
111100001100001010
111101111001110111
111111010001110100
000100000001011000
111110111110110111
111110110101000101
111110010111110100
111011010010101110
111110111000100011
000010000000111101
111011011110000000
000000000100111010
000001000011101111
111110100111111100
000000000001110100
000001101000101100
111011101111011011
111110010110000101
000001110111011000
111101010010000101
111110011000000101
111110111001000111
111100101101110011
000000010000100011
000010101111000010
111100110110000011
000001101101010101
111100010010011010
000001111110101000
111101000101010011
111111100110001001
111110110101111111
000000111000000000
111100100111000101
111111101100001000
111111001010001001
000000110000111011
000010111000001110
111111110101111010
000010000000000000
000000001100001001
000011010011110001
000000111000010110
111100110100101001
111110000111101100
111110101100101001
111110010000110010
111101101010010100
000001000101111010
000000111110100010
000001000011110000
111101000001101001
111100101101010101
000001001101100100
111100011000100011
000111000010111000
000000110010111100
111100100111001001
111110101101111111
000010011110110010
111101110111101111
111000101001111001
000101010100110011
111110000110111011
111100000000000110
000001110100000011
000010000111011001
111110101100100101
000000110110111000
111011000110001001
111100010001011110
111110010000101010
000001000101111100
000011001111000100
111110010001001110
111011111001010100
111101001011110101
111100101100011111
000001010000011110
000001101101010110
111110010000100110
111101011110011001
111100000100110011
000000100010110110
111110111010101111
000010001111100101
111100101110111101
000010110000110100
000011100100100010
111101000011111111
111101011100000111
000000000011001001
111100100001010111
000010001100111011
000011001111001001
111111101101101101
000010001111100001
111110001000100111
111100011111001000
111111101101010100
111111011101101011
111101111110110100
111100110110010010
000001100011010111
111011010001100001
000000100110001011
000010010111111011
000001001011111001
111000110101001001
111101001010111111
111111111111000000
000011010111100011
111110100111110010
000110000011100010
000011000011101100
111100111010101100
111101110111110000
111100110011111010
111110111100100110
000110010000011100
111011110011011101
111001101001110000
000000111010001100
111110100000011011
111111110100010011
111110000101000111
111110110111111111
111100110100111011
111110100100111010
111110011000010100
000000101100010011
111110110100111001
000011101101010011
111101101100110101
000010100010010011
111101011100111010
111100101111111001
111010000010011011
111100110011011111
111101011110100111
000010101100111110
000011011101110100
000010100011011101
111111111100101011
111010110011111011
000010001011000010
000011001001001010
111111001110000011
111101001101110101
111101000011010001
111111110011011011
111100100010100111
111110011001001000
111111011111101001
111011001000110010
111110111101000001
000000110100001110
000010011011101111
000000010100101100
111011101111101110
000100011100101110
111100111010001001
000001100011111010
000100001001110111
000011010001000111
000100100111101000
000010101001101000
111011011001110010
000010100101010010
111011101100010110
000101000011010011
111101011000101001
000011010111001111
111001101110001000
000000000101110110
111101101111100000
000001100101111000
110111011001110000
111111011001101000
111111010001000111
000000000111001001
111110001111010100
111100100100011000
000000010000010001
000010100001111100
111110010011000001
111100000011100011
110111100110010110
000011100001001000
111100010111100011
000000001000101011
111100100011110101
000001110110110010
000011010001000101
111100101010100100
000001010100011001
110101111101100111
000000101101011110
111101010111010010
111111000011001000
111111000111010000
111110111010001010
111101001010111001
111010111111101110
111110111001000011
111011011010010000
000011001101110111
000000010001010101
000000001110101100
000001111010011101
111101111111110010
111111000111111110
000010001101111101
111100100000110101
000010001101111010
000001111100110101
000101110101101111
000000110001001010
111101111110111000
111001101111001001
000000000001011101
111101011000010111
111111111101100000
111100101101010001
000001011110110001
111111000111001101
111111100001010001
111111100011000111
111101001101110000
000011110010100101
111011111010111010
000010000000111101
000010100000010001
111010101111101110
111110000001101110
000000001000011000
000101011001011010
000001110000000011
000001010011011111
111101010111001000
111101011111011011
000011110110001011
111111101111100010
111101100110000110
111110010011100001
000011100110010000
111110011100000111
000001111011001000
000001000010100100
000000110100111001
000001000011100111
000001001110011110
000000011010110011
111111001101011110
000100000011000011
111101110010111100
111100100000010011
000000111011100110
111110111000110010
000010010100100011
000001001000000010
111111101100001111
000010010110110000
111011010111100001
111110000011100011
111100011101101000
111111001110001011
110110110011110010
111100100001100101
111100010010101011
111110000000000100
000001011111011100
000100100101011110
111111001010111010
000010111000101111
111111111100111000
111111111001011101
111111100111000010
111111100010101000
000001010101110101
111100001110000010
000001100011010011
000100100010101011
000001100001011011
000011000101000101
111100011100010111
111111111100100101
111110111101010010
000000011001000011
000000100111011110
111100110111110110
000001000101111100
000000100101011000
000101011101001010
000000110111111110
111111011000100001
111111101010100011
000010000011110000
000001111000100010
110110101000110010
111110111010110011
111011100001010101
000010001011100110
000011100001011011
000100111011110101
000010001001010111
111111000110100111
000000000011101011
111011001101000000
000000010000110010
111110110000000000
111110000100010001
000000011011010011
000011110110010111
000001100101110001
000011011000001101
000001111110110000
000001111100010101
000010110111011000
000100100000101100
111100100011111011
111100100100110010
111100101111010110
000000110111010010
000000010011100010
111111110001000010
000011000001001000
000001001110000111
111011011101001010
111110011000001001
111100101111110111
111001010100010100
000011011001010011
000010100111101011
000010011011011011
111111001010000011
000000110011111001
000011101110001000
111011101100110101
000000100011100111
000001000111011010
000000100111000011
111101110110110110
111111010101000000
000100111110010011
000010100010010001
000010110011111111
111111100000101111
000010110100000110
111100001011111110
000000110000110011
000001010011111111
111101100100000111
111110101011011011
111101011110001011
000001111111111101
000010000010111000
000000111001101111
000100001001101110
000001000100001000
111001100100000001
000001010011111100
000000001010101010
111100010000000110
111101101111011000
000001111110111110
000100100000111001
111110101100011000
000001111010000110
000011101100101110
111110111001001001
111101111101101111
111101000000011001
000000010110001001
111111101111001001
000001000001110100
111110010110010110
000011000000110100
111111010001100001
000001000100101100
111101011110000100
111101100100001000
000000011011100001
111100000001011000
000010010110000000
000000110110101100
111101011111011111
000010001000101111
000100101010100110
000011011000011000
000001010001010000
000011011001010011
111100111010111000
000000010011100110
000100110100110101
111111100110010100
111110101110111000
000000100010000100
111111010110110110
000001100111000001
000010111000011110
111010000110111010
000001010111000111
111110001100100001
000001011111110111
000000000001010010
111111001001011011
000011010000111000
000101001010111100
111011110100001111
111110001011111100
111111000101110101
000010110000101010
111101111011100011
000001111000100101
111011011110100110
000001011000110110
111100010001011110
111101101111010000
111100010001101101
111100111000010110
000000111110011000
111110000100100110
111101010101101111
000010001111110000
111111000001100010
000011101110001010
000001000100100101
111100101110000010
000010000100111011
000011000001101111
000001001010010011
111110100001100000
000000001100001011
111010110110100011
111101001000101000
111100011010111011
111101001010010001
000001001100101000
111101010000001100
111101001000111110
111011100000001110
111101111100011000
111100101101101111
111011110110111011
111100101111111100
111011010001011100
111100001101000010
111110110101001111
111110000011000100
111110110001100100
111111100010010101
000001000101110100
000001010110100011
111101111001011010
000001001000100101
111111010011100111
111101101111110101
111101111011010101
000000100011001011
000011100000101100
111111011000011000
000010111101110111
000010010010001010
000100011100010001
000001111100011100
111011101111110011
111110001100010110
111111001101101001
111111000110010100
111101100001111001
000001111110000010
111100000011010101
001000010011100101
000010111001111001
000001001010001000
111110101100100110
000010100010111000
111100101010110010
111100001011011111
000100010000101110
111111110110100110
111110011010001001
111111110010001100
000001001110101101
111010110000100001
000010001100100111
000010101000010100
111101110010001101
000100011100110111
111011101010100000
000010000100110111
111111011000110001
111111001110000011
111110110110000101
111110111000110110
000101011111011111
000001110000010100
111101001111101111
111111001100101001
111101111010001101
000001010110110010
111100000101101011
000110000010110100
000000100110110010
111100010000110101
111010010100101110
111101101111100011
000000100010101110
000010001100010111
111110101111001100
111110111011011110
111110110100110010
000011001011110011
111100110100110111
111010000111110010
111101010000010100
111110000110100100
111111001111000110
000101000100010011
111110010111100010
000000011110110101
111110010100111001
111111010101111100
111111110010010101
000100000111110001
000001001000100010
111101011110101000
111011011010000010
000001011110001001
111100011010001101
111101010100010110
111010110100101100
111100000100001000
111110011101100001
111110101100101101
000000000110110110
111001110001010001
111110110111011011
111111100101011010
000011110001111110
111100100000100100
000010100001101001
111010100111110111
000000010011100100
111100111101001000
111111011000101101
000010001111100111
111100011000111100
000010111010011101
111110110001011000
111110101010011010
000001111010100101
000000001101101101
111101110101010011
111100001100010101
000010001111111010
111111000011111000
000101011000111110
000010001001111101
000001000110110100
000001110111110100
000011000011011110
000010000011000000
111111011111111111
111110100100001011
111110101101011110
000000001110110001
000010011001000000
000011010101111010
000011111000010101
000000111010101101
000000110110011010
000000011100011010
000000000000000111
000010110001100101
111101100110000001
111100000111010101
111111011101001010
000010011110101111
000001101001010010
111100100110101110
000010001010100010
000000000110000011
000101101111010010
111100101100101000
111101000001110000
111110111011110110
111111111001110111
000011000111000101
111101011100010001
111101101111101010
000010100001110011
000011110000110110
111111011101011011
000001000010000110
111110100101110001
000001110101000001
000010100100101000
111101101101100111
111110111100100111
000100011101100111
111110101010111100
111110111010101110
000000010111011110
000010110110101001
111100110111001011
111110010001101001
111011100111101011
111110010101111011
111111110110000110
111110111011000001
000000010111101011
111111000010011011
111101110011111001
000010100101011000
111101011011111000
111110001100001010
000011001011010000
000000010100010101
111101110110011000
111110001001011111
111111001000010001
111100111110000011
111101111100001110
111110100110111011
000001101111011111
111100101100010001
000010010101100000
000001000001011001
000000001011010000
111110010110010011
000010011111100100
111100011101100010
000010101000000111
111101101000011100
111111000110011100
111101110000011101
000001101110011100
111101100001001111
000001110010100001
111110000100011001
000001000011011111
111110111000001011
000010010110110101
000011110111110000
111011000111100010
111100100111100110
000011110111011100
111110000110001010
111111010000100011
111110100011100101
111101000010011001
111100010010111011
111101011110110010
111100100001111001
000000100000001000
111101110010000100
000010100110010001
000001001011101110
000001110110100110
111111111101111001
111110000111000000
111110011100110111
000010100110100001
111011101011101011
111111111011101101
000000101101101100
111110001110001100
000010011111001100
111101010000111100
111110001001101000
111101010111111100
000000011110001110
111101111011100110
000010100000111010
111110111111101011
111110000101100111
111110110000111001
111110001100011001
111111000100110000
111101000101110000
111011101000010001
111101010010010000
000000110101110111
000010110000101101
000100001001100100
111101110011010111
111110100000111001
000010010011111000
111110101001101011
111101011101000011
111111000100001110
000010000111010101
111111000000011111
000010101001001110
111111000001001110
000010000010001110
111111000111111101
000001001011110111
111110010100101001
111101101101000010
111111010011110101
111110001111101010
111110110000010110
111100111010001100
111110010000001100
000001011100111000
000010001111111101
111110110001111001
000100010000000000
000000110110000001
111011101010101110
111111110110010110
111111110011010011
111111010100010010
000010010100111111
111111010000101010
111111011100100011
000010001011111110
000000000100101111
000011010011010000
111101111000010000
111100111011000101
000001101000101001
111111011001100001
000010010000101110
111110101011011001
111111011011111000
000001010001110011
000010010111110011
000001100010011011
111100000110001001
000011110101001001
111111000001000000
000001101000111010
000001001100100001
000010000001111110
111101011101101100
111101101011010101
000000000011111101
111100101110100011
000001111101111110
111100101000101011
111110100011001000
111110001111000001
111101111010101001
000001110010011111
111111011100100111
111111000001001111
000000010011011011
000001110110110000
111110001000111011
111110010000111011
111110101001110000
111110100110110010
111101110100111001
111011101100101111
111101111111100110
000001000001000011
111110110001101010
111100110001000100
000001000100010000
000001000111001101
111101101000111101
000001001101110101
000000001000010100
000010111110101111
000000011001100101
111111010111001111
111101000111011010
000000000111011110
111101100011011010
111100011110000011
000001111000111000
111101100000000010
111110000010000110
000010100100000000
111110011100110000
111011010010001010
000011001011000100
000000111110110000
000001000010010010
000001000000111101
111110101101111100
111110111001101011
111111110001110111
000010000110111100
111111011011010000
111110000110101101
111101100010100101
111111111100011000
000000001110100100
000001010100001010
000001100010101111
111101010101010001
000000011011101000
000001010111100011
000010001111110100
111111110101101000
000010000011010110
000001101111100110
111101001011000100
111101001111011111
111111010011110111
000110011101100010
111101000101011101
000100000110010110
111101110111110110
000000111010001111
000001010001010111
111111010100100010
000000110100000011
111011001111101000
111101011001011100
111101010101101011
000011100010000101
111011011101000110
000100101010101001
111110000001100000
111110011010000101
111011110100101111
000010010101100010
000010100010110110
000100101100111110
000000001011011111
111101001110001001
111011010101000010
111011010110101101
111101010110101010
000001111011111011
111111011000110011
111110001011110000
000010100100011111
111101010001110001
000010100100010010
111010101110110011
111110110111000101
111011101101111111
000001111101001000
111111001001100101
000011001100001110
111101001100000010
000001000101010001
000001100111100110
111100000111110101
000001101100100111
111001001110000110
000000011000101010
000010001111000100
000010001001010110
111110010000010000
000110010011101110
111110101101111111
000000100011001100
000001000100111010
111001111001111111
111011100100000010
111100100000111111
111011111010001011
000010010001111011
111110011100101001
111110010010010111
111111000011111111
111111010011101000
000010001110010000
111111110110001011
111110110000000110
111100010111001010
000000111000001000
111111000010111000
111110111001110001
000110011101011111
111111010100010010
000010101100110111
111100010011111011
000010011001111010
000001101100010101
111011001000111011
111001011101001010
000000010101101111
111100110000011111
000010010101101111
000001111011001001
000010000101000010
111110111100011000
111111000011010001
000011100000001100
000100011010000101
111000100001000101
111010101110001000
000100001011001100
000010000000111010
000010001000110111
000111100101010101
111011101010100100
000010110011011001
111010000111110110
111110111111101011
000000000010011101
111111100100110111
111000011000011101
111110101100110001
111010011111101111
000111100101011010
111111001000101000
000000110001001011
000001011000010000
000100010100001011
000000001010010001
111111100011100000
111111101110011110
000010101101111111
000110011000010110
111100101111010000
000001001101100011
000110101001111100
000001010000110010
000000010001001101
000100100101111110
111101111110110101
111001111000000011
111100001010011111
111110100111001010
111111110101011001
111111101111101110
000010111010011011
111100000010101000
111110100111011110
111011100110111111
111101100100111110
111100101000011110
111100110100001001
111100100110100101
111110010101001101
111110101111111110
000001110000010110
000001011010111100
000000111110111010
111101110000111011
111110100111000000
000001000010110011
000010110100010010
111110110100011010
000001100101100001
000000111100101011
000000101100010111
111111111110101110
000001011010011110
111101011110101111
111110111011011101
111110010111111001
111110010011110001
111111000000110001
000010100011000001
000001101111101010
111101110100111000
000101101110111111
111110010100110010
000001010110011010
000010010100110110
000000011111100101
111101011111111100
111110101110011101
111101100111111101
111110011011000110
000100100011100110
000101111000111100
111110110000001101
000001101101011010
000010010001100000
111111000011010101
000010000010100110
111111001011001001
000101001100101010
000001111110011011
111111100100110100
000010101101000111
111110100010110101
000001000100101011
111011101101011101
111110001010100110
111110001011010100
111110111010011110
000101100011101111
000100010101011011
111110000000101100
111111110100001001
111011001010000101
111100111011111011
000000011000111001
111011000100110111
111101110110111001
111100010011001111
111110111100110010
000000000110100110
000010100000110110
000000111000110001
000000111100110100
000001101011101111
111111011011101100
000001001001001000
000000111000101001
000000010110110101
000001010000111010
000000010000111101
000101000001101010
111101100010110111
111010001110000010
000110011011011011
000001011010101100
000000001100111101
000000011110011101
000011110001100001
000000101001101011
111110011110011000
000001010100110101
111111101101011001
111001000111110110
111011110111100101
111111001101110110
111101011100110001
000010000000100001
111111100101000111
111010110101101110
111111100010001110
111011100111011010
000010100010001000
000001010001011010
111100000111110010
000001001111110100
111111100101110110
000011110101011001
111100010111100001
000000101010001000
111111110011001101
111110011100010100
111100011100010111
000000100101010010
111110111000111011
111111100010010011
000011011001001111
000000001011000010
111100010001001100
111111111100100110
000000011000011001
000001110110100111
000001001111010001
000000101101011001
111100001000010111
000001001111111101
000011100001001101
111101001101110001
000010000101101101
000000001111000100
000011011000101100
111101111101001111
111100010001111110
111101011110110010
000011000111111110
111111101011011100
111110100100110010
000001101111000100
111111000011011110
000011011010111010
111111100001111111
111110111111010010
000001011111100110
111010000000011100
111100101000111010
000010001000100000
111110000000100101
000100101111100110
000000001111100001
111110101111011100
111111011111011110
111101011001101010
000010001001001110
000000010110110001
000001000000010110
000000010001011010
000000110011001100
111111101000010111
000001011011110001
111011110101001000
111111010000001100
000000011101010000
111111100010011001
111010010100011101
111111100111101101
000001000010000010
111110000111111001
000011100001000101
111101100101010000
111100100111110111
111101000110010010
111011101110101110
111110010111000101
000000110001001101
000010010010100101
111110011101001111
111000100010100001
111000110110101110
111111001100100010
111111111010101110
000001001011001101
000001100011001000
111111001101110011
000011100001010101
111011110110111011
111110101010011101
000000110000101000
111110001100011010
111101111011011011
111100101010110011
111110101111110100
111111011111011001
111100100101001010
000001111111011100
000010010110011100
000010001001010010
111111101110101001
111101000010101100
111111011101001000
111000011011100100
000000110011101110
111110101101001011
000010010001111000
000001011011011011
111111100010111000
111110001010100101
111010101110000111
111100101010010100
000000111100011110
000101110110010101
000100010101101011
111110010010000110
000000010010110000
110111010111101001
000010110010000111
000010001111000010
111110001011111111
111101001001000101
111111011101010010
000101000001001010
000000010110011110
110111001011110110
111100110010100001
000010101011000101
111011100101100101
111101010001011011
111000000000001011
000000110000000000
111110110000101010
000000110010110111
111101111101010111
000000100011101001
001001110100001101
110110001001110111
000011110010101111
000000011101011101
111100000110000111
000001111100001010
111111000000001011
000000110001100001
111010101111110100
111011100111110101
111110110010110001
111011011110100011
000000000000001011
000100110001010110
111110001001001011
000001111100010100
000001001000000011
000000011100000011
111111000001110100
111101000101100011
111100010001111100
000000000010111100
111101100011100111
000000010011001111
111101011100001010
111101000111101111
000001110001101011
000010000011101100
000010111100011100
000001111111110010
000100001001001101
000010001100001100
111111000101110011
000011011101101010
111101110111011011
000010011000010001
000000101111100100
000010101111000001
000001111111100011
111111011010100111
000000010100010001
111111010111101001
111100110001011101
000011001110110001
111001011110001111
000001111110100011
111101111011110000
111101101011010000
000010100001011111
000001011100001110
111101111010110000
000000101010111000
111110000101101001
111110110001100011
110111001111001010
000100001000110110
111111110010011001
000001001011110010
000000111000000111
000011100111100000
000000011010010000
111111110000010011
000010111100000010
111010101000001000
000001010100000010
111111010110000101
111100110011101011
111100010111000100
111111010111111001
111101111101000011
111110000000111000
111111111001000001
111001001000110110
000001001000111000
000010100001011010
111111111110101001
111110100100111111
111111100011010001
111110111100001100
111111000110011000
000001110010101010
000000110100101010
000011010011001111
000000001100100110
111110000001111001
000001010111101100
000000100100001010
111110010001001111
111100011111111100
111010110100001011
000000011100000111
111011010010011001
111111001100011010
111011100111000010
000100101010001011
111101010100101000
111111101101111100
111011100011011101
000000101001010100
000010110101001001
111011111101111000
111101110010100001
111100010000101001
111110111100100111
000010101000110101
000011100101011100
000001111100011100
111110101111100100
111101111111111110
000010101000100000
111101111011101100
111110101011110111
000010111101001100
111100100001011010
111100011000111101
000000110111100111
111111001001100111
111110011101001011
000010011110010011
111111100100111110
111010110110000110
000101101110101011
111101001100100011
000000110101011000
000001101111011110
111101101010111100
000011010001001100
000001100101001000
000001110100000000
000001001000110010
111100001000011111
111110111110010011
111101110110100000
000001101111110111
111010101011001010
111101011000001010
111111101100001100
111101001101110100
111111010101100010
111110111000110001
000001110110111101
000000110101101101
000000000110000010
111100111000000100
111110111111001110
111100011101110011
111100000110110100
000000100010011101
000001011010011110
111101100111000110
000000011011100101
000010000001101100
111101001000011001
000001101101001010
000011000000000110
000000010000111001
111100111011100100
000000110111111011
000101011111010111
000010000000011101
000011100110111110
000001010011000000
000000001111101010
000011010000000111
111110110100010010
111111001010000001
111000100111000011
000010110110001110
000000101110011110
000100001010011101
000011110110011000
111110100000111000
111101111001010111
111101001000011110
111110101001101001
111001100001111101
111100111001000000
111011111111010110
000010001011101100
000001100100000010
111110100010111111
000000100001001000
000001010111001111
111100011100011011
111100000001001001
111111100100100001
000001000000111010
111011101011100110
000000100001110010
000001101010100001
000100110000100000
000011100010101111
111110000000010111
000101000100000110
111100100000010110
111110010110011100
000001101100001100
111101000011010010
111010101101000001
000011011100010011
000011000010111000
000101001010000010
000010100111011010
000011001010111101
000010011101001100
111011101001000011
000010001000011001
111110011111100000
111111100010100011
000010000000000001
000001100101101100
000100001011111111
000000010000011010
111101011001000001
000011010101001000
111111010000111001
111100101011000100
000010010010011110
111110000011101110
111111010010000110
111111111101010111
111110110110000001
111111110110000101
000010001101101111
000000011010001111
000000001010001111
000000010111001010
111101001000100110
000010111001110000
111110110001001101
111001111111011010
000000000010000111
111101000011010001
000000010010010101
000000101100011110
000010001110010101
000001111001000101
111111111001111010
111101101001001101
000000010010111001
111101100100101010
111100001011101100
111110001101111111
111111111110111110
000001001000100111
111111011010010100
111101000101000001
111110100010011010
111011000100001001
111101000110110001
000001010101010101
111110110001110010
000010011001011001
111101111000100000
000001010110010000
000011010010101010
111111001110100001
111101101101000111
000010111110100001
111111101101100110
111110010011110011
000001111011100001
000001000100000101
000011100111001010
111111001111100000
111111010000100000
111011000011000110
000000010000111011
111111011101110011
111100111100100010
111111011010110010
000000100011011110
000001011011110110
111111010111111101
000010110011010110
000001001000101001
000001001001110110
111011001010010011
000000001011100111
111111000010011010
000000101101011100
000101110110000110
000010110100101001
000010010010000000
111111010011111000
111110011001111111
111110011011011010
111110101010011011
111101001000110110
000000100001010100
000001010101001010
111110001100111100
000000010101001110
111111011010001011
111101111101100101
111100110000110110
000001100100010111
000011001111000001
000000111010001001
111100000001001111
000100001011100111
111110010101100000
111110111110100010
111111111000100111
111100010001010101
000001000000011011
111110101010111111
000000011100110111
000001000100000101
000000000100011110
111101011101110001
111110000010011011
000000100011101110
111011110011101010
111110001010101110
111110101001001011
111111011101001000
111110100100100001
000001000111011100
111101100011101000
000101111100110000
111101110001100111
000010010101001000
000010011001001100
000000001000001100
111100001010101100
000010100110110011
000000001101011110
111110100000111100
000001110100111110
000100011100110011
000011001010101010
111111000000010011
111011011000101110
000000001110011011
111110101110001001
000000010101001010
000001111011010100
000011001110011110
111101110100011010
000110011011010001
000001011000011001
111110011111100100
111010001001001111
000011011011000111
111110100010110111
000000101011011101
000100000001000011
111110011110000101
000010100011001001
111110111111001001
000100101111101101
111111111110010010
000011110010110011
000001100000010100
111100110000000111
000100111101001100
111100110111110010
111111001010111111
111110111101000110
111011001101101001
111111101001000000
000010100000000010
111110110101101001
000010101100001101
111101111000011111
111110010101011110
000100000001001001
111111001100110100
000001111100110000
000011001110001001
000100100000010111
000010101100101011
111010110110100111
111100011011100011
000101001101111101
111011110001001000
111011011011110101
111111100101101111
111110010110011101
111110111001111010
000000010101010000
111100111100101110
111011010110111011
000010010011010101
000001100101111111
000010111100010010
000001010010110001
111100001010110100
111010111011001110
111101010011110110
111011011100101001
111111101111101110
000000001000011011
111010001011101100
111010011111110101
000010010010000001
111111000100011101
111111110011111011
111101110001010111
111101101111110001
111101001010100110
000000000110000111
111101010100110000
111110011101011111
111100110000000010
000001110010011010
000000101101100110
111000110010000100
111110110100101001
111000111100000010
111110001010000001
111111110000010000
111111001011110100
111011011011111100
111111111111100010
000011100001110110
111110000011111101
111110101111011000
000011011101010111
000000110100100010
111100010101011011
000000001100101110
111110010001110110
000001000000011110
111111110111100010
111101010001001000
000011010001011110
000011001101001001
000011000000111000
000010001001111000
111100101001001100
000001010011011110
111110101111001001
111100111100111100
000100110001001010
111111101111101100
111110010111000101
111111110000010000
111101000000001100
111111011001001011
111111110011010010
000001110101111100
111110010100100011
111101001011111100
111101010010111000
111111111010011101
000011100010111100
111111111110000101
000001000100101001
111100101110000001
000011110001111011
111110000001101011
111110101000001110
000001101101001101
111100110111011000
000011101100010000
111110101101110101
111110000110111110
111100110000011101
111110110011110101
111111011100101111
111101001110001111
000010010000010011
111110001000110011
000000100111001110
000000111000011001
111010111000101011
111111100011010101
000001010111001110
000001111000000101
111011010010001010
111110110100011111
111110011001010011
000010110010110100
111110111001110111
000011100000101100
000001110001110010
111011101111111111
000010010111010100
111110011110010100
111110100001010101
000001110000011100
111101111110111100
000001100101000000
000011001000101010
000000010010001001
000000101111101001
111101011110101011
000000000101110001
111010001111111100
000001000001010001
000000101010011101
000001011101010011
111110100010100101
000000111110001000
111110110010011000
000001010111000001
111110001000001011
111101101010001011
111100010000010110
111110000111000110
111110001100100000
000000011100011010
111110001001011110
000010011110111100
111010101010111010
000001101010000010
111100111111010010
111111011101110110
000010110111100101
111101000110000010
111011110110011000
111100011101011011
111111111000001111
000000011000001100
111011100101010000
111100111011110010
111110011000100011
000010001001000110
111110111011110010
111111111010110011
111100111010011001
111101111000110110
000000101111010011
111111110000011101
000010000111011100
111100000010110101
000010010101010110
111101010010001000
000000011101101100
000001100111011000
111101001001101100
000001000110100100
000010000010010111
000000101101110111
111111101001001000
111111111111101001
000010001001111001
111110001011111010
000000110111100100
000000000001001000
111101101110110110
111110100001111000
000000010100101000
000001100101001011
111101101101010111
111111011101000000
111110100000000111
000000100011110010
111111101110111111
000010010111110110
000001100101111110
111111011000011101
000000010001100010
000000110110100100
000000011111101101
000000011001111111
000010001101011000
000001011110111011
111100110101000111
000001010001101100
111101101111001110
111101100001110101
000010111111101001
111111000011010010
000010011100100011
111011100010001110
000010110101000000
111111011001001111
000000111011000000
000001111011101010
000000110001100110
000001000010101111
111110101100010000
000011101110011110
111101010000011000
000010110110000111
000001001001010000
111110000011111010
000010011101110100
111101100011001111
000001010001011000
000010101101111110
000000001010011001
000001111010000110
111111001001111110
000010000001000110
111110010011111000
000011101011000111
111111010101000101
000001001011000100
111110111001100100
111110010110111110
111111101101011011
000010111100100100
000000010010010011
111110111011100000
000010111110010100
111100001111000111
000010110100011000
000010001101110000
000010011101011011
111100010100011001
000001110110111110
111111001100101010
000010110001110100
000011001111100111
111100001110000000
000000111110100110
111101101110111101
111110000100001010
000011001101000010
111111001111010110
000010010010111010
000001011111110011
000000101010111000
000000100010101000
111011011011010110
000001101100111000
000001110011110011
111100001000101001
000000001010101110
000001100011111010
111101100001011111
111101000010011100
000010100000100100
111111110100011000
000010000000101010
111110111101001101
111110010100101100
000001101100101001
111111110010010001
111111011100010011
111111011000100101
000001001011111011
000010111000010111
000001010100110110
111100111110010110
111110010101000000
000010010111101111
000010110001000001
000001111110111100
111100000101111110
111110000010111101
111110100000000110
111111001011101001
111111101011100000
000001001100101011
111110010010010100
111101000000100100
111101110111001001
111111011000100101
111111000110010110
111101010100100111
000001110001101001
000001010001001011
111101101111110011
111000011101010101
000011000100011101
000000001000011011
000011010001011111
000001111011110000
000001011000110111
000000011011011101
111101001011100001
000011110110101011
000100110000000010
000010000010001110
000000010010111100
111111111100110000
111110000000100010
000000010111100000
000000011101011100
000001101001101110
000000111000110001
000010011000111110
000100101101000100
111111011101100101
000011110101100111
000000010111001100
000010001110101000
111110001100110000
111111000011110110
111111101100110110
000011101101011011
111100111000110000
000010110010110110
111111010001111111
000001001100000010
111110101010110010
000110011010000000
000011010100100010
111101010001011111
111010010011001101
000001001110010111
111110101000011001
111110111000100101
111111011010011111
111101111100010110
000001001101001011
111101101110100010
000001111000110101
111011110011100010
111110011010111001
000000100010111111
000000001110001111
000000010000101010
000000010010010100
000001110010010001
000010010000100000
000000001110100010
111110001001010100
111101101010100101
111111100111011110
111110110111000010
000011100001110101
000001001110100011
111100010100000110
000101001010010001
000010001100111100
111011111001101100
111010111110101110
000000010010100011
111101100101011111
111100110001011110
111100001000000000
000000011011011001
111111011001001100
000001111111000010
111110001011011101
000100100001101001
000010011110010000
111100111100010111
000000000000100110
111111101101001000
000001100100111000
111111001000011101
111100010000011000
000011000100100110
111011110110000100
111101110001100010
000000111011111101
111110010100011000
111110010010100011
111000110000110001
111111001010101000
111001110111011000
000001010011001001
000100000100000010
000001110011111010
000011101100000101
000001011001011001
000000101111111001
000011101111000011
000101000100001101
111111001001111011
111011100101101011
111111111001010110
000001011010010110
000000110000110111
000000110110100011
000000001110010111
000001110011100010
111011111111000111
111100000111100111
111111001011111001
111101100111101011
000001100001010111
111100001111011111
000011010011010100
000111011110111011
111110000100100110
111111110100000000
111110110101001110
000000110001100101
111011100101100101
000010101000101000
111011110010111000
111110111100111110
111110101111010111
111111001000111101
111101000110011001
000110001011111010
000100111110000000
111111000011010100
000010100111010110
111100110001101010
111011111011000100
111110011010101110
111101111010011011
111110111011110111
000100001001001001
000000000101101011
000000000000100101
111111101010111010
111101100101001110
111110111000001000
000010011100000010
111101100111111101
000010000011100111
111011010110100010
000000110111110001
000011100000111111
111100011100001011
111010111110111011
000010000010101011
000010100011100000
111011110111100101
000011100001111110
111111001100101010
111111110000000110
111110101110110001
000011111011110010
111111001111011100
000101000000110010
111100101010010001
111101010001010101
000000011000011011
000000000000010000
000010000101111000
000100010011011100
000011001011011001
111100110111000010
000100001110100001
000001101010111100
111111110011010100
000001110011011100
000001010100001100
111111110110001001
000000111000101111
111011110100110100
111101101000010110
000000100001001011
000011110010010111
111011010000011010
111111000101100011
111110011010011001
111010110110001011
000011101011001010
111111110001101111
000101010110110010
111110110000100111
000001101000001011
111110101011001110
111111110100010110
000001110000101001
111010110011011111
111110011000001000
000001010001110001
000001000110100010
000011110101111100
111111111000010100
000010101001001010
000000010101000000
111011100011100001
111110110101001111
111111110010100111
111100000001000101
111100010111011101
111011110011001110
000000001110001010
111111110010110011
000000110111110101
111100010000010001
000010001110010001
000000100100110100
111101111110100111
111111100010000010
000001011111100101
111110110010111001
111011000110010011
111100010110101100
000011101110001100
000000010111110010
111101001100101000
000000111010110001
111110111101000101
000001010100110000
111010110111111011
000011000101011001
111100001111111001
111111111000101011
000010100011001010
111111010110111000
000010101100010001
111101000101001000
000000100101001101
000000110111100011
000001100011000001
000011001101111101
111010100111011010
111101111001010101
111100011111101011
000001001010000000
000001010011101000
111011011001000111
000001011000101110
111101111110101111
111110001100011000
000010100011100001
000011100010100001
000001011001000111
111100011001001110
000000001010000100
000010000000110011
000010111110001010
000010011010101101
000011001011001110
111110110110010100
000000101110001100
111110010000100000
000011001110010001
111101101010000010
000001111001110110
111110011001101111
111111100001011010
000000111100110110
000001000100001011
000010011000110001
111111100001100111
000001111110101101
000000010001001111
111100011000010101
111101101010011111
111111110000110110
000000110101000101
111101110011111000
111111000110010011
000010001000010010
111110110100001100
000011001000001010
000011010010111001
111101100101000111
000010101011100001
111000011001111100
111101011101111111
000010001010011100
000000011101111100
000001100000101111
111111110111101010
000001000101111111
000000011000101111
000000100111100011
000001011000000101
000000110101111111
000100001000001000
000100101001000010
000001000101010110
111010101101011101
000001100100010010
111100001011100000
111101111100011110
000010111101000110
111110010101110010
111100000011011000
111111110100000000
000001011111110011
000010110111101111
000000001011010111
111101110011000100
111101100011011101
111011111101110000
111010101101011000
111101101000010010
000010010111000010
000000001110000101
000001001101000110
111100010111111101
111110011101110011
111101011010110110
000011000011101101
000000101001100101
000001110011100100
111100101111110000
000100010110101101
111101011110101101
111111000000001001
111101111001101111
000000011000011100
000001101001100010
111011100001110111
000010100111111111
111101101110000010
111101000100000101
000011011011101110
000001100001100101
000001010010110111
000100101011101001
111111111111001001
000000000110110010
111010111100001011
111110110000111010
111100001101100100
111101100101011111
000010110010000011
000010111100110001
111100010000111110
000001010110111111
111011100101010010
000000001110011100
000011100101001101
000110001011011011
111111010010001110
000000111010101010
111100100101101000
111111010110011110
000010100110011010
000001110101000001
111111000001010011
000001010001110100
111110000000011101
000011101011001101
111110101001110110
111001101010000000
000001000010101110
111011010001011001
111010111100101001
111100010101000110
000011010110001111
111010111010111010
000101000100100100
111111100111000101
000000000110110001
000010110000101000
111100111100010011
000101110000000011
111101111111011110
000000000010011111
000000010100000000
000001001110101001
000010011100001111
111101000011101000
000001000000101011
111110101001111111
110111100011000100
111110001010000011
000101010010010101
111111001001100001
000010101011111101
111100100000100011
111100111101110100
111100000010110111
111101001001010011
111010000110101110
111110101101010110
111101010110111010
000010011000101100
111101101010001000
000000111001000001
111111011101001110
000001110010000001
000000011011111100
111100001101110110
111111001110110001
000001110100011010
000001010001010100
000001011100000100
111011001110111100
111110101111000100
111100001001010101
111101111110001111
000010101100010010
000000111010000110
111110100000011010
111011001010000000
111110010001101000
000010110111100011
111001110001010001
111110100101101101
111100100110011111
000000000100101110
000000111100010111
000000011101110010
000010001010011101
111111010011000100
111111111100000111
111100010111000010
111110110100011101
000100111001100110
000011101111001100
000001100001000101
111111100011100101
111110001110011010
000000010111100000
111101010100010001
111111010010000011
111111000111000111
111101110110011010
000010010010111101
111110101001111000
111111010100000111
111111110101010001
000010010000010100
111111100001111111
111000101101010001
110111101000101010
000101011010000101
000111010101000010
111000110111000000
111111011000110101
000010111001011110
000010110100000001
111110111001011001
111110011100010000
000010001001000100
111111001011001010
111111000011110110
111101100100101010
111111100011000110
000011011001111011
111101110011011100
111101101110111100
111011100110101111
000000010001111000
111011110001101110
111111111010111001
111101101100011101
000011011101100011
111101101000101001
000100101100110011
000010010101111100
111001011111011111
111111100010000011
111110101110001001
000010011101010111
000001001101011101
000000010011010110
000000101110000110
000000000011101100
111101101011111101
111011100000011100
000001011001110101
000100011110101110
111111111011001100
000001001001111010
111111101001000011
111110101110000110
000000100111110010
111111011100001111
000011011010000001
111111100000110100
000011011001001001
111101100011010011
111010001011010001
000000101100011100
111100101001001000
000010110100011100
111111010010100000
000000111010001001
000000010100100000
000000100010110110
111111100101100110
111101110110101010
111100101010101001
000100101001000010
111100100010001111
111110011111000000
111010001101001101
111110000000111111
111101010111111100
111110101001111110
111110000111110011
111101100011110101
000010101011010001
111101111010010111
111110011110111100
000010001111001110
111110010101100110
111111011101111001
111101110100001010
000010011110100110
111101011100000110
111110111111001000
000011001010100001
000000100111101001
000000111000000100
000101010011000110
000100101110001100
000000111110011011
111111001111010110
111111000010100000
000011011101101010
111110100110010100
000001100100100000
111110001110101000
000000010001000100
000010110010001011
111110000111100111
000011011110010010
111101110001001001
000001001110001001
000010001010111100
000011101001000000
000001100001111101
000000111011101011
111110010110001011
000000100001011000
111101001000110111
111100101010100001
111001011000110001
000000111010111010
000000010111111111
111110010111110000
111011100000101010
111101100100011101
111111001111101100
000001111010010010
111011000100110001
000001100000110001
111111100101011011
111111010100011111
111001011011110010
000000011110100010
000100101000111011
000101010101110011
000011100111001001
000111100001011111
000000011001111101
111101001111100011
000010010110110001
000101001011101010
111000001000011010
000010000010100010
111111000001110111
000011011000001010
000000101011000011
000001111101111110
111111000100111100
111111000110101111
000010000101001010
111001110111100010
111110011100101000
111111110000101110
000010110001100000
000000110010001001
111110011010110100
000001100010111011
000010100001101100
111111111011110001
000001111010010100
111101000111000010
000001000011101011
111001001011001110
111011010000101011
111010110100101101
000011001001000111
000010111001101001
111100100110011111
111111111110010010
111101100011000110
111111110001110110
111111101100000010
111110011101110111
111101011011100111
111110010100100110
111110110000010011
000100001110100110
111110110011110000
000000011110111111
000000111101011100
000000100101011001
111101100100110100
111100101010111010
000000001001101010
111110111100001111
111101100100110010
111111001010111001
000000011100100100
111110110110110010
000010110100100001
111110001001101100
111100010101011001
111100110000111110
000000010001010010
000001100101110001
111110011001011000
111110011110001000
000000110111110110
000000010001001111
111101111100101000
000010010110111111
111110101010000000
111110011001100011
111100110011001011
111111101111101011
000000011011001110
000000011001100011
111011101111001001
111100110101000110
111100001000111101
000110000100111001
111111000111000110
111011101111001100
111101000011100100
000010000000101011
111101000011101110
111101000001100011
000011000101011000
000011010010110111
000000110001100001
111110110000001011
000010001100111100
000010010101010011
000000111110111000
000001000100011111
000010011001000011
000000100010010011
000000110000011010
111101001111101010
111000011000010101
000010010010101000
111010010011100111
111100110110010011
111110001110011001
111100110110111000
000001010110010100
000000101111100100
111111100100011101
111110110001011000
000001100100010001
000010000001110100
111111001100001001
111100000000000110
000100010000111000
000010101100111000
000010011101110110
000010110100101010
111011001101010011
000001100011001010
111110111100011001
111111000111010100
111110000000001011
111110100100110011
111011100011001000
111111001001100011
000010111010100101
111101010100101100
111100110100111011
111101110111101101
000010011001000001
111100011011010111
111110100010111000
000000101100010110
000010101001101000
000100101111011011
000000001001100000
111111101010110100
000000110001111110
000011001110001011
111111000010111111
111101001011111000
111111001011011010
111111010010000110
000101011100011100
111100101100001100
000000000010010100
000000000001010100
000000011001110001
000010111001111000
111110010010111010
111110101110101100
111101010100000100
000001101100111011
111110110111000110
000101001001111011
111110011001000100
111110101111010010
111111010000110001
111111101001010111
000110010000100011
111110000110101110
111111001000011101
000001101100001010
000000010111101011
111101010101101100
111111010100101101
000011010101011011
111011111000001001
000100001110000100
000001101111001110
111101000100100100
000010010100110110
000000010100111101
111101101111110100
111110010111001100
000000011110010000
111100110000111010
111101010011010110
000000010101111001
000000000100111111
000111011010010110
000010000100111100
000001001100100010
111100111010010011
000101010100010000
111111010111110111
000011001101110101
111111100100000001
000011110010110011
111101010010001111
111100101011111001
111111111011101011
111101100110101101
111101001010110111
111101000101111000
000001101100000101
111001011001111011
000010011011110101
111110110111101000
111111111110001111
000010111101110000
111110000011111001
111010110110001000
000000011100111110
111101010001010101
111110111111001100
111001010111101111
111000110110001001
111111101010101100
000011000111010101
111111100011011000
000011001101101000
000010110110110000
000010001010110001
111110110101001100
111110011110101001
111101000101101100
000100100101100001
111011100110111001
000010000111111100
000000101000001100
111000110101001101
000010110001110111
111100010111001001
111101011010110000
111110111011001100
111101110010111011
111101110000000001
000000001001000011
111111010110111010
111110010011111001
000001010111111010
000111100000100001
000010000010010011
111010001111101101
000001100100000100
000001111100101101
111110000110101110
111111100001010100
000000111110110001
000001001100011111
000010000110010000
000100000011101101
111110011000111001
111100011000011011
111111110101110100
000000101011100101
000001110000101111
000010110000000100
111100100111011101
000010110101110011
111110001000011110
111100101011001110
111100100001011010
111110001110000000
111110101000110101
111100001000010011
000011000011111011
111111111011101111
000010011000100111
000011010000011010
000010110010000001
000010110100000001
111100111010101001
000001100111110000
111111100100111011
000001010101011111
111111000000111001
000010011110101001
000001011000000101
111101101111010101
111100000100010111
000001110100011011
000000000010111101
000000101100000011
000010110100101100
111111000101100110
111111011011111110
111111010001001010
111110010000101000
111101100011010101
111111001101100011
000100011110000001
111110011010001110
111111100001101010
111111010010011011
111100100011010100
000001111100110010
000000001010001110
111110011000101111
111101101111011001
111110001110010111
111110000110101011
111101111011100001
000000110010010010
000001001001101101
000001110011101011
000010111000101011
111110110100001010
111110101000110101
000011011001001000
111011111100100010
000010011011110100
111011100000011101
111111010111001000
000010001001001000
000100110100110001
111110111110111100
111101000101100111
000001011001001101
111100100010100100
000011000101110001
000000001100000011
111100001111001111
111101111011011011
000001110010010010
111100101111101010
000011001000011111
111101101010111100
111101100010011110
000010100011110011
000001000111110000
111111110001101011
111110101111101100
000010100111010101
111100101001110110
000000010100001111
000010011111001100
111111000100010001
111110110000010111
000001001100010111
000000000000010110
111111001110010000
111110001011100011
111101111101010111
000001011011111101
000000110100001000
111100111011101001
000001110010101101
111110100000000110
000000001101011001
111111011001100011
000000100000011001
000000101101011011
000001010011000101
000010010011101101
000010000011100110
111111000111100001
000001010110110000
111101011001011111
111110101100101000
000000111111101100
111111011000000010
000010011101111001
111101001001110000
111110011011010010
111110110000101111
000000000000111111
111111001110111011
111111001100110010
000000011011001001
111110101111111100
000010110111011010
111011011101101001
111111101100101010
000011000100011111
000100110110001100
111101100100011000
111100010010101111
111101011011110111
000100010111100101
000000001001111101
000011010001101101
111111100101010100
111100100001101001
000001100111001011
111111001101000001
000010000001001101
000010011001001001
111101101110000001
111001100011001001
111101010000101011
111111010111100010
111110101100111111
000000011000111010
111101111100111011
000000110101101011
111100110110010011
000011011010011101
111110001100000111
000010011010111001
111111111001011010
000100110001011100
000000011000000110
000001111111110001
000001011010100111
000000000111111100
111110100100101110
000011000010100110
000010100011100100
000001001101111100
000001011000011110
111110001011111011
111110111011101010
111101011101111101
111110000101110001
111100111100011000
111101100000011011
000010010000100101
111100010100011001
111101100011010100
000011010000111100
111101011000010011
111101101110100001
000010110100001101
000010111100000111
111011001110111100
111110000010010100
111110010100011110
000011110000111001
000001110001010010
000000100011000111
000010100010100010
111111111100010001
111110000011101111
111111010101000010
111111111000001111
000011011000010011
000011011011011110
000001111001110001
111101100110101001
111011011011011011
111101000010001100
111110010000100001
111011000110110111
111110010101010010
000011111011001101
111100100001000001
000000010100001111
000010110011101001
000000011001001110
000000110100000111
000000001000110100
111111010001101001
000101101010111000
111111111011010001
000010110100000011
111100111001110001
111100010000011000
000000011100111111
111111011101010010
000000111110001100
111100101110101101
000011001010000010
000011011101000000
000010101001010110
111111001100101100
000010011001100110
111110101001110011
000011000010100001
111010110010101101
111111101101110101
111101101011010011
111111101110110100
111101110101000010
000000001100101011
111111101110101111
111111111010001110
000010000000011011
000110100001001010
111101110111101111
111000111100111111
000100111111011101
111110000100100000
000001001000110111
111101100100000010
000000101001111001
111111011000100111
111111100101101011
000001111010001100
000100110110110001
000100011100010000
111110000011110011
111001010110100001
111001111001011101
111101111110011101
000001001101111100
111110100011010100
000010000001011010
000011101101010001
000100100110101101
111100110010111011
111110010110101011
000001111001100010
000011110000000101
111010010111101011
111110011011011110
111101010111101110
000011101001111011
000000000001011011
111101110101110011
000000001010001100
000010000110100101
000010000010111110
000101010011000111
000001100001101111
000000101110011011
111001101010110110
111010100110101101
000100011000101110
000011110101101111
111101111010000011
000100100100100110
000011001111100001
111111010101001100
111100011001100001
111111111111110100
111101011010000101
111011101111110011
111011000000100010
000010011010100111
000001101011000100
111100101010101110
000011010110000110
111111110111100000
000000111110100101
111100111001100000
111101111111000011
000010100100001101
000010110111011101
111111111111111100
000001010000001011
000000000011000111
000100011101101111
111101111010101111
111101000000100011
111101100110110111
000100111000011111
000100101111110010
111101110011101011
111111111001111111
000011001101010111
000010011001001010
111110110101111111
000100101001001000
000010010001110111
111111110010101110
111000011011110100
000000000110000100
111110001001100001
000000101101101011
000000111101011111
111100010110100000
111001101011001000
000001110110101000
111111010000011111
111111010001001011
111110101000111010
111101011111101010
000001100111111010
111000000110101110
000001110001101011
000101011101111010
111110111011101100
001000010110100010
000010000011010001
000000011001001100
000001110010110011
111101111101110110
111110101000100111
000000010101110011
111100101100110011
111110100000111111
000011101011110101
111011010110011011
000000110011111101
000000110111110000
000001101110110010
000010000100101000
000010111111011010
000001100111010011
001000010001000000
000001001011000010
000100111100110011
000101000011100000
111111101011011110
111111110000100101
111111011110111011
111101100110011001
111110000000001101
000001111101011111
111110000110001100
111111100101000010
000100011100101010
000010100100011101
111111101100110000
000101110111100011
000110010011000100
000001001001011101
111111111110110101
111111010000001101
111111111011101000
000000011100101101
111001110010110100
000001101001111101
111110001010110111
000001001000011101
000001001100110111
000011111010100110
000100001100000010
000001011001010111
000000100000010010
111111011100001001
000100000010000100
111011101100111000
000010001111000100
000010010011111000
000010000011010010
111000101111110110
000001010010000011
111110000000000010
111101001011111010
111111011010101000
111110011110000011
111111011100000011
000001010000111100
111100100010100000
111110011011001100
000100100101010011
111101000101001111
000000101100110000
000000110111111101
000011000110101001
111111101000011010
000011101001101101
000011010010111101
000000101101111001
111111000101011100
111100010101000111
111110010110000110
111101111111100110
111100101111110100
000001111000001000
111110101001101111
000000101010101010
000011110100001010
000101101000000010
000001100100001010
111111000001010100
000001100000000010
000010000000110101
111100100100010000
000010101011010101
111110011111000000
111111010101000011
000000001101001110
000001111001010010
000010111111001000
000001011011100000
111110110101010100
111010111000001011
000000010011001010
111100111011100000
000010001111000110
111111110011000010
000001110010010000
111101101001111011
000011011101000011
111111000010110000
000010111001111101
111111101111110101
111111101001010111
111100000011000001
111100011111001001
000001000111010111
000000110111010000
000001111110111101
111101001010001100
111111100011011100
111100101010011101
000000001100111010
000000101000111101
000000111111111001
111111010101001110
111001001111000011
111010010001100010
111111000011100111
000001001000011101
111101001011011110
000010010110000000
111111001101001100
111111001010110010
111100001000001011
000000011011001101
000000010001101110
111111110000110111
111111110011010001
000100011101111101
000011100000011011
000000011101111001
111100001010010110
000001101100111010
111010011011011000
000000110101001101
111100011000100111
000010010111001001
000011001011001111
000010111110000011
111011101111101110
111110001000111011
111110000000010111
111010101010010110
000011000010101101
000001011100000000
111111111011010001
000010001011001010
111110000101011111
111101011111110010
000100111100000010
111111000001001110
111101100111111000
111110110101010000
111100101110100110
111101111111111110
000011101000111111
000000001010010110
111100111110101111
111100111001000001
000001110000001111
111101100001011001
000100000011101000
111011101000110111
111101010100101100
111100000101010100
000011011000001010
111101010101101010
111111001010001001
000000010011001100
111011011010000010
000101001100011100
111100110101011010
000011111010000001
000010100110010000
111111111010011001
111110000110110011
111110011100001001
111101101010101101
000010011001101011
111110000101011110
111101111011111011
111011111011001000
000000111110100111
111100110100110101
000000100010111111
111101100101010010
000000000101001011
111111000110100011
000001001101001001
111100101010000001
000101111001000110
000000111011110001
000001100000110111
111001110001101110
000011011010101111
111111011110111110
110111111010100001
000100010000001111
111100111011010111
111010010101011001
111110001111010110
000001111001100110
000001011100110101
000000101001010000
111110000011110101
000000110101100100
000011101001110100
111100110011101110
000011111011010100
000000111011001010
111111010111011010
000001111101101101
111110001100111000
111100000011101011
111100111111110110
000000011000000011
111101111010110111
000010000111110011
000000111000100101
000001101011000010
000011000110101010
111110010110110110
000001101001111100
000101111110110000
000000110101100110
111100110011011010
111110110011111111
111111010011110111
000000011011101111
000010110110101001
111111001001011111
000010011111011100
000011110101011101
000001000110101111
111100001011111000
111101010100101000
111111011100001110
111000101100000011
111111110110001001
111111010001011110
000010000011101110
111111000001010100
000001101111100000
111100010001110001
000001110010011100
000000100010011101
000111110100110001
111000110011111100
000010010101000011
111101101101110101
111111110101101001
111100101101000010
111111001101101100
000001111101001110
000011100110111110
111110011111011100
111111010011001101
111010000010100100
000000010111101011
000001011101001100
111100111011011011
111100110001101110
111111010000001111
111111000100110110
111001111010011000
000011111100100100
111111001110010110
111111010101011111
000100101101000110
000000110110100100
111110100000101101
111100000000001000
111111011011110011
111101001111111001
111111010101100101
111101001001101010
111110100101011101
111111100100010011
000001111010001111
111000111011100111
000011001011001111
000010100101100111
000010011110111100
000000110110001101
111100111010111110
111101111001100110
111010011010111100
111111001010000001
111010110000011111
111101110010101100
111001100011001111
111111101110000101
111111011111000111
000000001111111010
111100000011010100
000100000110011101
111011101100100111
000001010100010111
000010000000001111
111111001000001100
000111000000111101
000001010011011000
111000110001000101
000100011110011110
000001000110101001
