000010000011110110
111001011101010010
111101101010010001
000010100111000001
111001111001110101
000001111001001001
000000110100111000
000011101101000011
000101011000111000
000001001100000100
111101011110100101
111010001000110101
000001011101101001
111110111101000010
000000011010011001
111110000101011110
111011001100111111
110111101011100011
111001100010100000
000001111100010101
000001110000100100
111111101011110001
000101100101100110
111100110000000100
000010001011001000
000000100000110000
111110010010001100
000100000011011011
111011100110101011
111111001100111111
111111010101011001
000000010101101010
111110101000110101
111111001101100100
111001000011111011
111111101001110010
000100011011111010
000001111010011111
000011000100011000
111010110000110111
111101111001010110
111111000000000100
111000010010101011
000010011010010101
000001110010000011
111001011000000101
111101011010000000
111100010010101111
000001110011010011
111010000111000110
111101001100001111
111101100101100001
111110001010100100
111101110010010111
000001010011000110
111100010110011110
111011011110111011
000011101010011000
111100100110100000
111010010100111000
111101111100001010
111011110011011011
111110000101000000
111111100100110001
000001100111111000
111001010001001001
111100101011110110
111100101110001110
111000001000010011
000000001000101100
000001000100101000
111111010100001111
000101010111001101
111111101111111111
111101011000111010
111011010101001110
111011001011001010
000101110111101001
111011101111000011
000010100100010111
000100011010110000
000000101111011101
110110101111110111
000000111001010100
000011010111010000
000000100001001000
000000110010101110
000011011100111000
000011001011001100
111001110000000110
000010110001111100
000101001100100011
000000010001100100
000110100000011010
111011100011111001
110110101000001010
000010101001011110
111101101100001110
111111111000010001
000001101100100000
000010100100000100
111100000100000101
111101110011100011
111100011001010101
111110001100000001
111011001101101110
000001011011101110
111101000111101110
000001111011100000
111101010111100100
111110001110000100
111101010100101100
000010100111011001
000000010110100001
111100010100110000
000000010011111110
111100010000000111
000100110111110110
111110100011111101
000001010101011010
111110001000011100
000100100010110011
000010010000011100
000011001010100100
000000001010110011
001000010101110111
111100001110111000
111111101111010111
000000001011010001
111101111001110100
000000000110011000
111100000010000110
111100001100011100
000010010100011100
000001011001000110
111110110100101110
000011000110111001
000100011100001111
000001001010010010
111011101111010101
111101011001111101
111101101111001000
000000010000010101
111101000011100001
110110000100100110
111111101110001001
111110001010011011
111101110100110100
000000000000111011
111010000111001011
111110001101011011
000000011000111111
000010110001010011
111001100001010001
111111011101010001
111100001011111011
000011001101010101
111110011000001001
000010101100101101
111111111011011100
111000110101111011
000000110011110011
000001111111101100
111111000110000010
111010101001111011
111101000011001100
111110111101001011
000001000110100011
000001101111111100
111111100100111001
000000001010000000
000000011100101010
111110011101101111
000001101100001101
000010010000110100
110110010110100101
111110100101101011
111111010010100111
000010010010101000
111101010100101100
111111011010000110
111101100000110010
111001111101010111
111101001001000111
111111010001001001
111101010111000110
111110010111101000
111101001010011011
000011111011110001
000011100110010101
000010100100010111
111011110100101000
000010111001110100
000001010001001001
000001111101101111
000000000001011111
111101011100001111
111100110110011010
000011011011011110
111111000000011111
111101001011101010
111101010001101110
111111101110100110
000010000011001010
111101111001110001
111100111000100000
000010100010011111
000000011111110001
000000101101101101
111101111010011011
111101101011100001
111010100010001110
111100010011000010
111111000100011010
111111111101100000
111100010011111100
111100001011100010
111101110001011100
000100010101111111
111101010001110011
000010100010100000
000010110001110110
000001110101001010
000011111100101001
000011000101011000
111111011111010011
111101100101010111
111011110001110110
000010000011010110
111001110011000101
000001101001100100
111110010111100100
111101010111110010
000011111111001100
111010111001000010
111110110110010111
111110110001000100
111101100101110000
000000001000101001
000001001100000001
000001011101011010
000100001000010100
111011011000111110
111100000001010111
000010101011110011
111101110110010011
111100100010010111
111011110001100100
111010100011011010
111011011110110100
000100011010011101
111001001010110011
111101011010001111
000011110110110001
000000100111101010
111011111111101000
111101100010010101
111010101101101011
111011101011110000
000001110011001101
000010100101111000
111111101111001101
111101010101000100
111110110101001101
000001011011011111
111011010110101001
111011100110000101
111011101010010000
111101111010001101
000010101011111101
000000010110010011
111110101001110000
111110110100010100
000000010100110100
111101011010110010
111101101010011001
000000011101010110
111000110001010000
000010101101101101
000001110011000011
111111011001001001
111011101001001010
111101010110010101
111111011011010000
111110111000101010
000111010010111001
111010111000100101
111110000110100001
000001001001001011
111111011111011100
000010011111011111
111101110001101010
111111100100011011
000000000001100100
000010001010101110
000101111000000010
000100101111111111
111111001000011110
000010001001000011
111110010010100000
110000011111010011
000010100100000101
111101111101011110
000101001010101001
111101100100010111
000011111001000011
111101110000111101
000011111011110011
111101100101000101
110110101100100100
000110111001011111
111110100111101100
000001110111110001
000001111000111001
111111000101010011
111111100111001110
111101101001110110
000110001000010110
111110100111110001
111011100101111001
111010000010100010
111101101101101101
000001101100110110
000010101000111111
000011111001001011
111111111000111011
000100010011000011
000011100101001100
111101010010010111
111110010001100000
000000010100011010
000011000100101010
111010001101101001
000001010000110000
111111001010010011
111010110100011011
000010010110101010
000000010100100111
000011100010010101
000010010011101011
000010001010111111
111001100001011001
111011001000100011
000100010001100111
000001111100001111
111100010110110011
111110100110011100
000011110111111011
000010100000000100
111011011000000010
000110101100110100
111111000011100100
000101011100111010
111011101010110001
111011010101100011
000010010100101101
111011101001000100
000001101000111011
111100001100110010
111101111001100100
111111001001000001
000001000111010101
111110110001010010
111010001011101111
111101100110001101
000000010001000000
111011110000001101
000101110110000100
000000000100111010
111101111011001100
111001101001101010
111111010111110101
000010010110100101
111011110110101111
000011001010111001
111111001101110001
111110010000101101
000000000101101010
111110101101011111
000010000111001001
111100111001011011
000011011100001010
111100100000100110
111110000111100111
111111010011100100
000001110111001100
000010011111110101
000011001010101010
000001000001111110
111110111010101111
000011110100000010
000000010110001101
000010011110000110
000000101000110010
000010011111010011
000100000111101000
111111101111110000
111111101100010011
111110010100011100
000010011100011101
000100111011110000
000000110100110110
111110101011011110
111111001011101000
111010101110111100
000011011010010000
000011001010110110
111110011011000100
000010010001001100
000011101011011101
111111100100000001
000010010011111011
111111001111110101
111100011010111110
000011110001101100
111111100100000011
111110100100010011
000010111001101111
000011110101001001
111011100011111111
000000110011001111
111111101100100111
111111010110001011
000000101011011101
111110001001111011
111111100011101110
000000100100011001
111110101110100000
000000100010111101
000001100101010000
000010000001100010
111010111110110100
111111001010000011
000000001110100001
000010100111011101
111100001100011001
111110100101010111
000001001011010101
111100001111111110
111110000101011100
000011010001010011
111111101010011110
000100111011101111
000011001010011001
000001111011110010
111101001000000010
000101010010011110
111100010000011011
000011101010100000
111001001101101111
111111100001110001
000000000010001000
111001101001110010
111110101100001101
000010100011011001
000100000111111110
000011111010111011
000011001111010010
111011100001011100
111110101000100101
111101001110000010
000010011000110000
111011111100000001
111101011000000000
111110001010001001
111100001111111111
111101111010101111
111111111101001000
111101011100110100
000100001100110100
000100010000000011
111100111010010101
000010011010100010
111110001000001101
000001001011111000
000011011110011011
111100011110001010
111110011011000010
000001100100010100
110100010110111111
000000011111101010
000001110001000110
111110010011100011
111111111011101101
111110001110010011
000100110000010100
111111010000001111
111010101001010100
000010011101010011
000100111011000000
111100001110100101
000010100000110111
000100001101111000
111111010000110011
000100101100011111
111010000001000100
111101111100001001
111011111011010000
111100101110000000
111100010101101011
111011100100100010
000010000001110000
111111001101101110
000001000001100010
111100001111010101
000000110101110010
000000110001100100
111100111010010000
000010000110010100
111010111111001111
111110110010110000
000001000010000010
000000101010010101
000010011010111101
000000001011001111
111101010100111001
000010110100001111
111100111111100000
111101111110100000
111001100100000000
111100000001001010
111100111101110011
111101101001011111
111110001011110000
000001100111110011
111100011011001001
000000110000100101
110101001111011011
111001001110101000
000001000110001011
111101011101001101
111000111010101010
111101100101110101
000010101110011000
111011000110101110
111110010001110101
111101011110010010
111011110001000110
000010011010010000
000010100110011011
000010110010010110
000010000111000101
111001000111110110
111010111011100101
111011010100010100
000000001001000101
111001101111000011
000100110011111110
000111010011001000
000001111100010100
111100110000010010
111100000111011000
111011110010101001
000000001000101010
111111110110001000
111111000101111000
111010100000110101
000010111100010001
000000110010001011
110100100000110101
111101111000101101
111111111000001111
111100111001010000
111110001011000000
110110001100100010
111011001011010001
111010101000011101
000011001000010000
110111101010101110
000000101011111101
000010011101001101
000011001110001110
000011010000100101
111111001100000101
111110110100011000
000010100000100100
000000000000101011
000000010010110111
000010001001101000
111100100011110101
111001010001001101
000010100010011111
000011110010100100
111111101100011101
000001001010110000
000011111110111000
000010011111000111
111101010111001000
000100001001100001
111111111110100110
000000000001000101
111111000110100101
111010001100111100
000100111000000010
000010100011100110
111101101000010100
000100111000000110
000000010101011110
111111001010111011
111111001111111100
000010110101110111
111001011100110110
111111011011100000
111111110000011001
000011111111010111
000010001010100011
000000000010010110
111000101010000100
111110010101101010
000100101110100101
000010110110001100
111110011000111010
000010110111101001
000000111110001011
111110011001000011
000001110100101000
000000000111001100
000010010110111000
000000101110011100
000001111011000001
000001010010011110
000010001011100001
111110111010101010
111100000101111111
000001001111111101
000100011101001001
000000100111111000
000011101111011100
111011111111111011
000011000000110010
111001001100000100
000011110101101000
000000100001001101
000011000010101000
111100011010100010
000001100011110101
111101111111011001
000100000101110011
111110010000010001
111011010110011011
000000001101110010
111101100110100111
111101100001101100
000010000101111100
111100011001001110
111110110010101011
111011110100100110
111100100101011010
111111010001010010
111111000011011010
111110011010100001
000001101110110010
111100101110111110
000001010001101100
000000001011100101
111101000001111100
000010011001000111
000001100000010010
111101010110111001
111101001000100010
000100100011100101
000001101011101110
111110010010001001
111100011000000111
111011111111110100
111101000111110001
111110101000010000
111110101111000101
111111010000011000
000001100011101000
000010011111010110
111111011101100011
000100101010000100
111101000000110100
000010001011001010
111101011100101011
000011100011110010
111100100110100011
111110111100110100
111011011001000101
000011101100001111
000010111010001010
000000000111110000
000010100111001000
000011000100001010
111101111101110110
000000111000110101
111011111100010110
111101100111000011
000001001011001010
000001110100011000
000000001100110101
000011010000001011
000001110011000010
111010011000010110
111111111111000011
111100010111100111
111100011100101001
000010100111111100
111100100110100001
111110100000000000
000010101110011101
000000100000001011
000001000011111111
000000101011111100
000001010111010110
000000011010010001
111101111000000100
111110111001001100
000001111101100010
111111001100011001
111101111101101000
000001001010011111
000011100000010000
111110001100000111
000011001001000110
000001011010111110
000000101001111010
111101011010011111
111010100010100001
111010110001101110
000010100010111010
111111010000110100
111101000011000111
000010010001110111
111110101010011010
111001111110011111
000000010110110001
000100101100011010
111100111010101010
111100100010111100
111111110101111001
000011001011011111
000001001100011000
000100011100111110
111101000100001110
000110001001011011
000010000101011100
111010101100001111
000101001010011011
111111110001100111
111110001011010111
000000110110100101
111111100011010000
000000101101100100
111111000110110111
111001111000111000
111001101001001101
111011011111110111
111100001000001011
111101111011100001
111111001110001010
000101110101010001
111001111011111001
000000011100001111
111111011101000011
000010101111000011
111100000100111010
111111010011101110
111111100101100100
000000010110110100
000101110000011011
000011000100111101
000010111000111110
111010101101010001
111100011111100010
000000001100000010
000101010011101111
111101100111110101
111101111001010011
000010111100100100
111011111110000110
111110011001000000
000000010011110100
000000011001001001
000010000110000111
000011011010111111
111110101001011111
000000100000010111
111111011011111111
000000110010011110
111111011011001110
000001111101011001
000000110011101011
111100001100101010
111110111101110000
111101010011101101
000010010001001001
000100001001001001
111101011000100000
000001010001000011
111101010101001110
000011000001000110
111111100111110001
000000100011100100
111011111111111100
111110001011000000
111010111101111110
000011011110011010
000001000101010011
111111110100110000
111010110010011100
111100010001001101
111011100001101010
000000011000110111
000000010101000000
000011101000001100
000001010111010010
000100001100111100
111110111000000001
110111000100001011
111001000001101110
111001111100110011
111111000110101111
000000011010111111
000010101001110110
000010000111111010
111001111110110010
111001010001101110
000001001110001001
000110010111101011
111100011100110000
000101101001110011
111100101101101100
000001010101000100
111011110110101001
000100010110101010
111110110101101000
111110101011111101
000101111100111111
111110101111000111
000001001000010010
111111010110111011
000001110000111011
111101100100110110
111111100100001011
000001110010011011
111100001101100111
111011001101001100
111011011000011110
111111010011011001
000001110011010101
000001111101101000
000000101111011001
000000111010101010
111110011010000110
111110010101010111
111011100000010000
000001010001011111
111100111100100010
000001000110111100
111101101011001011
111010000111111111
000000101110101001
111010110001011101
000100000010001111
111010110110110001
000011001010010110
111110010101110000
000010011110011110
111110111011100010
000100101111000100
111111011001101001
111111100001001111
000001000100000010
111110011101100100
111110010000011010
000001101011101111
111111011110100111
000100101101000110
111111011100011111
000000110110101011
111101111010011001
000001001001110111
111011111100101000
111111101110001111
111100010100101011
111101001111101101
000011010111100100
000100110101100010
000010011111101101
111011110010000001
111111001110000110
111100010011000111
000001010000011110
111010100110110110
111111110000101011
111010000100110000
111110000100011001
000001011100111000
111111011111011011
111101111111010110
000001010011101111
111011101110001101
111010010111001101
111111100000000101
111101110100101100
000000111100101000
111100011000100010
000000100010001110
000101101101100010
111110101011101100
110111010111010110
111100000000110000
111011000010111111
111101001110110011
000010010010110001
111110110011100101
111111011110011110
000001100000110111
000101111001101110
111101001010001101
111110011000101100
111011100101111111
111111100010010111
111011111000111010
111010111100101000
111010111111100010
111111000101111110
000000101001101000
111001001111101111
111011010110111110
000010100100010010
111111011111010100
000110000010000100
000011110010000110
111111000110000110
111110000100010000
111111010100111011
000100011111100010
111101011101111001
000010100110110010
111100100100100010
000001110010101100
111101101010011110
111101000111110000
111110110111010111
000010011000011110
000000001100010110
000011000110110110
000000001110101101
111010101100100101
000001001010101011
110111000000110000
111111001001100100
111111011111001101
000011000100110111
111100001001100101
000011111110001001
000010110110011001
111111000001000000
000010000100101001
111101100101011010
000001000001011000
111110101011100101
111111100010001001
000011000011010100
000000100101110011
000010110100010001
111110111101011110
111001001001110000
111111001100100100
000010101000000100
000001010000011010
000011000000100001
000010111101000101
111101011001110101
111000011110111010
111100110011111001
111011001000011011
111101111010001110
111110100100110111
000110100111111110
000010101010001101
111110110111111101
111101010010000010
000000110000001010
111011110100000101
000001110010010011
000001100010000110
111100010111000000
111001110000010000
111001101110101101
111110100000001011
111101010101010010
000001011101100001
111110101101111111
111110100101110100
000101111101000011
000100111011001111
000011011110110010
111111111011011010
111011111101100111
000000111111000011
111100110011010011
000000111000111001
111111001011001101
000011111000101110
111111110011101111
111111101111100001
000001001010000111
111111110011101011
111111111110000001
000001011010101011
111001100111111001
111111110011000110
000010010110111111
111100010001100110
000001101010101010
000000000111100100
000010111001010011
000001111110010001
000000101111011101
111011001101001000
000001001000100111
000000100000100110
111110110111111001
000000001111101011
111101010110111101
000001010110111100
000000000101001100
000011000110000100
111011100110100100
111001111101111111
000000100110011011
111100011000100110
111110110100100011
000001011111001011
110111111001010001
000011111110100101
111010100010011111
111110000111000011
000011011000011100
111101000101100100
111011110000001010
111000111000011011
000101011000100111
000011100001101100
000010010001100000
000000000011100101
111100000010010001
111111010110000100
111010000000111111
111110100100010001
000010011100010111
000000011010110011
111101100111110111
111011010100011001
000001110010000100
111101001011001010
000010101100001110
000011001101100010
000011110000000100
111111110100011101
000010100101010001
000000101001110000
000010000110100101
111011110100111010
111100011111100110
000001111101001011
111111001010110001
000010000001100101
111110010010001111
111010000000100110
111110011000110101
000010101111111110
111110100011111111
000000001100010001
111111011111000010
111110101100011001
111110010110000110
000001110110011010
111110101011000111
111010001000010000
111011100011010111
111101100100011111
111101001110010011
111101010101101001
000011010100000100
111010111101010000
111101010100101010
111110101110111010
111001100000110110
000000110011001101
000000000111111000
111111100101000010
000000110101110011
000000110100110000
111010001101011010
111010001100010001
000000000010001101
000010000000010011
111010111000111100
000011100011000100
111111010000100110
111101000011100100
000010000010000000
000100000111010110
111011110101011100
000000100110011100
111001001110100000
111100001110000111
000011000001010101
000000110001001000
000100110000111100
000001011010010010
111000110101111111
111111111001001000
111111111101110000
111100011011100011
000001101100000111
000010010011000101
000010011010000101
111001111011001000
000010100000100010
000000101110010111
111011000110111011
000011001110100110
000000001011100110
111011001111001111
000011010010100111
000000100100111011
111100110101101101
000100110011011000
000000001101110000
111101000111111000
111111100000111111
111011011010111010
111100000111101010
111101000011001111
111100011000111001
111110010010101111
000100100000010010
111111000110110111
111101000101111101
111101010011100100
000010000010101100
111010011111111011
000000001001110111
111110111111010011
000001100111010010
000010111000001100
000000011110111100
000011011010100111
000001010101000000
000000111010111100
000010101011100001
111101111010110010
111011101011011001
000110100000111101
000010010000010011
111110011111000101
111000111001111000
111101111010011011
000011001010011101
111000010111011100
111110101101111000
000000001101011101
111101101100001000
000001101110101011
000100110111110101
111111011011001000
111111111101001110
111100110001010111
111100100011001011
111011100110001010
000010011111010111
111011111111000011
111010101001100100
111100010010111001
000010101110101000
111011000110101100
111110011101010111
111101000111000000
111011101101000111
111101110101100111
000011111100100100
111011101101100110
111001111000011000
110111011100000110
000011010010101011
111011101001101000
111101101100001110
111111101010011010
111100010110000110
111111111001010011
000011101010010011
000000001010000101
000000001001101011
111101010101100110
111101001001111100
000010111100001010
111110101010111101
111101110001011110
111101110110100111
000001111101110100
111100100100111000
000010001000000001
000000100111001010
111000110100111111
000000000101000001
111111111100011100
000001110001010100
111100101111001111
111101011110100001
111011001011110101
111011101110111110
000000110000000010
000100000000111011
111010100100110001
000010110011101111
111111111111000111
111110010110100011
111110001100110011
000000100111110110
111101010011111000
111101100000110010
000001011101001101
111100110100001100
111110010010100000
111010111110010001
111101001110111111
000000001111000010
111100101000010100
111100100110100101
111110011111111001
000000000111001000
111111011100100111
111111111101111100
111111111001011110
111110000100110010
111110001000100001
000000110001011001
111100010000010000
000000001010101111
111111101101010111
111101011110101101
000000110100110101
111100001111100111
000001011001001101
111111001100110001
000000011100000000
111110110101101001
000011011111010100
000000000101100101
000011110101011101
111100001101111011
000000001000000001
000001011001101100
000001110000111000
000001101110101101
111101001001001000
000000111101010110
111100001100011011
111101000010110001
111100010101010011
000001100001111100
000011011010001000
111101001111100110
111101101011001111
000010010000011000
000000111100110001
111101101011010000
000000010110001011
000000000010110100
000001110110000110
111111101001000101
111011010111100110
000001001001000001
000010110000111111
111110110010011101
111111100011100011
111101100001110011
111110000110101010
000110000010111011
111101001010001010
111100011001111101
000000001001001110
000000011111110110
111110111100001010
000000110001110100
111100001010001100
111010101100000010
111100100001000000
111010000000101011
000010101010100001
111100000010111111
111111100100010010
111010011101000011
111111010110001101
111101011011101111
111011101100010011
111110010011000101
111110000110001100
111111011101010000
111111001010010101
111100110010111010
111111011011100001
111011010100010110
111110001110001010
000000101110110101
111001101000110011
000001111111110100
111111000111101111
000000111101101110
111100101100111011
111101110010000011
111101000100101101
111110100001000110
000000001011000110
111000001011111000
111100100011010001
111111001001110101
111111101010111100
111101100111101111
000010010010100001
111111010001100101
000000100110100100
000100011001100101
000101011010111111
000111111011101001
000000100110110111
111110101001111011
111101101000110111
110100000001010100
000010001111100000
000011010001111101
111111011100001011
111100000110110111
000001010101011110
111110111000110100
111101101101000100
111100000001111100
111000111001100111
000100000010111010
111100101010011011
000001111011001101
111101100010100011
111111000001110011
111111011010111011
111101111100111001
000100111110000110
111111010001011011
111100111000100010
111101011011000000
000100011001010101
000010010001101101
000001000110011011
000100010001010111
111101111000011111
000011101111110100
111111011110100101
111101001111111100
111111110001010000
000000101011011110
000000001011010011
111010101110010010
000100100001010010
111110111110010110
111100000100010110
111101001000001000
000011101101011100
000010111111110010
000011000111110010
111001110101011000
111110111110110000
111101101101001011
000010101110001011
111111100000100010
000001110011101110
000000101011011000
111110010110111100
111110000101011000
111111011010000001
000001000000110101
111111001011000101
000010011011000000
111011010011010011
000001000010101100
111101110001110010
111000111101011010
000010010011001001
111001111001101111
000000011000100110
111101001101010110
111100110010111111
111100100001010000
111101111111111011
000001101101001111
111111010111100000
111101111110000111
000101010010000111
111101011100011100
000000100011101000
111001010101100010
000000111010011110
111110111010100111
111110010111111010
000001110111001000
111011010101110011
111110011011100011
111010110100000111
111110100000101011
111110111010001100
111110101001101011
000011010010011011
111110011000101010
111110100101100100
111001001110010101
000010010010000011
111101111011100110
000011011111000100
111111110101010100
000000100011011111
000010100010001011
000001100011001011
000000011100001010
000000000001001010
000010000011000110
000010111000010000
111101011011100110
111111101000000010
000010111111011101
111111111100110000
000011110101011110
000001000010011001
111111001100110111
000100011010110001
111001110011100101
000010100010110011
000001100001111100
000000111100111100
111100100010110010
000000001111010101
000011011001100011
111110101100010010
111111111101010110
111001101011011011
111111001011101000
111111100011010010
111001011000101101
111111011001000101
111110001101111000
111110010101000110
000010110001110111
000000110100011111
000001000010111111
111101000010011111
111101000101001010
111110100101111010
000000100101101100
000011001101101001
000000101101110000
111111110111101000
000000011100100001
111100011011101101
000000010011101100
111100101001101110
111111001100101101
111111101101111000
111101001100111100
000010110111011111
111111100100001011
000010100010100111
000011100111001011
111111111110100011
000000011000001101
111101010001100011
111111010111100000
000010011111111001
000011100010010101
111101110001100010
000010000010110110
111101100100101000
000001011000000111
111111010001111000
110111010010111011
000010011000010101
000001000100101110
000000101010100111
000011011001110111
111111100110111001
111110010011001101
111100011010010010
111111101000000100
000001010100000010
111100000001100110
111100110011110000
111100000010000101
000000101100010011
111110010100111010
111110111100000001
111101100100001101
000011011110011001
111110110001100111
000000101001011101
000010100010010101
111001000100010000
111110011101000001
000000000001010011
111100101010001001
000011110001000011
000000111110001101
111001100001110011
000011001000000011
111100111110000111
000000011000011101
111100001111111001
111111011100110100
000001000000010001
111011001000001110
111011010100111101
111111111111111111
111111101011011111
111110101010011010
111010101011001100
000001111001001001
111101000010001111
000000111010011011
111111000011101010
111100000011001001
111101110100011110
111101010010010100
111110111110010110
111101001110011011
111011000100001100
000100000101110000
000000011100100110
111110100011001101
000001101111110010
000000010010111110
000000001000000110
000001100001001110
111010011100111010
111110110000010001
111110110101110100
111110100000111100
000000000000011110
000010110001001010
000001010100101111
000001001000101000
111010001111011001
111100100001011000
111101101011100001
000001101000011011
111111010110000111
111011100000001110
000001111111000111
111111011111110100
111010111101100010
111110011001101001
110101000101101010
111011001111111000
000001000011010101
111111110011001101
111011011110010100
111111111000010001
000000001010000100
111100010010101011
000001001010000001
111100111110000000
000000011100100100
111110100101101000
000000010110111010
111110100011111011
000011100111011011
000000001110100000
110111100100010101
110110111001111000
000011110000000110
000001110001100001
000010001101101000
000100100010101010
000101110000101011
111101001010011010
000000000101100100
111100101110011001
111111110000011011
000100001101110100
111110110000010100
111001100101010111
111110000110001110
000001000010100010
111001100000011111
111110011001010010
111111110111101101
000010101101001011
000000000111010111
110111011100100101
111010001001010111
111100100010001100
111101011000001110
111011001000001001
000110000000100101
000000101111010111
111111011100001000
000000011100011111
111011101010100111
111101111100011111
000100110101100110
000100000110011111
000010101110001001
000011010101100000
111011111110000101
111110010100011011
000000100001110111
111110001111110100
000100001011001010
111101011001111111
000011100111111001
000010100110100000
000011111110001001
000000010111111110
000000001010011111
000100000101110111
000000111111001101
111011010000010001
000011011010101101
000001011001000110
000000011100111001
000010101010010000
000001111100011100
000000110000110111
111111111011001010
000010010001011001
111110100000000011
000000111001000010
111111010000011000
000001110101001101
111110110100100110
000000011111101000
111100010000101111
111011111110110010
000001110100111011
000011001100001011
111011101110111001
000001111101111000
111110100100100001
111110000111001000
000100000101001111
111110010110100011
111110110011100010
000011011000101000
000000001100001111
111110001100010000
111111011100000101
000001101011101111
111011011111010010
000000110100011000
000001001011001100
000010010010001111
000100000110100010
111111010101101100
000001011111100010
111011111100000000
000101100100101001
000001100010101011
111011101101010101
111111011011110001
111111000101111000
111100110011010001
000001100110010110
000010011111000110
111010010101101110
111010011001010110
000000011011111001
000010110111001000
000000101011111111
111110110111110111
000000010001110011
111101101010111011
111110000000100101
000001000101100001
111110010000000001
000000110100111010
111110011111011001
111111101010001011
000000100001011101
111111010110010111
111000011111110011
111111001100100000
111011010001110111
000000000101111001
000010010101000011
000100001001111011
111011010011001011
111000110001000010
000010001111000000
000010000010000110
111110100001011011
111110011010010011
111111011001001110
111111010001011001
111110101000010101
000001011010011100
111101111001110100
111100111010011101
000010100111011110
000001000110000110
111111001100011011
111011110111101010
111111011000011000
111011100100111110
111011000111111110
000011011111001001
000010110111010111
111111110101101011
111101010111100010
111111000011111011
111100011111100111
111111111001010011
111011011011011011
000001000000100000
000000110100000111
000000000111011011
111111100000101111
111110000111001010
000010100101101000
111100101100110010
111101000011100101
111110001011100011
000000000111101110
111111000101010111
000010111111100111
111111101111100001
000010100001001010
111110100000101101
111101101100111000
111110010001000111
000001110101101011
111111100000011111
111010001110110011
111111111011001101
111100111010110010
000011101010111110
000000001011100011
000010010010101000
000000111111000111
111101111000001000
111110110011010000
111100110100000100
000011001100101101
111101111101111000
111111100001110000
111010011000010011
000001001011100110
000001100010111011
111110010100000000
111011000011010111
111100101001010100
111001011110111110
000001100110100000
000010000101011100
111010001000001100
111010101111000110
111100001111000000
000000100100110011
111100101000110101
111111101010111001
111100001111100000
000001110101110001
111010111011001101
111011001110101011
000000100110110101
111101100111111011
111011100100010100
000001100010100000
111101001101010011
000001000101101000
111110011000011010
111101101101001000
111011101100011000
110111110000010110
111101101101000001
000011011101100101
000001101101110101
111111001010101111
000100010101110011
111011100000111111
111110010010101100
000001010110110110
111100001011011111
111101111000011111
111111010100101011
000000100111110110
000000111110111100
000100101011010000
000100001001101111
111101110111101001
000011010100000110
000010101110011000
111101100001110011
111111001111101111
000001000110010010
000010001010001100
000001000010110101
111101100010110100
000001011011110000
000001001010110011
111111001010100011
111111100101000110
111101011010010011
000000111100111101
111110110100011010
000000100100100101
000001000001010011
000010001000100100
000000111110011111
000000011000010100
111101111000010011
111111001000111110
111111000011011011
000000100011100110
000001000110001001
000001000111100100
111110111111000111
000011110010010101
000001010011001110
000001111000110011
111101110100011111
000010001111000110
111011100111111101
111100100000001001
111110100111100100
111110001000110010
111110110011101011
111101100111001110
111101110100011000
111100111110011001
111111000010000011
111111000101110010
000101100000101010
000011000011111110
000000111101000100
111001111111001111
111101110010110001
111110000010100011
111011010101111011
111111111000011101
000110011000110110
000100011110001111
111101101011000101
111100110000011110
000011000000110110
001001000100100011
111101010100110011
000010111111000100
111011001101001001
111100111110010010
110111010100111100
000101000001000110
111111010010101110
111010110110010010
000000000010110100
111111010010110100
111011110010011010
000010110011101001
000000110010100101
000000110001100101
000010001000000111
111101011111000001
000010010111111110
111100110111110000
111100111101000011
111110011100111100
111110100011100000
111110110000001011
111110001010100000
000010101000010000
000001011011101001
000000001001101000
111100111100110111
000010110111000110
111011011101100001
000001110111101001
000010011101110011
000001010000000101
000000010110011111
111100011100110010
000000000010100111
111001110111101111
111101011000101100
111101111000011110
000001000011110101
111101010110110000
000001111101010011
111110101000101010
000001010010110011
111111110010110110
000010010110010110
111110110110000110
111110010000010001
111100100010111010
111001110010011000
111111110000011001
000001001001000111
111110101110101100
111111011110111111
000001101011101001
111101010010001110
000100001110111110
111110100101000100
111111011111111100
000000111001110101
000011001001011100
111110011000010110
000101011111000110
111011011101110000
000000001011100000
111101101111010000
000010111111110111
111100000110100110
000000101000110010
000000101010101011
111010110110110011
111100001100101001
000010010111001110
111101110000011111
111100110110101101
111111001110010000
111101101110001000
000011111010111001
111101111101100000
000011010110101000
000011101100000110
111010010111101111
110110010011100101
000000100011000111
111011111100010100
111011101101001100
000001000011010011
111101001110010011
000100101100100110
111111101101110001
000101100100110000
111001111100100110
000000101010111010
000001001011100110
111110111011001011
111110011111110011
110101010010011101
111000110000011001
111110111100110011
000001010010000101
111010001110000101
000100101101111001
000010011011011010
111101100101101010
000101011011110001
000010001000111001
000000001111111011
111110110010011000
111100110100111000
000001100001110100
111111001010111110
111111010001100111
000001000101111101
000001011011001011
111110110000100000
111101100111010001
000000000011101000
111111100101000110
111111110001110110
000011001010001011
000000011011011111
000010101001100011
000010101011101011
111101001110011100
000011001111101011
111101111010101000
111110101100110010
111111000111010111
111111101011000000
000000011100000010
000001000001111011
000001011101000100
111011001011111100
111111101100110101
111100100110010111
111111100010010001
111011110111110110
000001001011011011
000010010101000101
111010011111010011
111111101101110100
000000001100111100
111101001101011011
000001101101000010
111110110011000011
111110110010100000
111110110110011111
111010010001011010
111011101011110011
111000011101111010
111110100111000000
111110110111000100
000110100000100010
111101010111011000
111111010111111000
111100001101010000
111100001001110110
110110001001110010
111101111000001111
111100110011110101
111101101100101010
111100011110101101
000000011110010010
111100101000011110
111110011001111011
111111100101111001
111110000110110111
111111010001001111
000011001100111101
000000011001110000
111111110111101001
111111001001111111
111001100011100000
000000010011110101
000010010010000111
000010011011101100
000011000001010000
000000011000000110
111111111111010100
000100110000110101
111100000101111110
000000110100111010
000100101101001100
000010100011010000
111110101010111110
111101110001111100
000011111100001000
111011011111101011
000011000010001001
111110101101111011
000100101111101001
000011001000110100
111001001111011110
111110110111100111
000010001110100111
000000111001000100
111100111010010001
111011010000011011
111111110111001010
000011100110010011
111100110001110100
000000111000101001
000010101000001001
111110010100111010
000011011001010001
111011001010110111
000100111010011111
000001001110000010
110001101001101001
111111011101000001
111100000100011110
111101001001010101
111110110101111110
111100010010000011
111101000101111100
111111001111101001
111110110100011000
000010101111110111
111110001001000001
000011001010000101
110111111011111110
000001110101111101
111111011100110110
111111010001111111
000100000010100110
000001000010011000
111101101000000000
111101010101100111
000000001001010000
111110000111101000
111111100000000111
111101000101010011
000011110011011000
111100111100111101
111100100011100110
111111001101000111
000011011100100000
000001000111111110
111001101001111111
000001101100111101
000000011001101111
111010001111110111
111101011100110011
111001111000001100
000001101010100110
111101001111000001
000001000110100111
111011101010100101
000100010100010111
111101010011011010
111010011110000001
000100010000000011
111111000110010011
111001110111011111
111100000101010111
111010000010101000
000010101001101001
000001110100100000
000111011111000001
111110101010010001
000000100101100001
111111101111101110
111010110000010111
111110010100000010
111111101101111101
110101000111101011
111100011000010100
000101001100011111
110111101100110100
111011111000010001
000100111011011101
111101101111011111
111101011110110100
000100100110011110
000011001111000101
000000011100000111
000110110001011001
000010010011001010
111100010011000101
111101010100100111
111110111101011100
111001101011010011
000011011000010011
111111011100101111
111101000111011010
001001100111111100
000000101011101011
111111110111111011
111000111000001111
111111010111010111
111101100010101001
000011010101110000
111011111101011101
111110110010110001
000110110011111010
111000101001111110
111101100111100011
000001011101101101
111111100111000010
111101111110001111
000000101111000101
000001011010101001
111101101000011011
000000101000011110
000000001001110010
111100110010001010
111011011000011011
111101100100010110
111000100010000000
000001001001010101
111111001000010010
111101001101011100
000000000000000110
000101110010001100
111011001001010111
000000101100001110
111101000100100111
111101011100100011
111011110110101111
111110000100101001
000010001111100111
000110111001101111
111111100011110001
000010101011101101
111100001001111010
000100011101110110
000101100101101111
111110110100101110
111001111000000101
111110111101100101
000000001011110101
000000010110100111
111001011000110000
000001100100101101
000000001101111010
110110101111110101
111101000101101111
111110110110101110
000011111010100011
111111010010011011
000010100001110100
000010000000100100
111110110011111001
000001100001101011
000001001010110100
111110111011010100
000100100001110100
000001100011111001
111001100100011011
111011110011000110
000011000001110010
111110111000111100
111001010110101111
111110010001000011
111011110000101111
111101010001000010
000101001100100011
111000100001011011
111000111001010100
111001100110001101
000010001011011000
111010101000101110
111011011101000011
000001101110010001
111000111100110111
000100010101111011
000010101100001111
111111010100011001
000010111001011110
000010001000101000
000010010111110001
111101100010100101
111110000011010001
111110000011001100
000011000001110001
000000100110001110
111011111110101001
000001100001111011
000010110010110011
111001101110001001
000010001100110011
111101111011010001
111110101110100010
000010001111011011
000000101001101101
111010101100001011
111111001101000110
000100001001101110
111110101111011011
111101010010111001
111100011011011111
111110101011101010
111111100010001100
111100111100101111
111101010101101110
111100110001001011
111011001100111110
111011111110011110
111011111000001110
111110010110111111
111100000110001010
000001111011100010
111111101001101000
111111011010010100
111110000110100000
111110010111001111
111111111100101101
000000000001011111
111001100100001011
000100110000011000
000000111001100110
111110100100111110
000010000111111001
111111101100100100
111110100010010101
000010110000011011
000000000101111101
000010100001000001
000000100110100101
000011011001110101
111101010101001111
000001111000000000
111111111011010001
000100001011101010
111011100000110100
111110010100111011
111101011010010101
000000011000011111
000010010111100111
111110101110011100
000000101100011111
111110011110010101
000011000010011100
111011111011111101
111100001100001101
111101010101000100
111010101010011110
111101000010110000
111101010001111010
111101111111101101
111110001001110011
000001111100100000
111010100110010010
111110001011011111
000001101110011001
000000100110100101
111101011001111000
000001000110100101
000001011111110111
000011110000010111
000010110011011111
000000100000011010
000010010111010000
111101110100110011
000100010101011111
000011010011110011
111011000010101100
111011111001110011
111100100110010010
111110111100111100
000011100111111111
111101010010011011
111111111001000000
000000111010010011
111100110111100010
111110010000110000
000000110001101101
111111011001110000
111000001000100001
111101001110001001
111100001100011110
000000000011111011
000110000111001000
111111010100111000
111111011011110001
111101000001110111
111010010000000100
111001101100011010
111110010000101110
111100111100101001
111111110011111100
111111110010110100
000001011100000000
111010000100010101
000001011010101010
000000000110100000
000000010100011100
000000111101110110
111111011001100100
111110100000000010
111100101111101000
111101100001000100
111110001010000111
111101101011001100
000010001001011101
111100100110000100
111101101100100010
111111001000001110
000101011110010011
000010111010111101
000001011011110110
000001001011011000
111110011110001111
000000011110101010
111101010101011110
111101101000001010
000010111010111001
111111011010111001
110101111100111111
000010101001111001
000000010010101011
111011010001111010
111111111000000010
111110001101101010
111110100000110100
000001010111110000
111101010110001001
111110011010101110
111101100011000110
111111111001000100
111111010001101100
000011001100100001
111100100111110111
000101011100000111
110111010010100100
000000001111011010
000001000010010000
111110010110010100
111101010001011110
000001110110001101
111111110001011101
000110010000001011
111111001001110011
000011101000101100
000100101110100011
111110110001110011
111101101011100110
000001111010101111
000011100010100010
111011010101111000
111011110110100111
000001011000101100
000011110001000000
000000000101110000
111000100000110110
111100110100011101
111111101011100011
000011010010000101
000010010110101010
000000111011011011
111101111001101001
111100110100011110
111101100010011100
111011011110101111
000001111100110011
111110111000111010
000100100111001100
111100100111111001
111101110011000011
111111000110000111
110111011100111110
111111000011101111
111010011110111111
111111100010001101
000001110110000000
111111010010101101
111011001111101111
000001110100101100
000011111100101101
000001000010010001
111111011001100101
000010101101100111
111001100111111001
111111011011010110
111110011001011001
111111000000001000
000100100010100111
000101000111100001
000010100001000000
000000010110000000
000000000010001011
111100111011000000
000101001010111100
111111001100001100
111010101000000011
111111001111010001
111111110100011000
111011111110011101
111100110000111011
111110010000000011
000001111111100011
111101101001010101
111100110101011001
111100010111101110
111111100010010111
111110001110001001
000001011001011111
000010000100110111
000010110100101100
111100111000011101
000000000010110101
000101000010010111
111111000110000111
111101000011001101
111101011111010000
000000011011000101
111011001101110100
000010011110111010
110110101010001100
000010111111100101
000010010010000110
000100000010001100
000001011011010000
000010010101101111
111101011110011101
000000111111101101
111101100000101101
111101111010110110
111111011110111001
000000101010110001
111010100011101110
000011011100011101
111110001010100101
111110000111111110
111100100110100111
000000101010100100
111111010111101001
000001010010010000
111011101011010110
111110100111001001
000100011111010111
000010000100000001
111101111001100101
000011010111000011
000010100100000011
111100111011100100
111110011000010000
111100101011101111
000001000000011010
000101101011011000
111011001001001010
111110111111011110
000001000101010000
000011011001100000
000000101011101010
000001000010101101
111101101101000100
111101111110010100
111011101110010111
111111111100000010
111110100101110101
000000101001010101
000000100001010000
111100110110100110
000011111011100100
111110010100100110
111100010101110110
111110011001011100
000000001111101000
000011011110010100
111110100000100100
000011001011101000
111101111011011110
111110010010001011
000000010111000110
000011011000101111
000000001010101101
000010011111010011
111110011110001101
000011000111011000
111011111001100100
111010011000101111
111100001000010110
000101101010100011
111011111110001110
000001111011111010
111110110010101000
111010101001111001
000000011010111010
111111001100101001
111101011001100011
000001010110000111
000011001110100111
111101100011000001
111111000011001101
111011111101110010
111100000001100100
111011010110001011
111011100011001000
111101001100110100
111100001101000101
111110001100100010
111111001101011101
000001001101010001
111101100110111000
111101111001110111
000001010111111101
111101011100111110
111010011010110110
111111110110000000
111111001111011110
000001110111000001
111101101111110110
111011010001100010
000011011001000010
111100011101011111
000000010000100011
111111010100101100
111111100011100010
111111101010001011
000000110000100000
111111011101000011
000000110111010101
110100100001110101
111111101100101101
000101110101110100
111101000110100110
000001101011110111
111110100100100011
000010010110100100
111110001110110000
000010001110010010
111101011111110100
111011010101001000
000001111111010111
111100100111110010
111010100000011011
111011011000001010
000001000001100001
111100101110000100
000000101010011011
111001001001001100
000011010100011111
000000000011111100
000010100000111110
000000101111011000
111110010111010111
111101111110000111
000010011110011011
000010000010011100
111101001110011001
000010100010110110
000010001100110111
111101110101011001
111110011011111100
000100101100100111
111101000010000000
111100110110101100
111000100001011110
000100111010010001
000010111011010100
000100110110111111
000000011001110100
000000001010000001
111100111111000101
000001100101100000
111101100100100001
000010001001111000
000011011001110011
000000111001001110
111110110111110011
000011111010000111
000011111011011110
110111100001111011
111110001101110001
000000100111100000
000011011111011000
000000100111010010
111001000001000100
111011001011111111
111100000000011000
000001000111111001
111001011111100100
000001101110110000
000000010101001011
000010000010000001
000000101011010000
110110001011111101
111110101100111000
000111100001011011
000000110100011001
000011100101011001
111111011001111110
111010100001011001
000001110100101001
111111100010010110
000010100000101010
000011100010000010
000010100010101010
000000010000111100
111111111100010001
000011111011011101
111011110110000111
000000101010111110
000001000110100010
111110100010011001
111001010000111001
111110111000010010
000000010001101111
111110111110101000
111111100001110001
000011000101010111
111111100110111010
000011010010010000
000010100001011111
111011001100111101
000000010001100100
111110000010000101
000000001110111100
000001000000010111
111111001110001110
111100100010001011
111001101010011110
000010010100111101
000000010010000010
000001101011110000
111110111010010001
111111101011011000
111110000110001010
000100011010011010
111100011100111101
000011111100101001
000011011001011111
000010111111110111
111100110110001110
000011010110000110
000000101100111001
111000011100100110
000010001010100000
111111010100010110
111111001111110101
000011100000011010
111100111010001101
111011101011101110
111111001011110100
000010000000101001
000001001010000100
111100000000101001
000011111000101001
111111110101011011
111001110101011010
111011101111000100
000000110010111110
000001001011001010
110110100110010000
000001101100110100
000011100001111011
111111110101101010
111111101111111001
000001001011011011
000001100011010011
111111001010000011
111101111011000110
111101000011100110
111111100110000110
000001000001110001
111100000000001001
000000100110010011
000010100101110000
111111000011110110
000100000110110101
111100000110111001
000100100101100011
000100001001010101
000010010001111011
111111111110100111
111011110101000111
000000011101110110
111110000111101100
111011100001010011
111111101011001111
000010100101101100
111011010110101111
000000010110011101
111110001010111000
111011001010101100
000000010000101011
000001101001011010
111111011100011110
111110110111000100
111111001010101100
000010000000100010
000000111100110111
111111110000011000
111101000010111010
000000001111110001
000010110000111011
000000011101110011
111111100001100100
000010110011111010
000011101100000000
111011010111011011
000001101001000011
111010000101110000
111100111101100110
000011111001111010
000001111010010001
000000101010010011
000010100000100101
000010010001010000
000010101111011100
111111010110111110
000000111010011101
000001011000010111
111100000101010110
111101100001111001
111011110101111000
111011001011100100
111100010100101001
000001111001100110
000011101011111000
111100110111001111
111111100011001101
000000100001010001
000000001100001110
000011010111011010
000001011001111000
000010000010001011
000001000100101011
000011110101100000
111100101010001001
000000001010100001
000001110011000011
111111010010000000
111000101100011110
111111011101100111
000010001001010011
111111011010100110
111010100010100111
111111010110000010
111111011100010101
111101001111010101
000001111111111100
111010100001100011
111110100000000011
111101101010101100
111101110101011010
111101011100011101
000001000111011101
111110110111001100
000000010010000111
111001110100100001
111110000010101000
111101111110101100
111010000111001110
000001000010001101
000000100110111110
000010001001111001
000010100111111111
111111011101010011
111111100011110100
111110011100000100
111101000110000010
111111001111110000
000010000100111011
000010110101101001
111011000001001010
000010011111110001
111101101000111000
111111000010100010
000000000001100010
111101011100110101
000010110100110100
000001000100110100
111110011010010101
111011001010111100
000100001000001011
000000100010001010
111010110010000011
000000111101110100
111101010101001001
111111001101001100
111100101001110101
000011001110010110
111111101010101000
111101001111101101
000000101111001101
000000001000011010
000010001001100010
000001000110100011
000000010111001010
111100011111110110
000001010100011111
111111010011100101
111110000100001101
111101111111100111
000000000111010000
000001000000000000
000000001000101111
111100111011101000
000001101110100101
111110100101100110
000011111010110000
111011101001101100
111111011000100111
000010110011001010
000100110101001001
111100100100110101
000001101000010101
000010000011110010
000000000101010010
111001111111111100
000000100100110110
000010001000010111
000000110000110101
000000110110111010
000000010010101111
111101100000111101
111000110000110000
000010110101110010
000000011001000011
000111010001000100
111110100110010010
000001000010111110
111111000011111101
000000110111100110
111111100001101001
111111010001001111
111110010001011101
000011011111010010
000000011010111010
000101111101000001
111110101101111110
111010110000100000
001000000000010111
000000110010100010
000010011001100010
111110000010100100
000010011100100100
111011001000110011
000101011111110010
111100011110010110
110111001110011000
000011000011000111
111110111011000100
110110111001110110
111101000011001000
000010010011011100
000010011010011110
111111000011000000
000011111001111000
000011010001011010
111111011011010111
000001101000101101
111111100100001101
000011110000000101
000000000101100100
111110111000000010
000000001110001001
000001001000101101
111111101010100110
000001100001010000
000011010110111101
111111001010010101
000001100111100101
000010000101110001
000010110000001010
000001001000010110
111110111100011101
000010110000000100
111001101010001001
000011000101100000
111101110101110001
000010111001110100
111010011010110111
111110010111000110
000000101000000110
111111000010100111
000010001101000010
000001100100111001
000000010010111000
111110000001111001
111101101101101000
110111011011111101
111110011100000011
111111000100101010
111010110110011000
111110011000110000
111111010011110101
111101110010001010
000010100010000010
111101001001110000
111010011110101101
111010111010011110
111010010111000101
111111010000111101
000100100110011001
111110001001011011
111101111110011110
111100101001000000
000100101100011000
111111011001010000
111101111001011011
000011000100110111
111101100100101101
000011011010010101
111100001001101110
111101000011100111
110111101100101010
000101111000010001
111001010000100011
000000101011011110
000011110101011101
000110111010101000
111111101001001100
111100110001100011
110110000011011000
111011000101001000
111011001101000000
111010000010101110
000101001010001101
111101111111111011
000010110001100011
111100000110100000
000000001010111110
110110000100111000
111110000100001010
111011011000011011
111110010111010010
111110000010111001
110011001001010001
111110001100010000
111111010101110101
000000010000101010
111001110110010101
000011011101000100
000000000000101000
111101111010101101
000001011110001001
000100011001111000
000011010111010111
111101100100111010
111010001100000001
000100000011101101
000000000011100111
111111100101000100
000001011001010011
111111000000000111
111110110100001001
000001000000111101
111101010011110001
000011001001101011
111111011110011011
111111110011100100
111100001111101101
111111111101111110
111101111010010010
000001000001001010
000010111010101001
111010111000011011
111111000110001011
000011111100001001
111111100100011101
111100111100001001
000000100001110101
000010001100110100
111100101110001001
111011101110100101
000000010110011000
111111011000101000
111010111010110111
000010101101100011
111100001110110001
111011110110001100
000011000111001100
111100100110000010
111111101010110011
000010001001100001
111011100110001101
111011100100010111
111110001111001101
111000010110110000
111001011110101000
111011010100101100
111100010111111001
110111101110001010
000110011111010010
111100001111000011
110111100100111011
111100010101001010
000010011001111010
110101111111000101
111011010111000100
111010011111111100
111100000110111010
111101111011000001
000101011001110101
111011010011100011
000101011010111010
000011110100110011
111100100010001001
111101011111110111
000011101001011000
000010001011110011
111001000101111100
000001001001111000
110111011101001110
000010001010011111
000100000110101000
000011111010111111
111111110100101010
111010011111000011
000001001101111011
000010000000101000
111100111001000001
000100111001000000
000110011000011001
000100010101011111
000011110101011100
000011111001000011
000011001111100001
111010010010000011
000011010110011011
000011101101001110
000111011100000110
000001011010000000
111100101001101100
111101001011100011
000000000100010010
111110011110110100
111001000001011100
111011001110001110
111111000111110010
000011101111101101
000000100101010010
000000100001111100
000001111001010111
111100011010010111
000100011100100011
111010011010111101
110111110101111110
111010111110011100
000000011010001101
000000110111100111
111110111110000001
000010001001110010
111111000000100110
111111100101101001
111101010100010000
111000101011010000
110101011111110001
111101111101101101
000010100000110100
111101111100010000
111010100011001000
110111111110011011
000001110010000011
000010010000100100
000000111001001110
111001010100000001
111111010111110111
111110101001100100
000001011001101001
111101111011110001
111110101000000100
000010100011101100
111100011100001111
111100001000001100
000011110001101000
000000100110011101
111100000010000000
000001101010110100
111110000001100000
111111011100100100
000000001110111000
000010010000111011
000001101100101110
111101001111101111
000011100000010010
111111010101001000
111110110110010110
000001100100101011
111111010000001001
111011111001001011
000010101110010010
111101110000111100
000010000010111000
111100101100010101
000000001011101110
111110111100101100
111110111101010010
000001111001000111
111100110010100110
000010001011011011
111110001110010000
000001100001110001
111010110000110100
000000001010000001
111111000100110100
110110101111101110
000000110010110010
000001100000011100
000001011000011111
111000110101110010
111000111011000011
111101011110101000
111100001101111110
000011111001001100
111100000010100110
111001100101101010
000011010001000010
000011100011001110
111100101000010101
111110111011111111
111110100011010110
000010110001101010
111101100101100001
111100010110101011
000011011111010100
111100011110111011
111110000110011111
111111101000011110
000000011001011011
000000100001011100
111110010111000100
110111010100100010
111101010101101111
111101110001100010
111111111100000111
000111000111010110
111110110111001101
000001101110010011
111011010010101011
000001011110100010
000000001000001100
111110111100101110
111111110100000011
111101001000100111
111110100011010011
000000111010010101
111101100000011111
000011101010010010
111111010010001010
000001100010000101
000100111011100011
000000100011001010
000001101001110011
000001001101010100
000000010000000011
000000011010100111
000010001000110000
111111001000111011
111111110011111100
000000010110101010
111110001111100000
111110110001110101
000001110110011111
000001111000011110
111111111000111110
000000110001001000
111011111101100100
000001100101110100
111111110000101011
000101101011101010
111100100100100010
111010110011110101
000011000001101000
111101111101110110
111011100010110000
111001101000011111
000001000111110111
000010111001000011
111101011001001111
000000111000110110
111111111110110011
111111110010001001
111101011100010000
111101010010110110
000011011010011001
000001111100110000
000000010011001010
000000011100101010
110101111001111111
111111011101010100
000001110101111001
000000010011011011
111000101100110000
000000000001100010
111110100100100101
111101101010101000
111111000110000001
111001110010010001
111110000110111111
111011111001011110
000001011011001010
111000011111011111
000010001101011111
111101100001110000
000001000111010111
111111101111011010
111110110001101011
111111010011101001
111100011000011101
111100000101111001
111101001000101110
000000010101110010
000010011000011011
111101110110100110
111110100110110110
000000101101101001
000000110111011110
000001110111111010
111111011100100100
111010010010100010
000001001000000111
000011110111010010
111111011100011101
111111010000110010
000000010100111000
111010110010111100
111001110001110111
000000111000101011
111100000011110010
000001101111011010
111111111101011000
111100101100001110
000010111001010010
000010100100010111
111111110011110110
111010101000111101
000010010100000110
000001111101110001
111111111000101110
111100110101010111
111110100101001010
111101110001011110
000001000010101101
111100000001100010
111010010111001110
000000000001110110
111110010110111010
000100100111011110
000100110001100101
000100010000000100
111110010001000101
111011110010101110
111101111101111101
000001001110100110
111100101110100111
111101101011111100
111101010110011111
000010011001111100
111011010101001011
111111101101100000
000000111001100001
000000000000101001
000001011001110010
000000110011100001
111110101000001101
000011001000011110
000000000111101011
000000110000100010
000010110011010101
111111000111011000
111110110100010110
111110110011100111
111110101011100111
111010111111110110
000011010010110000
111111111011111110
111101010100000101
111111001101101100
000001001010011101
000010101101000011
111110001001111111
111111101101000101
111101101101111100
000001010110110011
000001011110101001
000110010010000000
000011101011011011
000001100001000100
111111101011010000
111111001110101111
000010110001101001
000011010001100110
111110010000111101
111111101000000110
111111000100010001
111101011000100000
111010010100110101
000010011010010100
000010001001011101
111010100100101100
000011111111010110
111011110111000101
000000001101011111
000011110111100000
000000000100011100
000100010110100010
000001100100110101
111111001000101101
111111010000001010
111010101010110000
111111011111011010
111000101010100011
111010100110010111
000001100010101000
111100001100000100
000010111100110110
111110110111001001
111010111011111011
111100011100100010
000010110101111100
000011100100010000
111100100010011011
000110001111101000
111100010001000111
111111111001110001
000000110001111101
111100000111001100
111101111010000101
000001111111100100
000000001101001010
111110101001010010
111100111110101011
000000100001100111
111000101010011100
111110000011100000
000011011111001011
111110101100011100
111110111100001010
111110010000110010
000000111111101100
000100001110000000
111111010011100010
000001010010010100
111100111111001000
111000110110111011
000100011100011000
111110011110110000
000100101010011100
000100000011101111
111111101110000111
111011101010110010
000100110001110010
000011000100110011
111000111011010010
000110100000111010
111100001100000110
111101100000100110
000010001110101011
111100011111111110
000010000011001110
111011110110110100
000100011001010010
000000111101011101
111001110101110011
000000100001110100
000010011111111011
111101100100100010
111111100111000100
000000000011100111
111110100010101111
000000110010101000
111110010011011111
111111010100010100
111110000101101100
111100110100010001
111111101101100101
000010010010100100
000000011110000011
000011111011001011
000001001111101111
111011101101100100
000001101111101000
111110001011100011
111110011110110000
111111001111110100
111011111011000101
111100110111001101
000000010111110001
111101011111010010
111111111000101010
111101011100100101
000000010000100010
000010000011101010
111101100110111011
000011001010001001
000000001011100011
111111111100000011
111000111000101101
111101001111010000
000000010001100100
111100011111110111
000010000000101001
111111100100100111
000010101001100110
000000001100001110
111100011100111001
111011000101110100
111001000010100100
111110100011011000
111110001110010000
000001111011000001
000011101110111001
000010011111000001
111010100101101101
111011110001110101
000011101010110101
111111010110111110
111011000101111101
000011011000010110
111011101000100001
111111100010001100
000001011101011000
111100000010110111
000000000010100001
111111111101001111
000010110000000001
000001010111000011
111001111101000010
111111010010000111
000011110010100000
111111011110100101
000001001101100010
000001110000001101
111111000110110011
000000000111001010
000000011111001011
000000110001100100
111101010111000100
000010011101010011
000100000111010111
000000111111011001
111111011101010110
000010011111001011
111111111111100001
111110101001110010
000011111001110011
000010100100001010
111111111001011000
111011001110000000
000001100001110010
000011110010010100
000010010000011101
111011001100110011
000000111011001000
111010111010100010
111111010000110111
000001001011110011
111110110100100011
000000100011100000
000000010100011110
111110111001100110
000011101111010111
111111000000111110
000010010101100001
111111011011101100
111011101010101011
111110001100100010
000000000011011111
000000001011001101
111101001000000100
000001000100010100
000011100000010100
111110000111111011
111110101111101001
000000100011001111
000001111001000111
111100100110111000
000011110110000110
000000101110001111
111110000001111010
000000101101001010
111101001001110010
111100001010101111
000000110010000111
111101101100000000
111100111111100010
000000011010010101
000010000111110101
000001100001010111
000010010111101000
000100110010010111
111110010111001010
111110001000111001
111100101011011000
000001010111011001
000011000010010001
000000111001011001
111100111000001101
111110110101100111
000010110101101011
000000001011101001
111111100101100101
000010100001000000
111111010000010100
000000001110100000
000010110101001010
000001010000101101
000000000001101100
111110110000011011
111001101110111101
111111000011111101
111101111101010001
111101011110011000
000001011110001000
111111111011010011
111101001010101110
000000101010011110
111110100000101001
111011110111100100
000001110001000110
000001001011110001
111100101001110110
000001001000111100
111100100101100001
000010010001111010
111110101110111000
111110111001100110
111111111011000000
000000110101101010
000010001000001101
111111100110110110
111110001100111011
111111110001111011
000010001000001101
111111010000001100
000000010101110111
000000000111011101
111011111111110111
000001001001110100
111111001110100110
111111100011011111
111111001111100000
111101001101010000
000000111110101001
111101111011010001
000010001010100001
111101100010111011
111101100011000011
111101010101001010
000010001011011010
111100001101110101
111100111101001001
000000110110000011
111111010000101001
000001100000010001
000011101011110100
111011100000101011
000011000001000001
000010101000001100
111111111010000110
000010011111100000
111111010100110101
000010100100001100
111101101011000101
111101101011011110
111101010110001100
111011111101001000
111110100001011101
111111000101010110
111110001010110000
111110000001110101
111000101111011111
111110101111100010
000101000100011010
111101000100001001
111101111000010110
111110110101111110
111111101010110110
111101000010100001
111111011101101100
111110011010011101
111111100101000110
111110111100011101
000001110011010101
000100010111011011
000000110111100110
000000000010111110
111011001010001010
111110011000001111
000000111001111111
111010011101000000
000001011010010110
000110101001111000
000101101101100011
111100110011001110
111000101011001111
000011000000000001
111111110000011001
111011100101000100
000010000101010010
111000101110010111
111101101011100010
000100100010100001
111101111000000101
000001001010111101
111111111100110010
000010011110011111
000001000000001101
111101101010101001
111111010011000010
111011111011110101
000001101110001010
111011010000010111
000000101111011011
111111100010111010
000000101101101101
000010011010110111
000000110011000111
111111110010000100
000001101000010110
000101011010010101
000001101110011101
000011001101111110
111011010000010100
111100010011101001
000000001100001011
000000001010010110
000011101010000111
000001000000110010
000100000111011001
111110101000111011
111110111100001110
000011101100111001
000000010111101101
111101001010011111
111101100001110011
111101101011011101
111110100110100001
000001011101000111
111110011010010110
111110000111010110
000011111110001110
111101100110110001
000010000101010100
000001111000101000
111101111110001000
000100110101011011
111110001000111010
000001010101101010
000010100011000111
000000000111110111
111011110110000000
111111010101000010
111111101001001100
111110101110110001
111111000010110111
111111111111010000
111101011011011111
111111110110111101
000010101001010111
111101110001101101
000000110001100111
000011101010101100
000011001101111110
000001100000001101
111111101011111011
111100101101001100
000000101010001000
000100110110011011
000001000010010110
111110101010011100
000000110011110011
111010000101000001
111101100000111100
111000110111101101
111111111000111110
111101101000100000
000100011010000101
111101110110011001
111110110110111011
111101101100001001
000110101010000101
111100000001101010
111111011011010111
000001110110101110
111100111110110111
111101001101000001
111100000111100011
000000100001100010
111101000100100100
000000100001011011
111111101110101110
111111010111010010
000100000111010010
111110110110010011
000001110100011010
000100010110100010
000001101100011000
000001100110010111
111111110010111001
000011011000111010
111111100101001010
000010011010100010
111110011111100111
111100010011100111
111111001110011100
111010011001111010
000000001101011011
111000110111000111
111111111001001101
000100101001000001
000010101101000101
000010100010001000
000001111101100100
000010110111110010
111011111111110111
000001001111110101
111110001001000001
000000010010010110
111011010111000111
000100001000111000
111101000011011011
000001101110110110
111011001111100101
111110110000001100
000010101100000000
111011001110001000
000001000010100101
000010011110100011
000000111111000101
111111101010000100
111100001111110001
111110011101001011
000011010000111110
111111100011101010
111110111010010000
000000101100010010
111111101011000111
111000100110010010
000000011011100010
000000110111110010
111111101010001110
000011111000110111
111101110110001111
000010111000001010
111101111010100101
000001010101100011
111101110000010011
000000010100011011
111111101110000011
111111010001111011
000000011101100110
111111010101011000
000010001010001010
000100000010110001
111101101100010001
000000101000110110
000001111101111000
111111001101001000
111111100111110111
111111010011001100
000010000000110101
111111100111001100
111011100010000101
111001000100111100
000010111010010101
111101111101000001
111101101000100011
111011100100110010
111110011010010100
111011000101101100
000010001010010100
111101011110100001
111111111010001001
000001100101001100
000011010001011111
111111000111011110
000001010011000011
111111001001110001
111101000111100000
111111110011001101
111101011011000110
111101011000101100
000000011111100101
000011001011001001
111100011011010010
000000111111101111
111000100111110111
000011110100001111
111101110110100110
111010011110101110
111111000001011011
111111010001100100
111101001000100111
000010011110001001
111101010101000011
000010100011100110
111010111010111111
111100011011001101
111011101111001001
000000100000001110
000001101110101000
000000000100110011
111011010111101010
000011110111000101
000010011110010001
111011100100001011
111110110001010000
111111000011110011
111011110011011001
000000111110111000
000011101101001000
000010101110100001
000001101111000100
111101001010000111
000010110110111101
111011110000001000
111101011010000111
111111000111110000
000001110010000110
111111010001101000
111100100101101010
111101010010011110
000001001001110111
000001000011110101
111111000000111010
000000001111101101
000001111000001110
111101000001001001
000011100000110100
111111001101101111
000010011100110101
111101000011001100
111011001001100001
000001010010100111
000001110001011001
111111010101001001
000000011011101011
000001010000010100
111101101001100101
000011100111111111
111110011101010001
111101000011110111
000010010000000111
111101100100110000
111011101000001000
111010010011001000
111111100111111110
111110011110010001
111100010010001010
000001101000011010
000010010100001110
111111110000001010
111111110110010010
111000000110101000
111111110001111010
110111011111100000
000011101111011100
111110111000101011
000001111101001110
000100001101000001
111100011010011000
111010000011100100
001000111101111001
000001011001000010
111001000010010101
111110001111111011
000000100001111001
000001111100001100
111011001111000010
111110100101101110
000011101100000000
000000001001100001
111111110000011101
000010100100110100
111011000100100001
000000011110000011
111111010111011100
000010011011010011
000001111001100110
000010001001100011
111100101011101000
000000011100101010
000000110011001001
111111110110010111
000001100111110111
000011010100111001
111111110011111101
000010110011101100
000000100111101001
111100101011100111
000001010010011001
111110011110011100
111110001101011011
111111100001110011
000010101110011110
111011110000110111
000001001010101101
000000001100000001
000010011111000010
111010000100000100
000100010100100101
111111000000101010
111110000000111101
111110001001110111
000010101100011100
111100110101100101
111110000001001110
000001000100001100
111101001011110010
111100110010110100
000010001010110100
111101011101011011
111111100010001110
111101111100100000
000011100111110001
000010010111100000
111110010011000101
111110010101000010
111011111011001000
111010110010001110
111110111010011011
111010110110101110
000100110000111011
000010101100001001
111011000110011001
111110100101001100
111110110001100001
000000000111111101
111100111011100110
111111111101110111
111110001111011100
000011110011110111
111111101111000100
111100110011101110
111100001000110010
111101101100100000
111100001110000010
111100100110010100
000001100110111011
000000000110111101
111111001101111101
111010100111101000
000101011010001100
000001111011001100
111100101100011010
110110110101111001
110101111110001101
000001110111001011
111101011100010100
111111000110011010
111011000111110100
000000011011101000
111111100111001001
111110110101101011
000010010111001001
000010101000100100
111101010100100011
111110001110100010
000000010101100101
111111100110111011
000000001001111000
000000101001100010
111011101100010101
111111000000000010
111001101000111111
000001001010100111
111010111011101111
111101001111010100
000011010111101001
111111110101000101
000011001011101110
000001001101011110
111101011000100010
000000000110110010
111110000000110000
000010110101110010
111111011110111010
111111111001011000
111100111101100000
000001001011001110
000000000110000011
000001000111100000
000001010111101101
000000111001001111
111111001010110110
111111101110111100
000000000000111110
000000010111110000
000011100100110110
111111110110101001
111111100010100100
111110101001011101
111101111110011111
111101011000010110
111100111010110101
111011111100010000
000001101100100001
000010110001011001
111111001011011100
000001000110101101
111110101011100111
000011100000110110
000000011001110110
110111101111101100
000010000010110111
111110000011110111
000001111001000001
000011001100011010
111111011010100010
111101101010000100
111111010100111110
000001010110010001
111101011111111111
000011011110110010
111101101100001011
000100100111111001
000001001010100000
000010000110101000
000001001111111001
111101110110100011
111011101101111011
000000111100010100
111111100010001001
111000110001000000
000000101000000100
111110011001011110
000011111011000001
000011001000111000
111110100011111101
111110101100110100
111110100000110000
000011010110010111
000001100010100011
111111011110001011
000110110100011011
000001110000100101
111110011101001000
111011010100100100
000100101011100000
111010011000111001
000100001011001001
111010011111100000
000010010011001111
000000011101001101
111101011001011010
111111001110110000
111011001101101001
111001011110000011
000001010101010010
111110100000100000
000100101001010100
000001101000011000
111100110101111110
111101011110111100
000001000110111110
111111111011101001
111110101110101111
000010011010000111
111100001001111010
111100000010010110
111110111011011010
111111000001110100
000001100110101011
000000101000001000
000001010100000101
111010101100011100
000000011110111111
000000100110110010
111101110011101111
000000000100110001
111101101000001110
111100101000011100
111110110001100111
000000000001111011
111011010110001001
111111001000011010
111111001101101100
111101000101111010
111100110110001101
000001010101010001
111100000101000001
000000110001000111
000000110000001100
111001010010000000
111100001110010000
111110001100000000
111011000110010110
000001000001001101
000000011111000010
111111101011000100
111010010110001001
111110101001010001
111111000011101111
111101010101110010
000001011110101011
000000100001110011
111101100110001100
111101010101010110
111110100111111010
111111000000011001
111111000100111010
111101000000010011
111111010100001000
000001100111110100
111111111110011001
000000100110101000
111110101010001110
111111100100101011
000010001000000100
111111101001001011
000001000111001111
000000100000011111
111100101100100011
111110110111011110
000010011011001000
000010111000010010
000010111111011011
111101010001011000
000000101011101010
000010101110011011
111101101010110000
000000111110111011
000010001011010101
111101011001110001
111110101011001111
111100111110111001
111101110010111100
111011101100001111
110111101100011000
111111110100101100
000100010100000100
111100101010010011
111101001111100011
111111011010110110
000011100110001010
111110111111100011
111110111001110011
111110011110011111
111010101010010101
111110111010110011
000001100011111001
111011001111010010
000000010001100110
000000100111111011
111100001000101111
000100011101101101
111111111010101011
111011000100101000
111100101111101010
000000110101111101
111000100011110100
111101010010101101
111100101110001111
111101010001110111
111110000011111010
111101011110110001
111110000011011001
000000011001011001
000000110101110101
111101110010110111
000011010000101011
111100111001011000
111111100100100101
000000010100010110
000000000010100101
111100111101001010
000010101110010001
111100001111110001
111101011011011101
111111000101111001
000010000001001110
111101000010110110
000000000101100110
000010010001001000
000000101111101110
111110111100100010
000010111011011101
111111011100101100
111100010001010100
111011111000100110
111111010001100011
000000101100001101
000010011100110111
000001110011110110
000010111100000000
000010010100010101
000010010000111101
000000011000001000
000001011001011010
111101001101000001
000000100100101010
111111101101110101
111011101101001111
000000111110001011
000001001001010000
111011000000100011
000011100001011101
111101000111001011
111101011110110111
111101011011111110
000011100111000011
111101110111101101
111110000101000110
000001000000000010
000000011000010001
111101101001011111
000000101010111011
000010011001011100
111100011101101010
000001110101110111
111110010011100010
111100010010010011
000001101100110100
000001011100110111
000000110110100101
111110110000000111
111110010111110110
000000111001011101
000001101100000101
111101001001101110
110110111110111111
111101000011000010
111010100110110100
000011111001011101
111010111100100010
111111011011000001
000000000011110100
111110001110100101
000000100000111110
111111100101101000
111101110110010110
111100100000101010
000010100101011101
000000000011101101
111101010100011100
111101011001101111
000001100011110101
000010001110111110
000001000001110000
111111111100010111
111110111011001010
000000111010110110
111011110010100000
000001110100000010
000001010011101001
111110011010000110
111111111101100110
111011110010101010
111011001101101101
111110100010011111
000001100000110011
000001001000101111
111101001110001110
111100101000001110
111110010011010100
111011100101101111
000010010000001100
000000010000110011
111111110101011001
000000010101100111
000010000100001011
000000001010110000
000011000101101101
111111001111100110
111011010010001110
000001011111001000
111111101111000100
111110011011000110
000001101010110000
111100110110100011
111101110000101011
000001100101100001
000010001010101010
000001111010000010
111110011101000111
000011011101001101
111101000111010101
111110111101110001
000001011111001011
111100000010011111
000001110110110100
000010011100000000
111111111100011110
111111110100010100
000001010000100011
111111000010111010
111111101101111100
111100100111011100
000010111101010100
111111100011011010
000001100001101100
111110010111100010
111110110110001000
000010101110011010
000010010011111001
000001000111100110
111100111011101000
000010010011011101
000011100110000100
000001100111111101
000011000010101010
000010000011001110
111101011111010000
111101100010100010
000010010111100110
111111101010010110
000010001111000110
000000010101111000
000001001100010000
111110001110010110
111110101111010000
000011100001001101
111100001001110110
000011111010100110
000010001001101100
111110101110010011
111111011000111101
000001001100111000
111110111100010110
111101010100111011
111010010110100111
000001000100101010
000000101111111111
111111010011101011
111011110000000100
111011111010010000
000000001010110111
111010010000110010
111111100101110100
111110100011110011
000001110101010110
111101011011111100
111100011011110100
111111101101011000
111110000101111011
111100000111110000
000001001100001000
111110101110110000
111111000101011000
111110101010110100
111000111000000010
111011111100011110
111101101110100111
111111001011101000
111100111011110110
000100110111110000
111110001100110010
111101001100000001
111100100110110101
111011110011111011
111111100100111110
111111010011001001
000001111101111101
111010011011010110
111011101111011011
000010101100000001
111011100000010011
111001011010101000
000001110110011111
111010000100100111
111110010001111101
111101111100100111
111101001001111001
111111011101110010
111000100000001001
111010111110100000
111101011010000101
111000101111010000
000010000101010011
000000001101000011
111111000110101100
111011011011111010
000001100111000011
111011010111110110
111111000010101011
000001101101011010
111101100101000100
000010111100101110
111001100000111000
111100010011010011
111100111101100110
111110100001100000
111111111000010101
111111000111111010
000001010111101100
111111110011100011
111100010010111110
000011010001101001
111110000111010100
111101000111111001
000000110000101100
111111011111101101
111011111001111101
000011011110001101
111110010110100110
000001110000011101
000001010011000110
000001100000011101
000001001111000111
111101000000010111
111111011101000100
000001011110110100
000001010010101101
000000110010110001
000011011000000101
111110010101100110
111111011000000011
111101011110110010
111110000111110111
000001010111111100
111111111111111101
111111010010100010
000000010100000100
111101010100101111
000010101010111001
111111000010110101
111101001010001110
111110010110111100
000100011110010010
000100011101000110
111110110101010011
000010010110010010
000001011111011110
111110110110001110
000000100100110100
111100001011001110
111111011000000110
111100001110011101
111101011011100100
111101001111111000
000000100000110010
000000111010011010
111110111000110011
000001100010101110
000011110110000000
111011110111100100
000000010100101101
000010101011111000
000010000011101110
000011010100010011
111110011101010101
111111100100100000
000001111111100001
000011011001000111
111101111100010100
111111100010110011
000001100110110110
000001110101110111
111110011111110101
111111100101101001
111101011010111100
000000000010010110
000010100111011001
111101001001010001
000001101100110101
111011110001010010
000001100000010000
000000110110100010
000010011010101000
000000010100100110
111110000000011011
000000101011011111
000010100001100110
111111010011010111
000001000101000010
000100001001101011
111111000011010101
111111110010011001
000010001011000010
000010001001100110
000000010001001100
111111001000010010
000011101000000011
000011000111011101
000010001100101010
111100011101001110
000001100101101110
111111000011001010
000011100011000111
111111110101000010
111011100100111000
000000100111101000
000000110001101110
111110101011000110
000001111100001111
111111000001110110
000010011011100000
111101110000010010
111100111011001001
111101101111110000
000000110011111100
111011110010110101
111111110110100101
000000101110010101
000011010110010110
000000001011100111
111110010001000010
000000001111101011
111101111100011001
000011011000000011
111111011101001011
111111101101101000
000000111110001011
111100111011010000
000000110111001100
111111110110011011
000010011110111010
111110101010100110
111110010001001000
000000010000110000
000010010100000101
111100110000100010
111011110010111010
000000110001010100
000011010001110011
000001111101001011
000000111000000110
000011101000110010
000010100110111101
111100111000110011
111110101000101001
111110001010001100
111110101110010010
000000110110111101
000000011010001111
111101111111111011
000000110100010101
000010000011001011
000001101000100010
111101000100011001
000010011111111001
111111010011010000
000000110100101111
000010000110110100
000000101000100000
111110001010101010
111111010001101011
000011001001011111
000001001101110011
111101000110110100
111100101000100011
111100110111110010
000000000000110111
000010010000010110
111101001010011011
111101011111101101
111100001110111110
000000001101011011
000000100001100000
111110010110110000
111110001000000111
000000001111000000
111101001000101100
111011111111011011
111110100110000011
111101001000100001
111110110001000011
111001010100111110
111101011111110101
000010000000001011
000000000011110101
000000011011000101
111110100011110000
111110111111011011
111101011110111101
111101010110001110
111101111101111101
000000111000110101
000000101111011110
000010110110000010
111110101110001111
111111010011111000
111011101100111111
111110100101101001
111100010010110000
111100101110110010
111011001001100110
111101111001101111
111110100111000100
000000010111001100
111110000001111000
000000101100110101
000010010011110111
000000100010011100
111101100011100101
111011011000000011
111010111010110000
000000000011100000
111100011011101100
111111010111110111
000010000111001011
000001001100010011
111101110110110111
111011111101010110
111110111100100111
000000100010110001
000001110011000001
111100011000100100
111110001111101110
111111110000001111
111100110010101101
000010001111010001
111111100011111101
111101011111111111
000010100110001001
111110101111100010
000010001001010100
000011100100101110
111101000110010100
000010100110100011
111100011001100111
000000011011101111
000000100111010100
111111110101100001
000001110101011001
000010000100100111
000100110101001001
111011110111000101
111100111100000010
111101111101111000
111101100010101000
111101010100111100
111111010000011011
111100100000101100
000011100110001011
000001001101111010
111111011010000110
000000010110100011
111101111100001011
111110110011001000
000010101101101110
000000110010001110
111011111010011101
111100001010101100
000000001101000000
111110100100000110
111111111011001011
111101110010100110
111110011110010011
000000110000011100
111010101001110010
111101010010111100
000101001101100000
000011000110000110
111111011111111000
111101010010101010
111100000101101110
111110010010011011
111111100011011001
111101000111110001
000011100010011111
000001111111011101
000010010101001001
111111100100111010
111101101011001110
000001110100101111
111101010011111100
111101010110010000
000010110001110100
111100011101000010
000001100110011010
111100101010010101
111111010111000110
111110010101100101
000010011011111000
000001111011001101
111110101010011010
000011010101111100
000000001100101100
111110101101001101
111100010110101101
111111101101101100
000001001010011001
111110000100001001
111111111101010011
111110101001101110
111101101110011111
000001110011001111
000000000001100100
111110011001111111
111011110100100011
111100000011000001
111111000010001100
000000011110010100
111110101101001000
000000001010010001
111100001110001101
111100011000111001
000001110001001011
000000001010000011
111111001101010101
000011111110110010
111111111001111010
111111000010100010
000010000110010010
000000100110011101
111100000111010000
111010101110000011
111111101101110001
000001111100100100
000010000100000111
111101110011001110
000001010110001110
111001111000110111
000001010100001100
111101010111011100
111110010100110010
111111001100011010
111111100100110010
000000100111101110
000000010110000011
000001000011001101
000011110001000110
111110000111101100
111100101001101100
111101001001110111
000010100000111101
111111111100101001
000001010011001110
000000111011000001
000000000101010000
000001000011100011
111011000011000111
000100010110111101
000000101101101001
111101000101010000
111100011011011100
111111001110110110
111110000010110001
000000000001110010
111011110110011001
111001011011110100
111110100011101001
000011000011011000
000001011111100110
111101011110011110
111101010110100001
111111100111010110
111110110010100000
111011111010000010
111110010001111010
111100010010001101
111111111111011100
111110001000001000
111110011111000001
000010011101100100
111110111011011101
111101001111101001
111111100001011010
111011111100111111
111110101101000010
111101110110111001
000010110000001010
111111000101010010
111010000000011111
000001000100010100
111100101000100100
111101100101111100
000000011000000100
111111001010000000
000001100011100101
111110110100000101
000000110100010001
111110111111100001
111101011000111010
000010111110101110
111101101111000101
000010100011001101
000001001011100001
000001011110011110
000000011101101000
000010011011011110
000001110001110101
111101101000111010
111101111001111010
000000101111110110
111011111101111100
111111100100011101
111110100100101010
000000101101011010
000000101110110101
000010000001111100
111100111111110010
000000000110100100
111110110010110011
000001010010010111
000000010000110100
111011101110101000
111110000110000001
111100111001100011
111111001100001011
111110110100111011
111101011100110110
111110010101000110
111111111111011110
111110010000011010
111100011100000101
000000011010100010
000001101110011010
000000101001110101
111110111011010100
111110010000111100
111111000010000111
000001110111000110
111101001111010111
111101010001110010
111101101000111001
000100011111100101
111110001001101101
111110100000101001
111100001111000011
000000110100110011
111100010001010010
111100001001011101
000001011010111001
111100011111110001
111011010100101010
000010111110110001
111101010100100110
000100001011100101
111101001101011111
111110101010000001
000011110001000101
111110101111111001
000010111010101101
111111011110001110
111101100000010010
111010111111011110
000100101011101111
111110000111100011
111111110101001101
000001011101100001
111111101111011101
111011111110001011
000001000001010011
111011001010010010
111111110110111011
000000111101010011
111110111111001111
000000010000101010
111101001100011001
000000001110001111
000001001100101110
111101111110010100
111110100110100100
111110010110011010
000001000011001101
111111000000111110
111111010111011011
111110110111011001
111111100001010101
111111110100100111
111101001011110001
000001101011000111
000001000100100010
000010100010011001
111011010110100100
000011100011101001
000001101011011101
000001100011111001
000010110100001110
111011000110110100
000000001010010000
111111000110011100
111110010011110010
000000010001111000
000000100011001001
111011010011000101
111011111101010000
111011011110100001
000001001001001110
111001010110011111
000000000101011011
000000010100110101
000011011010011110
000000100110100000
000010001101100001
111110111110010101
111111011001000101
111010100011010111
000000111100111001
000010001011111100
111111100101001011
111110101010001010
000000000010001011
000101010111001111
000001011000001111
000101110110100111
111100100010011011
000011001101110111
000000111001010011
000000110001111100
111111100101111101
111111010100110111
111110100110100110
111101110001011001
111100101100100111
000000100001001011
110100100000111100
000100000101101001
111111010000011011
111110011111001001
000011011010010011
000010111101001011
111101001011101001
111101100000010110
111110111011101100
111011000111100001
111110110111001110
000000111010001001
000001010101011010
000001011111101101
111111100010111000
111100101101010011
000010110011111011
000001110101000010
111101001010100000
111111101101110011
000001000111100100
000010010011010000
000001101101111100
111101010001111001
000000011011111111
000000010101011010
111101011001110111
111111111111001000
111100011010010001
111001001111111011
000011000110001101
000001001010011011
000001000100011010
000011011011100000
000000010000111000
000010010000100000
000010001111111100
111001001011110000
111110001001111000
111110000000000001
000010100111010011
000010011001001111
000000100001011101
000000011000110000
111100111101111000
000001111110010110
111100101110100100
111011011011000011
000010000000100000
111101111011110011
000000110011010001
111111001010111100
111101110111111111
111110100001111001
111111001111110110
000010010011001000
111011011100011001
111110101010010101
000000001110111011
111100111100001111
111110110011011110
111101101111010001
000001001011101001
110111101010111111
000000000111111110
000011010001101111
111111101100010010
000001001100001110
000011000111100011
111111001001101001
111101111010001100
110100110101010000
111001001000110110
111100011000010010
111111100011100111
000000110101100111
111011011010001110
111111110010010111
000000100111101001
111101111101100110
000011001101010101
000010000011111000
111110100010001110
111111100110011111
111111001100100011
111001001101011101
111100110100111111
111110100110001100
111101011011001110
000000001111100011
111101000101010100
111101100010111010
111101111101101111
000011011110011011
000100111001001000
000100101011111111
111101000000010101
111111011101011001
111110100110011001
111111110000000100
111110010101010111
111111101101010101
111111100001110010
111111101011000001
111101001010001000
111111011000100101
000000001011100111
000000100011000101
000000101011111000
000000110110010110
111111010010101000
000000100001110110
000000101000001000
111111001001000001
000000001011001010
000010101000111011
000010001101011010
000000011110111111
111110000010000101
111110101000011000
000000011011010110
111111101111000100
111111100000010101
111101101000100011
111111001110010011
111110011100010000
111111011001111111
111111010100000110
111111001000011010
111101111100110100
000001000110001010
111100001100101001
000000100000001101
111111101010110101
000101000111111101
111111101111111100
111101110001100001
000010100100110110
111010110101101001
111110101100001100
111001110101010111
000001110111010111
000000000100111011
111101000111101100
111110010010111110
111100111011110110
111101101110110101
111011100111001101
111101110001101101
111101111011001101
000011010000100010
111111010001010110
111111000011110011
000100011001000001
111100100110010101
111101101110000010
000000101010001101
000000101100110100
111110110111100011
000000011100010110
000001110010110010
000100001111110110
111110001010111010
000000011110011110
111111000011110011
111100101000111101
000001010110000011
111010110011000000
111110000111000011
111101101111111011
111101101011110111
000000011010101110
000000011110000011
000010110010000111
111110001011010001
111110110111100010
111111001011010101
000011101010100000
111110110010000000
000001100011010110
000001011100011010
111111000000000001
000001100111010100
000000010001101110
111101110010110110
111011001110101101
111011100100010001
111111010011001111
111111000001110110
000001010111011110
111111101011110101
111110001011110101
111101000110011100
111101111000011101
111100001110010001
111110110100111010
111101111000000100
110100011101001110
000010111000110011
000000001110011101
111011010000010010
111101110111111101
111110011010101110
111101101000010011
111111000001000010
111100110110010000
000001110001101100
111111001111110100
000011000001110010
110110100101011100
000010110100011100
000000000000110111
111010111111000101
111110010111010011
111101000100110000
000010001011000110
111100001011111100
000011010011010111
111011101110101110
111111110110111010
000010010010111001
111111000110001001
111101110100110011
111011010110001011
000000110111011111
111111101111010011
000001011111000110
111100000000111101
000000110000100110
000010011110110000
111101000000101001
000000101010100110
000011011000000010
000001101000011000
111101010100111101
000000101001100000
111111000111001110
111110111000101000
111111100000111100
111101010110100000
111111001001001111
111100110001111010
111111100111011000
111011100000101010
111101001111001101
111110111000001010
000000101111010100
111111100000110001
111110000110110111
000000010010100100
111101010010010011
111100110001001110
000011110000001001
000000110010111101
101110010010100110
000011011101011101
000101111001111001
111001010001100011
111100110101011001
000011011100100000
111110111001101110
111011101101010010
000011010001010010
111010101010000111
000000010011000111
000010111001011001
000100111011010111
111100010001011001
000001100110001011
000001000010111000
111101011111110000
000111111110110110
000010010110010100
000011011110011111
000010001000010010
000010011001110010
000001100110101111
111000011001001111
000011101000100001
111011111000000110
000011011110011000
110111110011011000
000001010111111101
000000000000100011
110110110001110001
111110111110101000
000111010001100100
111110100011100101
111111010111110001
000001111010010101
111101101100111101
111110111000000011
000000111101110011
111101111010011101
111000001100110010
111101011010101100
000001000011001100
111001011000111111
000000010110000100
000010011111110010
111100101101101100
111111101101111001
000001001110111010
111011100010101100
111110000110010111
111100110100110000
000011100101110011
111111110010001010
111100001111001101
111110001110011001
000010001000101001
111111101000111011
111110100111111010
000011011101000011
111110100001000111
000000100101101011
111111111010011011
111100001100011010
110110111010011110
111101011101001001
111110110101111000
111000111010111110
000001010110001010
000010000111110111
111011000001001010
000010111001111011
000001110011110000
000001010011101100
000000110100110111
111111011001000110
111110111101010001
000000100110011001
000001011111000010
111110001011001001
111001001000010110
000010011010111001
000000100000000110
111011100110110010
111101101101101001
000010011100110011
111110001010110011
111011001101010110
111110100100010010
000011100001100110
000010110001000100
111101011001101111
111101000101111001
111100010110010101
111100010100101011
111110010001101011
000001000110000011
111010011010010101
111111100011001000
111100111001010001
000010001100011011
000011110000110010
000000001010101110
000010011000101100
111111011001001110
111111010011001000
000000010000110011
000001010010111111
000000001100110111
000001101000100101
111101100101000110
111110110010011110
000001110101011111
000011001110111000
111111001101000000
000001101010011001
111011010110010010
000011010010010011
000001111000111100
111111011100101101
111100000101100101
111100010101101011
000001101000001011
111111111100010000
111110101110010111
111010100010000101
111111110000100101
111100001110110011
000000110100000010
000001001110010100
000000100101101000
111111100101101100
111111100001011101
000001010001001010
000011011010010010
111100100001011010
000001100100100011
000001011110101001
000001000000001101
111011111101011000
000001101000100010
000010011110110111
000010000111001001
111101011001001111
000001011001011100
000001100110010100
000001111110110100
111101010111011100
111110010011011000
111011111100001110
111110110000111110
111111111101011001
000010011011111101
111111001001010011
000010000010110000
111101011101000111
000001100101011000
000000100000101010
000000111111111000
111001110001111010
111111100010000011
111110100010111001
111100001000111101
111111100000000000
000001110011011110
111101001011100000
000001010111011101
111110111010110110
111110011001111111
111100011010001011
000001010001001011
111010110000110001
111111111111101101
111110010011111111
000010000011110001
111110011011100110
000100001000110000
111100010111100101
000000101010100111
111110010100101110
000010000100100000
111100000001001101
000000001000100000
000001110110001001
111110001100111111
111110101001111101
111110111000000111
000010111001000000
111110101011110001
111101000101000110
000011000010011011
000001001000110000
110011011010001100
000000111000011111
000010001010111111
111101101011111011
000100110110001101
000100100001000000
111100110011010101
111101011010001011
111011111111010011
111110001100000000
111110100101100001
111000111010100001
111100101000000110
111111100001110001
111110001101011101
111111000101111011
111101000010000010
111110100001010010
111110100110010011
111010000100000110
111100110110111000
111111000101101011
111110110010011010
111111111000111111
000100001000110100
111110011111101100
111110111011011000
000001000011101101
111101110111001000
111110101010101110
000001011011100101
111101101111010000
111101001110011001
111011101111010100
000011011111010000
111110110010001010
000001011100000110
111101110100010000
000001111101111101
111101001000001010
000011010000011100
111101111000011110
111100110101001011
111110010001100010
111010001111011101
111011111011011010
111101001011011110
111101101011101100
111011001010110000
111111100101110100
111111110000110110
110010110111010010
000010111101101000
111011010101100011
111100100100110110
111101100010010101
000000001111010000
000011101000000011
111010011011111010
111010001010010101
111011101101101011
111110110101111101
000001000001001110
000101100001101010
000010001011000010
111100110110000100
000000010010011111
111111011001111010
111101001001100101
111100010000111100
000000101010010001
111110101011001110
000001011111001101
111111110011000101
000010100001001101
111111111110100010
111111001110010111
111110110100110001
111111111000110011
000000000011100111
000000100000100110
000010001101111100
000000101000100010
111010111011011010
111101101001100110
000000100001010011
000011100001101001
111110010001110010
111111000000110110
111101001110011110
111100000010111000
000001010110111110
111100100010001010
111110111111000100
111101100000101000
111110111010110100
000000101011010000
111010011000111100
111111001110100111
111111101011010001
111101100111001111
111110110010111010
111101010000011101
000001001111100100
111101100010110101
111110010110001011
111011111000001111
111010110110111000
111111010111101000
111111000001010110
111111110111101010
111101001000011000
000100011110011100
000001100110100111
000000111001010111
111011111111000001
111101101011000000
000000001110101010
111110100001110111
000011000010000000
000101010111011011
000000100100110111
000010111111111001
000100010110010100
111011110111000101
000001110101000011
000001111111011001
000000100110111001
111101001010110000
111011010000000011
111110011100110000
000011000111101010
000011000011001011
111101110111000100
111110001011011111
111011111110100000
000001010110101011
000010101100111111
000011011110000110
111110110000010100
111111100110101010
000100100011010010
111100101010110100
000001111010111111
111110100011000110
000011101000100000
000001010110001110
111001100010101010
000010110100010010
111111100100001011
000000010110110110
111000101100001001
111111101101001110
000010000010010010
111110010000010111
000000101001110111
000000111111111110
000000000101001111
111111010010000000
000001101111101110
111100111001001110
111110000000000001
111111100111110111
111011100000100110
000010101000001110
111110000000011110
000011100110111001
000000110101010101
000010000011101011
111101101000011110
000100111001000111
111100000111010111
000000100010001000
111110110001110010
000010010101010101
111111001100000001
000010110110100100
000000010110100000
000000010000101000
111100111011100111
111100011010100101
000001000001111000
000011100010110110
111101110101010001
000001101010111101
111111010010010000
111100111010000011
000011010000110001
111101100001010010
111100100010011100
111101101100011000
111011111010101110
000001011001001001
111011000010010100
111010101111100011
000001110010010101
111111110110011000
111110111111101100
111010001000101110
000000110011010000
000001011110010100
000000010111001100
000000101100101100
111011000111110001
111101010011010010
111110000100101001
111111011011101000
111110011101001010
000000110010101010
000010001011000001
000001010100000001
111100111010111100
000010111010101111
111100100100101011
111111011110010010
111111010011110010
111111101011011110
000001000001101000
000000000111011101
111101000000100100
111101000110101000
111100101101101010
111011110100101000
000001001110011011
111101011100010111
000010001000000000
111111010101100100
000000000100001110
111011010001001000
111111001101001100
111011100110101100
000011011011001011
111011111111010100
111110101010001010
000010000000110100
111111110001111110
000001110010111011
111101110100100111
111001111000101100
000010101100101011
000000111010110111
111011110010101001
111110011001111010
000000110111110011
000000001001110010
000000010001101000
111101110111001111
111110001100110111
000001010011001110
111101111001101100
111100001001101000
000011001011101001
000010010010100011
111101001010000101
111110011110001101
000001010010001011
110110111000010011
111111000001010101
000100110000111111
000000100101001111
111101011000101101
111101100001111001
000100011101101011
111111100001011001
000001001100100010
111111001101110000
111011011111011110
000001111101010110
111100111111100010
111010010101011101
111101000010110111
111101001101011100
000011001101101110
111100010111011000
000010110011010000
000011010001111000
000000010111000101
000001001110001001
111110010100000001
000000000110111001
111110000011001010
000100011000100001
111101111111011100
111100101011010000
000100011000011100
000001010110000001
111111001110100001
111111001001001000
111100111110101110
000011011010010111
000010000111000110
111110000101001101
111111100001010011
000000000001100111
000100111001011111
000001101010011000
000010010000111000
111010101011101011
000001010011001011
111010000010011001
000001010010011111
000000110000001101
111111011110100000
000011110101001111
000001111110101011
000011011110110100
111111000011100100
000000100000110001
000011001110101011
111111011111111010
000011111001000111
111101001011110000
000000001000010010
111101101100000101
111010110001000000
110110110000101110
000100110111100011
111101010000010011
111101100000001111
000001010110000001
111001110010110111
111101101001001001
000011001001011101
111110101111110101
000011100000100101
111101011001010010
111110110000100110
111100100110010100
111101001101011101
000001001111001111
000001111111001010
000000011101011100
111100111111110000
000000101101101110
111111010110100001
111001101110001111
000000000001001111
000010010110010011
111111111010110011
111110011010010101
000001111100001100
111110111011101001
000000100010101010
111100011010011010
111111101110111011
111110011001010101
111111010110010000
111110101101010101
111110010011110001
000010110101100000
111101010010001010
000000111000110111
111100100101100010
111011101001011011
111101010010100010
111110110101001011
000000110011100000
000000010000100011
111111101100111101
000010001101100001
111011000100110010
111011000010010001
000001100111010010
111110100010100011
111111010111000100
111111101111101000
111110010101001110
111101111001010110
000000001110011011
000001110010110111
111111011000101111
111111101100111011
111110000110100001
111110110100110001
111110010011111110
111100010110101011
111110000111001011
111011011111000011
000000100010101111
000100100100101101
000001101001010001
111111111010001111
000010000111101011
111111011011111000
111001000001101011
000001111001010101
111111011110001110
111011011011011000
000001010101001010
000010011011110111
000000101001111110
000010111011011000
111110110101010010
111101000101011001
111101100111001011
000010101111001110
000001110100010101
111111000001101100
111111011011100001
111100011110101010
000000110001110100
111110011011100000
000001100111110011
000100010011110000
111011100010010100
000011101011101100
000010101100011010
000001111000000010
111011000001110010
111111111010101001
000001101110111110
111101100000010011
000001001001011011
111011010100000001
000011000001101100
111001101010011010
111100001100100111
111110110100010011
111110001000110001
111011000010000110
000001010010000110
111101100101101011
111101010000101011
111111010110000000
000011001000000010
111101010110111100
000010100110100110
111110111111111001
111101100011001001
111110100010000010
111111100010001001
000001001101011001
111110101100110101
111110101001100010
111100010110011100
000000011001010000
111101101001100001
000010000001110010
111110100100000000
111110010000011001
111101110010011111
000000100001000100
000001100001011111
111100010110000010
000001111100000111
000010011000000000
111011111011011011
000000111110100101
000000101100111101
000000010011011010
111110100100110001
111100001101100010
000010101110010000
111100111111011101
111110100101100001
111110110100011100
111101101011011011
000001001010011100
000100110110000101
000010111111011001
111110101010010011
000001001000001101
000011010101110001
111111110110010000
111101011101011000
000011000011111011
000011111001100001
111101011011111111
000001000111101001
000000101001100111
000011001001000001
111010010101100100
000001001000000000
111111001011001110
111111110000101011
000000100110110111
111100111100100110
111111110110101101
000010100111101001
000000011000110011
000000010110100100
111101010101111001
111110101001100100
111101001000110101
111010101111101011
111100001100000011
111011101101000011
111100101011011101
000001100100011110
111101011111101000
000010000110001000
000000111000111011
111100000100100111
111100101011110110
000001110010000110
000010011000011001
000001000100010010
000100011111100001
111101110000110000
111011010010011010
111101101100111010
111101100110000000
000110000100111101
111010001101111111
000011100000110100
000000000110011101
111100011111101011
111011100000000100
111011100100000000
000001101100010001
111101000010010001
111100111011111100
000000101110110110
000000011111000011
111010001000010000
111100101001111110
000011010110110011
111111001110011110
111101001010011111
111101011000100010
000010000111001010
111110000101101100
000001000010010001
111101111100101000
000000000110001010
000011001101001011
000001111000010010
111101000100101111
111110011100110111
000001101110010111
000011011101111011
111111011000010000
111101000110001000
111101101111010001
000100111010011100
111110011011010011
111101000101100101
000010110011110001
000001111111101001
000000101011110011
111011111100111111
111101110000011010
000001100001110000
000100011111000110
111010010110011011
111011010110100110
000001101101101000
111001010010010100
000010101010101101
000010110101011001
111110000110110011
110110001111011101
111100011110011110
111110000110011011
000110001010110110
000000101001011001
111111101010100100
000000100010101111
111110010000101111
111101110110010000
111100111110110111
000001001101010111
000001111100011110
111101010100100101
000001110001111011
000010010111011000
111101011110101111
000011111101010100
111111001100100100
000000010110011111
000011010110010110
000011100010111110
111010111100001111
000001011111010100
111111000100000010
111100001011110110
000001110101001101
111101110111111100
110110100100111001
000010011001100001
000000111111010110
000001001000111110
000010010000001111
000010010101001011
111110101011110001
111101111011111000
000001100101101111
111100101110100111
000000111010100001
000000000110100111
111100100101101011
111110111010011100
000101001010100111
111100011001011011
000010110011000111
000100110010100111
111100101111001010
111110111101101100
111110000010000110
000100010001110110
111111101110110011
000010000000001101
000010011001110111
111100001011101101
000010111111110000
111010011101011010
000011110011100001
111011000011001110
111110100101001100
000000100111001001
000001110100111000
111100110101010011
000100110101101100
000100110111100010
000000111010001011
111110101010001101
111010010110111011
111100000110001101
000001110011011001
111010011111001010
111111001101100101
000101100011010101
111101001100111000
000011100101011111
000000110011000010
111001010001001110
111100000110100001
111000000100111010
111111101011001101
000001110001001011
111110000110101100
111111000011001001
111011111101000111
111110111000110110
000010110110111000
000011101011010010
000001010111010101
000000101000000000
111111011100110011
111100111111010100
110110011000010100
110101111100101101
000011111011100111
111110111011100001
111111110011001010
111101010000111001
000010110110011010
111101100000010101
000001101100000111
111101000010001000
000001001011011111
111111010010101000
111010001011000001
000011011110110101
111010000110110011
000100101011001101
111001111001101110
111100111000100110
111000111110110111
111111000101000011
111110011110000011
111101100011001001
111010000001011100
111001010011100010
111100001100000011
111110010000101100
111011010011011011
000000101011100100
000010000010110011
111100111111000011
111010111101111101
000010101111001110
000110000101110001
000100001011110101
111111010111101111
111111110101100110
000001110011111001
111101100000010010
000001101110010110
000001111010110110
000000100100100000
111110111111110101
000000000010100101
000010100001110011
000000100101111110
000001011100001110
000000101011111010
000001001001011111
000011000000010101
111111000001011110
000011000000001111
000011010100001110
111101100101011100
000010101110000001
111110011100101101
000010001001000001
111011110101101111
000001111101000101
000010111100011111
111101001101111001
000001011000110000
000001010111110001
000010011100011000
110111110001001110
111100001101001000
000000111011101111
000000100001000000
000100001110101110
000000011011111101
000000010011110000
111101101111101010
111110001000100010
111111100100011011
000010101101000011
111100100101011001
000010110001111001
111010101011000100
111110110010111011
110110111100001010
111110101110111000
111001111001110100
111000110110111111
000001001011110011
111111001101111001
111011001100010000
111111000101110010
111010001100011101
111011011011110111
111010101000010100
111111110101010100
111011011011111010
000001111001100100
000010100100110010
111100110011110011
111110010010001111
111111011001100001
111100101011110110
111000011110100000
000010001100001001
111110011001111101
000000001001111011
000011010001010001
000010111001011011
000000111100110100
111110100101111001
111100011111011111
111110010111111101
111010100101000001
111111011100010100
000100000110100011
111110010100000000
000111000110111010
000010011100101000
111111000100010111
111101101111111100
000011100010001111
000100011111100100
000110000100100000
000001101010110100
111111111100011000
000011111001111111
111100011100100001
111010110010000100
111100101101110110
111100001100010111
000001010101101011
000001100111111101
000001100111010011
000001000001110100
000000001011110011
111010000001111101
000000010011010001
111111111001000100
111100010011011010
111111101011000101
000001011000010011
000001001011011010
111111011000000101
111110100110100111
111101110010001111
000000110111100101
111011011101110001
111111011001100000
111011010100100001
111101110101110101
000000000110101100
111101100110101111
111001011101001111
111001110111010010
111110111111001101
111001011010110101
111010111111100100
111100010001101000
111110001111100101
111101011111110111
000010000111010111
111111101000000100
000010011111001011
000000110100010010
111100001011000001
111001110011100100
000011010001011010
111101010010010111
111110011000100010
000000100101110101
111111001011100100
111111111110001110
000110000111000111
111011110000010010
111111010101101001
000001100000100110
000011101100000011
000001100000000100
111100100101000100
000001101110111011
111100101011001100
000000001011010110
000000110100000001
000000101001110110
001000010101011010
000000110101011100
000010111010011111
000001101010001110
000101000001001111
000001000110010111
111010110010011001
000110000111001001
000001011101010001
000001111110001101
111001101101000011
000100100001011111
111101001000000011
110111001111110111
000011001001111101
000001001001100001
000000000110101111
000001110110111011
111001000011011101
000010110111000101
111001011101110010
000011100000111111
000100000110101001
111011101111111010
111111000100001111
000000100011100010
111101001111010101
111110101110111101
111001000100000110
000001100110101100
000000110111001000
111110000011001011
110111011101001110
111011100011010110
000000101011001001
111001000011001110
000000101011000000
000100000111001001
111111000000001010
111001011001010111
111001111001010011
111111110010110010
110110010000100111
000101101100100110
111011110011010000
111110011011111110
111111011000011111
001000100001101010
000011010010110101
111111000000000101
111100011011101001
000000001100010001
110111001011011001
111101110001011000
111111011110111000
000011000010110010
111110101001100100
000001000011110011
000001000110001101
111110101110010111
111111101010100010
000011101000011010
000000100111010000
000001101101101010
000001100011100000
111010101100110111
111111101010110100
111110110001111100
000000011011000000
111110001101001010
111110111010110110
111110010011101010
000100010011111111
000011101110001100
111001110110001100
111111101100100011
000001111110100101
110111110100101111
111001000111001100
111110110101111101
000100111111101110
000001011000000111
000010011100110110
111100001000111111
000001101011110010
000000001011100111
111111000000001111
111110101011100111
111101110010000100
000100100000010110
000001100000010110
000100011101100101
000111011010110110
000100101011010110
000101100110001100
000011011100101000
111001011011101010
000111110010010111
000001100110111000
111100000111101101
111101100011101000
000010110110010001
111101110010110011
000010011001101110
111001000011101011
111000101110000101
000000011110011000
111111000101100100
111101101010111101
111100110101011010
000001100001000001
111110101000110010
000001010001000011
111100111111010010
111110011011111011
111110000100111011
111101111001111011
111111000101110100
000010111000010001
111111101111001000
000001010100100111
111110001010101101
000000111100100000
000010100010110101
111111111010111010
000010111101101110
111111111101101000
111111100100111111
111111101001001100
000010001111011001
111100110000000110
111100000001010111
000000111111110110
000001110001110000
000000100111001000
111101111101011010
111011101001010011
000001101001101010
000000001000101111
111111101111011010
111110100101111110
000000100011010010
111101110100111000
000000011110000000
000010010011010001
000011000101110101
000100001100110001
111011000111001010
111010100110100010
111000111000111000
111110001010101010
111110000111001111
111011000000011111
111111111110110000
111111000101011111
000100010110010111
000010110100111100
000010100101000010
000010011111111110
111111000110011011
000001010111001001
000110100111111110
000010110101110001
111110010110011101
111111000101110101
000011001000111001
111111110000100000
000000100100100111
111010110101001100
000000010101010101
111111000010111110
111110111011000010
111110110011011000
111100111000111101
000001000111110101
111011000110111110
000000110101110101
111111010011010000
000101001111010011
000000010000111100
111101100000010010
111001010111111101
000010111101010011
000010100101010001
000011001001100001
000000100010000101
000011000011011010
000011000011011100
111111000001100110
111101011011110110
111101111010001100
111100101111111011
000000011010001110
000001100010100011
000000011000001101
000011110010011001
000000001000001001
000000110011000101
000011001111010011
000000011000011111
111111101111100001
111110100011010001
111001100111001111
000010001110110110
111001000001000110
111010000001000010
000000000111111101
111110011000001101
000000101010001100
111010100101111101
111101101111011101
000101100000110000
111111101111011011
111101000111100000
111101100001101100
000000100101100110
000010000100001101
111010111101100110
111011111010011011
111100111011101110
110101110000111111
000010010001001011
111011100011100000
111110111111010011
000100110011001010
110100001010101111
111101101110110111
000011001110111101
000010100110111100
111011100110100011
000101011100000101
111011101011100001
000001101010100101
000010110101010110
110110000011011110
000000100110101001
111111011100111010
000001101000001101
111010101001110110
111111111000101000
000001101010110100
111100101011100001
111001100111000001
000101001000010100
000000110001111011
000011011100110011
111011011011011100
111111010101111110
111011111010011001
111100001101111011
111001000111110000
111101011010111010
110101000010110111
000000010100010001
111110110100010000
000000101101100111
000100110000101000
000000011011110111
111001111001110000
000010011011011001
000001001011000101
000000010000100100
000100111101011000
111100111000100101
000000010100000001
000001001011011011
111100110101110001
000000011001010001
000001101110011010
111011010000100111
000101001110110100
000010110001110001
000100001001101100
111111100100101001
000001001110110111
000011010101000110
000001001111111111
111101101110111100
111111101110001010
000010000000000001
111110100011101011
000000101000010000
111110010000000100
111101100101000111
000100101000100011
000100110110111111
000010101111100110
111101101101000011
111001101101000000
000011100111101001
111110001110010110
111110100111010001
000001001101010010
000011000010100011
111101101110011000
111111101110011001
111000111011101011
111110110010110010
111010100010000001
000000010010100010
111111101111111111
111101100010101111
111110000111001010
111111101011100100
111110111110111000
111100010111011000
111111110001011100
000000001011100000
111010101010100111
111111001000100010
111111000001010001
000001010110001111
000001111100110111
000000000101001001
111110111000110100
111101001001011001
111010000111010001
111111010111100011
000001010000011111
111100011110100000
000000010110101011
111010111111101000
111100011101011101
111111101100111010
000000001110011011
111001100110010101
000010100000100111
111110101010000000
000010111100110100
000001110010111010
111010000110111110
000011000101110101
111111011001010000
111100111001000010
000010111101100100
000000111100110111
000000110011000110
111111110110010001
111111100001111010
000001111001100101
111101010111001101
111111010011101010
000000001000011110
111101000011010001
111110100101100111
111011101110101011
000100101100110100
000011011110100110
111111111000001101
111100001111001000
111111010100100001
111111010000010100
111101111011111111
000011110101101000
111101101011110100
000001111011111101
111110001011010111
111111100110011100
000000101011101000
111111101101100001
111111110010101001
111101110011101110
111111101000111000
000001011001101100
111110010110010010
111011100000111101
000000111011001011
000000010010110101
000010100000110101
000010011000100011
000001111111101100
111101000010110000
111100101101110010
111001111011110100
111101100110100110
000011001000111001
111100001111000010
111111111100100000
000010100001110101
111111101101110110
000001011100010111
000011111100011100
000000010100110001
000010010101111110
111011011101000111
000101100010100110
000000010101000010
111101010100010011
111100010100001100
000100100011010010
111110010111010010
111101111110001100
000000010111100111
111011010010111100
111101010100010000
111110010010100010
000010100010000010
111011110000001101
111110110101010101
111101000110111011
111110001000110100
111101100110110111
111011110001010001
000000100101000101
111110010100011110
000011110111100111
000100100101111111
000001011101010100
000000100011011000
111100100101000000
000100010001001100
000000011010111111
111011001011000110
111101011110011000
000000100100011011
000001011001000101
111000100110011000
111110100010011100
111100110110000101
111110011101111000
111101000110110111
000001110111100101
111110101100101010
111101100111000001
111110010010000110
000011010010010010
111110001011011001
111110001011100011
000100101100100011
000000100010110001
000010001011010001
111110000110100101
111100001100011111
000000111101110101
111111110000111011
000101001111001011
000110111111001100
000000001110010100
111100101001101101
111111101111000111
000011111001100001
111110101000100011
111011100010101010
111110001111111011
111111100100110110
000010011000111111
111110100010011010
111111101001001100
000101001100101111
000000010001110011
000001100111101010
000001001001011110
000011100000110100
000100111000101010
111110111011110101
000101001001000101
000000011111101110
000000100100110110
111010111101111000
000101010011011100
111111111000110111
000000000100100010
111101001101100101
000110010100111011
111011011111111110
000000101111101100
111110110001111100
111100111011001101
111101111010110001
111011101110111110
111110110101011110
111110010011101110
000000001111011111
111100000001010111
111101001101101011
000100101111111010
000000100001010011
111111110110001111
111010010011001110
000011111010111101
000011011000110011
000010100110000010
000010110100000110
000001100010010001
000000010000110100
111111000101001000
000010001011100010
000000110111011000
000010010000011101
111111010001101111
111110001010110101
000001000000100110
000010011010001110
000001011001101110
111111110110111001
111011000001101100
000010010110000001
000000111111000110
111100001001100100
111111111011100011
000000001010100010
000001111011011010
111101111001110010
111010110101100010
000100010000000010
111110000100011011
111101010111001011
000000101111101010
111001010100111111
000010101001110010
111101010011111100
000101000000100000
000101011100011010
111111011011000101
111100011001010111
111111100011111000
001000001111100001
111101101000101111
111111100001000000
111101111011010101
000001001100010100
000101100000100101
111110010010000001
000001001001001001
000100110011000011
000101010000111001
111101001010100101
000000010110000001
000100011101010110
000000001000100000
000010011000010010
111001110100110011
111110110001111001
111111101111101010
000000011000100110
000001001010101110
111111001010001101
000010001101111010
000011111010010000
111110010011010111
000010000001011110
111111011000100000
000001010001101010
111110000111000000
111000101110110011
000001011100010000
000001110000011001
111100100000001011
111101001111101011
111110001001000001
111110011100001111
000010000001010010
111100001101110110
111011010101000000
000000101010000101
000001100100001111
000011011110011111
000011110100101100
000000000100000001
111111101011110101
000011001100001000
111101000111100110
000000010011010000
000001001110110101
111101110111010011
111110001110000110
000000101001000110
000010100101010101
111101111111000010
111101011111010101
000000010101011010
000001000000110100
111101000010001010
111101010101100101
000001011111101100
000010011011111000
000101011110101000
111110010001111011
000001011101110000
000100101101111010
111101101001110000
111111100110001011
111010100110111011
000000001011101010
111111110101111001
000001101010101011
111100100101001011
000010011110101011
111100010000101010
000110010100101110
111011011010110010
000010000000110011
000110001100000011
000001010000101011
111111101000010001
000000111000001001
111111011010101100
111110001011000010
000000100010100100
000010111100111100
000000101010000010
000011001101011001
111101000001111010
000100110001000111
111110111001100001
000111001101000000
111110101010111100
000011011000011111
111111000110100100
000011011000011101
111101010011011000
111110001010001101
111010100111101110
000010000100111111
000001110001001101
000011010110100100
111101001101111000
111110010000000110
000000111010000011
111111111111111011
000000101101010100
111100011011101001
000101100011011101
111010111011101111
000000111111100000
000011111000110100
000001000000110001
111101000111101110
111110110001101001
111100000100110110
111111011010100111
000010001110001010
111101000001011000
111100110101011100
000010010010010111
000001110011001101
000101011010000011
000101000001101101
000000101011101010
000010110011000111
111101000010111001
000011111101010101
000010000001100100
111110101101101100
111011010010010000
111110100010101011
111110101001111101
111110110101110000
000000000000000000
111101110110010100
000001011111110110
111111101110100000
111110001100011110
111101111101110010
111111101111101100
111011001011001011
000100101101011100
000000101111010111
111111000101111001
111100010101010100
000001011101011101
111100011110101111
000011100110011011
000001110001110100
000001000111011100
000010100010010011
000011000001001010
000000001110101100
000010111111101100
000000100001010011
000100001100110110
111101001000110001
111000010011001111
000000001011000010
111111010010110100
111110001000110011
111011111110110001
000011000101010101
000000111110100101
111101000011010001
111110110011000010
000000010001001110
111111101100101111
000100111111110011
000000110011111100
111011111000100101
111110010011010000
111100011000111000
000000011010001001
000011100011011000
000000001000000111
111110100101010100
000110110111010000
000110100011001010
000011110011001000
111001010001011100
111110100001011101
000100110000101100
111101001110110001
111111001101101100
000100010010000000
111111101100000011
000011110100110010
111110101100011011
111001101110111010
000001001110110011
111111010000100000
111100111011100010
000000111001101100
000001111101011101
111110000100011001
111011010100100001
111010110111001010
000000100100111111
111100100001001101
111011110111011111
111111111000011100
111101100100101111
000010111000111000
111110000000111100
000001011110100011
111101111100000101
000010001111110011
111101101100011110
111101111101010100
111110010011101110
000001000010011101
000001001110110100
000000111111001001
111100011010011110
111111000101000001
111110100100011111
000001100100001101
111011111111001001
111111100100001010
000001011100001100
111110100011010110
000011100010010101
111101011000110010
000001110010011101
111110100100100001
111101010001000001
000000101100001101
111111100110001111
111111001011110011
111110010010010100
111100000011110100
000000110010101000
111111111010011010
111011101001011100
000100101100101001
000011100000001010
111101101111001001
111010101100000001
111111110001111011
000010101011110010
000000100000100111
111111100110011100
111110101001011000
111110101100100010
111101001001110101
111111111111100000
000001100010010001
111111000100010100
111101101110001000
000001110111110101
000010111010110011
111110010000010000
000011011101111100
111001100101010011
000000011011001011
000101101011100011
111101100100001010
111010111110100101
111101011101011101
000010101011010011
000001011000010101
111110100101000110
111000110000010011
111111101100001110
111101010110001100
111101010010110100
000001110001011111
111000111011001101
000011001111010000
000011011101101101
111110000111001110
000000101011011001
111001111101111001
111110110000110010
000010110100101110
111111111000010010
111101100000011000
111101100101110111
000011010101011111
111110010011101101
000000100111110011
000010101011000111
111111110000010011
000000101111111111
000000110000101100
000100101100101101
000001110011001000
000011010111101111
111110011111101010
000000010101101111
000011111111111100
000011101010101011
111101101011000010
000001110101011010
111100010000000100
000000010101011101
000000110010001001
000010110000101001
111011110110010000
111110101110010001
000001011010100010
111010000100000010
000000101000011101
000100001011101001
111110110111110110
111101001001011110
111111110001101010
111111011010011110
000010101001000001
111101110000010010
111100001011010111
111101011110100101
111100101100001001
000010100010001111
111010011111000111
000001111110011011
000110101111011010
111001111001110011
111101101011010011
111110010100010010
000000000000100100
111010110011011001
111100111010111001
111110101101000011
000101011010001011
000010001001000010
000001010111000011
000001110111011011
000000110001000011
000010010110110001
111011111101010010
000000111000101010
000011001111110110
111110110010110010
111100110111111111
000010011111011011
111101000011101001
111111011011100111
111110000111110101
111011111011100000
000011010100111011
111100100010111011
000000000011111110
111001100110101010
000010001001101100
000000011111100000
111011010011011100
000111000001010111
111010110111110111
111101010110101010
111100111000101000
111101011010110111
000001110011100110
000010001010001100
000011101110110010
000000001100111010
000011110110101101
111000010110100011
111101101100101010
111011100000001111
000010010101101001
111111101011111011
111000011101111011
000000110001111001
000100001111101111
111101111010100010
111101010011000111
000001100000001111
111110111100010011
000001011011001011
111111011100001101
111101010100100011
111110100101001010
111100101001010101
000010000101001110
000001001001000101
111111001111001111
111110011101100010
000000100111011101
000010000100011110
111111011111011110
000001110101000000
111101101100101101
000010111101110011
111110011000000000
000010011001101110
000010001001100100
000001011101011010
111010111000100111
000010000110111001
111011100010110010
000000110010000110
000000100100000101
000010111011111101
111110011010101111
000001001000011001
111111011000000101
111011011101000101
000100010110100111
111111010000000011
000010011110000101
111110110011110010
111100100101011011
111011101110111001
000101111011101010
111110011101011011
000100111111100100
000000000011010011
000010001010101010
111111011110100010
111011100011010000
000101010101101000
000001101000010010
000001000100000000
111101000000000110
000100001000000110
111110011001001011
000000000010001110
111101111010101110
000100010101101001
000011110110101001
000001111010011011
000100010000010001
111110001100101010
000111100101101110
000011110001100111
111111111001001101
001000001010101101
001000101101100111
111100100101001110
111001111011000100
000011100111110110
111010001111001111
111111001000101101
111011000011111010
111100100110111110
111110100110111000
111101001011011110
111100010011111110
111010111110100100
111000011001101010
111100101101111101
000000000011000111
000011011000110100
111010100110011111
111000110101101000
111110011100010001
111101000101011010
000001000110100000
000000110110000110
000011001100010101
110111000100101000
000100101001000111
111101011000010011
111110001001100011
111111100100110101
000010111011001101
000000111111011000
111001110010000011
111011001010101000
000001110101111001
000000001010011101
111111011001111101
111011111111111101
111101101100110000
000000111101010111
000100100011001100
111010111000110101
111101000010011010
000010001000101101
111001001011010110
111101000010000000
111111101110001100
111110001000101000
000100101100111001
111110011100011100
111000010100000010
111101101111111110
111101010000010100
111100100001010010
111100111011001100
111001011101110010
000010011100110011
111011101010100001
000001100011000001
111100101000011000
111101100011001110
111111101110100001
111110011001101110
111101011111011001
111100011000000101
111101011100101110
111011000110011111
111110001010101011
000001000101111010
000010000100100110
000010011100010110
111110110101100000
000100101111000001
000011111000101111
000101000001010110
000000001100011010
111110111111011100
111110111010000110
111100011100001110
000000100110101011
111100111000101000
000010100100100111
000011101101100001
111110001111101111
000101000000101010
000001011110011101
000011100001000111
111110100110001101
111011000000111011
000010101000110011
111011110011000011
000011101111101110
111111111100100100
111111010010100101
111111011101011010
111001101010110110
000011010000000101
000101011100000101
000010111111111100
111111000001000101
111010101000111110
111111110100100110
111010111101011111
000110101000011101
111110101110010000
111100110111000010
000000011001010000
000110011010011000
111100000010010001
000011011110111001
111110110000001000
000010001001111001
000110011010100111
111111101100010000
111011011010110111
111111110011101100
000011100100010001
111101101001000101
111110010011010001
000101011010000111
111101100001101101
000000011101000110
111000001011000000
000010001011110101
111110000001000010
111011011110111101
111010001110100101
000011010011000000
000010110101100100
000111000011110110
000010010111011100
000000001000010001
000000011001010001
000001010110011010
111011000111010110
111101110011101110
111111000101011101
111101100010011011
000000010011111100
111011001101011111
000010101011000100
111111001011010100
111011011101110010
111110000000101010
111111000101011010
111101100111100011
111101111101110101
000001011000100011
111111001010111000
111101001001110010
000001101100110111
000011111100001000
000001100111000100
000000011001101011
000011101011000101
000011011111111111
111100010101000101
111100100101011001
111100010010011110
110111001011100100
111001100001000011
000000000111110111
111111100001101000
111111111000101100
000001101000001101
111010000001101011
000001111011000100
000001010011100001
000010101111001011
000100001011010111
111101011010110000
000010111100101010
000001110011111100
000001111011101111
000010001001010011
111100011100001010
000100001001011001
000011001010100011
111001110110011101
000100100101011110
000000010011000111
111011100001010101
000000110110000000
111110011100101001
000001100001111001
111101100101010010
110111000001001111
111000010110010001
111010001000000000
000010000011011001
000000100001001010
111001100101001111
111011011001010011
111100011001101100
111110100101011100
111110100111001000
111111010111111100
111110010101001111
111010111100000111
111100111001010011
111110100001000100
111011111111011100
111101100001000100
111101110111110000
000000110110001110
000001110100010001
000010010001001011
000011100000110001
111111100100101110
000001100111011011
000011100001111000
111111101000101000
000010011110001101
000000101000011111
000010111100100011
111111011101001000
111110011011011011
111100010000001001
111110101100110111
111011101000100010
111010000110111010
000010001010101010
111100110000000100
111010000100001000
000001110011110101
111110011010000010
111110110001100001
000001001011111011
000000101000100110
111101001110011110
111111001000010110
111011100010111111
000000111000010001
111111000001101101
111011011010010100
000001100011010101
000001101111000100
000001011010100100
000000100010010110
000010111011011011
111100101101000100
000001011010000111
111110100000001000
111101101010011010
000001101011101010
000010110110110011
000011000001000100
000010011001110001
000010100110100110
000000010000101101
111111001100100011
111110101001011000
000001010000111100
000010000110001110
111011100000111010
111111110111001000
111101100011010010
000000111010010001
111111010000011101
111100111111100111
000001100111111101
000001010011011110
111110000110111010
111010010011001110
000101001110001110
000011011000011010
111111111111000111
111011010001010111
000000001010011101
111100110010111011
000000100111000010
000001011011011011
000001001001011010
111111110111001100
000011011101010111
000100101100111011
000010011110110010
000010110001101000
000011000111011001
111100111001100000
000100101110011000
000011000011000000
000011011001010010
000001111010101110
111010001101001111
000010111001110110
000010101000100011
110111111110011100
000001111010001110
000001010001000000
111100011001000100
000001100000100100
000000010111000011
000010100001010000
111110110100110110
111110101001011011
111100100100101101
111100010000100101
000001001110111000
111100011011001011
111111001110001100
111101101111010101
111101110110000010
000010001010010001
111111100111101100
111110110110000001
000000011000000111
110111110110010101
000000001001000101
000000001001110001
000101010111000110
000001001001000111
111100000000001101
000001000001011101
000101111110001011
111111101010000011
111000110110010000
000010111110001111
000101100111000000
000000011111000010
111110011100100110
000010011111111001
111110001000000100
111101100101011000
111010100001000111
000011110011111010
111100111100110100
000000000100000111
000000011010001111
111110100000101000
111111110100011001
111110010011010111
111010100100100101
111101010111100110
111101110010000111
111010001111010111
000000101101001001
000000110000000000
111011011010100100
000010101011010100
000000000111101101
111010010110101000
000000011111110000
111101000101101100
000000110010100001
111010111101011100
111101000101011111
000000001011010111
110111000011010101
000010011110001011
000001011011110001
000010000000100100
111101110111101110
111111011101100101
111111110111100110
111101111111000100
000000010110110100
111111101010001100
111111111110100110
111010101011001111
111100101111000000
111110000111000010
000000100111010011
000000101011010101
000000000111000110
000010100110110101
000100111000101101
000011011101001110
111111111010100101
000000100100101010
000000000010010100
111110000100110101
000001100001100101
111111010111000111
000011000101010000
000011110001111110
000011011111111111
111111000111110010
111111000100001111
111101010011110110
111100010010110010
000001000000110110
000000101011011111
000001010000011011
111110101010100101
000010011011100001
000001010101000111
111101101001101010
111101001001111011
111110100000110010
111110001101001010
111100001001010100
000010110110011110
111011110110100100
111110000111111011
111111110011011100
111101000000101010
111100010101111000
111100010000101110
111110001001111110
000010110101000100
000001100001111101
111111110011111011
111011010011111010
111110000100101100
111111010110111100
111111001011010111
000001011001000111
000011001000000001
111110010101010111
000011011110011111
111100011101010110
111101000100011000
111110101110110011
111111110001010011
000010000000100110
111111111001100011
000000101100111101
111111101011010110
111110000111100011
000000111100000111
111101101011111010
111111000001101101
111100000110110111
111101000001000111
000001101100110110
111100111111000100
000000010100001001
000100101010001001
000010111111001100
000001101111110000
000010001011011101
111111001011011101
000010000000101001
111101111011111011
111111010001111000
000010100011111101
111111101110011100
111101100010110100
000000011111110011
111110110111010000
111110100100110101
000000000001100001
000000000001001001
000000001001001000
000010110001001101
000000110001010111
111110010000110000
111101101100000000
111111001110110000
111101110010010011
000001111000000100
111110000011000000
000001100101100101
111101001010011101
111101011010101100
000010100010111010
000000010001001110
111111101011110100
111111100111100110
000011000000101100
000001100001100111
000000001000000001
000011110010001100
000000110011110010
111111001101001100
111111101100010001
111111010101010001
000011101000101010
111111101010010101
000010011011100111
000011000101010000
000000100111011110
111101010010100101
111111101101101000
000000000101111111
111101010101010110
111110001100001010
111110100100100101
111110010011110011
111100010100111000
000000010001100010
000000001001000010
111110101111101101
111100111010111010
111100110000101100
000000111100011001
000000010001000111
000010001110000111
111111001111010110
000010011101111101
111100101001111100
000100101011101110
000010010100001001
111100111111100001
111110011001010001
000010111110111011
111111011110011001
111011000011011100
111101110000011011
111101011001100001
111110000101110011
111110100000001001
000000101000001110
000100110011111000
000010100001101100
111111110000001001
111110100110111011
111010101100000110
111110100101101110
000000101001101111
000011110101010000
111110000110110100
000000000010101000
111100010101101110
111111010101100011
111111100010111010
000100001001011101
000000100011100000
111101001011101000
000011000010000111
111110101011011100
000001100111111100
111111011001110000
110111110100110011
111111100100100011
111010000010000001
000000101101111011
111011001000111010
111101001110000101
000011111010000110
111001000101001010
000010000010111111
000010000010111101
000001011101101001
000001110001110101
000001111010010010
000010000010010001
000010110000010010
111111101000000001
111111100011000110
000010101000101111
000000011010100010
000000111000000101
000001010111000101
000110011001110010
000001111100011001
111111010011111011
111111010010001010
111101001111100110
111011100011010101
111100000011010100
000010000010101011
111101101100011100
111101001010010110
111101001111110101
111010010001100111
000011011110001001
111100110101111011
000010111110010000
111001101010001011
000011011000110101
000001101001001111
000010110011001001
000000110110110000
000110110111100100
111000111000101011
000001111010110100
000010101000001011
111101101111110000
000001001001000000
000000011110010110
111110110001011101
111110000011100111
111100100110001100
000001100001000110
000100100110010100
000100001100101010
000010000011001000
111110111011001000
111100000000111010
000010110111011101
000001100111110111
000011000101110011
111110100001001111
111110000101111011
000011111000001011
000000111101111101
000001010101101000
111101011110011111
000011011111110001
111111101100001001
000001110110111100
000010111010000010
000100101000111101
111101001110100101
111001110011110010
111111000001100010
000110010100010100
111110000110011011
111111111111000101
111100001101101001
000011001010100001
000010111100111111
000011000000000010
000001100100000011
000001000010111110
000010111010110100
000001000000111011
000010000110110101
111110010100001111
000010110100101011
000000101101000101
111111000111011111
111010010100101111
000000110011010001
111101111111011001
000000010111001100
000001001111100101
000000111100101010
000011100001000101
000000100110111000
000000010110001010
111101000001001000
000010001010010000
000100010110011111
111111101001001011
000100001101011101
111111111000011011
000001111101000111
111011001111100100
111111100010000011
111111010110101011
000010001110101010
111010110100101101
111100111001001101
000000011101100010
111101011110111001
111101101110100010
111111000100110111
111100100010001001
111100011011011111
000010111001011010
111110010110011010
111100100010110110
000000010110000001
111110010101110010
000001000000011010
111101011001111010
111111110110000011
000010111111100101
111101011111000101
111111001110100110
111101011100100011
111111011101110111
111100111000000111
111101010100110011
000010000111111011
000011101101010000
111110110111111101
111011101110100100
000011000111101110
111111011110000010
111100110100011011
111011111011111101
111100010100111110
000011111011011011
000001100010110000
111011001000010111
000000100111000100
111111011100010111
111010101100101010
111011100010011111
000001101101100001
000110101100101100
000010101111010011
000000011111100010
000000111000110010
000001111011000001
111011101011011010
111100101010110101
000000001110011110
000001110011000111
000000010110111100
000000000111111010
000010001111111000
000001111000100110
111111111111110011
000000000100111110
000010000111111101
111111010100101110
000010000100110110
111101010011000110
111101011101001101
000000101000011111
111101110101000100
000100100100000110
111100011011101101
111101000110101011
000000000100010111
111011001011010100
111111101011011101
111001011100111000
111110100110100111
111101010011001110
000000000010111111
111101100101100011
111110100000101110
000001000101100000
000000001101000000
111100110000101011
111100000110110110
111110101101111000
000100100000101001
000000000111100011
111111110011010101
111110001111010001
000000100010101101
000001000000000100
000010011100010110
000010110100111010
000001111000101010
111110110110111100
000011010110100111
000010110000001011
000100000011110110
111111001010011011
000001001111101110
000011110101110101
000001000001111010
111101000110001010
000000111011110000
000010001100100101
111100110011101100
111100000101111000
111110101111011101
111110000111011001
000001000101101011
000000000110111011
111110101010010000
000001111111100111
111101000010110001
111100100100001110
000001110101010111
000010110111010111
111101100100010111
111111111101101000
000010110111110000
000000100010011110
000001110101000101
000011101011101001
111101110101001000
000011000101111110
000100010011111001
111111000001010001
000001100011010011
000000011111000101
111101110111011111
000010010010111011
000001110010001000
000000001000011000
000000110010001011
000001001100011101
000000011001000000
111101100001001111
000011100000010000
000001000101011100
111111100101010111
111101111100111110
111100001001110011
111110000111011111
111111011101110111
000000100111100001
111100110100100101
000010011101100101
000100100011110100
111111011110001010
111001110010111100
000001001101011010
000011100000001011
111001110110001111
000001110010001110
000010010000011010
111101010100011000
000011011001110000
111100000110000110
111011101110101100
000010111101001111
111110000100111011
111111010001110001
111110111100111100
000011011010010000
000010100011100001
111100110100110001
111100011111001101
111010110110010010
111000111111011110
111101011110110010
111100101001000111
111100110111111101
000001011000010110
000100000100110101
111010101001010110
000011011111000110
111101111010101000
000010101010110100
111100101001010000
000000100100100101
111111100100110100
000001011001011011
000001110101000001
111111011011110010
000011111000001000
111100001110110000
111110111101001110
111100101010111000
000100011110010000
000001010100010000
111111001000011000
000000101111111011
111110011010010111
111101110110011001
000010100100110001
111100010100100010
000011111110011101
000001011011110011
111011010111010000
111101001001100011
111010010101010100
111111101110100011
111101110010110101
111110001100000101
000010101010010010
000010100101100010
111010010110110101
111111000101000001
111101001001000010
111111011101001010
111110010101101101
111111000010110101
000000011110101110
000001111111110010
000001101111001110
000011101100001111
111101100001100000
111010100100000111
111110100000000000
111110100100111001
111101100011001110
111101011010101111
000101001111100101
111011011101010111
000100100100011000
000001010001100100
111100011011010111
111100010001100011
111101101100001100
111101110110111010
000011000011001011
000010100000111111
111100111001011110
000000011001111111
000000110111100101
000000110010000110
000000000010010000
111001111101100100
000100100100100000
111110100000011101
000001111100001011
000010101011010110
000001001001001101
111010001010111000
111101100101101000
111111100011100101
111111011001000010
111100101110100001
000001010100010100
000001011010101011
000000110110010000
000100010001111100
111111100001001010
000100101000001000
111110001010000001
000011010000101101
000000100111111000
111101111111000010
000001101111011010
000001101111110111
111110100111101001
111101000010011110
000010101110100100
000000110001110110
111000101111101101
000011000101011110
111101000000000011
111110111101100000
111011100001111101
000011010001000011
000000000010110011
111011011010111011
111100000001001001
000011000111011010
111101010011001110
111101110000101010
111100101100011010
000011011101001100
000010001100010111
111110111110010100
000001101000000101
111110001101001011
111101001000010101
000000110110001011
111100111000011101
111100111110010101
111101110001010110
000001001001110010
000001010100100011
111111001010101000
111101000101110110
111011100001010100
111111000110100011
000000110100000010
000001000001011111
111111010000111010
111110010011101001
000001101110010100
000000000101011111
000001111011110111
111110000011100111
000101111101010010
000010100110010000
111111111011010001
111111000101001111
000001111010011100
111010111001001101
000001100010110101
111101110011010011
000000001110111100
111111000111000010
111110000111111111
000001100101111001
000000110101011011
111110101101110111
111011100110010101
111100010001101110
111110111000000110
111100001001110111
000011110100110101
111100011101010010
000001101100101010
000000111110100111
000101101111101101
000011100111100101
111100011000111010
000001100011000100
111101110011001100
111110100100100011
111110010010010001
000011101010011110
111111110111100101
111010110001010010
000000100000011010
111111101000110111
111101000111110110
000010000010111001
111111010000101001
111111100110100011
111111001001100001
111101011111011101
111101100101101011
111100010100101010
000010110000001111
111100101000111000
111110110111010110
000100101010100100
000011000110111001
111111001101111010
000010011100011010
111110010000010110
111110101000100001
000010110000011110
000000000001001010
000001011011001111
000100000001100110
000000010010010001
111110101010111111
111011101101100110
111101010101001100
111101010001101100
111111000110111110
111001000111010111
000000010101101100
111100011101001010
000011000001100111
111011000111100110
111111010011000101
111110001111000001
000010011011110111
000001011011010000
000000001100101100
111101000110100001
111101111111010101
000000110100110010
000010100001010110
000000000000110111
111010100000100010
111110101111100101
111110101010010111
111101000111101001
000011110000101001
000010101101001110
000100010000100110
111110110001010011
000100001110001110
111111110011111010
000010110100101010
111111011001000111
000000000000110000
000001000111011101
111100111101000001
000011000001101100
111110001011100110
000100011010100001
000001100111011000
111011001110101001
000000101110100100
000010110000011111
111010100100000111
000001110011001001
000010010011011010
111011011001001111
111111001111111100
000100010001100110
111111010011111111
000001100011110100
111110111000110000
111111100011010001
111100010111101010
111101010011111110
111111100100111010
111111010011000111
111111111101110110
111100010100000010
111011111101101001
000001001101101101
111100101001011110
000010111000011111
000101001101100001
000001111110010011
111000111000101010
000010011100000110
111100110011000111
111100101110110110
111111101101100000
000010111100100001
000100100111011101
111111100110111111
111111001000110111
111101101000000101
111110010011010111
111111110010101100
111110110000101011
111101010010000101
000000111110000010
000001000110010001
111110101011101010
000000010101010001
000001010001111010
111101001101111010
000001110011010101
000001000101000011
111101010001010001
000101011111111110
000100000010011110
110101110101001101
111101110011010111
111110001011101001
111110011010100000
000011010000101000
111110001111111011
000101011000101000
000000111101110111
111100111100011110
111100000101101100
111101010001111001
111100111010100111
111111110111110010
111111110111111101
111011111011101101
111101110001011001
000001000110001111
000001100011011111
111110111001000101
111111101010001110
000100010000110010
111010110011000111
000011101100001001
000100010111100011
000001111100110001
000011001000000110
000101110111010001
000001011111111101
111011100100110010
000001101011000000
111110101011010101
111110000011001000
111101110111011000
000101100100010110
111101000000101101
111111111101001011
111111101100100110
000010101001110111
111011010100000000
000011000010010101
111111110001111000
111111101101111100
111111010101111010
111111011111110011
000100101000111011
110000110111000101
000110111011110010
000110100110001001
111010101101111101
000001110110001001
000001111100001110
111101011101011011
111011000101010101
001001110001100000
111010011101000101
000011000011110000
111010100100100110
000011001000010000
111110001101010001
000110100100111100
000011110100010111
111110110010000011
001000110100101100
000000110111110010
001000101001100111
111101100001110110
000010111110010000
000101101101111001
111001010001101010
000010011010011101
111110100101111100
000001001101011110
110010001011101000
000111110011111100
111101100011110000
110111100001000100
111100010101101010
000110010001110110
000100101100110010
111011111101010001
000100110001100010
000000001101011011
000000001001000110
111101101010111111
111010011111100101
111001101001101111
000011011100001111
000001000100111101
111010101011000101
111110001001110011
000010000000001010
111111110100100010
111101101010100110
000001011111111000
111010110011111101
000000010010110110
111110001000001110
000001001100111011
000001000100110100
111110011100100111
000100011010011111
000010100111000010
111111101111110010
000001011110001111
000010100110101000
000100000001011001
111100011100010111
000000001001010011
111100011010001010
111001111000100100
111010111011000000
111111100100111111
110111011011101110
000111101101110100
111110000000011010
111010101101001101
000110011010001010
000011100000000111
000000100011101101
111101111100101000
111110010101101010
000001010011100000
000010101111010011
111111001011111110
000000011101110111
111101000000000101
000101101010110101
000100111110100010
111011111110001100
111110010011001101
000101111111110111
111111011000010110
000001100010010101
111100110110001010
000101000001101010
000000111101010101
111100000010100100
110111111010100000
111000111011001010
111110010001011010
111101110100110111
111100101000010111
111000111110100111
111101110001101111
111100101000000001
111111011001101111
111110011000110010
000011011100100100
111110110111100101
000001110101111111
111110001110000110
111111101100111110
000000110000000010
111110110001010001
000010100101111010
111101110000010111
000011010010101110
111110111110011100
111101010001100101
111110110000101111
111111000001100011
111111111111110011
000001001110111000
111011101100101001
000000110011011110
111100110011110010
000001111010011010
111111100011110110
000000000100101011
000010000000110100
111010010100100001
111110101101011101
111011101011100010
111010010001101100
111110000010000001
111111100000011100
000001010010001010
000001100110000011
111110100001111100
000010101111000100
111101010111011011
000010100100101001
000000011010010000
000101111100101111
111100011110001010
111111010100100000
000011010001100011
000010011011010011
111011010010100100
111101001010000000
111111100011011110
000001011101001011
111100011111110101
000001001111101110
000010000100100110
111100101110111110
000001111010000111
111101000000001100
000010110111100101
111100011101101101
111110011110110000
000000100111100000
111111000011000101
000001000101111001
111011001110111100
000001010110010101
111111000101011110
000010010001111101
000001101100001000
000010010011001011
111011001110011111
111111000001110101
111011000000100001
110110111111111011
000011001101000001
000011000000110011
111010001110100111
111011100101101010
111111111111010011
111010011101110110
111101110100011111
111111000100011000
111011101101000001
000011001101101000
111100010100100001
000101000001011010
111111111000101111
000000111111111101
111110100011000001
111001111001011010
111110010010010100
111101111000000101
111111100010111101
111011101110011101
111110001110110010
111111010111101010
000001100101001001
110011100111100011
000000001010110111
000011110001011011
111100011000011111
000000000100111001
000000000010111000
111101111100000100
111011111100000001
111010010010100100
000000001000101011
111111110001000111
111100000101111010
111101011000001101
111111000110010111
111011110110111110
111100111000001011
000000010110110100
111111110110010100
000000001011011111
111011110100000011
111101000010110011
111011100010100101
111100000100111100
000001110000111001
000011010100001111
111100010011110101
111100100011110010
000011101110111100
000011010011110010
111100000100011011
000001100011100000
000011101001010001
111110101100100100
111011110111101000
000010110100101100
111000111000101111
000001111000011100
111010101111011101
111101100000110010
111101111101100000
000011110011101010
000001001000111100
111101001000110011
111101101111101011
111001010010001001
111101011011000000
111111001101100000
000000010010000110
111001110001001111
000011011010111010
111110100010010100
110100010110001001
000000001110001011
111101110101101111
110011111110101100
000001010010100100
111111101111111110
000001001110101011
111100101101111011
111100101100100111
000001000011110101
111100010110000010
111100111011111011
000100101000111000
000001111000000010
111010101001011101
000010011011001100
000011100001011111
000010001101010111
111100011011001101
000010001010010101
111110011000001010
000000110011100110
111111001100111011
000010101000011101
111101101010110010
000011110000100001
000100001010101000
000010100111010001
000100111111100100
000001000111111101
000100000011100100
111101011111011011
000001000101000110
111110100110000000
000000111111100111
111110101000011010
000101011000101110
000010000001000000
000011110001101100
111010100001111110
111101001011111111
111011011010111000
111101001110101010
111101101010111001
111110100100101101
111101110010001010
111001000110010000
000001001111011110
111011100111000000
111111000101111011
111111111000110000
111010101101000010
000010100010001101
000000100010100010
111111001000100001
111111000100111111
111110000000011000
111001001110101000
000000111011011000
111101001011011011
111010010110001000
000001110101011110
000010101100110011
000010101010000011
111001100110001100
111100100000100000
000001100001111000
000100011001111111
000001101110011010
000010000101110011
000011001111110110
000010101111000100
000101100010110101
000001111110001000
111010011111001000
000010001101011011
000101101001001110
111111100110011110
111001110110110011
000000101111000101
000010001011000101
111101110111011110
111110011000101110
111111010010100101
111111000100110000
111110110111000001
000000101001000001
000011011000101001
000000000101111011
000011100010000100
000000101000010110
111111001100000111
111110001101011000
111110111000000101
000000000100001111
000100111000011000
111011110101010111
111101110110011100
111110101000011011
111110010011010111
111011100011010001
000100001111101000
000010111101000011
111111100111001101
111110011101011000
111101110000000101
111111010100111000
000000010010011011
000010100111010111
111111001100010111
111100000100011100
111100111011101000
111110000101101011
000001000101010010
111101111000111011
111101110001011010
000001010110000101
111111010101111001
111110101000011100
000100001001101010
111011101001110001
111111110100100100
000011110010000010
000010101110000111
000000000100000101
111100011010011101
000010111011000000
111111111100000101
111100001111010100
111100111111001000
111110101100011111
111111011100110010
111101101101001011
111111100001011011
000000111111111010
000001011010000111
000100001001010111
000001010011100000
111011100011011010
000000110110011110
111110100000110010
000000000010010110
111111000001000100
111111111010101000
111111000001011110
000001000101101000
000001011100110000
000000101100100101
000000000111010100
000011101011000000
000000111011011111
111111101110000000
000001011101010011
111101110101011001
111110010010001101
000011101011110010
111111101001011001
111110111000101101
000100011101111110
000111011010111010
000011100000001100
111111111011101111
111111010110011101
000011101011110111
110111100001011110
000011110111011101
000100011101010001
111101110111011010
111101111100111101
000001111101000011
111100111101110101
111010011110110111
111111101001101011
000100101110111011
111100101011001000
111100110100001100
110110111100011010
111101011010100111
111111010100011100
000011100101000010
000011111110010000
111100011011000010
000101100001011101
000110000001110111
000011110011100111
111110111101000110
000001010011001111
111110101100010100
000010001001100101
000011110110101011
111000011111100001
111110100000111000
000010100111001100
111111011001101000
000000110010011100
000011001101100010
000010100010100010
000001000000000100
111011111110111000
000110001101010000
111110101001100110
111111111000110001
111110101101101011
000001001100000110
000010100011010011
111000100000010010
000111101010001111
000100110110100101
111111110111100011
111111010110011110
111100010011101000
000000111110000011
111110001111111000
000010101000100100
111110101000101111
111010010011011010
000001110101000101
111100111111100111
111001101110111011
000000010100010100
000000100110000011
000111100100000000
111100100001111001
000011110000101000
000111101010000000
000000101100000101
111111000010101101
000010101111111011
000000110110000101
000001001011111101
000110001100011001
000010011011111101
000100111101000101
000000011010001110
000001001111000010
111110011110001010
111111011111010000
000000110001110100
000010010010110011
000000100001011011
111011100101101011
111010001010111010
111110000000011011
000001010000001011
111011011011110111
000001100001100100
000010100001001100
000000110001100110
111100100010111000
000100010011000000
000010000111010111
111011001010011011
000110110101101111
000001000010100101
000001010111011101
111101111100001011
000001110100001000
111110100000111010
110111011011001011
000001101001001011
000010011001111101
111111110001001010
000000011110110110
111001001000011100
111000010101010111
000000111110001111
111111010011001011
111101101001100001
000101000011100011
111101110111011000
111101100110101011
000010100100010000
111000110100110101
000010000111000100
111101010101110110
000001011111100101
111100111000011010
000010000111110001
111111111100001010
000011011000110101
111011111000011110
000000110000010000
000001110100101001
111111000101010010
111110101100111001
111101111000100011
000010101000001011
000000011011111101
111011111101100101
111110111111010111
000001110011100101
111111000000001011
111011111101000001
111101001111100110
000000110000111000
000001001111111010
111111111100000011
111010101101101000
000000010101000010
000001100111010000
111100110011001100
000010010111010000
111010010011110000
111010110110011000
000010111101110011
111011111101111001
111101010111011111
000100100001100000
000001111011001000
111011011110110011
111010110010101010
111110100110001110
000000100100001010
111100011110001001
000000011001100010
111100000110000001
111110011011010000
000100011111111101
111111011000000101
000000010000011110
000000100000001111
000001101100100010
000001101010111000
000010100110100001
000011010101100001
000011101110011100
111100110001000011
000000111011111010
000100011111000001
111101011111011010
111011111000001100
000010110010001111
111101100000101101
110010111111100111
000000101011010110
000011011001111101
111110101101011000
000011110000000011
000000010101101101
000010011000010100
000001010001010100
000000111111001111
111101110101010000
000000000111110000
111110000100110011
000010010101111011
111110010111010011
000001111010010110
000000000000111011
111101111010010100
000000001001101000
111111011000101110
000010110001101110
111111011000100110
000010111010000100
111111010001011001
000000101111011100
000000011110100100
000000000100010001
000001110000010110
111110000011111011
111111111100011001
111010011010101011
000010011111001010
111011100000011100
110110101000001011
111111111100000010
000010010101100101
111110110000110011
111111100110100010
111011011110010100
111111111111110111
000011000010011111
000100101000010000
000000001001101111
000010111100110100
111101010011101110
111111100100000001
000010100111111011
000000100111001001
000000110111011111
000010011110001111
000011000111011010
111110101010010000
000001000110110011
111100001101000100
111101111111011011
000100001000110101
000001101001010100
111111000100111100
111110101000001111
000011100110101100
111110110001011011
111101111100000111
000000000011000101
111110000111001001
111010011011010101
111101111000111011
111100000010100011
111011111110000011
000000001001000000
000100100111111110
111111001010011100
111101010011000000
111111010010001100
111111110101011111
111111101101000010
000011110111111101
000001111001101001
000000011111000100
111110111001100111
111110111101011110
111100100010111011
000000010111010010
000001111111110001
000010010011001011
111101101001011100
111101010011111001
000011111110110110
111101111010000110
000001010000110111
111111101111101000
000101000100000101
111101001001011100
111101010100111010
111110000110101000
111110011000111101
000000011110100010
111010001001001110
000000110011001011
111011101101100011
111110110100101111
111101111101001000
000011000010010011
000001001100011010
111000101100100011
000100101011001001
000101000101111000
000011110110011110
000001100000101001
000001100001110100
000010010011000011
000000011110001101
000011011110100110
000101011101000110
111101011101001110
000101100101010110
111110001100000000
111100101010100001
000011100111000010
111110000110000010
111111100000010101
111001110111111001
000010100010110000
000100010000000010
111100011101010111
111000010011101101
111011011001100000
000001111100011001
111000100000011110
111001101110100010
111110011101011111
111100001101000001
111111001011101001
111101010001001101
000000100111010101
111101101010110010
111100100010101010
000000101100111110
000001010010110110
111110100101010011
000000110000010011
111100011000011001
111101100001100000
111111011100100111
000001110001110011
111110100001010101
111011010110011001
000100001110000010
000010101001101111
111011000100111111
111101111101010110
111110111101010110
111101101010101101
000001010001111100
111100111111111001
000000000011010100
111101100011101111
000001101110110101
111100000100011111
111100110001101000
111110001110010001
111110111001000111
111111111101010001
111111110010010010
000000001111001000
111011100011110101
111101111101011100
000011101011110100
000001001111110001
111111111111111001
111101001000011011
111111001001101110
000010001001101100
111111101101101100
000010000110010001
000001101101010101
111110011101000000
110110011011000001
000001010111101100
111110111111011101
000000010011111100
111111010000110101
111111101101110011
000011110100010001
000001000011100111
111101001001111010
111101101000011110
111101101101111011
000000000101010001
000010111100100010
000000000010111100
111111101101000111
111110100010111101
000000111111010110
111101001011111101
000100101001101100
111100001100000001
000011010110101110
111101101011101011
000011100011011110
000100101101110010
000010100110010111
111011111001111010
111101111111111001
000011111101101101
111100010000100100
000001110010010000
000001001000001000
111111011011110010
111101000001111001
000010011101010001
111100000011101111
000100001100010000
111111010100100111
111111010101000110
111111010100111011
000000101101101101
000100010000100010
111111110001011100
111110010100110011
000000111001001101
000011001000111000
111111010001011111
111100110000110011
000001111101100100
111110000000001001
110110010010010111
000000101000010010
000011010011011101
111011110011110111
111110001000000001
111011100110001011
111011000001100011
110100000100010001
111011111001011000
111110101101101011
111100010001000101
111101000001000001
111101110001100101
000100110000110110
111000001111101000
111101011111001100
111110011110111001
111110011111101001
000000101011001111
110101011101011100
111110110001101001
111100111001000001
111010101110110000
111100100111000100
111011101100111001
111100011001010100
111100110111111111
000011101111010001
000101100100010000
000000110101001001
000001011110111111
000010110111110101
110111011010101101
111101001101101101
000111100100000001
000100000111001011
111110000000110110
111110001111010010
000000110100010011
111011001110000100
000001010100101001
111001101101101011
000001101001011011
111101010010100010
000000110001001001
111100011111110010
111101000101001011
000001010000111010
111000111010011011
111111000010100110
111100000100111111
000001111011110011
000000101100000111
111101111000010101
111110011011010110
111001010011110101
111100010110000001
111110100011001000
000000101110111101
111111000101110010
111111100010100111
111010000000110010
111001101001011001
000000101110001011
000010110010100000
111110001111110101
111100000111111011
000011101100110111
111101110010000010
111111010111101011
000011100010100100
111101000010011101
111011111010100001
111111010111110001
000011101001001111
111110000101101001
000000001000100000
000010001110000101
111111001111000001
000001100001111101
000011010100101011
111100110001010111
000011100110010101
000010010111101011
111101000100011000
111110000101110101
000001010100110001
000011101101100011
000010111111001000
111111011010111101
111100010110100011
111111101000011110
000001011100011011
111011001010111011
111111001000111011
111010000101101010
111000100001001001
000001100011011000
000000000000011110
000000101001010100
111011101111001101
111111000011001011
000010000010000001
111110101011100100
111111000111000000
111111010110011010
111100010011101000
000101000011101000
111101011101000111
111100001001000101
111100110101101000
111101010101110111
111100001100101101
111000001101001000
000001110101011100
111110010011100011
111110101111010011
111110111110100100
111111101011101011
000000101101110110
111101001111101000
111111100110001101
000000110001000001
000000111111000000
111110101000101100
111110101100110101
000001010011100101
000011000010110100
111101000000100111
111100010110011101
000011111001010011
000100010110000010
111111101010010111
000011000110011111
111111011111111100
111100101100101010
000100011101010011
111111100111100001
111101000101010111
111010000110100010
000011000111110010
000010110001111101
000000101110010110
000001110001111100
000010000101011110
000010011111111111
111111100101011110
000000110000111111
111111011111111110
000100110011011111
111110010110101110
111111000101001111
000110110110010001
111101001001101110
111110000000001111
111111000010100111
000001100011100110
111100110100000000
111101110011111011
111101010101000001
000011110011100000
111110000001111101
111011000110111001
