Copyright 1986-2022 Xilinx, Inc. All Rights Reserved. Copyright 2022-2023 Advanced Micro Devices, Inc. All Rights Reserved.
-----------------------------------------------------------------------------------------------------------------------------------------------------------------------------------
| Tool Version : Vivado v.2023.2 (win64) Build 4029153 Fri Oct 13 20:14:34 MDT 2023
| Date         : Sat Nov 11 15:46:14 2023
| Host         : LAPTOP-FEFLDCST running 64-bit major release  (build 9200)
| Command      : report_methodology -file capture_wrapper_methodology_drc_routed.rpt -pb capture_wrapper_methodology_drc_routed.pb -rpx capture_wrapper_methodology_drc_routed.rpx
| Design       : capture_wrapper
| Device       : xcau25p-ffvb676-2-e
| Speed File   : -2
| Design State : Fully Routed
-----------------------------------------------------------------------------------------------------------------------------------------------------------------------------------

Report Methodology

Table of Contents
-----------------
1. REPORT SUMMARY
2. REPORT DETAILS

1. REPORT SUMMARY
-----------------
            Netlist: netlist
          Floorplan: design_1
      Design limits: <entire design considered>
             Max violations: <unlimited>
             Violations found: 231
+-----------+------------------+------------------------------------------------+------------+
| Rule      | Severity         | Description                                    | Violations |
+-----------+------------------+------------------------------------------------+------------+
| TIMING-6  | Critical Warning | No common primary clock between related clocks | 2          |
| TIMING-7  | Critical Warning | No common node between related clocks          | 2          |
| LUTAR-1   | Warning          | LUT drives async reset alert                   | 1          |
| TIMING-16 | Warning          | Large setup violation                          | 219        |
| TIMING-18 | Warning          | Missing input or output delay                  | 7          |
+-----------+------------------+------------------------------------------------+------------+

2. REPORT DETAILS
-----------------
TIMING-6#1 Critical Warning
No common primary clock between related clocks  
The clocks fixed_fabric_100mhz_clk_p and mmcm0_clk0 are related (timed together) but they have no common primary clock. The design could fail in hardware. To find a timing path between these clocks, run the following command: report_timing -from [get_clocks fixed_fabric_100mhz_clk_p] -to [get_clocks mmcm0_clk0]
Related violations: <none>

TIMING-6#2 Critical Warning
No common primary clock between related clocks  
The clocks mmcm0_clk0 and fixed_fabric_100mhz_clk_p are related (timed together) but they have no common primary clock. The design could fail in hardware. To find a timing path between these clocks, run the following command: report_timing -from [get_clocks mmcm0_clk0] -to [get_clocks fixed_fabric_100mhz_clk_p]
Related violations: <none>

TIMING-7#1 Critical Warning
No common node between related clocks  
The clocks fixed_fabric_100mhz_clk_p and mmcm0_clk0 are related (timed together) but they have no common node. The design could fail in hardware. To find a timing path between these clocks, run the following command: report_timing -from [get_clocks fixed_fabric_100mhz_clk_p] -to [get_clocks mmcm0_clk0]
Related violations: <none>

TIMING-7#2 Critical Warning
No common node between related clocks  
The clocks mmcm0_clk0 and fixed_fabric_100mhz_clk_p are related (timed together) but they have no common node. The design could fail in hardware. To find a timing path between these clocks, run the following command: report_timing -from [get_clocks mmcm0_clk0] -to [get_clocks fixed_fabric_100mhz_clk_p]
Related violations: <none>

LUTAR-1#1 Warning
LUT drives async reset alert  
LUT cell capture_i/frontpanel_0/inst/okHI/core0/core0/l9ca09c625f64b90bed25f2b6c26f6e53[3]_i_2, with 2 or more inputs, drives asynchronous preset/clear pin(s) capture_i/frontpanel_0/inst/okHI/core0/core0/a0/l4f8cd1ab062f5571ff66db47e3d281bf_reg[2]/PRE,
capture_i/frontpanel_0/inst/okHI/core0/core0/a0/l4f8cd1ab062f5571ff66db47e3d281bf_reg[3]/PRE,
capture_i/frontpanel_0/inst/okHI/core0/core0/a0/l4f8cd1ab062f5571ff66db47e3d281bf_reg[4]/PRE,
capture_i/frontpanel_0/inst/okHI/core0/core0/a0/l4f8cd1ab062f5571ff66db47e3d281bf_reg[5]/PRE,
capture_i/frontpanel_0/inst/okHI/core0/core0/a0/l4f8cd1ab062f5571ff66db47e3d281bf_reg[6]/PRE,
capture_i/frontpanel_0/inst/okHI/core0/core0/a0/l4f8cd1ab062f5571ff66db47e3d281bf_reg[7]/PRE,
capture_i/frontpanel_0/inst/okHI/core0/core0/a0/l4f8cd1ab062f5571ff66db47e3d281bf_reg[8]/PRE,
capture_i/frontpanel_0/inst/okHI/core0/core0/a0/l4f8cd1ab062f5571ff66db47e3d281bf_reg[9]/CLR,
capture_i/frontpanel_0/inst/okHI/core0/core0/a0/l8733ba0cb25077d8c78e1b1549a80eef_reg/CLR,
capture_i/frontpanel_0/inst/okHI/core0/core0/a0/l90ce46b343647bab4d280b5afc506219_reg/CLR,
capture_i/frontpanel_0/inst/okHI/core0/core0/a0/l9ca09c625f64b90bed25f2b6c26f6e53_reg[0]/CLR,
capture_i/frontpanel_0/inst/okHI/core0/core0/a0/l9ca09c625f64b90bed25f2b6c26f6e53_reg[1]/CLR,
capture_i/frontpanel_0/inst/okHI/core0/core0/a0/l9ca09c625f64b90bed25f2b6c26f6e53_reg[2]/CLR,
capture_i/frontpanel_0/inst/okHI/core0/core0/a0/l9ca09c625f64b90bed25f2b6c26f6e53_reg[3]/CLR,
capture_i/frontpanel_0/inst/okHI/core0/core0/a0/le7badcf1256ff8aabbffe7a6a1b38b5f_reg_inv/PRE
 (the first 15 of 60 listed). The LUT may glitch and trigger an unexpected reset, even if it is a properly timed path.
Related violations: <none>

TIMING-16#1 Warning
Large setup violation  
There is a large setup violation of -1.974 ns between capture_i/frontpanel_0/inst/wi02/ep_dataout_reg[27]/C (clocked by mmcm0_clk0) and capture_i/axi_crossbar_0/inst/gen_sasd.crossbar_sasd_0/addr_arbiter_inst/gen_no_arbiter.m_amesg_i_reg[28]/D (clocked by fixed_fabric_100mhz_clk_p). Large setup violations at the end of those stages might be difficult to fix during the post-placement implementation flow and could be the result of non-optimal XDC constraints or non-optimal design architecture
Related violations: <none>

TIMING-16#2 Warning
Large setup violation  
There is a large setup violation of -1.979 ns between capture_i/frontpanel_0/inst/wi00/ep_dataout_reg[17]/C (clocked by mmcm0_clk0) and capture_i/axi_crossbar_0/inst/gen_sasd.crossbar_sasd_0/addr_arbiter_inst/gen_no_arbiter.m_amesg_i_reg[18]/D (clocked by fixed_fabric_100mhz_clk_p). Large setup violations at the end of those stages might be difficult to fix during the post-placement implementation flow and could be the result of non-optimal XDC constraints or non-optimal design architecture
Related violations: <none>

TIMING-16#3 Warning
Large setup violation  
There is a large setup violation of -1.982 ns between capture_i/frontpanel_0/inst/wi02/ep_dataout_reg[23]/C (clocked by mmcm0_clk0) and capture_i/axi_crossbar_0/inst/gen_sasd.crossbar_sasd_0/addr_arbiter_inst/gen_no_arbiter.m_amesg_i_reg[24]/D (clocked by fixed_fabric_100mhz_clk_p). Large setup violations at the end of those stages might be difficult to fix during the post-placement implementation flow and could be the result of non-optimal XDC constraints or non-optimal design architecture
Related violations: <none>

TIMING-16#4 Warning
Large setup violation  
There is a large setup violation of -1.996 ns between capture_i/frontpanel_0/inst/wi00/ep_dataout_reg[20]/C (clocked by mmcm0_clk0) and capture_i/axi_crossbar_0/inst/gen_sasd.crossbar_sasd_0/addr_arbiter_inst/gen_no_arbiter.m_amesg_i_reg[21]/D (clocked by fixed_fabric_100mhz_clk_p). Large setup violations at the end of those stages might be difficult to fix during the post-placement implementation flow and could be the result of non-optimal XDC constraints or non-optimal design architecture
Related violations: <none>

TIMING-16#5 Warning
Large setup violation  
There is a large setup violation of -2.015 ns between capture_i/frontpanel_0/inst/wi02/ep_dataout_reg[18]/C (clocked by mmcm0_clk0) and capture_i/axi_crossbar_0/inst/gen_sasd.crossbar_sasd_0/addr_arbiter_inst/gen_no_arbiter.m_amesg_i_reg[19]/D (clocked by fixed_fabric_100mhz_clk_p). Large setup violations at the end of those stages might be difficult to fix during the post-placement implementation flow and could be the result of non-optimal XDC constraints or non-optimal design architecture
Related violations: <none>

TIMING-16#6 Warning
Large setup violation  
There is a large setup violation of -2.016 ns between capture_i/frontpanel_0/inst/wi00/ep_dataout_reg[12]/C (clocked by mmcm0_clk0) and capture_i/axi_crossbar_0/inst/gen_sasd.crossbar_sasd_0/addr_arbiter_inst/gen_no_arbiter.m_amesg_i_reg[13]/D (clocked by fixed_fabric_100mhz_clk_p). Large setup violations at the end of those stages might be difficult to fix during the post-placement implementation flow and could be the result of non-optimal XDC constraints or non-optimal design architecture
Related violations: <none>

TIMING-16#7 Warning
Large setup violation  
There is a large setup violation of -2.023 ns between capture_i/frontpanel_0/inst/wi00/ep_dataout_reg[15]/C (clocked by mmcm0_clk0) and capture_i/axi_crossbar_0/inst/gen_sasd.crossbar_sasd_0/addr_arbiter_inst/gen_no_arbiter.m_amesg_i_reg[16]/D (clocked by fixed_fabric_100mhz_clk_p). Large setup violations at the end of those stages might be difficult to fix during the post-placement implementation flow and could be the result of non-optimal XDC constraints or non-optimal design architecture
Related violations: <none>

TIMING-16#8 Warning
Large setup violation  
There is a large setup violation of -2.028 ns between capture_i/frontpanel_0/inst/wi01/ep_dataout_reg[1]/C (clocked by mmcm0_clk0) and capture_i/axi_iic_0/U0/X_IIC/X_AXI_IPIF_SSP1/X_INTERRUPT_CONTROL/GEN_IP_IRPT_STATUS_REG[1].GEN_REG_STATUS.ip_irpt_status_reg_reg[1]/D (clocked by fixed_fabric_100mhz_clk_p). Large setup violations at the end of those stages might be difficult to fix during the post-placement implementation flow and could be the result of non-optimal XDC constraints or non-optimal design architecture
Related violations: <none>

TIMING-16#9 Warning
Large setup violation  
There is a large setup violation of -2.029 ns between capture_i/frontpanel_0/inst/wi02/ep_dataout_reg[28]/C (clocked by mmcm0_clk0) and capture_i/axi_crossbar_0/inst/gen_sasd.crossbar_sasd_0/addr_arbiter_inst/gen_no_arbiter.m_amesg_i_reg[29]/D (clocked by fixed_fabric_100mhz_clk_p). Large setup violations at the end of those stages might be difficult to fix during the post-placement implementation flow and could be the result of non-optimal XDC constraints or non-optimal design architecture
Related violations: <none>

TIMING-16#10 Warning
Large setup violation  
There is a large setup violation of -2.030 ns between capture_i/frontpanel_0/inst/wi01/ep_dataout_reg[3]/C (clocked by mmcm0_clk0) and capture_i/axi_gpio_0/U0/gpio_core_1/Dual.gpio_Data_Out_reg[2]_lopt_replica/D (clocked by fixed_fabric_100mhz_clk_p). Large setup violations at the end of those stages might be difficult to fix during the post-placement implementation flow and could be the result of non-optimal XDC constraints or non-optimal design architecture
Related violations: <none>

TIMING-16#11 Warning
Large setup violation  
There is a large setup violation of -2.034 ns between capture_i/frontpanel_0/inst/wi01/ep_dataout_reg[3]/C (clocked by mmcm0_clk0) and capture_i/axi_iic_0/U0/X_IIC/X_AXI_IPIF_SSP1/X_INTERRUPT_CONTROL/GEN_IP_IRPT_STATUS_REG[3].GEN_REG_STATUS.ip_irpt_status_reg_reg[3]/D (clocked by fixed_fabric_100mhz_clk_p). Large setup violations at the end of those stages might be difficult to fix during the post-placement implementation flow and could be the result of non-optimal XDC constraints or non-optimal design architecture
Related violations: <none>

TIMING-16#12 Warning
Large setup violation  
There is a large setup violation of -2.034 ns between capture_i/frontpanel_0/inst/wi01/ep_dataout_reg[8]/C (clocked by mmcm0_clk0) and capture_i/axi_iic_0/U0/X_IIC/REG_INTERFACE_I/timing_param_tsudat_i_reg[8]/D (clocked by fixed_fabric_100mhz_clk_p). Large setup violations at the end of those stages might be difficult to fix during the post-placement implementation flow and could be the result of non-optimal XDC constraints or non-optimal design architecture
Related violations: <none>

TIMING-16#13 Warning
Large setup violation  
There is a large setup violation of -2.037 ns between capture_i/frontpanel_0/inst/wi02/ep_dataout_reg[14]/C (clocked by mmcm0_clk0) and capture_i/axi_crossbar_0/inst/gen_sasd.crossbar_sasd_0/addr_arbiter_inst/gen_no_arbiter.m_amesg_i_reg[15]/D (clocked by fixed_fabric_100mhz_clk_p). Large setup violations at the end of those stages might be difficult to fix during the post-placement implementation flow and could be the result of non-optimal XDC constraints or non-optimal design architecture
Related violations: <none>

TIMING-16#14 Warning
Large setup violation  
There is a large setup violation of -2.041 ns between capture_i/frontpanel_0/inst/wi02/ep_dataout_reg[5]/C (clocked by mmcm0_clk0) and capture_i/axi_crossbar_0/inst/gen_sasd.crossbar_sasd_0/addr_arbiter_inst/gen_no_arbiter.m_amesg_i_reg[6]/D (clocked by fixed_fabric_100mhz_clk_p). Large setup violations at the end of those stages might be difficult to fix during the post-placement implementation flow and could be the result of non-optimal XDC constraints or non-optimal design architecture
Related violations: <none>

TIMING-16#15 Warning
Large setup violation  
There is a large setup violation of -2.043 ns between capture_i/frontpanel_0/inst/wi01/ep_dataout_reg[31]/C (clocked by mmcm0_clk0) and capture_i/axi_iic_0/U0/X_IIC/X_AXI_IPIF_SSP1/X_INTERRUPT_CONTROL/ipif_glbl_irpt_enable_reg_reg/D (clocked by fixed_fabric_100mhz_clk_p). Large setup violations at the end of those stages might be difficult to fix during the post-placement implementation flow and could be the result of non-optimal XDC constraints or non-optimal design architecture
Related violations: <none>

TIMING-16#16 Warning
Large setup violation  
There is a large setup violation of -2.043 ns between capture_i/frontpanel_0/inst/wi01/ep_dataout_reg[6]/C (clocked by mmcm0_clk0) and capture_i/axi_iic_0/U0/X_IIC/REG_INTERFACE_I/timing_param_tsusta_i_reg[6]/D (clocked by fixed_fabric_100mhz_clk_p). Large setup violations at the end of those stages might be difficult to fix during the post-placement implementation flow and could be the result of non-optimal XDC constraints or non-optimal design architecture
Related violations: <none>

TIMING-16#17 Warning
Large setup violation  
There is a large setup violation of -2.044 ns between capture_i/frontpanel_0/inst/wi02/ep_dataout_reg[0]/C (clocked by mmcm0_clk0) and capture_i/axi_crossbar_0/inst/gen_sasd.crossbar_sasd_0/addr_arbiter_inst/gen_no_arbiter.m_amesg_i_reg[1]/D (clocked by fixed_fabric_100mhz_clk_p). Large setup violations at the end of those stages might be difficult to fix during the post-placement implementation flow and could be the result of non-optimal XDC constraints or non-optimal design architecture
Related violations: <none>

TIMING-16#18 Warning
Large setup violation  
There is a large setup violation of -2.046 ns between capture_i/frontpanel_0/inst/wi02/ep_dataout_reg[26]/C (clocked by mmcm0_clk0) and capture_i/axi_crossbar_0/inst/gen_sasd.crossbar_sasd_0/addr_arbiter_inst/gen_no_arbiter.m_amesg_i_reg[27]/D (clocked by fixed_fabric_100mhz_clk_p). Large setup violations at the end of those stages might be difficult to fix during the post-placement implementation flow and could be the result of non-optimal XDC constraints or non-optimal design architecture
Related violations: <none>

TIMING-16#19 Warning
Large setup violation  
There is a large setup violation of -2.047 ns between capture_i/frontpanel_0/inst/wi02/ep_dataout_reg[19]/C (clocked by mmcm0_clk0) and capture_i/axi_crossbar_0/inst/gen_sasd.crossbar_sasd_0/addr_arbiter_inst/gen_no_arbiter.m_amesg_i_reg[20]/D (clocked by fixed_fabric_100mhz_clk_p). Large setup violations at the end of those stages might be difficult to fix during the post-placement implementation flow and could be the result of non-optimal XDC constraints or non-optimal design architecture
Related violations: <none>

TIMING-16#20 Warning
Large setup violation  
There is a large setup violation of -2.048 ns between capture_i/frontpanel_0/inst/wi02/ep_dataout_reg[4]/C (clocked by mmcm0_clk0) and capture_i/axi_crossbar_0/inst/gen_sasd.crossbar_sasd_0/addr_arbiter_inst/gen_no_arbiter.m_amesg_i_reg[5]/D (clocked by fixed_fabric_100mhz_clk_p). Large setup violations at the end of those stages might be difficult to fix during the post-placement implementation flow and could be the result of non-optimal XDC constraints or non-optimal design architecture
Related violations: <none>

TIMING-16#21 Warning
Large setup violation  
There is a large setup violation of -2.049 ns between capture_i/frontpanel_0/inst/wi00/ep_dataout_reg[21]/C (clocked by mmcm0_clk0) and capture_i/axi_crossbar_0/inst/gen_sasd.crossbar_sasd_0/addr_arbiter_inst/gen_no_arbiter.m_amesg_i_reg[22]/D (clocked by fixed_fabric_100mhz_clk_p). Large setup violations at the end of those stages might be difficult to fix during the post-placement implementation flow and could be the result of non-optimal XDC constraints or non-optimal design architecture
Related violations: <none>

TIMING-16#22 Warning
Large setup violation  
There is a large setup violation of -2.050 ns between capture_i/frontpanel_0/inst/wi01/ep_dataout_reg[4]/C (clocked by mmcm0_clk0) and capture_i/axi_iic_0/U0/X_IIC/REG_INTERFACE_I/timing_param_thddat_i_reg[4]/D (clocked by fixed_fabric_100mhz_clk_p). Large setup violations at the end of those stages might be difficult to fix during the post-placement implementation flow and could be the result of non-optimal XDC constraints or non-optimal design architecture
Related violations: <none>

TIMING-16#23 Warning
Large setup violation  
There is a large setup violation of -2.050 ns between capture_i/frontpanel_0/inst/wi02/ep_dataout_reg[16]/C (clocked by mmcm0_clk0) and capture_i/axi_crossbar_0/inst/gen_sasd.crossbar_sasd_0/addr_arbiter_inst/gen_no_arbiter.m_amesg_i_reg[17]/D (clocked by fixed_fabric_100mhz_clk_p). Large setup violations at the end of those stages might be difficult to fix during the post-placement implementation flow and could be the result of non-optimal XDC constraints or non-optimal design architecture
Related violations: <none>

TIMING-16#24 Warning
Large setup violation  
There is a large setup violation of -2.051 ns between capture_i/frontpanel_0/inst/wi01/ep_dataout_reg[8]/C (clocked by mmcm0_clk0) and capture_i/axi_iic_0/U0/X_IIC/REG_INTERFACE_I/timing_param_tbuf_i_reg[8]/D (clocked by fixed_fabric_100mhz_clk_p). Large setup violations at the end of those stages might be difficult to fix during the post-placement implementation flow and could be the result of non-optimal XDC constraints or non-optimal design architecture
Related violations: <none>

TIMING-16#25 Warning
Large setup violation  
There is a large setup violation of -2.053 ns between capture_i/frontpanel_0/inst/wi01/ep_dataout_reg[1]/C (clocked by mmcm0_clk0) and capture_i/axi_iic_0/U0/X_IIC/REG_INTERFACE_I/timing_param_tsusta_i_reg[1]/D (clocked by fixed_fabric_100mhz_clk_p). Large setup violations at the end of those stages might be difficult to fix during the post-placement implementation flow and could be the result of non-optimal XDC constraints or non-optimal design architecture
Related violations: <none>

TIMING-16#26 Warning
Large setup violation  
There is a large setup violation of -2.057 ns between capture_i/frontpanel_0/inst/wi01/ep_dataout_reg[1]/C (clocked by mmcm0_clk0) and capture_i/axi_iic_0/U0/X_IIC/REG_INTERFACE_I/cr_i_reg[6]/D (clocked by fixed_fabric_100mhz_clk_p). Large setup violations at the end of those stages might be difficult to fix during the post-placement implementation flow and could be the result of non-optimal XDC constraints or non-optimal design architecture
Related violations: <none>

TIMING-16#27 Warning
Large setup violation  
There is a large setup violation of -2.059 ns between capture_i/frontpanel_0/inst/wi01/ep_dataout_reg[6]/C (clocked by mmcm0_clk0) and capture_i/axi_iic_0/U0/X_IIC/X_AXI_IPIF_SSP1/X_INTERRUPT_CONTROL/ip_irpt_enable_reg_reg[6]/D (clocked by fixed_fabric_100mhz_clk_p). Large setup violations at the end of those stages might be difficult to fix during the post-placement implementation flow and could be the result of non-optimal XDC constraints or non-optimal design architecture
Related violations: <none>

TIMING-16#28 Warning
Large setup violation  
There is a large setup violation of -2.060 ns between capture_i/frontpanel_0/inst/wi01/ep_dataout_reg[3]/C (clocked by mmcm0_clk0) and capture_i/axi_gpio_0/U0/gpio_core_1/Dual.gpio_Data_Out_reg[2]/D (clocked by fixed_fabric_100mhz_clk_p). Large setup violations at the end of those stages might be difficult to fix during the post-placement implementation flow and could be the result of non-optimal XDC constraints or non-optimal design architecture
Related violations: <none>

TIMING-16#29 Warning
Large setup violation  
There is a large setup violation of -2.061 ns between capture_i/frontpanel_0/inst/wi01/ep_dataout_reg[4]/C (clocked by mmcm0_clk0) and capture_i/axi_iic_0/U0/X_IIC/REG_INTERFACE_I/timing_param_tsudat_i_reg[4]/D (clocked by fixed_fabric_100mhz_clk_p). Large setup violations at the end of those stages might be difficult to fix during the post-placement implementation flow and could be the result of non-optimal XDC constraints or non-optimal design architecture
Related violations: <none>

TIMING-16#30 Warning
Large setup violation  
There is a large setup violation of -2.065 ns between capture_i/frontpanel_0/inst/wi00/ep_dataout_reg[22]/C (clocked by mmcm0_clk0) and capture_i/axi_crossbar_0/inst/gen_sasd.crossbar_sasd_0/addr_arbiter_inst/gen_no_arbiter.m_amesg_i_reg[23]/D (clocked by fixed_fabric_100mhz_clk_p). Large setup violations at the end of those stages might be difficult to fix during the post-placement implementation flow and could be the result of non-optimal XDC constraints or non-optimal design architecture
Related violations: <none>

TIMING-16#31 Warning
Large setup violation  
There is a large setup violation of -2.065 ns between capture_i/frontpanel_0/inst/wi02/ep_dataout_reg[2]/C (clocked by mmcm0_clk0) and capture_i/axi_crossbar_0/inst/gen_sasd.crossbar_sasd_0/addr_arbiter_inst/gen_no_arbiter.m_amesg_i_reg[3]/D (clocked by fixed_fabric_100mhz_clk_p). Large setup violations at the end of those stages might be difficult to fix during the post-placement implementation flow and could be the result of non-optimal XDC constraints or non-optimal design architecture
Related violations: <none>

TIMING-16#32 Warning
Large setup violation  
There is a large setup violation of -2.066 ns between capture_i/frontpanel_0/inst/wi01/ep_dataout_reg[4]/C (clocked by mmcm0_clk0) and capture_i/axi_iic_0/U0/X_IIC/X_AXI_IPIF_SSP1/X_INTERRUPT_CONTROL/GEN_IP_IRPT_STATUS_REG[4].GEN_REG_STATUS.ip_irpt_status_reg_reg[4]/D (clocked by fixed_fabric_100mhz_clk_p). Large setup violations at the end of those stages might be difficult to fix during the post-placement implementation flow and could be the result of non-optimal XDC constraints or non-optimal design architecture
Related violations: <none>

TIMING-16#33 Warning
Large setup violation  
There is a large setup violation of -2.066 ns between capture_i/frontpanel_0/inst/wi01/ep_dataout_reg[4]/C (clocked by mmcm0_clk0) and capture_i/axi_iic_0/U0/X_IIC/X_AXI_IPIF_SSP1/X_INTERRUPT_CONTROL/ip_irpt_enable_reg_reg[4]/D (clocked by fixed_fabric_100mhz_clk_p). Large setup violations at the end of those stages might be difficult to fix during the post-placement implementation flow and could be the result of non-optimal XDC constraints or non-optimal design architecture
Related violations: <none>

TIMING-16#34 Warning
Large setup violation  
There is a large setup violation of -2.066 ns between capture_i/frontpanel_0/inst/wi01/ep_dataout_reg[6]/C (clocked by mmcm0_clk0) and capture_i/axi_iic_0/U0/X_IIC/REG_INTERFACE_I/timing_param_thigh_i_reg[6]/D (clocked by fixed_fabric_100mhz_clk_p). Large setup violations at the end of those stages might be difficult to fix during the post-placement implementation flow and could be the result of non-optimal XDC constraints or non-optimal design architecture
Related violations: <none>

TIMING-16#35 Warning
Large setup violation  
There is a large setup violation of -2.067 ns between capture_i/frontpanel_0/inst/wi01/ep_dataout_reg[1]/C (clocked by mmcm0_clk0) and capture_i/axi_iic_0/U0/X_IIC/REG_INTERFACE_I/timing_param_tlow_i_reg[1]/D (clocked by fixed_fabric_100mhz_clk_p). Large setup violations at the end of those stages might be difficult to fix during the post-placement implementation flow and could be the result of non-optimal XDC constraints or non-optimal design architecture
Related violations: <none>

TIMING-16#36 Warning
Large setup violation  
There is a large setup violation of -2.068 ns between capture_i/frontpanel_0/inst/wi01/ep_dataout_reg[3]/C (clocked by mmcm0_clk0) and capture_i/axi_iic_0/U0/X_IIC/X_AXI_IPIF_SSP1/X_INTERRUPT_CONTROL/ip_irpt_enable_reg_reg[3]/D (clocked by fixed_fabric_100mhz_clk_p). Large setup violations at the end of those stages might be difficult to fix during the post-placement implementation flow and could be the result of non-optimal XDC constraints or non-optimal design architecture
Related violations: <none>

TIMING-16#37 Warning
Large setup violation  
There is a large setup violation of -2.069 ns between capture_i/frontpanel_0/inst/wi01/ep_dataout_reg[6]/C (clocked by mmcm0_clk0) and capture_i/axi_iic_0/U0/X_IIC/REG_INTERFACE_I/timing_param_tbuf_i_reg[6]/D (clocked by fixed_fabric_100mhz_clk_p). Large setup violations at the end of those stages might be difficult to fix during the post-placement implementation flow and could be the result of non-optimal XDC constraints or non-optimal design architecture
Related violations: <none>

TIMING-16#38 Warning
Large setup violation  
There is a large setup violation of -2.070 ns between capture_i/frontpanel_0/inst/wi01/ep_dataout_reg[3]/C (clocked by mmcm0_clk0) and capture_i/axi_iic_0/U0/X_IIC/REG_INTERFACE_I/timing_param_thdsta_i_reg[3]/D (clocked by fixed_fabric_100mhz_clk_p). Large setup violations at the end of those stages might be difficult to fix during the post-placement implementation flow and could be the result of non-optimal XDC constraints or non-optimal design architecture
Related violations: <none>

TIMING-16#39 Warning
Large setup violation  
There is a large setup violation of -2.071 ns between capture_i/frontpanel_0/inst/wi01/ep_dataout_reg[6]/C (clocked by mmcm0_clk0) and capture_i/axi_iic_0/U0/X_IIC/REG_INTERFACE_I/timing_param_thdsta_i_reg[6]/D (clocked by fixed_fabric_100mhz_clk_p). Large setup violations at the end of those stages might be difficult to fix during the post-placement implementation flow and could be the result of non-optimal XDC constraints or non-optimal design architecture
Related violations: <none>

TIMING-16#40 Warning
Large setup violation  
There is a large setup violation of -2.073 ns between capture_i/frontpanel_0/inst/wi00/ep_dataout_reg[13]/C (clocked by mmcm0_clk0) and capture_i/axi_crossbar_0/inst/gen_sasd.crossbar_sasd_0/addr_arbiter_inst/gen_no_arbiter.m_amesg_i_reg[14]/D (clocked by fixed_fabric_100mhz_clk_p). Large setup violations at the end of those stages might be difficult to fix during the post-placement implementation flow and could be the result of non-optimal XDC constraints or non-optimal design architecture
Related violations: <none>

TIMING-16#41 Warning
Large setup violation  
There is a large setup violation of -2.073 ns between capture_i/frontpanel_0/inst/wi02/ep_dataout_reg[29]/C (clocked by mmcm0_clk0) and capture_i/axi_crossbar_0/inst/gen_sasd.crossbar_sasd_0/addr_arbiter_inst/gen_no_arbiter.m_amesg_i_reg[30]/D (clocked by fixed_fabric_100mhz_clk_p). Large setup violations at the end of those stages might be difficult to fix during the post-placement implementation flow and could be the result of non-optimal XDC constraints or non-optimal design architecture
Related violations: <none>

TIMING-16#42 Warning
Large setup violation  
There is a large setup violation of -2.075 ns between capture_i/frontpanel_0/inst/wi01/ep_dataout_reg[6]/C (clocked by mmcm0_clk0) and capture_i/axi_iic_0/U0/X_IIC/REG_INTERFACE_I/cr_i_reg[1]/D (clocked by fixed_fabric_100mhz_clk_p). Large setup violations at the end of those stages might be difficult to fix during the post-placement implementation flow and could be the result of non-optimal XDC constraints or non-optimal design architecture
Related violations: <none>

TIMING-16#43 Warning
Large setup violation  
There is a large setup violation of -2.076 ns between capture_i/frontpanel_0/inst/wi01/ep_dataout_reg[8]/C (clocked by mmcm0_clk0) and capture_i/axi_iic_0/U0/X_IIC/REG_INTERFACE_I/timing_param_tlow_i_reg[8]/D (clocked by fixed_fabric_100mhz_clk_p). Large setup violations at the end of those stages might be difficult to fix during the post-placement implementation flow and could be the result of non-optimal XDC constraints or non-optimal design architecture
Related violations: <none>

TIMING-16#44 Warning
Large setup violation  
There is a large setup violation of -2.076 ns between capture_i/frontpanel_0/inst/wi02/ep_dataout_reg[31]/C (clocked by mmcm0_clk0) and capture_i/axi_crossbar_0/inst/gen_sasd.crossbar_sasd_0/addr_arbiter_inst/gen_no_arbiter.m_amesg_i_reg[32]/D (clocked by fixed_fabric_100mhz_clk_p). Large setup violations at the end of those stages might be difficult to fix during the post-placement implementation flow and could be the result of non-optimal XDC constraints or non-optimal design architecture
Related violations: <none>

TIMING-16#45 Warning
Large setup violation  
There is a large setup violation of -2.078 ns between capture_i/frontpanel_0/inst/wi01/ep_dataout_reg[1]/C (clocked by mmcm0_clk0) and capture_i/axi_iic_0/U0/X_IIC/REG_INTERFACE_I/timing_param_thdsta_i_reg[1]/D (clocked by fixed_fabric_100mhz_clk_p). Large setup violations at the end of those stages might be difficult to fix during the post-placement implementation flow and could be the result of non-optimal XDC constraints or non-optimal design architecture
Related violations: <none>

TIMING-16#46 Warning
Large setup violation  
There is a large setup violation of -2.079 ns between capture_i/frontpanel_0/inst/wi01/ep_dataout_reg[1]/C (clocked by mmcm0_clk0) and capture_i/axi_iic_0/U0/X_IIC/REG_INTERFACE_I/timing_param_tsusto_i_reg[1]/D (clocked by fixed_fabric_100mhz_clk_p). Large setup violations at the end of those stages might be difficult to fix during the post-placement implementation flow and could be the result of non-optimal XDC constraints or non-optimal design architecture
Related violations: <none>

TIMING-16#47 Warning
Large setup violation  
There is a large setup violation of -2.081 ns between capture_i/frontpanel_0/inst/wi01/ep_dataout_reg[7]/C (clocked by mmcm0_clk0) and capture_i/axi_iic_0/U0/X_IIC/REG_INTERFACE_I/cr_i_reg[0]/D (clocked by fixed_fabric_100mhz_clk_p). Large setup violations at the end of those stages might be difficult to fix during the post-placement implementation flow and could be the result of non-optimal XDC constraints or non-optimal design architecture
Related violations: <none>

TIMING-16#48 Warning
Large setup violation  
There is a large setup violation of -2.082 ns between capture_i/frontpanel_0/inst/wi01/ep_dataout_reg[3]/C (clocked by mmcm0_clk0) and capture_i/axi_iic_0/U0/X_IIC/REG_INTERFACE_I/timing_param_tsusto_i_reg[3]/D (clocked by fixed_fabric_100mhz_clk_p). Large setup violations at the end of those stages might be difficult to fix during the post-placement implementation flow and could be the result of non-optimal XDC constraints or non-optimal design architecture
Related violations: <none>

TIMING-16#49 Warning
Large setup violation  
There is a large setup violation of -2.083 ns between capture_i/frontpanel_0/inst/wi01/ep_dataout_reg[1]/C (clocked by mmcm0_clk0) and capture_i/axi_iic_0/U0/X_IIC/REG_INTERFACE_I/timing_param_tbuf_i_reg[1]/D (clocked by fixed_fabric_100mhz_clk_p). Large setup violations at the end of those stages might be difficult to fix during the post-placement implementation flow and could be the result of non-optimal XDC constraints or non-optimal design architecture
Related violations: <none>

TIMING-16#50 Warning
Large setup violation  
There is a large setup violation of -2.083 ns between capture_i/frontpanel_0/inst/wi01/ep_dataout_reg[8]/C (clocked by mmcm0_clk0) and capture_i/axi_iic_0/U0/X_IIC/WRITE_FIFO_CTRL_I/srlopt_ff/D (clocked by fixed_fabric_100mhz_clk_p). Large setup violations at the end of those stages might be difficult to fix during the post-placement implementation flow and could be the result of non-optimal XDC constraints or non-optimal design architecture
Related violations: <none>

TIMING-16#51 Warning
Large setup violation  
There is a large setup violation of -2.086 ns between capture_i/frontpanel_0/inst/wi01/ep_dataout_reg[1]/C (clocked by mmcm0_clk0) and capture_i/axi_iic_0/U0/X_IIC/REG_INTERFACE_I/RD_FIFO_CNTRL.rc_fifo_pirq_i_reg[6]/D (clocked by fixed_fabric_100mhz_clk_p). Large setup violations at the end of those stages might be difficult to fix during the post-placement implementation flow and could be the result of non-optimal XDC constraints or non-optimal design architecture
Related violations: <none>

TIMING-16#52 Warning
Large setup violation  
There is a large setup violation of -2.086 ns between capture_i/frontpanel_0/inst/wi01/ep_dataout_reg[1]/C (clocked by mmcm0_clk0) and capture_i/axi_iic_0/U0/X_IIC/REG_INTERFACE_I/timing_param_thddat_i_reg[1]/D (clocked by fixed_fabric_100mhz_clk_p). Large setup violations at the end of those stages might be difficult to fix during the post-placement implementation flow and could be the result of non-optimal XDC constraints or non-optimal design architecture
Related violations: <none>

TIMING-16#53 Warning
Large setup violation  
There is a large setup violation of -2.087 ns between capture_i/frontpanel_0/inst/wi01/ep_dataout_reg[8]/C (clocked by mmcm0_clk0) and capture_i/axi_iic_0/U0/X_IIC/REG_INTERFACE_I/timing_param_thdsta_i_reg[8]/D (clocked by fixed_fabric_100mhz_clk_p). Large setup violations at the end of those stages might be difficult to fix during the post-placement implementation flow and could be the result of non-optimal XDC constraints or non-optimal design architecture
Related violations: <none>

TIMING-16#54 Warning
Large setup violation  
There is a large setup violation of -2.090 ns between capture_i/frontpanel_0/inst/wi01/ep_dataout_reg[6]/C (clocked by mmcm0_clk0) and capture_i/axi_iic_0/U0/X_IIC/REG_INTERFACE_I/timing_param_tsusto_i_reg[6]/D (clocked by fixed_fabric_100mhz_clk_p). Large setup violations at the end of those stages might be difficult to fix during the post-placement implementation flow and could be the result of non-optimal XDC constraints or non-optimal design architecture
Related violations: <none>

TIMING-16#55 Warning
Large setup violation  
There is a large setup violation of -2.091 ns between capture_i/frontpanel_0/inst/wi00/ep_dataout_reg[1]/C (clocked by mmcm0_clk0) and capture_i/axi_crossbar_0/inst/gen_sasd.crossbar_sasd_0/addr_arbiter_inst/gen_no_arbiter.m_amesg_i_reg[2]/D (clocked by fixed_fabric_100mhz_clk_p). Large setup violations at the end of those stages might be difficult to fix during the post-placement implementation flow and could be the result of non-optimal XDC constraints or non-optimal design architecture
Related violations: <none>

TIMING-16#56 Warning
Large setup violation  
There is a large setup violation of -2.093 ns between capture_i/frontpanel_0/inst/wi01/ep_dataout_reg[1]/C (clocked by mmcm0_clk0) and capture_i/axi_iic_0/U0/X_IIC/WRITE_FIFO_I/FIFO_RAM[6].SRL16E_I/D (clocked by fixed_fabric_100mhz_clk_p). Large setup violations at the end of those stages might be difficult to fix during the post-placement implementation flow and could be the result of non-optimal XDC constraints or non-optimal design architecture
Related violations: <none>

TIMING-16#57 Warning
Large setup violation  
There is a large setup violation of -2.093 ns between capture_i/frontpanel_0/inst/wi01/ep_dataout_reg[4]/C (clocked by mmcm0_clk0) and capture_i/axi_iic_0/U0/X_IIC/REG_INTERFACE_I/timing_param_tsusta_i_reg[4]/D (clocked by fixed_fabric_100mhz_clk_p). Large setup violations at the end of those stages might be difficult to fix during the post-placement implementation flow and could be the result of non-optimal XDC constraints or non-optimal design architecture
Related violations: <none>

TIMING-16#58 Warning
Large setup violation  
There is a large setup violation of -2.095 ns between capture_i/frontpanel_0/inst/wi01/ep_dataout_reg[3]/C (clocked by mmcm0_clk0) and capture_i/axi_iic_0/U0/X_IIC/REG_INTERFACE_I/RD_FIFO_CNTRL.rc_fifo_pirq_i_reg[4]/D (clocked by fixed_fabric_100mhz_clk_p). Large setup violations at the end of those stages might be difficult to fix during the post-placement implementation flow and could be the result of non-optimal XDC constraints or non-optimal design architecture
Related violations: <none>

TIMING-16#59 Warning
Large setup violation  
There is a large setup violation of -2.095 ns between capture_i/frontpanel_0/inst/wi02/ep_dataout_reg[30]/C (clocked by mmcm0_clk0) and capture_i/axi_crossbar_0/inst/gen_sasd.crossbar_sasd_0/addr_arbiter_inst/gen_no_arbiter.m_amesg_i_reg[31]/D (clocked by fixed_fabric_100mhz_clk_p). Large setup violations at the end of those stages might be difficult to fix during the post-placement implementation flow and could be the result of non-optimal XDC constraints or non-optimal design architecture
Related violations: <none>

TIMING-16#60 Warning
Large setup violation  
There is a large setup violation of -2.097 ns between capture_i/frontpanel_0/inst/wi01/ep_dataout_reg[3]/C (clocked by mmcm0_clk0) and capture_i/axi_iic_0/U0/X_IIC/REG_INTERFACE_I/timing_param_thigh_i_reg[3]/D (clocked by fixed_fabric_100mhz_clk_p). Large setup violations at the end of those stages might be difficult to fix during the post-placement implementation flow and could be the result of non-optimal XDC constraints or non-optimal design architecture
Related violations: <none>

TIMING-16#61 Warning
Large setup violation  
There is a large setup violation of -2.098 ns between capture_i/frontpanel_0/inst/wi01/ep_dataout_reg[1]/C (clocked by mmcm0_clk0) and capture_i/axi_iic_0/U0/X_IIC/REG_INTERFACE_I/adr_i_reg[6]/D (clocked by fixed_fabric_100mhz_clk_p). Large setup violations at the end of those stages might be difficult to fix during the post-placement implementation flow and could be the result of non-optimal XDC constraints or non-optimal design architecture
Related violations: <none>

TIMING-16#62 Warning
Large setup violation  
There is a large setup violation of -2.099 ns between capture_i/frontpanel_0/inst/wi01/ep_dataout_reg[0]/C (clocked by mmcm0_clk0) and capture_i/axi_iic_0/U0/X_IIC/REG_INTERFACE_I/GPO_GEN.gpo_i_reg[31]/D (clocked by fixed_fabric_100mhz_clk_p). Large setup violations at the end of those stages might be difficult to fix during the post-placement implementation flow and could be the result of non-optimal XDC constraints or non-optimal design architecture
Related violations: <none>

TIMING-16#63 Warning
Large setup violation  
There is a large setup violation of -2.099 ns between capture_i/frontpanel_0/inst/wi01/ep_dataout_reg[1]/C (clocked by mmcm0_clk0) and capture_i/axi_iic_0/U0/X_IIC/X_AXI_IPIF_SSP1/X_INTERRUPT_CONTROL/ip_irpt_enable_reg_reg[1]/D (clocked by fixed_fabric_100mhz_clk_p). Large setup violations at the end of those stages might be difficult to fix during the post-placement implementation flow and could be the result of non-optimal XDC constraints or non-optimal design architecture
Related violations: <none>

TIMING-16#64 Warning
Large setup violation  
There is a large setup violation of -2.099 ns between capture_i/frontpanel_0/inst/wi01/ep_dataout_reg[5]/C (clocked by mmcm0_clk0) and capture_i/axi_iic_0/U0/X_IIC/X_AXI_IPIF_SSP1/X_INTERRUPT_CONTROL/GEN_IP_IRPT_STATUS_REG[5].GEN_REG_STATUS.ip_irpt_status_reg_reg[5]/D (clocked by fixed_fabric_100mhz_clk_p). Large setup violations at the end of those stages might be difficult to fix during the post-placement implementation flow and could be the result of non-optimal XDC constraints or non-optimal design architecture
Related violations: <none>

TIMING-16#65 Warning
Large setup violation  
There is a large setup violation of -2.099 ns between capture_i/frontpanel_0/inst/wi01/ep_dataout_reg[6]/C (clocked by mmcm0_clk0) and capture_i/axi_iic_0/U0/X_IIC/REG_INTERFACE_I/timing_param_thddat_i_reg[6]/D (clocked by fixed_fabric_100mhz_clk_p). Large setup violations at the end of those stages might be difficult to fix during the post-placement implementation flow and could be the result of non-optimal XDC constraints or non-optimal design architecture
Related violations: <none>

TIMING-16#66 Warning
Large setup violation  
There is a large setup violation of -2.102 ns between capture_i/frontpanel_0/inst/wi01/ep_dataout_reg[3]/C (clocked by mmcm0_clk0) and capture_i/axi_iic_0/U0/X_IIC/REG_INTERFACE_I/adr_i_reg[4]/D (clocked by fixed_fabric_100mhz_clk_p). Large setup violations at the end of those stages might be difficult to fix during the post-placement implementation flow and could be the result of non-optimal XDC constraints or non-optimal design architecture
Related violations: <none>

TIMING-16#67 Warning
Large setup violation  
There is a large setup violation of -2.104 ns between capture_i/frontpanel_0/inst/wi01/ep_dataout_reg[1]/C (clocked by mmcm0_clk0) and capture_i/axi_iic_0/U0/X_IIC/REG_INTERFACE_I/timing_param_tsudat_i_reg[1]/D (clocked by fixed_fabric_100mhz_clk_p). Large setup violations at the end of those stages might be difficult to fix during the post-placement implementation flow and could be the result of non-optimal XDC constraints or non-optimal design architecture
Related violations: <none>

TIMING-16#68 Warning
Large setup violation  
There is a large setup violation of -2.106 ns between capture_i/frontpanel_0/inst/wi01/ep_dataout_reg[6]/C (clocked by mmcm0_clk0) and capture_i/axi_iic_0/U0/X_IIC/X_AXI_IPIF_SSP1/X_INTERRUPT_CONTROL/GEN_IP_IRPT_STATUS_REG[6].GEN_REG_STATUS.ip_irpt_status_reg_reg[6]/D (clocked by fixed_fabric_100mhz_clk_p). Large setup violations at the end of those stages might be difficult to fix during the post-placement implementation flow and could be the result of non-optimal XDC constraints or non-optimal design architecture
Related violations: <none>

TIMING-16#69 Warning
Large setup violation  
There is a large setup violation of -2.107 ns between capture_i/frontpanel_0/inst/wi01/ep_dataout_reg[7]/C (clocked by mmcm0_clk0) and capture_i/axi_iic_0/U0/X_IIC/REG_INTERFACE_I/timing_param_tsusto_i_reg[7]/D (clocked by fixed_fabric_100mhz_clk_p). Large setup violations at the end of those stages might be difficult to fix during the post-placement implementation flow and could be the result of non-optimal XDC constraints or non-optimal design architecture
Related violations: <none>

TIMING-16#70 Warning
Large setup violation  
There is a large setup violation of -2.108 ns between capture_i/frontpanel_0/inst/ti40/eptrig_reg[3]/C (clocked by mmcm0_clk0) and capture_i/frontpanel_0/inst/ti40/trigff0_reg[3]/D (clocked by fixed_fabric_100mhz_clk_p). Large setup violations at the end of those stages might be difficult to fix during the post-placement implementation flow and could be the result of non-optimal XDC constraints or non-optimal design architecture
Related violations: <none>

TIMING-16#71 Warning
Large setup violation  
There is a large setup violation of -2.109 ns between capture_i/frontpanel_0/inst/wi01/ep_dataout_reg[3]/C (clocked by mmcm0_clk0) and capture_i/axi_iic_0/U0/X_IIC/REG_INTERFACE_I/timing_param_tsudat_i_reg[3]/D (clocked by fixed_fabric_100mhz_clk_p). Large setup violations at the end of those stages might be difficult to fix during the post-placement implementation flow and could be the result of non-optimal XDC constraints or non-optimal design architecture
Related violations: <none>

TIMING-16#72 Warning
Large setup violation  
There is a large setup violation of -2.110 ns between capture_i/frontpanel_0/inst/wi01/ep_dataout_reg[0]/C (clocked by mmcm0_clk0) and capture_i/axi_iic_0/U0/X_IIC/REG_INTERFACE_I/timing_param_tlow_i_reg[0]/D (clocked by fixed_fabric_100mhz_clk_p). Large setup violations at the end of those stages might be difficult to fix during the post-placement implementation flow and could be the result of non-optimal XDC constraints or non-optimal design architecture
Related violations: <none>

TIMING-16#73 Warning
Large setup violation  
There is a large setup violation of -2.110 ns between capture_i/frontpanel_0/inst/wi01/ep_dataout_reg[3]/C (clocked by mmcm0_clk0) and capture_i/axi_iic_0/U0/X_IIC/REG_INTERFACE_I/timing_param_thddat_i_reg[3]/D (clocked by fixed_fabric_100mhz_clk_p). Large setup violations at the end of those stages might be difficult to fix during the post-placement implementation flow and could be the result of non-optimal XDC constraints or non-optimal design architecture
Related violations: <none>

TIMING-16#74 Warning
Large setup violation  
There is a large setup violation of -2.110 ns between capture_i/frontpanel_0/inst/wi01/ep_dataout_reg[3]/C (clocked by mmcm0_clk0) and capture_i/axi_iic_0/U0/X_IIC/WRITE_FIFO_I/FIFO_RAM[4].SRL16E_I/D (clocked by fixed_fabric_100mhz_clk_p). Large setup violations at the end of those stages might be difficult to fix during the post-placement implementation flow and could be the result of non-optimal XDC constraints or non-optimal design architecture
Related violations: <none>

TIMING-16#75 Warning
Large setup violation  
There is a large setup violation of -2.112 ns between capture_i/frontpanel_0/inst/wi01/ep_dataout_reg[4]/C (clocked by mmcm0_clk0) and capture_i/axi_iic_0/U0/X_IIC/REG_INTERFACE_I/adr_i_reg[3]/D (clocked by fixed_fabric_100mhz_clk_p). Large setup violations at the end of those stages might be difficult to fix during the post-placement implementation flow and could be the result of non-optimal XDC constraints or non-optimal design architecture
Related violations: <none>

TIMING-16#76 Warning
Large setup violation  
There is a large setup violation of -2.112 ns between capture_i/frontpanel_0/inst/wi01/ep_dataout_reg[6]/C (clocked by mmcm0_clk0) and capture_i/axi_iic_0/U0/X_IIC/REG_INTERFACE_I/timing_param_tlow_i_reg[6]/D (clocked by fixed_fabric_100mhz_clk_p). Large setup violations at the end of those stages might be difficult to fix during the post-placement implementation flow and could be the result of non-optimal XDC constraints or non-optimal design architecture
Related violations: <none>

TIMING-16#77 Warning
Large setup violation  
There is a large setup violation of -2.114 ns between capture_i/frontpanel_0/inst/wi01/ep_dataout_reg[4]/C (clocked by mmcm0_clk0) and capture_i/axi_iic_0/U0/X_IIC/REG_INTERFACE_I/cr_i_reg[3]/D (clocked by fixed_fabric_100mhz_clk_p). Large setup violations at the end of those stages might be difficult to fix during the post-placement implementation flow and could be the result of non-optimal XDC constraints or non-optimal design architecture
Related violations: <none>

TIMING-16#78 Warning
Large setup violation  
There is a large setup violation of -2.114 ns between capture_i/frontpanel_0/inst/wi01/ep_dataout_reg[4]/C (clocked by mmcm0_clk0) and capture_i/axi_iic_0/U0/X_IIC/REG_INTERFACE_I/timing_param_tlow_i_reg[4]/D (clocked by fixed_fabric_100mhz_clk_p). Large setup violations at the end of those stages might be difficult to fix during the post-placement implementation flow and could be the result of non-optimal XDC constraints or non-optimal design architecture
Related violations: <none>

TIMING-16#79 Warning
Large setup violation  
There is a large setup violation of -2.115 ns between capture_i/frontpanel_0/inst/wi01/ep_dataout_reg[4]/C (clocked by mmcm0_clk0) and capture_i/axi_iic_0/U0/X_IIC/REG_INTERFACE_I/timing_param_thdsta_i_reg[4]/D (clocked by fixed_fabric_100mhz_clk_p). Large setup violations at the end of those stages might be difficult to fix during the post-placement implementation flow and could be the result of non-optimal XDC constraints or non-optimal design architecture
Related violations: <none>

TIMING-16#80 Warning
Large setup violation  
There is a large setup violation of -2.116 ns between capture_i/frontpanel_0/inst/wi01/ep_dataout_reg[8]/C (clocked by mmcm0_clk0) and capture_i/axi_iic_0/U0/X_IIC/REG_INTERFACE_I/timing_param_thddat_i_reg[8]/D (clocked by fixed_fabric_100mhz_clk_p). Large setup violations at the end of those stages might be difficult to fix during the post-placement implementation flow and could be the result of non-optimal XDC constraints or non-optimal design architecture
Related violations: <none>

TIMING-16#81 Warning
Large setup violation  
There is a large setup violation of -2.121 ns between capture_i/frontpanel_0/inst/wi00/ep_dataout_reg[25]/C (clocked by mmcm0_clk0) and capture_i/axi_crossbar_0/inst/gen_sasd.crossbar_sasd_0/addr_arbiter_inst/gen_no_arbiter.m_amesg_i_reg[26]/D (clocked by fixed_fabric_100mhz_clk_p). Large setup violations at the end of those stages might be difficult to fix during the post-placement implementation flow and could be the result of non-optimal XDC constraints or non-optimal design architecture
Related violations: <none>

TIMING-16#82 Warning
Large setup violation  
There is a large setup violation of -2.121 ns between capture_i/frontpanel_0/inst/wi01/ep_dataout_reg[0]/C (clocked by mmcm0_clk0) and capture_i/axi_iic_0/U0/X_IIC/REG_INTERFACE_I/timing_param_tbuf_i_reg[0]/D (clocked by fixed_fabric_100mhz_clk_p). Large setup violations at the end of those stages might be difficult to fix during the post-placement implementation flow and could be the result of non-optimal XDC constraints or non-optimal design architecture
Related violations: <none>

TIMING-16#83 Warning
Large setup violation  
There is a large setup violation of -2.121 ns between capture_i/frontpanel_0/inst/wi01/ep_dataout_reg[0]/C (clocked by mmcm0_clk0) and capture_i/axi_iic_0/U0/X_IIC/X_AXI_IPIF_SSP1/X_INTERRUPT_CONTROL/ip_irpt_enable_reg_reg[0]/D (clocked by fixed_fabric_100mhz_clk_p). Large setup violations at the end of those stages might be difficult to fix during the post-placement implementation flow and could be the result of non-optimal XDC constraints or non-optimal design architecture
Related violations: <none>

TIMING-16#84 Warning
Large setup violation  
There is a large setup violation of -2.124 ns between capture_i/frontpanel_0/inst/ti40/eptrig_reg[4]/C (clocked by mmcm0_clk0) and capture_i/frontpanel_0/inst/ti40/trigff0_reg[4]/D (clocked by fixed_fabric_100mhz_clk_p). Large setup violations at the end of those stages might be difficult to fix during the post-placement implementation flow and could be the result of non-optimal XDC constraints or non-optimal design architecture
Related violations: <none>

TIMING-16#85 Warning
Large setup violation  
There is a large setup violation of -2.125 ns between capture_i/frontpanel_0/inst/wi01/ep_dataout_reg[3]/C (clocked by mmcm0_clk0) and capture_i/axi_iic_0/U0/X_IIC/REG_INTERFACE_I/cr_i_reg[4]/D (clocked by fixed_fabric_100mhz_clk_p). Large setup violations at the end of those stages might be difficult to fix during the post-placement implementation flow and could be the result of non-optimal XDC constraints or non-optimal design architecture
Related violations: <none>

TIMING-16#86 Warning
Large setup violation  
There is a large setup violation of -2.126 ns between capture_i/frontpanel_0/inst/ti40/eptrig_reg[5]/C (clocked by mmcm0_clk0) and capture_i/frontpanel_0/inst/ti40/trigff0_reg[5]/D (clocked by fixed_fabric_100mhz_clk_p). Large setup violations at the end of those stages might be difficult to fix during the post-placement implementation flow and could be the result of non-optimal XDC constraints or non-optimal design architecture
Related violations: <none>

TIMING-16#87 Warning
Large setup violation  
There is a large setup violation of -2.127 ns between capture_i/frontpanel_0/inst/wi01/ep_dataout_reg[1]/C (clocked by mmcm0_clk0) and capture_i/axi_gpio_0/U0/gpio_core_1/Dual.gpio_Data_Out_reg[4]_lopt_replica/D (clocked by fixed_fabric_100mhz_clk_p). Large setup violations at the end of those stages might be difficult to fix during the post-placement implementation flow and could be the result of non-optimal XDC constraints or non-optimal design architecture
Related violations: <none>

TIMING-16#88 Warning
Large setup violation  
There is a large setup violation of -2.129 ns between capture_i/frontpanel_0/inst/wi01/ep_dataout_reg[4]/C (clocked by mmcm0_clk0) and capture_i/axi_iic_0/U0/X_IIC/REG_INTERFACE_I/timing_param_tbuf_i_reg[4]/D (clocked by fixed_fabric_100mhz_clk_p). Large setup violations at the end of those stages might be difficult to fix during the post-placement implementation flow and could be the result of non-optimal XDC constraints or non-optimal design architecture
Related violations: <none>

TIMING-16#89 Warning
Large setup violation  
There is a large setup violation of -2.129 ns between capture_i/frontpanel_0/inst/wi01/ep_dataout_reg[6]/C (clocked by mmcm0_clk0) and capture_i/axi_iic_0/U0/X_IIC/REG_INTERFACE_I/adr_i_reg[1]/D (clocked by fixed_fabric_100mhz_clk_p). Large setup violations at the end of those stages might be difficult to fix during the post-placement implementation flow and could be the result of non-optimal XDC constraints or non-optimal design architecture
Related violations: <none>

TIMING-16#90 Warning
Large setup violation  
There is a large setup violation of -2.131 ns between capture_i/frontpanel_0/inst/wi01/ep_dataout_reg[8]/C (clocked by mmcm0_clk0) and capture_i/axi_iic_0/U0/X_IIC/REG_INTERFACE_I/timing_param_tsusta_i_reg[8]/D (clocked by fixed_fabric_100mhz_clk_p). Large setup violations at the end of those stages might be difficult to fix during the post-placement implementation flow and could be the result of non-optimal XDC constraints or non-optimal design architecture
Related violations: <none>

TIMING-16#91 Warning
Large setup violation  
There is a large setup violation of -2.132 ns between capture_i/frontpanel_0/inst/wi01/ep_dataout_reg[8]/C (clocked by mmcm0_clk0) and capture_i/axi_iic_0/U0/X_IIC/REG_INTERFACE_I/timing_param_tsusto_i_reg[8]/D (clocked by fixed_fabric_100mhz_clk_p). Large setup violations at the end of those stages might be difficult to fix during the post-placement implementation flow and could be the result of non-optimal XDC constraints or non-optimal design architecture
Related violations: <none>

TIMING-16#92 Warning
Large setup violation  
There is a large setup violation of -2.133 ns between capture_i/frontpanel_0/inst/wi01/ep_dataout_reg[0]/C (clocked by mmcm0_clk0) and capture_i/axi_iic_0/U0/X_IIC/REG_INTERFACE_I/RD_FIFO_CNTRL.rc_fifo_pirq_i_reg[7]/D (clocked by fixed_fabric_100mhz_clk_p). Large setup violations at the end of those stages might be difficult to fix during the post-placement implementation flow and could be the result of non-optimal XDC constraints or non-optimal design architecture
Related violations: <none>

TIMING-16#93 Warning
Large setup violation  
There is a large setup violation of -2.134 ns between capture_i/frontpanel_0/inst/wi01/ep_dataout_reg[6]/C (clocked by mmcm0_clk0) and capture_i/axi_iic_0/U0/X_IIC/REG_INTERFACE_I/timing_param_tsudat_i_reg[6]/D (clocked by fixed_fabric_100mhz_clk_p). Large setup violations at the end of those stages might be difficult to fix during the post-placement implementation flow and could be the result of non-optimal XDC constraints or non-optimal design architecture
Related violations: <none>

TIMING-16#94 Warning
Large setup violation  
There is a large setup violation of -2.134 ns between capture_i/frontpanel_0/inst/wi02/ep_dataout_reg[3]/C (clocked by mmcm0_clk0) and capture_i/axi_crossbar_0/inst/gen_sasd.crossbar_sasd_0/addr_arbiter_inst/gen_no_arbiter.m_amesg_i_reg[4]/D (clocked by fixed_fabric_100mhz_clk_p). Large setup violations at the end of those stages might be difficult to fix during the post-placement implementation flow and could be the result of non-optimal XDC constraints or non-optimal design architecture
Related violations: <none>

TIMING-16#95 Warning
Large setup violation  
There is a large setup violation of -2.136 ns between capture_i/frontpanel_0/inst/wi01/ep_dataout_reg[4]/C (clocked by mmcm0_clk0) and capture_i/axi_iic_0/U0/X_IIC/REG_INTERFACE_I/timing_param_thigh_i_reg[4]/D (clocked by fixed_fabric_100mhz_clk_p). Large setup violations at the end of those stages might be difficult to fix during the post-placement implementation flow and could be the result of non-optimal XDC constraints or non-optimal design architecture
Related violations: <none>

TIMING-16#96 Warning
Large setup violation  
There is a large setup violation of -2.141 ns between capture_i/frontpanel_0/inst/wi01/ep_dataout_reg[4]/C (clocked by mmcm0_clk0) and capture_i/axi_iic_0/U0/X_IIC/WRITE_FIFO_I/FIFO_RAM[3].SRL16E_I/D (clocked by fixed_fabric_100mhz_clk_p). Large setup violations at the end of those stages might be difficult to fix during the post-placement implementation flow and could be the result of non-optimal XDC constraints or non-optimal design architecture
Related violations: <none>

TIMING-16#97 Warning
Large setup violation  
There is a large setup violation of -2.142 ns between capture_i/frontpanel_0/inst/ti40/eptrig_reg[2]/C (clocked by mmcm0_clk0) and capture_i/frontpanel_0/inst/ti40/trigff0_reg[2]/D (clocked by fixed_fabric_100mhz_clk_p). Large setup violations at the end of those stages might be difficult to fix during the post-placement implementation flow and could be the result of non-optimal XDC constraints or non-optimal design architecture
Related violations: <none>

TIMING-16#98 Warning
Large setup violation  
There is a large setup violation of -2.142 ns between capture_i/frontpanel_0/inst/wi01/ep_dataout_reg[0]/C (clocked by mmcm0_clk0) and capture_i/axi_iic_0/U0/X_IIC/REG_INTERFACE_I/timing_param_thddat_i_reg[0]/D (clocked by fixed_fabric_100mhz_clk_p). Large setup violations at the end of those stages might be difficult to fix during the post-placement implementation flow and could be the result of non-optimal XDC constraints or non-optimal design architecture
Related violations: <none>

TIMING-16#99 Warning
Large setup violation  
There is a large setup violation of -2.142 ns between capture_i/frontpanel_0/inst/wi01/ep_dataout_reg[1]/C (clocked by mmcm0_clk0) and capture_i/axi_iic_0/U0/X_IIC/REG_INTERFACE_I/timing_param_thigh_i_reg[1]/D (clocked by fixed_fabric_100mhz_clk_p). Large setup violations at the end of those stages might be difficult to fix during the post-placement implementation flow and could be the result of non-optimal XDC constraints or non-optimal design architecture
Related violations: <none>

TIMING-16#100 Warning
Large setup violation  
There is a large setup violation of -2.143 ns between capture_i/frontpanel_0/inst/wi01/ep_dataout_reg[7]/C (clocked by mmcm0_clk0) and capture_i/axi_iic_0/U0/X_IIC/REG_INTERFACE_I/adr_i_reg[0]/D (clocked by fixed_fabric_100mhz_clk_p). Large setup violations at the end of those stages might be difficult to fix during the post-placement implementation flow and could be the result of non-optimal XDC constraints or non-optimal design architecture
Related violations: <none>

TIMING-16#101 Warning
Large setup violation  
There is a large setup violation of -2.145 ns between capture_i/frontpanel_0/inst/wi01/ep_dataout_reg[5]/C (clocked by mmcm0_clk0) and capture_i/axi_iic_0/U0/X_IIC/REG_INTERFACE_I/cr_i_reg[2]/D (clocked by fixed_fabric_100mhz_clk_p). Large setup violations at the end of those stages might be difficult to fix during the post-placement implementation flow and could be the result of non-optimal XDC constraints or non-optimal design architecture
Related violations: <none>

TIMING-16#102 Warning
Large setup violation  
There is a large setup violation of -2.148 ns between capture_i/frontpanel_0/inst/wi01/ep_dataout_reg[7]/C (clocked by mmcm0_clk0) and capture_i/axi_iic_0/U0/X_IIC/REG_INTERFACE_I/timing_param_tbuf_i_reg[7]/D (clocked by fixed_fabric_100mhz_clk_p). Large setup violations at the end of those stages might be difficult to fix during the post-placement implementation flow and could be the result of non-optimal XDC constraints or non-optimal design architecture
Related violations: <none>

TIMING-16#103 Warning
Large setup violation  
There is a large setup violation of -2.149 ns between capture_i/frontpanel_0/inst/wi02/ep_dataout_reg[7]/C (clocked by mmcm0_clk0) and capture_i/axi_crossbar_0/inst/gen_sasd.crossbar_sasd_0/addr_arbiter_inst/gen_no_arbiter.m_amesg_i_reg[8]/D (clocked by fixed_fabric_100mhz_clk_p). Large setup violations at the end of those stages might be difficult to fix during the post-placement implementation flow and could be the result of non-optimal XDC constraints or non-optimal design architecture
Related violations: <none>

TIMING-16#104 Warning
Large setup violation  
There is a large setup violation of -2.151 ns between capture_i/frontpanel_0/inst/wi01/ep_dataout_reg[7]/C (clocked by mmcm0_clk0) and capture_i/axi_iic_0/U0/X_IIC/REG_INTERFACE_I/timing_param_thdsta_i_reg[7]/D (clocked by fixed_fabric_100mhz_clk_p). Large setup violations at the end of those stages might be difficult to fix during the post-placement implementation flow and could be the result of non-optimal XDC constraints or non-optimal design architecture
Related violations: <none>

TIMING-16#105 Warning
Large setup violation  
There is a large setup violation of -2.159 ns between capture_i/frontpanel_0/inst/wi01/ep_dataout_reg[0]/C (clocked by mmcm0_clk0) and capture_i/axi_iic_0/U0/X_IIC/REG_INTERFACE_I/timing_param_tsudat_i_reg[0]/D (clocked by fixed_fabric_100mhz_clk_p). Large setup violations at the end of those stages might be difficult to fix during the post-placement implementation flow and could be the result of non-optimal XDC constraints or non-optimal design architecture
Related violations: <none>

TIMING-16#106 Warning
Large setup violation  
There is a large setup violation of -2.160 ns between capture_i/frontpanel_0/inst/wi01/ep_dataout_reg[3]/C (clocked by mmcm0_clk0) and capture_i/axi_iic_0/U0/X_IIC/REG_INTERFACE_I/timing_param_tbuf_i_reg[3]/D (clocked by fixed_fabric_100mhz_clk_p). Large setup violations at the end of those stages might be difficult to fix during the post-placement implementation flow and could be the result of non-optimal XDC constraints or non-optimal design architecture
Related violations: <none>

TIMING-16#107 Warning
Large setup violation  
There is a large setup violation of -2.163 ns between capture_i/frontpanel_0/inst/wi01/ep_dataout_reg[7]/C (clocked by mmcm0_clk0) and capture_i/axi_iic_0/U0/X_IIC/REG_INTERFACE_I/timing_param_tlow_i_reg[7]/D (clocked by fixed_fabric_100mhz_clk_p). Large setup violations at the end of those stages might be difficult to fix during the post-placement implementation flow and could be the result of non-optimal XDC constraints or non-optimal design architecture
Related violations: <none>

TIMING-16#108 Warning
Large setup violation  
There is a large setup violation of -2.164 ns between capture_i/frontpanel_0/inst/wi01/ep_dataout_reg[8]/C (clocked by mmcm0_clk0) and capture_i/axi_iic_0/U0/X_IIC/REG_INTERFACE_I/timing_param_thigh_i_reg[8]/D (clocked by fixed_fabric_100mhz_clk_p). Large setup violations at the end of those stages might be difficult to fix during the post-placement implementation flow and could be the result of non-optimal XDC constraints or non-optimal design architecture
Related violations: <none>

TIMING-16#109 Warning
Large setup violation  
There is a large setup violation of -2.171 ns between capture_i/frontpanel_0/inst/wi01/ep_dataout_reg[0]/C (clocked by mmcm0_clk0) and capture_i/axi_iic_0/U0/X_IIC/REG_INTERFACE_I/cr_i_reg[7]/D (clocked by fixed_fabric_100mhz_clk_p). Large setup violations at the end of those stages might be difficult to fix during the post-placement implementation flow and could be the result of non-optimal XDC constraints or non-optimal design architecture
Related violations: <none>

TIMING-16#110 Warning
Large setup violation  
There is a large setup violation of -2.172 ns between capture_i/frontpanel_0/inst/wi01/ep_dataout_reg[6]/C (clocked by mmcm0_clk0) and capture_i/axi_iic_0/U0/X_IIC/WRITE_FIFO_I/FIFO_RAM[1].SRL16E_I/D (clocked by fixed_fabric_100mhz_clk_p). Large setup violations at the end of those stages might be difficult to fix during the post-placement implementation flow and could be the result of non-optimal XDC constraints or non-optimal design architecture
Related violations: <none>

TIMING-16#111 Warning
Large setup violation  
There is a large setup violation of -2.173 ns between capture_i/frontpanel_0/inst/wi01/ep_dataout_reg[0]/C (clocked by mmcm0_clk0) and capture_i/axi_iic_0/U0/X_IIC/REG_INTERFACE_I/timing_param_thdsta_i_reg[0]/D (clocked by fixed_fabric_100mhz_clk_p). Large setup violations at the end of those stages might be difficult to fix during the post-placement implementation flow and could be the result of non-optimal XDC constraints or non-optimal design architecture
Related violations: <none>

TIMING-16#112 Warning
Large setup violation  
There is a large setup violation of -2.174 ns between capture_i/frontpanel_0/inst/wi01/ep_dataout_reg[3]/C (clocked by mmcm0_clk0) and capture_i/axi_iic_0/U0/X_IIC/REG_INTERFACE_I/timing_param_tlow_i_reg[3]/D (clocked by fixed_fabric_100mhz_clk_p). Large setup violations at the end of those stages might be difficult to fix during the post-placement implementation flow and could be the result of non-optimal XDC constraints or non-optimal design architecture
Related violations: <none>

TIMING-16#113 Warning
Large setup violation  
There is a large setup violation of -2.175 ns between capture_i/frontpanel_0/inst/wi01/ep_dataout_reg[0]/C (clocked by mmcm0_clk0) and capture_i/axi_iic_0/U0/X_IIC/X_AXI_IPIF_SSP1/X_INTERRUPT_CONTROL/GEN_IP_IRPT_STATUS_REG[0].GEN_REG_STATUS.ip_irpt_status_reg_reg[0]/D (clocked by fixed_fabric_100mhz_clk_p). Large setup violations at the end of those stages might be difficult to fix during the post-placement implementation flow and could be the result of non-optimal XDC constraints or non-optimal design architecture
Related violations: <none>

TIMING-16#114 Warning
Large setup violation  
There is a large setup violation of -2.178 ns between capture_i/frontpanel_0/inst/wi01/ep_dataout_reg[0]/C (clocked by mmcm0_clk0) and capture_i/axi_gpio_0/U0/gpio_core_1/Dual.gpio_Data_Out_reg[5]_lopt_replica/D (clocked by fixed_fabric_100mhz_clk_p). Large setup violations at the end of those stages might be difficult to fix during the post-placement implementation flow and could be the result of non-optimal XDC constraints or non-optimal design architecture
Related violations: <none>

TIMING-16#115 Warning
Large setup violation  
There is a large setup violation of -2.178 ns between capture_i/frontpanel_0/inst/wi01/ep_dataout_reg[7]/C (clocked by mmcm0_clk0) and capture_i/axi_iic_0/U0/X_IIC/REG_INTERFACE_I/timing_param_tsusta_i_reg[7]/D (clocked by fixed_fabric_100mhz_clk_p). Large setup violations at the end of those stages might be difficult to fix during the post-placement implementation flow and could be the result of non-optimal XDC constraints or non-optimal design architecture
Related violations: <none>

TIMING-16#116 Warning
Large setup violation  
There is a large setup violation of -2.180 ns between capture_i/frontpanel_0/inst/wi01/ep_dataout_reg[0]/C (clocked by mmcm0_clk0) and capture_i/axi_gpio_0/U0/gpio_core_1/Dual.gpio_Data_Out_reg[5]/D (clocked by fixed_fabric_100mhz_clk_p). Large setup violations at the end of those stages might be difficult to fix during the post-placement implementation flow and could be the result of non-optimal XDC constraints or non-optimal design architecture
Related violations: <none>

TIMING-16#117 Warning
Large setup violation  
There is a large setup violation of -2.180 ns between capture_i/frontpanel_0/inst/wi01/ep_dataout_reg[5]/C (clocked by mmcm0_clk0) and capture_i/axi_iic_0/U0/X_IIC/REG_INTERFACE_I/timing_param_thdsta_i_reg[5]/D (clocked by fixed_fabric_100mhz_clk_p). Large setup violations at the end of those stages might be difficult to fix during the post-placement implementation flow and could be the result of non-optimal XDC constraints or non-optimal design architecture
Related violations: <none>

TIMING-16#118 Warning
Large setup violation  
There is a large setup violation of -2.181 ns between capture_i/frontpanel_0/inst/wi01/ep_dataout_reg[0]/C (clocked by mmcm0_clk0) and capture_i/axi_iic_0/U0/X_IIC/WRITE_FIFO_I/FIFO_RAM[7].SRL16E_I/D (clocked by fixed_fabric_100mhz_clk_p). Large setup violations at the end of those stages might be difficult to fix during the post-placement implementation flow and could be the result of non-optimal XDC constraints or non-optimal design architecture
Related violations: <none>

TIMING-16#119 Warning
Large setup violation  
There is a large setup violation of -2.185 ns between capture_i/frontpanel_0/inst/ti40/eptrig_reg[0]/C (clocked by mmcm0_clk0) and capture_i/frontpanel_0/inst/ti40/trigff0_reg[0]/D (clocked by fixed_fabric_100mhz_clk_p). Large setup violations at the end of those stages might be difficult to fix during the post-placement implementation flow and could be the result of non-optimal XDC constraints or non-optimal design architecture
Related violations: <none>

TIMING-16#120 Warning
Large setup violation  
There is a large setup violation of -2.186 ns between capture_i/frontpanel_0/inst/wi01/ep_dataout_reg[3]/C (clocked by mmcm0_clk0) and capture_i/axi_iic_0/U0/X_IIC/REG_INTERFACE_I/timing_param_tsusta_i_reg[3]/D (clocked by fixed_fabric_100mhz_clk_p). Large setup violations at the end of those stages might be difficult to fix during the post-placement implementation flow and could be the result of non-optimal XDC constraints or non-optimal design architecture
Related violations: <none>

TIMING-16#121 Warning
Large setup violation  
There is a large setup violation of -2.192 ns between capture_i/frontpanel_0/inst/wi01/ep_dataout_reg[7]/C (clocked by mmcm0_clk0) and capture_i/axi_iic_0/U0/X_IIC/REG_INTERFACE_I/timing_param_tsudat_i_reg[7]/D (clocked by fixed_fabric_100mhz_clk_p). Large setup violations at the end of those stages might be difficult to fix during the post-placement implementation flow and could be the result of non-optimal XDC constraints or non-optimal design architecture
Related violations: <none>

TIMING-16#122 Warning
Large setup violation  
There is a large setup violation of -2.193 ns between capture_i/frontpanel_0/inst/wi00/ep_dataout_reg[8]/C (clocked by mmcm0_clk0) and capture_i/axi_crossbar_0/inst/gen_sasd.crossbar_sasd_0/addr_arbiter_inst/gen_no_arbiter.m_amesg_i_reg[9]/D (clocked by fixed_fabric_100mhz_clk_p). Large setup violations at the end of those stages might be difficult to fix during the post-placement implementation flow and could be the result of non-optimal XDC constraints or non-optimal design architecture
Related violations: <none>

TIMING-16#123 Warning
Large setup violation  
There is a large setup violation of -2.196 ns between capture_i/frontpanel_0/inst/wi01/ep_dataout_reg[2]/C (clocked by mmcm0_clk0) and capture_i/axi_iic_0/U0/X_IIC/X_AXI_IPIF_SSP1/AXI_LITE_IPIF_I/I_SLAVE_ATTACHMENT/s_axi_bresp_i_reg[1]/D (clocked by fixed_fabric_100mhz_clk_p). Large setup violations at the end of those stages might be difficult to fix during the post-placement implementation flow and could be the result of non-optimal XDC constraints or non-optimal design architecture
Related violations: <none>

TIMING-16#124 Warning
Large setup violation  
There is a large setup violation of -2.197 ns between capture_i/frontpanel_0/inst/ti40/eptrig_reg[1]/C (clocked by mmcm0_clk0) and capture_i/frontpanel_0/inst/ti40/trigff0_reg[1]/D (clocked by fixed_fabric_100mhz_clk_p). Large setup violations at the end of those stages might be difficult to fix during the post-placement implementation flow and could be the result of non-optimal XDC constraints or non-optimal design architecture
Related violations: <none>

TIMING-16#125 Warning
Large setup violation  
There is a large setup violation of -2.200 ns between capture_i/frontpanel_0/inst/wi01/ep_dataout_reg[0]/C (clocked by mmcm0_clk0) and capture_i/axi_iic_0/U0/X_IIC/REG_INTERFACE_I/timing_param_tsusta_i_reg[0]/D (clocked by fixed_fabric_100mhz_clk_p). Large setup violations at the end of those stages might be difficult to fix during the post-placement implementation flow and could be the result of non-optimal XDC constraints or non-optimal design architecture
Related violations: <none>

TIMING-16#126 Warning
Large setup violation  
There is a large setup violation of -2.203 ns between capture_i/frontpanel_0/inst/wi01/ep_dataout_reg[5]/C (clocked by mmcm0_clk0) and capture_i/axi_iic_0/U0/X_IIC/REG_INTERFACE_I/timing_param_thddat_i_reg[5]/D (clocked by fixed_fabric_100mhz_clk_p). Large setup violations at the end of those stages might be difficult to fix during the post-placement implementation flow and could be the result of non-optimal XDC constraints or non-optimal design architecture
Related violations: <none>

TIMING-16#127 Warning
Large setup violation  
There is a large setup violation of -2.204 ns between capture_i/frontpanel_0/inst/wi01/ep_dataout_reg[5]/C (clocked by mmcm0_clk0) and capture_i/axi_iic_0/U0/X_IIC/X_AXI_IPIF_SSP1/X_INTERRUPT_CONTROL/ip_irpt_enable_reg_reg[5]/D (clocked by fixed_fabric_100mhz_clk_p). Large setup violations at the end of those stages might be difficult to fix during the post-placement implementation flow and could be the result of non-optimal XDC constraints or non-optimal design architecture
Related violations: <none>

TIMING-16#128 Warning
Large setup violation  
There is a large setup violation of -2.206 ns between capture_i/frontpanel_0/inst/wi01/ep_dataout_reg[4]/C (clocked by mmcm0_clk0) and capture_i/axi_gpio_0/U0/gpio_core_1/Dual.gpio_Data_Out_reg[1]/D (clocked by fixed_fabric_100mhz_clk_p). Large setup violations at the end of those stages might be difficult to fix during the post-placement implementation flow and could be the result of non-optimal XDC constraints or non-optimal design architecture
Related violations: <none>

TIMING-16#129 Warning
Large setup violation  
There is a large setup violation of -2.208 ns between capture_i/frontpanel_0/inst/wi01/ep_dataout_reg[1]/C (clocked by mmcm0_clk0) and capture_i/axi_gpio_0/U0/gpio_core_1/Dual.gpio_Data_Out_reg[4]/D (clocked by fixed_fabric_100mhz_clk_p). Large setup violations at the end of those stages might be difficult to fix during the post-placement implementation flow and could be the result of non-optimal XDC constraints or non-optimal design architecture
Related violations: <none>

TIMING-16#130 Warning
Large setup violation  
There is a large setup violation of -2.208 ns between capture_i/frontpanel_0/inst/wi01/ep_dataout_reg[7]/C (clocked by mmcm0_clk0) and capture_i/axi_iic_0/U0/X_IIC/REG_INTERFACE_I/timing_param_thigh_i_reg[7]/D (clocked by fixed_fabric_100mhz_clk_p). Large setup violations at the end of those stages might be difficult to fix during the post-placement implementation flow and could be the result of non-optimal XDC constraints or non-optimal design architecture
Related violations: <none>

TIMING-16#131 Warning
Large setup violation  
There is a large setup violation of -2.209 ns between capture_i/frontpanel_0/inst/wi01/ep_dataout_reg[5]/C (clocked by mmcm0_clk0) and capture_i/axi_gpio_0/U0/gpio_core_1/Dual.gpio2_Data_Out_reg[0]/D (clocked by fixed_fabric_100mhz_clk_p). Large setup violations at the end of those stages might be difficult to fix during the post-placement implementation flow and could be the result of non-optimal XDC constraints or non-optimal design architecture
Related violations: <none>

TIMING-16#132 Warning
Large setup violation  
There is a large setup violation of -2.209 ns between capture_i/frontpanel_0/inst/wi01/ep_dataout_reg[5]/C (clocked by mmcm0_clk0) and capture_i/axi_iic_0/U0/X_IIC/REG_INTERFACE_I/timing_param_thigh_i_reg[5]/D (clocked by fixed_fabric_100mhz_clk_p). Large setup violations at the end of those stages might be difficult to fix during the post-placement implementation flow and could be the result of non-optimal XDC constraints or non-optimal design architecture
Related violations: <none>

TIMING-16#133 Warning
Large setup violation  
There is a large setup violation of -2.211 ns between capture_i/frontpanel_0/inst/wi01/ep_dataout_reg[5]/C (clocked by mmcm0_clk0) and capture_i/axi_iic_0/U0/X_IIC/REG_INTERFACE_I/timing_param_tbuf_i_reg[5]/D (clocked by fixed_fabric_100mhz_clk_p). Large setup violations at the end of those stages might be difficult to fix during the post-placement implementation flow and could be the result of non-optimal XDC constraints or non-optimal design architecture
Related violations: <none>

TIMING-16#134 Warning
Large setup violation  
There is a large setup violation of -2.213 ns between capture_i/frontpanel_0/inst/wi01/ep_dataout_reg[5]/C (clocked by mmcm0_clk0) and capture_i/axi_iic_0/U0/X_IIC/REG_INTERFACE_I/timing_param_tsudat_i_reg[5]/D (clocked by fixed_fabric_100mhz_clk_p). Large setup violations at the end of those stages might be difficult to fix during the post-placement implementation flow and could be the result of non-optimal XDC constraints or non-optimal design architecture
Related violations: <none>

TIMING-16#135 Warning
Large setup violation  
There is a large setup violation of -2.215 ns between capture_i/frontpanel_0/inst/wi01/ep_dataout_reg[5]/C (clocked by mmcm0_clk0) and capture_i/axi_iic_0/U0/X_IIC/REG_INTERFACE_I/timing_param_tlow_i_reg[5]/D (clocked by fixed_fabric_100mhz_clk_p). Large setup violations at the end of those stages might be difficult to fix during the post-placement implementation flow and could be the result of non-optimal XDC constraints or non-optimal design architecture
Related violations: <none>

TIMING-16#136 Warning
Large setup violation  
There is a large setup violation of -2.215 ns between capture_i/frontpanel_0/inst/wi01/ep_dataout_reg[7]/C (clocked by mmcm0_clk0) and capture_i/axi_iic_0/U0/X_IIC/REG_INTERFACE_I/timing_param_thddat_i_reg[7]/D (clocked by fixed_fabric_100mhz_clk_p). Large setup violations at the end of those stages might be difficult to fix during the post-placement implementation flow and could be the result of non-optimal XDC constraints or non-optimal design architecture
Related violations: <none>

TIMING-16#137 Warning
Large setup violation  
There is a large setup violation of -2.217 ns between capture_i/frontpanel_0/inst/wi01/ep_dataout_reg[4]/C (clocked by mmcm0_clk0) and capture_i/axi_gpio_0/U0/gpio_core_1/Dual.gpio_Data_Out_reg[1]_lopt_replica/D (clocked by fixed_fabric_100mhz_clk_p). Large setup violations at the end of those stages might be difficult to fix during the post-placement implementation flow and could be the result of non-optimal XDC constraints or non-optimal design architecture
Related violations: <none>

TIMING-16#138 Warning
Large setup violation  
There is a large setup violation of -2.220 ns between capture_i/frontpanel_0/inst/wi01/ep_dataout_reg[5]/C (clocked by mmcm0_clk0) and capture_i/axi_iic_0/U0/X_IIC/REG_INTERFACE_I/timing_param_tsusta_i_reg[5]/D (clocked by fixed_fabric_100mhz_clk_p). Large setup violations at the end of those stages might be difficult to fix during the post-placement implementation flow and could be the result of non-optimal XDC constraints or non-optimal design architecture
Related violations: <none>

TIMING-16#139 Warning
Large setup violation  
There is a large setup violation of -2.222 ns between capture_i/frontpanel_0/inst/wi02/ep_dataout_reg[24]/C (clocked by mmcm0_clk0) and capture_i/axi_crossbar_0/inst/gen_sasd.crossbar_sasd_0/addr_arbiter_inst/gen_no_arbiter.m_amesg_i_reg[25]/D (clocked by fixed_fabric_100mhz_clk_p). Large setup violations at the end of those stages might be difficult to fix during the post-placement implementation flow and could be the result of non-optimal XDC constraints or non-optimal design architecture
Related violations: <none>

TIMING-16#140 Warning
Large setup violation  
There is a large setup violation of -2.233 ns between capture_i/frontpanel_0/inst/wi01/ep_dataout_reg[0]/C (clocked by mmcm0_clk0) and capture_i/axi_iic_0/U0/X_IIC/REG_INTERFACE_I/timing_param_thigh_i_reg[0]/D (clocked by fixed_fabric_100mhz_clk_p). Large setup violations at the end of those stages might be difficult to fix during the post-placement implementation flow and could be the result of non-optimal XDC constraints or non-optimal design architecture
Related violations: <none>

TIMING-16#141 Warning
Large setup violation  
There is a large setup violation of -2.239 ns between capture_i/frontpanel_0/inst/wi01/ep_dataout_reg[4]/C (clocked by mmcm0_clk0) and capture_i/axi_iic_0/U0/X_IIC/REG_INTERFACE_I/timing_param_tsusto_i_reg[4]/D (clocked by fixed_fabric_100mhz_clk_p). Large setup violations at the end of those stages might be difficult to fix during the post-placement implementation flow and could be the result of non-optimal XDC constraints or non-optimal design architecture
Related violations: <none>

TIMING-16#142 Warning
Large setup violation  
There is a large setup violation of -2.239 ns between capture_i/frontpanel_0/inst/wi01/ep_dataout_reg[7]/C (clocked by mmcm0_clk0) and capture_i/axi_iic_0/U0/X_IIC/X_AXI_IPIF_SSP1/X_INTERRUPT_CONTROL/ip_irpt_enable_reg_reg[7]/D (clocked by fixed_fabric_100mhz_clk_p). Large setup violations at the end of those stages might be difficult to fix during the post-placement implementation flow and could be the result of non-optimal XDC constraints or non-optimal design architecture
Related violations: <none>

TIMING-16#143 Warning
Large setup violation  
There is a large setup violation of -2.240 ns between capture_i/frontpanel_0/inst/wi01/ep_dataout_reg[2]/C (clocked by mmcm0_clk0) and capture_i/axi_iic_0/U0/X_IIC/X_AXI_IPIF_SSP1/AXI_LITE_IPIF_I/I_SLAVE_ATTACHMENT/s_axi_rresp_i_reg[1]/D (clocked by fixed_fabric_100mhz_clk_p). Large setup violations at the end of those stages might be difficult to fix during the post-placement implementation flow and could be the result of non-optimal XDC constraints or non-optimal design architecture
Related violations: <none>

TIMING-16#144 Warning
Large setup violation  
There is a large setup violation of -2.240 ns between capture_i/frontpanel_0/inst/wi01/ep_dataout_reg[5]/C (clocked by mmcm0_clk0) and capture_i/axi_iic_0/U0/X_IIC/WRITE_FIFO_I/FIFO_RAM[2].SRL16E_I/D (clocked by fixed_fabric_100mhz_clk_p). Large setup violations at the end of those stages might be difficult to fix during the post-placement implementation flow and could be the result of non-optimal XDC constraints or non-optimal design architecture
Related violations: <none>

TIMING-16#145 Warning
Large setup violation  
There is a large setup violation of -2.242 ns between capture_i/frontpanel_0/inst/wi01/ep_dataout_reg[0]/C (clocked by mmcm0_clk0) and capture_i/axi_gpio_0/U0/gpio_core_1/Dual.gpio_Data_Out_reg[0]/D (clocked by fixed_fabric_100mhz_clk_p). Large setup violations at the end of those stages might be difficult to fix during the post-placement implementation flow and could be the result of non-optimal XDC constraints or non-optimal design architecture
Related violations: <none>

TIMING-16#146 Warning
Large setup violation  
There is a large setup violation of -2.246 ns between capture_i/frontpanel_0/inst/wi01/ep_dataout_reg[5]/C (clocked by mmcm0_clk0) and capture_i/axi_iic_0/U0/X_IIC/REG_INTERFACE_I/timing_param_tsusto_i_reg[5]/D (clocked by fixed_fabric_100mhz_clk_p). Large setup violations at the end of those stages might be difficult to fix during the post-placement implementation flow and could be the result of non-optimal XDC constraints or non-optimal design architecture
Related violations: <none>

TIMING-16#147 Warning
Large setup violation  
There is a large setup violation of -2.248 ns between capture_i/frontpanel_0/inst/wi01/ep_dataout_reg[7]/C (clocked by mmcm0_clk0) and capture_i/axi_iic_0/U0/X_IIC/WRITE_FIFO_I/FIFO_RAM[0].SRL16E_I/D (clocked by fixed_fabric_100mhz_clk_p). Large setup violations at the end of those stages might be difficult to fix during the post-placement implementation flow and could be the result of non-optimal XDC constraints or non-optimal design architecture
Related violations: <none>

TIMING-16#148 Warning
Large setup violation  
There is a large setup violation of -2.249 ns between capture_i/frontpanel_0/inst/wi01/ep_dataout_reg[5]/C (clocked by mmcm0_clk0) and capture_i/axi_iic_0/U0/X_IIC/REG_INTERFACE_I/adr_i_reg[2]/D (clocked by fixed_fabric_100mhz_clk_p). Large setup violations at the end of those stages might be difficult to fix during the post-placement implementation flow and could be the result of non-optimal XDC constraints or non-optimal design architecture
Related violations: <none>

TIMING-16#149 Warning
Large setup violation  
There is a large setup violation of -2.252 ns between capture_i/frontpanel_0/inst/wi01/ep_dataout_reg[0]/C (clocked by mmcm0_clk0) and capture_i/axi_iic_0/U0/X_IIC/REG_INTERFACE_I/timing_param_tsusto_i_reg[0]/D (clocked by fixed_fabric_100mhz_clk_p). Large setup violations at the end of those stages might be difficult to fix during the post-placement implementation flow and could be the result of non-optimal XDC constraints or non-optimal design architecture
Related violations: <none>

TIMING-16#150 Warning
Large setup violation  
There is a large setup violation of -2.267 ns between capture_i/frontpanel_0/inst/wi01/ep_dataout_reg[2]/C (clocked by mmcm0_clk0) and capture_i/axi_gpio_0/U0/gpio_core_1/Dual.gpio_Data_Out_reg[3]_lopt_replica/D (clocked by fixed_fabric_100mhz_clk_p). Large setup violations at the end of those stages might be difficult to fix during the post-placement implementation flow and could be the result of non-optimal XDC constraints or non-optimal design architecture
Related violations: <none>

TIMING-16#151 Warning
Large setup violation  
There is a large setup violation of -2.286 ns between capture_i/frontpanel_0/inst/wi01/ep_dataout_reg[1]/C (clocked by mmcm0_clk0) and capture_i/axi_iic_0/U0/X_IIC/X_AXI_IPIF_SSP1/X_SOFT_RESET/sw_rst_cond_d1_reg/D (clocked by fixed_fabric_100mhz_clk_p). Large setup violations at the end of those stages might be difficult to fix during the post-placement implementation flow and could be the result of non-optimal XDC constraints or non-optimal design architecture
Related violations: <none>

TIMING-16#152 Warning
Large setup violation  
There is a large setup violation of -2.301 ns between capture_i/frontpanel_0/inst/wi01/ep_dataout_reg[2]/C (clocked by mmcm0_clk0) and capture_i/axi_gpio_0/U0/gpio_core_1/Dual.gpio_Data_Out_reg[3]/D (clocked by fixed_fabric_100mhz_clk_p). Large setup violations at the end of those stages might be difficult to fix during the post-placement implementation flow and could be the result of non-optimal XDC constraints or non-optimal design architecture
Related violations: <none>

TIMING-16#153 Warning
Large setup violation  
There is a large setup violation of -2.304 ns between capture_i/frontpanel_0/inst/wi00/ep_dataout_reg[6]/C (clocked by mmcm0_clk0) and capture_i/axi_crossbar_0/inst/gen_sasd.crossbar_sasd_0/addr_arbiter_inst/gen_no_arbiter.m_amesg_i_reg[7]/D (clocked by fixed_fabric_100mhz_clk_p). Large setup violations at the end of those stages might be difficult to fix during the post-placement implementation flow and could be the result of non-optimal XDC constraints or non-optimal design architecture
Related violations: <none>

TIMING-16#154 Warning
Large setup violation  
There is a large setup violation of -2.309 ns between capture_i/frontpanel_0/inst/wi01/ep_dataout_reg[7]/C (clocked by mmcm0_clk0) and capture_i/axi_iic_0/U0/X_IIC/X_AXI_IPIF_SSP1/X_INTERRUPT_CONTROL/GEN_IP_IRPT_STATUS_REG[7].GEN_REG_STATUS.ip_irpt_status_reg_reg[7]/D (clocked by fixed_fabric_100mhz_clk_p). Large setup violations at the end of those stages might be difficult to fix during the post-placement implementation flow and could be the result of non-optimal XDC constraints or non-optimal design architecture
Related violations: <none>

TIMING-16#155 Warning
Large setup violation  
There is a large setup violation of -2.317 ns between capture_i/axi_crossbar_0/inst/gen_sasd.crossbar_sasd_0/m_atarget_enc_reg[0]/C (clocked by fixed_fabric_100mhz_clk_p) and capture_i/frontpanel_0/inst/wo22/wirehold_reg[1]/D (clocked by mmcm0_clk0). Large setup violations at the end of those stages might be difficult to fix during the post-placement implementation flow and could be the result of non-optimal XDC constraints or non-optimal design architecture
Related violations: <none>

TIMING-16#156 Warning
Large setup violation  
There is a large setup violation of -2.320 ns between capture_i/axi_crossbar_0/inst/gen_sasd.crossbar_sasd_0/reg_slice_r/m_payload_i_reg[31]/C (clocked by fixed_fabric_100mhz_clk_p) and capture_i/frontpanel_0/inst/wo21/wirehold_reg[28]/D (clocked by mmcm0_clk0). Large setup violations at the end of those stages might be difficult to fix during the post-placement implementation flow and could be the result of non-optimal XDC constraints or non-optimal design architecture
Related violations: <none>

TIMING-16#157 Warning
Large setup violation  
There is a large setup violation of -2.322 ns between capture_i/axi_crossbar_0/inst/gen_sasd.crossbar_sasd_0/reg_slice_r/m_payload_i_reg[23]/C (clocked by fixed_fabric_100mhz_clk_p) and capture_i/frontpanel_0/inst/wo21/wirehold_reg[20]/D (clocked by mmcm0_clk0). Large setup violations at the end of those stages might be difficult to fix during the post-placement implementation flow and could be the result of non-optimal XDC constraints or non-optimal design architecture
Related violations: <none>

TIMING-16#158 Warning
Large setup violation  
There is a large setup violation of -2.334 ns between capture_i/axi_crossbar_0/inst/gen_sasd.crossbar_sasd_0/reg_slice_r/m_payload_i_reg[17]/C (clocked by fixed_fabric_100mhz_clk_p) and capture_i/frontpanel_0/inst/wo21/wirehold_reg[14]/D (clocked by mmcm0_clk0). Large setup violations at the end of those stages might be difficult to fix during the post-placement implementation flow and could be the result of non-optimal XDC constraints or non-optimal design architecture
Related violations: <none>

TIMING-16#159 Warning
Large setup violation  
There is a large setup violation of -2.344 ns between capture_i/axi_crossbar_0/inst/gen_sasd.crossbar_sasd_0/m_atarget_enc_reg[0]/C (clocked by fixed_fabric_100mhz_clk_p) and capture_i/frontpanel_0/inst/wo22/wirehold_reg[0]/D (clocked by mmcm0_clk0). Large setup violations at the end of those stages might be difficult to fix during the post-placement implementation flow and could be the result of non-optimal XDC constraints or non-optimal design architecture
Related violations: <none>

TIMING-16#160 Warning
Large setup violation  
There is a large setup violation of -2.361 ns between capture_i/frontpanel_0/inst/wi01/ep_dataout_reg[2]/C (clocked by mmcm0_clk0) and capture_i/axi_iic_0/U0/X_IIC/X_AXI_IPIF_SSP1/X_INTERRUPT_CONTROL/ip_irpt_enable_reg_reg[2]/D (clocked by fixed_fabric_100mhz_clk_p). Large setup violations at the end of those stages might be difficult to fix during the post-placement implementation flow and could be the result of non-optimal XDC constraints or non-optimal design architecture
Related violations: <none>

TIMING-16#161 Warning
Large setup violation  
There is a large setup violation of -2.381 ns between capture_i/frontpanel_0/inst/wi01/ep_dataout_reg[9]/C (clocked by mmcm0_clk0) and capture_i/axi_iic_0/U0/X_IIC/REG_INTERFACE_I/timing_param_tsusto_i_reg[9]/D (clocked by fixed_fabric_100mhz_clk_p). Large setup violations at the end of those stages might be difficult to fix during the post-placement implementation flow and could be the result of non-optimal XDC constraints or non-optimal design architecture
Related violations: <none>

TIMING-16#162 Warning
Large setup violation  
There is a large setup violation of -2.382 ns between capture_i/frontpanel_0/inst/wi01/ep_dataout_reg[2]/C (clocked by mmcm0_clk0) and capture_i/axi_iic_0/U0/X_IIC/REG_INTERFACE_I/adr_i_reg[5]/D (clocked by fixed_fabric_100mhz_clk_p). Large setup violations at the end of those stages might be difficult to fix during the post-placement implementation flow and could be the result of non-optimal XDC constraints or non-optimal design architecture
Related violations: <none>

TIMING-16#163 Warning
Large setup violation  
There is a large setup violation of -2.394 ns between capture_i/axi_crossbar_0/inst/gen_sasd.crossbar_sasd_0/reg_slice_r/m_payload_i_reg[29]/C (clocked by fixed_fabric_100mhz_clk_p) and capture_i/frontpanel_0/inst/wo21/wirehold_reg[26]/D (clocked by mmcm0_clk0). Large setup violations at the end of those stages might be difficult to fix during the post-placement implementation flow and could be the result of non-optimal XDC constraints or non-optimal design architecture
Related violations: <none>

TIMING-16#164 Warning
Large setup violation  
There is a large setup violation of -2.394 ns between capture_i/frontpanel_0/inst/wi01/ep_dataout_reg[2]/C (clocked by mmcm0_clk0) and capture_i/axi_iic_0/U0/X_IIC/REG_INTERFACE_I/timing_param_tsusta_i_reg[2]/D (clocked by fixed_fabric_100mhz_clk_p). Large setup violations at the end of those stages might be difficult to fix during the post-placement implementation flow and could be the result of non-optimal XDC constraints or non-optimal design architecture
Related violations: <none>

TIMING-16#165 Warning
Large setup violation  
There is a large setup violation of -2.395 ns between capture_i/axi_crossbar_0/inst/gen_sasd.crossbar_sasd_0/reg_slice_r/m_payload_i_reg[20]/C (clocked by fixed_fabric_100mhz_clk_p) and capture_i/frontpanel_0/inst/wo21/wirehold_reg[17]/D (clocked by mmcm0_clk0). Large setup violations at the end of those stages might be difficult to fix during the post-placement implementation flow and could be the result of non-optimal XDC constraints or non-optimal design architecture
Related violations: <none>

TIMING-16#166 Warning
Large setup violation  
There is a large setup violation of -2.395 ns between capture_i/axi_crossbar_0/inst/gen_sasd.crossbar_sasd_0/reg_slice_r/m_payload_i_reg[22]/C (clocked by fixed_fabric_100mhz_clk_p) and capture_i/frontpanel_0/inst/wo21/wirehold_reg[19]/D (clocked by mmcm0_clk0). Large setup violations at the end of those stages might be difficult to fix during the post-placement implementation flow and could be the result of non-optimal XDC constraints or non-optimal design architecture
Related violations: <none>

TIMING-16#167 Warning
Large setup violation  
There is a large setup violation of -2.396 ns between capture_i/axi_crossbar_0/inst/gen_sasd.crossbar_sasd_0/reg_slice_r/m_payload_i_reg[21]/C (clocked by fixed_fabric_100mhz_clk_p) and capture_i/frontpanel_0/inst/wo21/wirehold_reg[18]/D (clocked by mmcm0_clk0). Large setup violations at the end of those stages might be difficult to fix during the post-placement implementation flow and could be the result of non-optimal XDC constraints or non-optimal design architecture
Related violations: <none>

TIMING-16#168 Warning
Large setup violation  
There is a large setup violation of -2.398 ns between capture_i/axi_crossbar_0/inst/gen_sasd.crossbar_sasd_0/reg_slice_r/m_payload_i_reg[26]/C (clocked by fixed_fabric_100mhz_clk_p) and capture_i/frontpanel_0/inst/wo21/wirehold_reg[23]/D (clocked by mmcm0_clk0). Large setup violations at the end of those stages might be difficult to fix during the post-placement implementation flow and could be the result of non-optimal XDC constraints or non-optimal design architecture
Related violations: <none>

TIMING-16#169 Warning
Large setup violation  
There is a large setup violation of -2.403 ns between capture_i/axi_crossbar_0/inst/gen_sasd.crossbar_sasd_0/reg_slice_r/m_payload_i_reg[16]/C (clocked by fixed_fabric_100mhz_clk_p) and capture_i/frontpanel_0/inst/wo21/wirehold_reg[13]/D (clocked by mmcm0_clk0). Large setup violations at the end of those stages might be difficult to fix during the post-placement implementation flow and could be the result of non-optimal XDC constraints or non-optimal design architecture
Related violations: <none>

TIMING-16#170 Warning
Large setup violation  
There is a large setup violation of -2.404 ns between capture_i/frontpanel_0/inst/wi01/ep_dataout_reg[2]/C (clocked by mmcm0_clk0) and capture_i/axi_iic_0/U0/X_IIC/REG_INTERFACE_I/timing_param_thigh_i_reg[2]/D (clocked by fixed_fabric_100mhz_clk_p). Large setup violations at the end of those stages might be difficult to fix during the post-placement implementation flow and could be the result of non-optimal XDC constraints or non-optimal design architecture
Related violations: <none>

TIMING-16#171 Warning
Large setup violation  
There is a large setup violation of -2.405 ns between capture_i/axi_crossbar_0/inst/gen_sasd.crossbar_sasd_0/reg_slice_r/m_payload_i_reg[19]/C (clocked by fixed_fabric_100mhz_clk_p) and capture_i/frontpanel_0/inst/wo21/wirehold_reg[16]/D (clocked by mmcm0_clk0). Large setup violations at the end of those stages might be difficult to fix during the post-placement implementation flow and could be the result of non-optimal XDC constraints or non-optimal design architecture
Related violations: <none>

TIMING-16#172 Warning
Large setup violation  
There is a large setup violation of -2.405 ns between capture_i/axi_crossbar_0/inst/gen_sasd.crossbar_sasd_0/reg_slice_r/m_payload_i_reg[27]/C (clocked by fixed_fabric_100mhz_clk_p) and capture_i/frontpanel_0/inst/wo21/wirehold_reg[24]/D (clocked by mmcm0_clk0). Large setup violations at the end of those stages might be difficult to fix during the post-placement implementation flow and could be the result of non-optimal XDC constraints or non-optimal design architecture
Related violations: <none>

TIMING-16#173 Warning
Large setup violation  
There is a large setup violation of -2.405 ns between capture_i/axi_crossbar_0/inst/gen_sasd.crossbar_sasd_0/reg_slice_r/m_payload_i_reg[3]/C (clocked by fixed_fabric_100mhz_clk_p) and capture_i/frontpanel_0/inst/wo21/wirehold_reg[0]/D (clocked by mmcm0_clk0). Large setup violations at the end of those stages might be difficult to fix during the post-placement implementation flow and could be the result of non-optimal XDC constraints or non-optimal design architecture
Related violations: <none>

TIMING-16#174 Warning
Large setup violation  
There is a large setup violation of -2.408 ns between capture_i/axi_crossbar_0/inst/gen_sasd.crossbar_sasd_0/reg_slice_r/m_payload_i_reg[18]/C (clocked by fixed_fabric_100mhz_clk_p) and capture_i/frontpanel_0/inst/wo21/wirehold_reg[15]/D (clocked by mmcm0_clk0). Large setup violations at the end of those stages might be difficult to fix during the post-placement implementation flow and could be the result of non-optimal XDC constraints or non-optimal design architecture
Related violations: <none>

TIMING-16#175 Warning
Large setup violation  
There is a large setup violation of -2.408 ns between capture_i/frontpanel_0/inst/wi01/ep_dataout_reg[9]/C (clocked by mmcm0_clk0) and capture_i/axi_iic_0/U0/X_IIC/REG_INTERFACE_I/timing_param_thigh_i_reg[9]/D (clocked by fixed_fabric_100mhz_clk_p). Large setup violations at the end of those stages might be difficult to fix during the post-placement implementation flow and could be the result of non-optimal XDC constraints or non-optimal design architecture
Related violations: <none>

TIMING-16#176 Warning
Large setup violation  
There is a large setup violation of -2.409 ns between capture_i/axi_crossbar_0/inst/gen_sasd.crossbar_sasd_0/reg_slice_r/m_payload_i_reg[1]/C (clocked by fixed_fabric_100mhz_clk_p) and capture_i/frontpanel_0/inst/wo23/wirehold_reg[0]/D (clocked by mmcm0_clk0). Large setup violations at the end of those stages might be difficult to fix during the post-placement implementation flow and could be the result of non-optimal XDC constraints or non-optimal design architecture
Related violations: <none>

TIMING-16#177 Warning
Large setup violation  
There is a large setup violation of -2.409 ns between capture_i/axi_crossbar_0/inst/gen_sasd.crossbar_sasd_0/reg_slice_r/m_payload_i_reg[4]/C (clocked by fixed_fabric_100mhz_clk_p) and capture_i/frontpanel_0/inst/wo21/wirehold_reg[1]/D (clocked by mmcm0_clk0). Large setup violations at the end of those stages might be difficult to fix during the post-placement implementation flow and could be the result of non-optimal XDC constraints or non-optimal design architecture
Related violations: <none>

TIMING-16#178 Warning
Large setup violation  
There is a large setup violation of -2.410 ns between capture_i/axi_crossbar_0/inst/gen_sasd.crossbar_sasd_0/addr_arbiter_inst/gen_no_arbiter.m_grant_hot_i_reg[0]_inv/C (clocked by fixed_fabric_100mhz_clk_p) and capture_i/frontpanel_0/inst/wo20/wirehold_reg[4]/D (clocked by mmcm0_clk0). Large setup violations at the end of those stages might be difficult to fix during the post-placement implementation flow and could be the result of non-optimal XDC constraints or non-optimal design architecture
Related violations: <none>

TIMING-16#179 Warning
Large setup violation  
There is a large setup violation of -2.411 ns between capture_i/frontpanel_0/inst/wi01/ep_dataout_reg[9]/C (clocked by mmcm0_clk0) and capture_i/axi_iic_0/U0/X_IIC/REG_INTERFACE_I/timing_param_thddat_i_reg[9]/D (clocked by fixed_fabric_100mhz_clk_p). Large setup violations at the end of those stages might be difficult to fix during the post-placement implementation flow and could be the result of non-optimal XDC constraints or non-optimal design architecture
Related violations: <none>

TIMING-16#180 Warning
Large setup violation  
There is a large setup violation of -2.416 ns between capture_i/axi_crossbar_0/inst/gen_sasd.crossbar_sasd_0/reg_slice_r/m_payload_i_reg[12]/C (clocked by fixed_fabric_100mhz_clk_p) and capture_i/frontpanel_0/inst/wo21/wirehold_reg[9]/D (clocked by mmcm0_clk0). Large setup violations at the end of those stages might be difficult to fix during the post-placement implementation flow and could be the result of non-optimal XDC constraints or non-optimal design architecture
Related violations: <none>

TIMING-16#181 Warning
Large setup violation  
There is a large setup violation of -2.416 ns between capture_i/axi_crossbar_0/inst/gen_sasd.crossbar_sasd_0/reg_slice_r/m_payload_i_reg[25]/C (clocked by fixed_fabric_100mhz_clk_p) and capture_i/frontpanel_0/inst/wo21/wirehold_reg[22]/D (clocked by mmcm0_clk0). Large setup violations at the end of those stages might be difficult to fix during the post-placement implementation flow and could be the result of non-optimal XDC constraints or non-optimal design architecture
Related violations: <none>

TIMING-16#182 Warning
Large setup violation  
There is a large setup violation of -2.416 ns between capture_i/axi_crossbar_0/inst/gen_sasd.crossbar_sasd_0/reg_slice_r/m_payload_i_reg[28]/C (clocked by fixed_fabric_100mhz_clk_p) and capture_i/frontpanel_0/inst/wo21/wirehold_reg[25]/D (clocked by mmcm0_clk0). Large setup violations at the end of those stages might be difficult to fix during the post-placement implementation flow and could be the result of non-optimal XDC constraints or non-optimal design architecture
Related violations: <none>

TIMING-16#183 Warning
Large setup violation  
There is a large setup violation of -2.417 ns between capture_i/axi_crossbar_0/inst/gen_sasd.crossbar_sasd_0/reg_slice_r/m_payload_i_reg[14]/C (clocked by fixed_fabric_100mhz_clk_p) and capture_i/frontpanel_0/inst/wo21/wirehold_reg[11]/D (clocked by mmcm0_clk0). Large setup violations at the end of those stages might be difficult to fix during the post-placement implementation flow and could be the result of non-optimal XDC constraints or non-optimal design architecture
Related violations: <none>

TIMING-16#184 Warning
Large setup violation  
There is a large setup violation of -2.417 ns between capture_i/axi_crossbar_0/inst/gen_sasd.crossbar_sasd_0/reg_slice_r/m_payload_i_reg[32]/C (clocked by fixed_fabric_100mhz_clk_p) and capture_i/frontpanel_0/inst/wo21/wirehold_reg[29]/D (clocked by mmcm0_clk0). Large setup violations at the end of those stages might be difficult to fix during the post-placement implementation flow and could be the result of non-optimal XDC constraints or non-optimal design architecture
Related violations: <none>

TIMING-16#185 Warning
Large setup violation  
There is a large setup violation of -2.417 ns between capture_i/frontpanel_0/inst/wi01/ep_dataout_reg[2]/C (clocked by mmcm0_clk0) and capture_i/axi_iic_0/U0/X_IIC/REG_INTERFACE_I/timing_param_tsusto_i_reg[2]/D (clocked by fixed_fabric_100mhz_clk_p). Large setup violations at the end of those stages might be difficult to fix during the post-placement implementation flow and could be the result of non-optimal XDC constraints or non-optimal design architecture
Related violations: <none>

TIMING-16#186 Warning
Large setup violation  
There is a large setup violation of -2.422 ns between capture_i/fb_ahb_0/inst/o_axi_arvalid_reg/C (clocked by fixed_fabric_100mhz_clk_p) and capture_i/frontpanel_0/inst/wo20/wirehold_reg[3]/D (clocked by mmcm0_clk0). Large setup violations at the end of those stages might be difficult to fix during the post-placement implementation flow and could be the result of non-optimal XDC constraints or non-optimal design architecture
Related violations: <none>

TIMING-16#187 Warning
Large setup violation  
There is a large setup violation of -2.422 ns between capture_i/fb_ahb_0/inst/o_axi_awvalid_reg/C (clocked by fixed_fabric_100mhz_clk_p) and capture_i/frontpanel_0/inst/wo20/wirehold_reg[0]/D (clocked by mmcm0_clk0). Large setup violations at the end of those stages might be difficult to fix during the post-placement implementation flow and could be the result of non-optimal XDC constraints or non-optimal design architecture
Related violations: <none>

TIMING-16#188 Warning
Large setup violation  
There is a large setup violation of -2.424 ns between capture_i/axi_crossbar_0/inst/gen_sasd.crossbar_sasd_0/reg_slice_r/m_payload_i_reg[11]/C (clocked by fixed_fabric_100mhz_clk_p) and capture_i/frontpanel_0/inst/wo21/wirehold_reg[8]/D (clocked by mmcm0_clk0). Large setup violations at the end of those stages might be difficult to fix during the post-placement implementation flow and could be the result of non-optimal XDC constraints or non-optimal design architecture
Related violations: <none>

TIMING-16#189 Warning
Large setup violation  
There is a large setup violation of -2.426 ns between capture_i/axi_crossbar_0/inst/gen_sasd.crossbar_sasd_0/reg_slice_r/m_payload_i_reg[30]/C (clocked by fixed_fabric_100mhz_clk_p) and capture_i/frontpanel_0/inst/wo21/wirehold_reg[27]/D (clocked by mmcm0_clk0). Large setup violations at the end of those stages might be difficult to fix during the post-placement implementation flow and could be the result of non-optimal XDC constraints or non-optimal design architecture
Related violations: <none>

TIMING-16#190 Warning
Large setup violation  
There is a large setup violation of -2.427 ns between capture_i/frontpanel_0/inst/wi01/ep_dataout_reg[9]/C (clocked by mmcm0_clk0) and capture_i/axi_iic_0/U0/X_IIC/REG_INTERFACE_I/timing_param_tlow_i_reg[9]/D (clocked by fixed_fabric_100mhz_clk_p). Large setup violations at the end of those stages might be difficult to fix during the post-placement implementation flow and could be the result of non-optimal XDC constraints or non-optimal design architecture
Related violations: <none>

TIMING-16#191 Warning
Large setup violation  
There is a large setup violation of -2.429 ns between capture_i/frontpanel_0/inst/wi01/ep_dataout_reg[9]/C (clocked by mmcm0_clk0) and capture_i/axi_iic_0/U0/X_IIC/REG_INTERFACE_I/timing_param_thdsta_i_reg[9]/D (clocked by fixed_fabric_100mhz_clk_p). Large setup violations at the end of those stages might be difficult to fix during the post-placement implementation flow and could be the result of non-optimal XDC constraints or non-optimal design architecture
Related violations: <none>

TIMING-16#192 Warning
Large setup violation  
There is a large setup violation of -2.430 ns between capture_i/axi_crossbar_0/inst/gen_sasd.crossbar_sasd_0/reg_slice_r/m_payload_i_reg[24]/C (clocked by fixed_fabric_100mhz_clk_p) and capture_i/frontpanel_0/inst/wo21/wirehold_reg[21]/D (clocked by mmcm0_clk0). Large setup violations at the end of those stages might be difficult to fix during the post-placement implementation flow and could be the result of non-optimal XDC constraints or non-optimal design architecture
Related violations: <none>

TIMING-16#193 Warning
Large setup violation  
There is a large setup violation of -2.430 ns between capture_i/axi_crossbar_0/inst/gen_sasd.crossbar_sasd_0/reg_slice_r/m_payload_i_reg[33]/C (clocked by fixed_fabric_100mhz_clk_p) and capture_i/frontpanel_0/inst/wo21/wirehold_reg[30]/D (clocked by mmcm0_clk0). Large setup violations at the end of those stages might be difficult to fix during the post-placement implementation flow and could be the result of non-optimal XDC constraints or non-optimal design architecture
Related violations: <none>

TIMING-16#194 Warning
Large setup violation  
There is a large setup violation of -2.430 ns between capture_i/axi_crossbar_0/inst/gen_sasd.crossbar_sasd_0/reg_slice_r/m_payload_i_reg[34]/C (clocked by fixed_fabric_100mhz_clk_p) and capture_i/frontpanel_0/inst/wo21/wirehold_reg[31]/D (clocked by mmcm0_clk0). Large setup violations at the end of those stages might be difficult to fix during the post-placement implementation flow and could be the result of non-optimal XDC constraints or non-optimal design architecture
Related violations: <none>

TIMING-16#195 Warning
Large setup violation  
There is a large setup violation of -2.430 ns between capture_i/frontpanel_0/inst/wi01/ep_dataout_reg[2]/C (clocked by mmcm0_clk0) and capture_i/axi_iic_0/U0/X_IIC/REG_INTERFACE_I/timing_param_thddat_i_reg[2]/D (clocked by fixed_fabric_100mhz_clk_p). Large setup violations at the end of those stages might be difficult to fix during the post-placement implementation flow and could be the result of non-optimal XDC constraints or non-optimal design architecture
Related violations: <none>

TIMING-16#196 Warning
Large setup violation  
There is a large setup violation of -2.431 ns between capture_i/axi_crossbar_0/inst/gen_sasd.crossbar_sasd_0/reg_slice_r/m_payload_i_reg[9]/C (clocked by fixed_fabric_100mhz_clk_p) and capture_i/frontpanel_0/inst/wo21/wirehold_reg[6]/D (clocked by mmcm0_clk0). Large setup violations at the end of those stages might be difficult to fix during the post-placement implementation flow and could be the result of non-optimal XDC constraints or non-optimal design architecture
Related violations: <none>

TIMING-16#197 Warning
Large setup violation  
There is a large setup violation of -2.432 ns between capture_i/frontpanel_0/inst/wi01/ep_dataout_reg[2]/C (clocked by mmcm0_clk0) and capture_i/axi_iic_0/U0/X_IIC/REG_INTERFACE_I/cr_i_reg[5]/D (clocked by fixed_fabric_100mhz_clk_p). Large setup violations at the end of those stages might be difficult to fix during the post-placement implementation flow and could be the result of non-optimal XDC constraints or non-optimal design architecture
Related violations: <none>

TIMING-16#198 Warning
Large setup violation  
There is a large setup violation of -2.433 ns between capture_i/axi_crossbar_0/inst/gen_sasd.crossbar_sasd_0/reg_slice_r/m_payload_i_reg[15]/C (clocked by fixed_fabric_100mhz_clk_p) and capture_i/frontpanel_0/inst/wo21/wirehold_reg[12]/D (clocked by mmcm0_clk0). Large setup violations at the end of those stages might be difficult to fix during the post-placement implementation flow and could be the result of non-optimal XDC constraints or non-optimal design architecture
Related violations: <none>

TIMING-16#199 Warning
Large setup violation  
There is a large setup violation of -2.437 ns between capture_i/axi_crossbar_0/inst/gen_sasd.crossbar_sasd_0/reg_slice_r/m_payload_i_reg[2]/C (clocked by fixed_fabric_100mhz_clk_p) and capture_i/frontpanel_0/inst/wo23/wirehold_reg[1]/D (clocked by mmcm0_clk0). Large setup violations at the end of those stages might be difficult to fix during the post-placement implementation flow and could be the result of non-optimal XDC constraints or non-optimal design architecture
Related violations: <none>

TIMING-16#200 Warning
Large setup violation  
There is a large setup violation of -2.437 ns between capture_i/fb_ahb_0/inst/o_axi_wvalid_reg/C (clocked by fixed_fabric_100mhz_clk_p) and capture_i/frontpanel_0/inst/wo20/wirehold_reg[1]/D (clocked by mmcm0_clk0). Large setup violations at the end of those stages might be difficult to fix during the post-placement implementation flow and could be the result of non-optimal XDC constraints or non-optimal design architecture
Related violations: <none>

TIMING-16#201 Warning
Large setup violation  
There is a large setup violation of -2.438 ns between capture_i/axi_crossbar_0/inst/gen_sasd.crossbar_sasd_0/reg_slice_r/m_payload_i_reg[10]/C (clocked by fixed_fabric_100mhz_clk_p) and capture_i/frontpanel_0/inst/wo21/wirehold_reg[7]/D (clocked by mmcm0_clk0). Large setup violations at the end of those stages might be difficult to fix during the post-placement implementation flow and could be the result of non-optimal XDC constraints or non-optimal design architecture
Related violations: <none>

TIMING-16#202 Warning
Large setup violation  
There is a large setup violation of -2.438 ns between capture_i/axi_crossbar_0/inst/gen_sasd.crossbar_sasd_0/reg_slice_r/m_payload_i_reg[13]/C (clocked by fixed_fabric_100mhz_clk_p) and capture_i/frontpanel_0/inst/wo21/wirehold_reg[10]/D (clocked by mmcm0_clk0). Large setup violations at the end of those stages might be difficult to fix during the post-placement implementation flow and could be the result of non-optimal XDC constraints or non-optimal design architecture
Related violations: <none>

TIMING-16#203 Warning
Large setup violation  
There is a large setup violation of -2.443 ns between capture_i/frontpanel_0/inst/wi01/ep_dataout_reg[2]/C (clocked by mmcm0_clk0) and capture_i/axi_iic_0/U0/X_IIC/REG_INTERFACE_I/timing_param_thdsta_i_reg[2]/D (clocked by fixed_fabric_100mhz_clk_p). Large setup violations at the end of those stages might be difficult to fix during the post-placement implementation flow and could be the result of non-optimal XDC constraints or non-optimal design architecture
Related violations: <none>

TIMING-16#204 Warning
Large setup violation  
There is a large setup violation of -2.446 ns between capture_i/axi_crossbar_0/inst/gen_sasd.crossbar_sasd_0/reg_slice_r/m_payload_i_reg[5]/C (clocked by fixed_fabric_100mhz_clk_p) and capture_i/frontpanel_0/inst/wo21/wirehold_reg[2]/D (clocked by mmcm0_clk0). Large setup violations at the end of those stages might be difficult to fix during the post-placement implementation flow and could be the result of non-optimal XDC constraints or non-optimal design architecture
Related violations: <none>

TIMING-16#205 Warning
Large setup violation  
There is a large setup violation of -2.446 ns between capture_i/axi_gpio_0/U0/AXI_LITE_IPIF_I/I_SLAVE_ATTACHMENT/s_axi_bvalid_i_reg_replica/C (clocked by fixed_fabric_100mhz_clk_p) and capture_i/frontpanel_0/inst/wo20/wirehold_reg[2]/D (clocked by mmcm0_clk0). Large setup violations at the end of those stages might be difficult to fix during the post-placement implementation flow and could be the result of non-optimal XDC constraints or non-optimal design architecture
Related violations: <none>

TIMING-16#206 Warning
Large setup violation  
There is a large setup violation of -2.446 ns between capture_i/frontpanel_0/inst/wi01/ep_dataout_reg[9]/C (clocked by mmcm0_clk0) and capture_i/axi_iic_0/U0/X_IIC/REG_INTERFACE_I/timing_param_tbuf_i_reg[9]/D (clocked by fixed_fabric_100mhz_clk_p). Large setup violations at the end of those stages might be difficult to fix during the post-placement implementation flow and could be the result of non-optimal XDC constraints or non-optimal design architecture
Related violations: <none>

TIMING-16#207 Warning
Large setup violation  
There is a large setup violation of -2.450 ns between capture_i/frontpanel_0/inst/wi01/ep_dataout_reg[2]/C (clocked by mmcm0_clk0) and capture_i/axi_iic_0/U0/X_IIC/REG_INTERFACE_I/timing_param_tlow_i_reg[2]/D (clocked by fixed_fabric_100mhz_clk_p). Large setup violations at the end of those stages might be difficult to fix during the post-placement implementation flow and could be the result of non-optimal XDC constraints or non-optimal design architecture
Related violations: <none>

TIMING-16#208 Warning
Large setup violation  
There is a large setup violation of -2.451 ns between capture_i/frontpanel_0/inst/wi01/ep_dataout_reg[2]/C (clocked by mmcm0_clk0) and capture_i/axi_iic_0/U0/X_IIC/REG_INTERFACE_I/timing_param_tbuf_i_reg[2]/D (clocked by fixed_fabric_100mhz_clk_p). Large setup violations at the end of those stages might be difficult to fix during the post-placement implementation flow and could be the result of non-optimal XDC constraints or non-optimal design architecture
Related violations: <none>

TIMING-16#209 Warning
Large setup violation  
There is a large setup violation of -2.451 ns between capture_i/frontpanel_0/inst/wi01/ep_dataout_reg[9]/C (clocked by mmcm0_clk0) and capture_i/axi_iic_0/U0/X_IIC/REG_INTERFACE_I/timing_param_tsudat_i_reg[9]/D (clocked by fixed_fabric_100mhz_clk_p). Large setup violations at the end of those stages might be difficult to fix during the post-placement implementation flow and could be the result of non-optimal XDC constraints or non-optimal design architecture
Related violations: <none>

TIMING-16#210 Warning
Large setup violation  
There is a large setup violation of -2.453 ns between capture_i/frontpanel_0/inst/wi01/ep_dataout_reg[2]/C (clocked by mmcm0_clk0) and capture_i/axi_iic_0/U0/X_IIC/REG_INTERFACE_I/timing_param_tsudat_i_reg[2]/D (clocked by fixed_fabric_100mhz_clk_p). Large setup violations at the end of those stages might be difficult to fix during the post-placement implementation flow and could be the result of non-optimal XDC constraints or non-optimal design architecture
Related violations: <none>

TIMING-16#211 Warning
Large setup violation  
There is a large setup violation of -2.455 ns between capture_i/frontpanel_0/inst/wi01/ep_dataout_reg[9]/C (clocked by mmcm0_clk0) and capture_i/axi_iic_0/U0/X_IIC/REG_INTERFACE_I/timing_param_tsusta_i_reg[9]/D (clocked by fixed_fabric_100mhz_clk_p). Large setup violations at the end of those stages might be difficult to fix during the post-placement implementation flow and could be the result of non-optimal XDC constraints or non-optimal design architecture
Related violations: <none>

TIMING-16#212 Warning
Large setup violation  
There is a large setup violation of -2.469 ns between capture_i/axi_crossbar_0/inst/gen_sasd.crossbar_sasd_0/reg_slice_r/m_payload_i_reg[7]/C (clocked by fixed_fabric_100mhz_clk_p) and capture_i/frontpanel_0/inst/wo21/wirehold_reg[4]/D (clocked by mmcm0_clk0). Large setup violations at the end of those stages might be difficult to fix during the post-placement implementation flow and could be the result of non-optimal XDC constraints or non-optimal design architecture
Related violations: <none>

TIMING-16#213 Warning
Large setup violation  
There is a large setup violation of -2.473 ns between capture_i/axi_crossbar_0/inst/gen_sasd.crossbar_sasd_0/reg_slice_r/m_payload_i_reg[6]/C (clocked by fixed_fabric_100mhz_clk_p) and capture_i/frontpanel_0/inst/wo21/wirehold_reg[3]/D (clocked by mmcm0_clk0). Large setup violations at the end of those stages might be difficult to fix during the post-placement implementation flow and could be the result of non-optimal XDC constraints or non-optimal design architecture
Related violations: <none>

TIMING-16#214 Warning
Large setup violation  
There is a large setup violation of -2.473 ns between capture_i/axi_crossbar_0/inst/gen_sasd.crossbar_sasd_0/reg_slice_r/m_payload_i_reg[8]/C (clocked by fixed_fabric_100mhz_clk_p) and capture_i/frontpanel_0/inst/wo21/wirehold_reg[5]/D (clocked by mmcm0_clk0). Large setup violations at the end of those stages might be difficult to fix during the post-placement implementation flow and could be the result of non-optimal XDC constraints or non-optimal design architecture
Related violations: <none>

TIMING-16#215 Warning
Large setup violation  
There is a large setup violation of -2.477 ns between capture_i/frontpanel_0/inst/wi01/ep_dataout_reg[2]/C (clocked by mmcm0_clk0) and capture_i/axi_iic_0/U0/X_IIC/X_AXI_IPIF_SSP1/X_INTERRUPT_CONTROL/GEN_IP_IRPT_STATUS_REG[2].GEN_REG_STATUS.ip_irpt_status_reg_reg[2]/D (clocked by fixed_fabric_100mhz_clk_p). Large setup violations at the end of those stages might be difficult to fix during the post-placement implementation flow and could be the result of non-optimal XDC constraints or non-optimal design architecture
Related violations: <none>

TIMING-16#216 Warning
Large setup violation  
There is a large setup violation of -2.496 ns between capture_i/frontpanel_0/inst/wi01/ep_dataout_reg[2]/C (clocked by mmcm0_clk0) and capture_i/axi_iic_0/U0/X_IIC/REG_INTERFACE_I/RD_FIFO_CNTRL.rc_fifo_pirq_i_reg[5]/D (clocked by fixed_fabric_100mhz_clk_p). Large setup violations at the end of those stages might be difficult to fix during the post-placement implementation flow and could be the result of non-optimal XDC constraints or non-optimal design architecture
Related violations: <none>

TIMING-16#217 Warning
Large setup violation  
There is a large setup violation of -2.500 ns between capture_i/frontpanel_0/inst/wi01/ep_dataout_reg[9]/C (clocked by mmcm0_clk0) and capture_i/axi_iic_0/U0/X_IIC/WRITE_FIFO_CTRL_I/srlopt_ff_1/D (clocked by fixed_fabric_100mhz_clk_p). Large setup violations at the end of those stages might be difficult to fix during the post-placement implementation flow and could be the result of non-optimal XDC constraints or non-optimal design architecture
Related violations: <none>

TIMING-16#218 Warning
Large setup violation  
There is a large setup violation of -2.514 ns between capture_i/frontpanel_0/inst/wi01/ep_dataout_reg[2]/C (clocked by mmcm0_clk0) and capture_i/axi_iic_0/U0/X_IIC/WRITE_FIFO_I/FIFO_RAM[5].SRL16E_I/D (clocked by fixed_fabric_100mhz_clk_p). Large setup violations at the end of those stages might be difficult to fix during the post-placement implementation flow and could be the result of non-optimal XDC constraints or non-optimal design architecture
Related violations: <none>

TIMING-16#219 Warning
Large setup violation  
There is a large setup violation of -2.640 ns between capture_i/frontpanel_0/inst/wi01/ep_dataout_reg[1]/C (clocked by mmcm0_clk0) and capture_i/axi_iic_0/U0/X_IIC/X_AXI_IPIF_SSP1/X_SOFT_RESET/reset_trig_reg/D (clocked by fixed_fabric_100mhz_clk_p). Large setup violations at the end of those stages might be difficult to fix during the post-placement implementation flow and could be the result of non-optimal XDC constraints or non-optimal design architecture
Related violations: <none>

TIMING-18#1 Warning
Missing input or output delay  
An input delay is missing on host_interface_okaa relative to the rising and/or falling clock edge(s) of okUH0.
Related violations: <none>

TIMING-18#2 Warning
Missing input or output delay  
An input delay is missing on szg_port_a_cam1_iic_scl_io relative to the rising and/or falling clock edge(s) of fixed_fabric_100mhz_clk_p.
Related violations: <none>

TIMING-18#3 Warning
Missing input or output delay  
An input delay is missing on szg_port_a_cam1_iic_sda_io relative to the rising and/or falling clock edge(s) of fixed_fabric_100mhz_clk_p.
Related violations: <none>

TIMING-18#4 Warning
Missing input or output delay  
An output delay is missing on host_interface_okaa relative to the rising and/or falling clock edge(s) of okUH0.
Related violations: <none>

TIMING-18#5 Warning
Missing input or output delay  
An output delay is missing on szg_port_a_cam1_iic_scl_io relative to the rising and/or falling clock edge(s) of fixed_fabric_100mhz_clk_p.
Related violations: <none>

TIMING-18#6 Warning
Missing input or output delay  
An output delay is missing on szg_port_a_cam1_iic_sda_io relative to the rising and/or falling clock edge(s) of fixed_fabric_100mhz_clk_p.
Related violations: <none>

TIMING-18#7 Warning
Missing input or output delay  
An output delay is missing on szg_port_a_cam1_reset_tri_o relative to the rising and/or falling clock edge(s) of fixed_fabric_100mhz_clk_p.
Related violations: <none>


