111100101110111111
000000011100000100
000000001000111011
111111100011101001
000010100000100010
000001011001110011
000000100101101100
111111001001110100
000001111011110111
111111001110110110
000011000011011011
000011010011111110
111100110101010110
111110000101110101
000011000110000110
111101001100001101
000001000111100100
000101101001000010
111110110101111000
111101010001111000
111100001001100100
000001101001000101
111100100010101100
111111111011100011
111111100001100100
000000011010101110
111001110100101111
111010110000000111
000011011000111001
000000001000111000
111111000110100111
111111110010001010
111111101000011111
000000100000110100
111111111010110000
111000110000100111
111110101101000010
111011111011001001
111100000011101110
111111110001111010
111101001111101110
111010111010010110
111101111100010000
000001011010001100
111100000010011010
111100011011101010
110111110010000100
111110000001100011
000010100111010000
000011001111110100
111111010011010010
111111110001110000
000110011101011100
000101111000111101
000010111001001010
000001001011111001
111100011001000011
110111100100010011
000011110011101010
000100101010101101
111100100111110100
000001010000000111
111110101101001100
111010111101110111
000001110011111100
000001111111110000
111110111111011001
111110100110011100
111101000111111110
000001101110110010
111111110111000101
000011011111000110
000010000000010000
000000011110011100
111111000111111110
111111110100100101
111110111101010010
111110110111001001
000001100001001011
111101011001001010
000010101111101110
000000101101000001
000000011001110110
111101001010001011
111101110101011011
111111100000101111
111110100000111101
000100001100110001
000001100010001110
111111110101101111
000011001001001111
000010011011110001
000001001010010110
111111001011000100
000010110010000000
000000111001101001
000010110110011110
000010111010101111
111110001101111010
111110111010001010
000100101100111010
111111110100101111
111111101011110000
000000100100111000
111110100101111110
111111001110011111
000110010100010111
111100110111001011
000001111100100110
000001111010110110
111100000100011110
111111100110011000
111110000000011011
000001000000101110
000000110000010100
000000100110111000
111110001010111101
000101010011100010
111100110011101101
111101001000100110
111110010010101011
111110110010110001
000011101001111110
111100011001011110
111100110010001011
000001101011000100
111100101100110110
000100011000110101
000000101001101110
000000010000001011
111011101011010110
111011000101010100
111100011011010001
111001100101100100
111011101101101001
000011011011001000
111101010111110010
111101011000000000
000001101000111001
000000011011101100
111111011010110110
000001010011100010
111111011101011010
111100001110111000
000100000100010110
000010011100101111
000011010011110001
111110010110010111
000010101000111011
000011011110110100
111101010001100111
000100010000101100
000000100010000011
111010010010100010
000100001110100010
000000110010110101
000001010011100111
111110111011101111
111111011110001101
111110011011100000
000001010101001011
000001000110001110
000011111110101010
111110000011001011
111101100000010011
111111000111110010
000001011100011111
000010100101101000
000001111100010010
111110010101011101
000010101111100101
000000010001011010
000100100101000011
111101111000010100
111111111101011000
000000111111011111
111111111000001100
000000000011001000
111111100010101101
000000011000010010
000010101010100110
000000000000010110
000000011100000101
000001101001010110
000001001101000011
000000000010010111
111110000000100111
000011101010001101
000010101101001111
111101111111110110
111111001011010101
000011000110000000
111010010011000110
000011101001010001
000101000110111011
000011100000110011
000011011001010011
000000100001001010
111110101000010100
111101001011111001
000001001001101011
000000110111110000
000000011101100010
000001111011110011
111110100001000101
111111010110110101
000010110010000100
111110111000101010
111011000101001011
000001010011011011
000000001011111001
111100110110000110
000010011110010010
111111000100010101
111100111101101000
111111001011011111
000001101001010011
000010110110100011
111111001111101010
000010100100101001
110100101001000101
111110010011100110
111101110001100011
111110110111111010
111101011000011100
000001010101110001
000011010100010000
000001000000001000
000001110111001101
000010000001000000
111111001000111001
111101100010111010
111111001110011000
000001011101110001
000010111101111001
111101000011110000
111100100011010111
111110000010000011
111111001111110001
111110010000101100
111111010000000101
111101010100011100
111110111010000011
111110010011000111
111100111011001011
111111101000011001
000010011011110110
000000010011111010
000001111111111100
000000100110000011
000001010101100100
111010110110011000
000010001010100111
111010110010100011
111110000010010100
000000001110010101
000001111110000101
111011001100111111
000001000100010000
000000000110100001
111101000100001010
111110110110100111
111111110001001110
111100100011011110
000001011000001011
000010111101001111
111011111111110110
000000110111100000
111100110000100010
111101101111001010
111100111010000000
000001100011010000
000001010010101001
000000100001100011
111110010000100010
111101010100101111
000000010100001110
000001010111111010
000001101110001000
111110001011101001
000001001110001110
111100000001010000
000100010001000000
000110010101010110
000010001010000110
110111111101000111
111101011111100100
111010010010101001
000011011011100110
000001110111101100
111111001111010101
000000111000111110
000010101000011001
111110110100100001
000000011111011010
000001110010011010
111101100110111010
111110010010010110
111110011100101111
111110101001101110
000010001100001110
000000011011001000
111110001000100010
111111111000010000
000001010001011110
111110110110110000
000000100010000111
000000001001010111
111110011001001100
000001011101100110
000000111111111111
000000110001111011
111111010110010010
000011000111111111
000011001110100000
000000101110101011
111111110010100110
000000000000110010
111111010001010010
000001000000111110
000011010011110011
111110110011000101
111110101011111010
111111110000110110
111110000101010010
111110000010010101
111111001010110011
111111000111011111
000001001101010100
000001101110111101
000001110101101110
000001010100101011
111111110111111011
111101001110110011
000000010000100000
111111110110100000
000100000100010011
111110110100100001
000001111110000111
111011001010000001
111010001000010100
000000110100010010
111110101010101110
000001000010000111
000100010000110001
000000001110000100
111111100000010000
000001001100010000
000100001010101100
111111101001111000
000000100110000010
000100111101111000
111100001110100111
111101011000110000
000000111100100011
111111011100000101
111110101100011001
000000101101000011
111101110011000000
111101001100010000
000100011011011101
000001001110010011
111011111010010001
111111001001001001
000000100101110111
111111100111011000
000101000110111000
111011111110101010
111110011010111100
111111111111101001
111110001110011101
111100110001000011
111101010000000111
111100111111101000
111100110111111110
111111111001000001
000001110101001000
000100001011111100
000010000000011000
111110010110100001
111100100110011011
111100101110011010
111101000001101011
000000011110011100
111110101000011100
111111011010110001
111100100110001000
111100100110011100
111101101100000101
111100111111101000
000000011010000010
000011001001110000
111110111010110100
111110111011010000
000001011010010110
111101111101010101
111110000011000010
000010101011011001
000010000011011111
000000011101111101
000000110100001000
111101001101000111
111110001110001000
111110110100101010
000000000010001100
000010111100110101
111101000110110110
111111011100000100
000000110110101010
000001010111101010
000010111000101101
111101110010111000
000010000101111010
000001101111000001
000000101100101111
111101010010000101
111100101011101010
111111011100110011
000001011010110100
000010101110011110
000010000100010111
111100110000100010
111101101101111001
111100010101110101
000000010100111100
111110001111010101
111111100110111101
000010101111110001
000010010010101100
111111000011011100
000001010011000111
111101001010011010
000000110100100111
111110000000101001
000001001110101000
000001100101101000
111010001001011100
111100100111100011
000000101110011001
111111110001011011
111110000111010010
000010100110011100
111011100001100011
000000001111110000
111101010001010100
000000000000100100
111111111111111011
000001010010001100
111100001000010111
000000001111011100
000010011001110101
000010101100111000
111010001101111011
000110100110001111
111100000001110110
111101110111010011
000001011110110011
111101100100101111
111110111000001011
000101101100101011
000001000001001111
111110010110000000
000110111001000100
000110111101110011
000010001110000011
000010101001110111
000001100010110110
000001010101011100
000000100111111101
000001001001011001
111001000011011100
111111011001000000
000000111111011010
111111101010001011
110110010110001010
000010000101101010
111101010000000001
111011011001000111
000001000001100101
000001111101001001
111111101111100110
111011101001110000
000001011001001111
000001010101000111
111110001111111101
111011000011011000
111111010010000100
111100010111000101
000010111010110000
111101000100110110
000001000110111100
000011100110010101
000000111110110011
111110110100101101
000000101000100010
111100110100001011
000100100100111000
111101100000101011
000001010001110011
000001000111000110
111011000110101110
111101101011100100
111101001011111001
111110111101011000
111111100011010100
000001101100000111
111100001111101000
000010010101010010
111011101000100001
111111001011011110
111111010001001110
000101010110011101
000001001010100111
111110000000100100
111111110001001010
111101000101001100
111110000010000100
000001101001101011
111110001001100111
111111011001000011
000001001011011100
000001110001010101
000001010011100011
000000011100110010
000010010111000111
000010100111011110
111110110011110110
111111100010100100
111100001110100111
000100000101100100
000000000010001010
000010010111110100
000000001111110100
111110101101110011
111101011101001111
000100000000001111
111101111111000001
111100111110001011
111101001000010001
000010111000011001
000010011100101100
111111000000100110
111110111101000011
000000001001011010
000010001010110000
000001001000001111
000000110001110101
000100101111010111
111110111010111001
111011100100001000
111110101000001111
111111111001011100
000100100100101001
000010101111001001
000000000110100110
000000010110001011
000000011111001011
111011011011001101
000100000101010001
111100000010100101
000000001100101110
000100000001000011
000001001000011101
111100111000000011
110011100000110111
111110010011000111
000001100001011011
000110010101011110
000000010110100011
000010000011010001
111110010100000000
111010100011010010
000010101000110011
111011010011111001
000001101011000011
000011110110100011
000010110111000101
000001100101011010
111100011100011100
000000101100001110
111111111101001111
000000010001011011
000001001000101000
000010011000001110
000010001111011111
000001110110100100
111101001001000110
000000010111000100
111111001000000001
000000011001111101
000011000110100101
111011001110111100
111110100111100001
000101010110101110
000011011111100111
111111110011100100
000001100110011111
111100101110000000
000001001100111001
000101010111010101
000000011000001010
111100100101011000
000100001000010100
111110111111011110
000011011111000100
000010010001001011
111101101000110110
111011100110010100
111101001010101110
000010011110110110
000001000111001000
110111011000001110
111100010001110011
111010001000010000
111110001111100110
111010000001100001
111100101111100101
000000001110000011
000010001100011001
111110011011011110
111010001110100010
000000011110110110
111011110000010011
111001111011100010
000010001011100001
111101011100111110
111100101110111011
000001011101101101
000010100011100011
000011110101010010
111101011011010000
111101010010011010
000001000011011010
000010010101011100
111110110000001011
111110110111100001
111111110101010011
000001010001101100
000000100010101111
111110111011011001
000011011100000101
111111001000100111
000001001101111100
000011101011110100
111001101011010010
111011101110001100
111100111011001101
000001101000011011
111111001011000000
111101110001000000
000001100101000101
111111110011000110
000100101000011011
000001100010100110
000001001101001110
111111010101101100
000001100001111110
000011101111001110
000001000110010100
111100110110111001
000011101001000100
000001010001111010
000000001101011010
000001010011001011
111110100110101001
111100100101000100
111100011001000111
111100111001100010
000100001000011001
000001100011100101
111100101001111111
001000000011110100
000100001011101100
111101011110100011
000011010101100110
111101010011011111
111110010100110000
111011011010100110
000010110000100110
111110101111101100
111101111110111001
111110001001110010
111110111010110111
111101110001011011
000001010100010111
111100010101101111
000011010001101000
111100001100001101
000101010111001010
000001010000000011
000000001111000111
111011011111010111
000000011101000001
000010100011111000
000010100101010100
000100110110111011
111111101100110001
111101111001111110
111111010010011001
111110010010010011
000011010011010000
111100111011000010
111111000000000011
111111101100001110
000001111011111000
000000001000000010
000010001011011001
111111111100111000
000010010000100010
111111100001011110
111110000001001100
111101101110010010
000000101001111000
000000100111010111
000011011010000000
111111011000101000
000010001100101100
000001011001011011
111110110101000001
111101001110000010
111110001110101000
111101110110011011
000001010000001110
000010100001100101
000000111010011001
111110011011110100
111101111101111101
000000010111001001
111111100000101000
111101001000001011
111101010111000011
111101101010101011
000011010101001110
000011000110110101
000000001101100111
000001101010000111
000001100101010100
111111111000011000
111011101111110100
111101101101100010
111111001101001000
000010001110101101
000010011001101110
000001101001011110
000011001010001011
000010010110111001
111100011001111110
111110000101101001
111110000101101110
000000000010111101
111101100011110111
111011000101010001
000000001111001010
000100010010000011
000010011000111001
111111000100111110
111101100011111010
000100000010011111
000011000110010101
000011111010000110
111101011001101101
000001010000011001
000100010010110010
111111000010100000
111111110110100111
000000100101011011
111110101110110010
111101101010000010
111100011001110011
000011000001111000
111110011111010000
000001101101110010
111100011101011100
000001110111000010
111011100100101110
111111111011011101
110111110110100001
000010111011000110
111110111110000111
000001101011101101
111001111010000010
111111111000001101
111111101000000000
000100100110010110
111011000101011111
111111110011101100
111101001110010011
111101100110011101
000010000011000101
111100100000100100
000011000001001010
111010011111000000
111110101111100011
000100111000010110
111010110001010001
000101110001111101
110110110011111011
111010000001001110
111100110101001011
111101001110011110
111101100011000000
111100011101101011
111100010111100100
111011110000100011
111110110011001101
000100010101001111
111110110001101010
111111101101011100
111010001010001100
111111101001010111
111010111111000010
111010110011100100
000000100011011000
111110010011010010
111101010001011000
111111111000000001
111110000101010110
000011010001000100
111110010110011111
000000111101010000
000001011001011001
000100001100110010
000000111011000011
111100010000100100
111100111010110001
111011011000001111
111111010100101001
111111011101100010
000001111111111111
111101011011011110
111110001010110111
111110001001101101
000010000111000111
000000001000101010
000010011000001110
111100101011001001
111100110100000001
111101110001111110
000010111010101010
111100011010100100
000001100011101010
111110011010010001
000010010011001000
111110010101010111
111111100001100100
000000010110011110
111110110010010001
111110110111111100
000011111000001100
000000111000101101
000100100001011101
111110011011110110
111010000111100010
111110001000001100
000010010101010001
000100010001101010
000011000111111010
000010000110110000
000001000001000100
111011010010011011
000011001101010111
000011011101010011
000001100110101110
000000100111100110
111111011010110111
111101010100011101
111111000111111111
111100111010001100
111110010101001011
111111110011101100
111010101000000110
000001000011110001
000011101110100101
111101010111010010
000001100101111000
111011101110100011
111100100100010111
000000101111011010
000001010100011011
111011101101000000
000001110101010111
111011101011111000
000010100011111101
000001111011010111
111110111101000000
111111001000001011
000000011100001101
000000100111011010
000010101001011111
000010000011100111
111110101110101011
111011111101000110
111111001011010011
111101111001101010
000010010001001100
000000110000011011
111101100011001010
000000111000001111
111011000101001000
111111100010000100
000011101000000010
111100001101011101
000000110001010000
111100000110111001
000001010110000101
000010100000110011
111111111101000000
111101010111111110
111111010101100100
000000000110010000
110111101001110001
000001101010110100
000000101010100001
000001001001000101
111111110101001011
111011000000100100
111111011011001011
000110100111101000
000001101101101011
111111011110100011
111010111111001000
000001010001110011
000010000000001111
111110001110100001
000000000000101000
000010010110011111
111101100110010100
000011111111001101
111101011010101110
111111011010110100
111111000101100101
111111100110110100
111101011001101011
000101111001000101
111101010011101110
000000010100011111
000011000000011011
000000000011100101
111110111000001011
111111111110000110
000001111010101111
000010110011100010
000010011110111111
000000101000010111
111110011001011110
111000101010111000
000011001010110111
000010110010001110
111100010111111100
110110100010111001
000000001101101010
000000111100011111
111111010010100011
000111000001001111
111110001011000011
111110100111100010
000011100111111111
000000000101010010
111101010111110011
111101011101000111
111110001111000000
000000111110010010
111111001001110001
000100101100001100
000011101001000110
000100111000010101
000001110011101000
000000010001110001
000000011010010100
000001101011001011
000011111001111001
111110111100011010
000001100111011000
111111111001101110
000000110101101110
000000011110101100
000010011001110101
111101011100101101
000000101001111101
000001000010000011
111011111101100111
111101001110011101
111001100011101010
111101100110111001
000001001001011100
000011001111000011
111111010010100010
111111011101010110
000000101111000010
000000110010101011
111110111001110110
000100111111110100
000010101100011101
111101101000111110
000010000010110000
111110000111000010
111110100101010010
111110001111111101
000010110100100110
111101011001110110
111111101100001111
111101110011101100
111110001010101010
111110101100111110
000001001001100100
000001111010010100
000001101111100011
000001100100001100
000001010001000010
000000110010110011
000001001010010100
111100000101001110
111100100101100110
000011101110101001
111110101010000001
000010000100010101
000001111100100100
000001110011100111
111101111110111000
111111110101001111
111110111101111011
111100000000000101
000000101010100010
111110011011100001
111011100010110100
111110011000111001
111100010010110111
000100000100000100
111110011101011001
000101100011110110
111101001010111101
111110000011001011
000100001011001101
111110010000000110
111110010101110010
000011111101001111
111101001000010001
111111010010100100
111111110001001110
111011110011011010
111011011011000100
000110010001001011
111010110000001000
111110100101010101
111110011101011100
000010000100011000
000010001111110101
000100100100000111
111101101010111010
111110110010000111
111100011111001011
000000100111101011
000000110010011101
111101100101000110
000010011111110001
000101011111110100
111110110011011000
000010111010011001
111101001110010010
111010011100010000
000010001111100000
111010000010000100
111010011010101110
111110101110110101
111011100011011011
111101101000110100
000000011011110111
000001000111110010
111111101010000111
111111110000000111
111100010010101111
000001001010111100
000011110011010110
000100101010001001
000001111110100000
111101011110001100
000010010001100100
000011101110000111
000000111110001001
111110001011000001
000000111110111111
111100001111010001
000000100111111100
111101000000100100
000001101011011010
111110101111000001
111100111100110011
111100011011011011
111101001101001010
111101001100100011
000011111011011000
000010000101000101
111111101100011100
111111010100011011
111111101010010001
111111110110010001
000000001001010111
000000111001010100
111101101001110000
111111110010111000
000010100110010000
111110111011001001
111110101010100111
111111110001100110
111111011011000111
000010111101000000
000010000100000010
000010101001110011
111100010001111011
000001110111000110
111101100000001011
000010010001100011
111111001110011001
111110110011110000
111111110111011000
000011001100010010
000011011101111100
111111101100000000
000010110000110010
000001001011110101
000010100101011110
111111010111000000
111011111011000110
000011110010101100
000101010111100001
111110011100010010
111111101010101110
111110110100111110
000011000011010100
000000100111111001
000010111011011011
111111110101010011
000010111000011110
111100111100001000
111110100100000101
111111010010000111
000010001111100011
111111100111111011
111011100001001110
111100010101111010
000000100111011110
000100111111010010
111110110111101100
111101110100110010
111101100011101011
000010111100101010
000001010101110100
000000010100010011
111011100101111011
000001001111001000
111110001010010111
000100101011100001
111110110010001111
000010010110000100
111010011011010100
111100100001010011
111111110100100110
111101000111111101
111110101011011100
111110111001111101
000011001101110011
111011111001000010
111111100010110111
000001111001110100
000000100001100000
000001000010011000
111011001111110010
111111001100101011
000000010011010100
000011000111011110
000010001001000001
000001100001111011
000011010110011010
000011011000101101
000001110000001111
000001101011111010
000001110111101100
111011110101011111
111110111110000011
000000001100110011
000011010000101111
000001000111000010
111100101100010001
000010010100100111
111111101000110011
000000011000000010
000001111101111111
111101010001011001
111011111010111001
111110000001101011
111110110011011110
111111001001010000
000010011010100001
000000010100011010
000001100000011000
000010000010011100
111110111011011110
111100110100010100
000000110110111010
111101101000000011
111111011111100001
000010111001100010
111111000000001100
000000010110000011
000011110100010110
000001100011101100
111110000101100111
111101010101111000
000001101010111010
000011010110110000
111100100001010000
000100001000000011
111101011001011000
000000001100000011
000010000010001101
111101100010111111
111010100011110100
111111001010111111
000011110100111011
000000101010001000
000001110001011001
111101010010000000
111010011001110001
111110011001100001
111111110010100101
000011110001000101
111011111101001000
000001001000101101
000000001011001000
000001000101011101
000011000001100000
000000000011001110
000001110010111111
000010001010001101
111010110001010111
111101000000100110
111110100110100011
111010101001111011
111111010000010010
111010111101011011
111111010000111011
000001001111100011
000001001100011011
111110010101001011
111100111011111000
111010110111010110
111010100110001111
111010110110010101
000010110010100000
000001111100000100
111111010000110001
111101011110001110
111111110110101000
111110010001101110
000001010111100101
000001011111101101
111100110100100100
111100000000111010
000000110000001101
111111100011110110
000001011101010110
111110101001101011
111111110110001000
111111001111110100
111100101100100010
111011001111001101
111110110110010011
111100101110001110
111011001111100010
000001101011100101
111100110100100000
111111100001110011
000001111000001101
000000000000001111
000000100010000000
111101000100011000
111110000011101011
000010001100110110
111101111100001100
000001011001110000
111010111101100100
111101100010010100
000000101011110110
111100011111111010
111110011010001010
111011111101100010
111110010110011101
111100101100101000
000011010001001101
000011101110110111
111101111111101100
111110001111010001
000000000000001001
111111010111000011
000001100111100111
000001010101001000
000010110110011011
000001110100110010
000011011110001100
000000100110011001
000010111110001101
111110100000111100
000000100011000000
000000000000011110
000000111100110111
000000010101010000
000101110001110101
111101110101010011
000001100111100001
111011000111110001
111111011011001001
111100111100111100
111101101101101111
000010000101100001
111111011010111011
000000110101111111
111101011100111110
000001011110110010
000011000100101000
000001010001100100
000010100000010011
111110101100010101
000000011110100000
111110000000110010
111110000001011100
111110110110011011
111101100110101011
000010110111100001
000000010010110010
111111111101001010
000000101110100100
000001100110000011
111101011011010111
111110001100111000
000000101100101101
000001001010101001
111101110100110110
111110001010001000
111110111101011100
111101010011011011
000010100110111100
111100111110010111
111111110011001000
111101001100011100
111101001010100000
000001111100100000
111111000001100101
111101100011100001
111111000100110001
000001010001011101
111011111110000111
111111100101011011
111101111101001100
111110100010000010
000011011001000001
111110011110010001
000010010000110011
000000010011111011
111111100011010000
111011100011011010
000011110001101110
111111000111111100
000001101111101111
111011101011011110
111010110101100101
000000001101001011
000000111111110101
111111100001010000
111101100001101110
000001110010000011
111100100101010111
111100111100001101
111101110011110010
000001001101011100
111100010101100001
111111100011100101
111101101010110100
000011011010001011
000000110101001000
111100000011101110
000010001110101000
000010101110001100
000000101100110011
111110010110000011
000001100110000101
111110000011001001
111111100010100010
000011011011110011
111100011001110100
000000000111110100
000000010101111111
000000111110000110
111100000111101110
111010110010101100
111110100111001100
111100010110111101
111110110000110100
111100100110000011
000001110010001110
000000001100110101
000001001010100001
000000010011010011
111101000000001101
000000100010111011
111011001000101000
111101010001010110
111111011110000011
111011100101000011
000000110101101000
000000111101011101
000001000110011111
111100000011010011
000001010000100100
111100001010001001
111110111011110011
000000011010111010
111110001010010101
000010001001101011
000001100111111001
111110000101101101
000010101110101010
111101101011100010
000010111010101010
111111011101101101
000001111101000000
000001000010100110
111100000101000110
111101011000010110
000010000110011010
000010011110100110
111101110110000011
000001110110010111
000001000011110011
000000100000100101
000010011100110110
000010000111101111
111111001110001100
111111011110110011
111111111110100011
000010001011100011
111011100011111000
000001101000000000
111111110101100000
111111100110101010
000011001111001101
111110100101011011
111111111111110010
000000011011100110
000010101110110100
111101111111010111
111110111111101111
000010110001101010
000001010011100011
111101100100001000
000000101011011111
111110110111110100
000001010000001101
000000001111011011
111101001000001101
111100001010100101
111101001000011000
000011100011110110
111100011001000110
000010110000000001
000000110011111110
111111001001101000
111111010111100111
000000100111010011
000000111001100100
000010001001110011
000000010000001101
000011001000010110
111011110010001110
111101100001001001
111111100100111000
111111111010011101
111110011001000100
000011111010001000
111101100100000111
111111110010100111
000000011010110001
111111011001101001
000001100000011010
000011101110010010
111111001101100110
111101111011000101
111110101010100100
000001000011100000
000000000101010100
000001001111100010
111100101111100101
111011110011100001
111111111001101100
111110010000111011
111010110100100010
000001100010101100
111100010100100111
111111111011011000
111011001010010011
000011010111011001
111101101101000100
111101001101001110
111111001111000110
000000100101100101
000010011100001100
000010101101101000
111111111011010010
111100011011011000
000010101110111000
111000000101010110
111101101101100010
111100011001110000
111111001101011010
000001111011111101
000100011011001010
000011100101101001
000000101100011111
111110111011101001
000011010000110010
111101110100101111
000101101100000001
000000000101101110
000000000110010010
111101001000001011
111000111011010010
111101010111000100
000000100100100101
111100101111111111
111111001110000001
111100001100001010
111011111001101001
000100111000101011
000000111110010010
000100110000101011
111101001010111000
000010100101000100
000011111110110000
111111100100010100
111101000000111101
111111101110010000
111101011010010010
111111011111100010
000000110100001101
000011000011111100
111110111000100111
000011110000011100
000000000000101000
111111101101110100
111111101000010110
111101011101001001
111101101111111111
000010000001111010
000000100111100101
000010111100101001
111101100110001010
000001000110110001
111111111000010100
111110101011000110
000010001101111001
000000010101101111
000000010001001011
000000110111100011
000001001010110000
111111100100001110
111101010000100101
111100110000110010
111111101110001010
000000000011111011
000100101100010100
000010010101110011
000000000000101010
000010011001110010
111110010101011100
000010101100101100
111110011101010000
000000000100000111
111110101100110111
111100100110010000
000011010110100011
111100011011110100
000001110110101101
111111101010001101
111111000001010111
111111010011011101
111110010000101010
000001111111101011
000000001110001100
111101111000001110
111000001100000101
111011000010111111
111111011011111011
000011100010000110
000010011111110010
000010000110101010
000010100111111110
000000001110110111
000101000111110000
111110010101001000
111111111010010111
000011010000010101
000000010111111111
000011001101101100
000001000111100110
000000110010111011
111101010001101101
000011000110011001
111111000100010111
111110010100011100
000000000110011001
111110101111000001
111111101010000111
000010110110111100
000010100001111100
111100110111101110
000011000000110111
111111100100111011
000010010100101101
000001000001000010
000010000111111001
111100101010011111
111100100100101110
000011011011000111
111110001100111101
111110101010110000
000001101010101100
111101001111100110
000010000000100110
000010101001111011
000010001101011011
111111100001010010
111111101000010011
111101000111101101
111101101011001100
111110111101001101
000000011110111001
110111010111101110
111101100001101000
111010010011100011
000000011000001100
111011001000000100
111111010001010101
111011111000101101
111101111010010110
111111100001101011
111010111101111100
111101100100001100
111100110111111001
111110001000010100
111110001011000110
000001100011110000
000001000000000111
111011110001011011
000011010001000000
000100011010101010
111100000011100111
111110011001010011
111110010011011110
111110100000101111
111010111000011101
000000011011001010
111101011111011011
000011100101011001
111011000010111010
111101001111001101
000100001010110110
000011001001010111
000100101011001000
000000111000101011
111001001010000100
000010000001111010
111101110001000001
111110100110010001
111011100100111100
111111101110011101
000000011011000101
111110100100000110
000001100101101111
111111111010111100
000011000011111001
111011011011100111
000100000110111111
111110101110111100
000000000000111100
111110000100100101
000000010011100101
111011110011000011
111100001001001101
111110001001101101
111111000000001000
111111111100010101
111010111110010110
000000101000101011
000011100111100001
111111101100110101
000000011011110111
111101111101101011
000010000010101001
000010010010010110
000000101110011011
111101000001000001
000001001010110110
111100001101110000
000010000100010000
000000010110011000
111110000000001000
000001111000100000
111111010110110011
111010000000000110
111110101001101111
111101001001101001
000011111111011001
111101010000010000
000011010001011010
111110000100011011
111100101100111110
111011000111000000
111110100011100001
111010010110111100
000001010001101001
111100000001110011
111111110010010110
000001100101010000
000000001101101100
000001010000011101
000010001100111001
111110010110000001
111111101100001111
111100000001011010
111111010101111111
000001011000100101
111101100010111001
000000110001101001
000000110110010100
000010110010111001
000001010000111010
000001001100001010
000001011100010011
111100111100001010
000000001100100001
000001111100010011
111101001011001001
111101101000110001
111110001100101111
000011000100101101
000001000100110000
111110011111011000
000001101100001001
111110100101101011
111111111010100000
000010001110111100
000011001000100010
000001100000101100
000000100110011001
111111111101001100
111110111001000100
000001111011111100
000010001000001010
111111000010111101
000001000000101010
111101001101100101
111100111111010001
000010001011011010
000000000100001100
111110101011010001
111110010000111111
000011110000110011
111111010010010010
111111111010010000
000000111010010111
111011111001100001
000000011010001100
111110100001101100
111111101110100111
111101001110010100
000000100000101010
111111110001101011
111101000011001001
111101011101011110
111111000111100001
111111100010111101
111101000101001100
111111111010110111
111110010010011000
000000011001000110
111111100101110111
111101010011111111
000100110010110101
000010000111001110
000010000001110010
111110001111001000
000000000001111101
000000110101111001
111101111010011000
000100110101111001
000001000011000001
000001101101010111
111111010111110000
111011110101111100
111111101101110001
000000001010101000
111100000111010110
000001111010011100
111010100000100011
000110001010110101
111001101100001001
000001110110111101
111110111011010101
000000010011000011
111101110110001011
000011010011000101
111101011100011011
111110000010010000
000001110010001110
111101011100011010
000001100000101000
111010010111000101
000010010100000100
000010111010001101
111100101010110100
111111110110000100
111011011001011110
111011010100011110
000001000011111111
111010011101011010
111111111010011010
111100100101101011
111011100100001110
111010101000111110
111101101000100111
000011001101001001
000011000001110111
000001110010100000
000001100011101110
000010001101110010
111100100101111111
111101010111101111
111111100010001011
111111110100111111
111010111001110011
000011100000100100
000101101110111000
000011110011100100
000010001000100111
000011010100111101
000000001011100100
000100011001000000
000001110101101111
000001011000011010
111111111110001001
111101011000101000
000011010111101000
111111101001110001
111110100111010000
111101101101111110
000010110001110101
111101011111011100
000001010111110010
000010010001000001
000001110110111101
111100111111001000
111101111100110111
111110100001110101
111100111001010001
111011011111100101
111100101100110100
000001100111001001
000010100110001101
000000010101000100
000010010100010011
111101101011001110
111101011100000001
000000101010011001
000011011010110110
111011110101111011
000011001011111001
111100101000010111
111101010001001000
000010010111110000
000000000100001010
000001100001011101
000000100101101011
000001001000101110
000000100101000011
111100001110000010
111110000101000010
000001110000101110
000000010111110011
000100001100100110
111101101101101111
111110010001010110
111111101100100011
111111000110111000
111101000011101010
000001010011010001
111011111111001100
000001011010000110
000010110100011110
111101001001011101
000011101111111100
111111001001101011
111100101100101011
000000100010010101
000010101111110111
111111101001111010
000001111010001100
111100101101000101
111111000101000111
000001110010110011
111011111111110001
111111111001010000
000000101001010111
111110100001101110
111111001101110001
000000101010011101
111110010000000011
000001110100011101
000000110101000111
111110011001111101
111101110110010111
000001000011100010
000001010100101001
111110100010010110
111011100111000010
000000011101111011
111101011010010100
111101110111101000
000010100111110110
111110101000111001
000000100101111001
000010010010011101
000001010101001111
000001100101010011
000000100110101111
111111011011010101
111001010100001000
111100010110011010
000010010011101000
111110101110101010
111101101011010110
111111111010010101
111111101111001111
000100110101111011
000001110101010000
000010100001010010
111011000101011001
111101110101101011
111100111001101000
111110100000110101
111100001110101001
000010010010010010
111101010000010101
111111011000110011
111100100000010011
111101001111010000
111110110100100100
111111110011011001
111110110110010000
000110101110001010
000010011100101001
000000111100011010
111101000011001001
111101000100011011
000010100101000010
000010101101010111
000001000011000010
111111000110001011
111101011110100111
111110000111001100
111100100001010011
111111101001001110
111110011100110101
000001000010001011
000010011000111000
111100111101001100
000001101001001001
000001100011101111
000001100111100101
111111000001110000
111011111100100000
111010101111011100
000000001010110110
000010011010100101
111110010110010111
000010111001000001
111010001101111010
111111111110011000
000010001101111000
000011111011010110
000010001111111011
000011101011100001
111011100000011111
000000100101000001
000001000000010011
111100101010110111
000011011101000100
000010101110000011
000010011101111110
111111101101010101
111111000001110010
111101100101000111
111100100111100110
111101110111010110
111100000101111110
000000100101101000
111100010011010111
111110010010011101
111101110000100101
111110100111010111
000011010010110011
111101111000110100
111110000110100111
000100111010011001
111100000011101000
000011110001010001
111011110110111000
000011010110111011
111110110111000011
000001011110111010
000010110100110001
111110011001100101
000000100000000011
000000101000011100
000001011101110011
000000010100101111
111110101111011110
000000110000010110
000001011010111100
111110101001110000
111110011001010100
111101101000110110
111111000110011111
111101100110001100
111110010001011011
111110111111100011
000000110001010111
111011001010010001
000000101110010111
000010100111011110
111100100110110110
111111100010011101
111101111010001111
111111101000010000
111100110011101100
111111011111100010
000010100100001110
111101001011110001
111111101110000011
111111110110010100
111001110011111110
111110000011111100
111100111000001111
000100101100101101
111110011011101011
000000101000100000
111110110011001010
111111010100010111
000110010011011110
000000001100100001
111010000001110000
000000100100110010
000010011100100101
000010011101111000
000011100101100000
000000011001001111
111101010000100010
000101101111101011
111011101110110101
111101010011100111
111001011010001111
000001010001111100
000010001001000100
000101100111110011
111101101001000011
000001110011000010
111110010001111111
000000010100110110
111111001010100111
111111010111010001
111101111011111011
000010000001001111
000110001000110100
000011010001000001
000000110111111010
111100011011000011
000111000011001101
111001110110000110
111100101110111000
000001100001001010
110110111100111100
111001001101101101
000000110100110110
000011011110010101
000100111011011101
111101001110101011
111101110111101001
000011001000010111
000011000101101001
111101110001011111
111110010011011011
111100001100100000
000001010101110100
000001101101010111
111100100011110001
111111011000000111
000001110110010100
111110001111100000
000011100110001010
111100010110100111
111110101000011011
111100100001010100
111110110000000100
000010100000101011
111110010011001010
111110010101000001
000001110111001111
000000010101110101
111110100101011010
111111000010101110
111111111000110010
111111110000010010
000000101001010010
000010011101000111
000010001101111000
000010101010100100
111110100011011111
000010100010001110
000000100110000110
111100100001001000
111011111110010100
111110010111000000
111100100100110101
000001100001000010
111101101010011010
000001111100001100
111100111011110110
000010110011000111
111111111010101000
000000111000010111
000001111001111101
000000011001001011
000010111001101101
000010101010100001
000001011101100111
111100011101001011
111011100001111001
000100001001101111
111100010011000100
111111100001000010
000011001110001001
111001100110111010
111101010100111111
000000101111011010
000100100001101000
111101010101101000
000010111101100011
000000000000011011
111110010001011010
111011100100000101
111101100010101011
000001001111011010
000011111001000100
000011000110001011
000010011110100101
111101111001001011
000000011000110001
000011010100001110
111101000011001101
111101111000110110
000001000010101010
111110101100001001
111101100100000100
000011000000010011
111000110001101110
000011010011111111
111100010001010000
000101011111111111
111101111110001110
111110001101001110
000001000110100111
111100011101000100
000000000000110011
111101101110100110
111110000111010110
000000000111001011
000010110001001000
000001011111001110
111101110110010001
000000001111011011
000011110010111000
000000001101011110
111100011001111100
111101101011100011
000000000101011100
000000010010011001
111110110100001101
111110111011000010
000001110011010111
111111011110101101
000010110101101010
111111100010110001
111110111011101101
111101011101010110
000011011010001011
111011111110010010
111100010101001111
111010010001001010
111011111111111110
111110101010101110
000011010100011011
111110101111011100
111110011001000000
111101101001000100
000001111011011010
111110110010010111
000000011110010010
000010110000110100
111111111001010000
111101101101011011
111111010000111010
000001111110000100
000101010110011110
000010001011100001
000001001000101101
000010100011100110
000010010100010100
111100001101010101
000011010110110011
111111101101000011
000010100001011111
000000100001000001
000000100011110001
000000010110100110
111101110010100001
000000100010010010
111101111110101100
111101111000000100
000011110011111101
000011001101000110
111101111101010010
111110111001111000
111011011100100011
000011101111110100
000110111100100011
000100001100110110
000110010001100100
000001100110010011
000001100010110100
000011011110000011
111101111100101100
111110110010100001
111001101110000010
000010111101100100
000000111010110000
111111100001011110
000100101000100100
000100101101011010
111110000110101101
111100101011101111
111111110000110011
000001101000101000
000010100111101000
111001000011101100
111101110100000100
111110011011110010
000010110010100010
000000100100101101
111111111111110011
111111001001001000
000001110101000011
111010110101100011
000000011000000001
111101110001111111
000010100001111100
000010100000110101
000000101000110100
000000010001001010
111101010101101000
111111101111011110
111111000110011010
000000011000001110
000000000111000001
111111010101110000
000000111000001101
111111111011010011
000001010000011011
111111011111111010
000001001111100000
000001100001000001
111100011001000100
000010000100100001
111110000101100001
000001001000011010
000000110011011001
000000001100100110
111110100010000001
111101110001110001
111100100111010000
111111001000011001
111110010010010000
000000110001010001
111111111101110111
000011101110010000
111110100101000001
000010011010001110
111011101001110101
000000101101111001
111110010001101101
110111110100100000
111101000001000100
000011011111000101
000010001011011100
111110000001110100
000001110100100110
000011001101111001
111100001101010110
000100110101000010
111111010011011110
000010111101011000
111100011000001110
000000101000010001
000101101110011010
111111101111011101
000010111100101010
000001000011011010
111101000111110001
111111111101100000
111100100100000101
111101010001101110
000001001100011010
000000001110110100
000100000000011000
111010011100011011
000000011001101110
111100011110110101
000001010001000000
111101010110010101
000010001001100010
111110111100010000
111101101111000000
000001110101010001
000001101000011000
000000100101111011
000000000011100000
000001100110100000
111100100111011100
000000111001000111
111110100001011000
000000001100000110
111110100001011010
111111010001100001
111101100101110001
000010010111010101
111100010111101001
000000111011111100
000010111011010100
111110000101010000
111110110001001111
000010011100101111
000010000010010010
111111100001100101
111111101100111001
000010000001011110
000010111001000100
111101010001010100
111110100110110001
000000111010010011
000000011001011100
000001001101110110
111101110010111001
111111110101111100
000010001010101111
111100010000111111
111100010010000011
111100100011011010
000000100011001101
111100100111100011
111111101101110110
111111011110010110
000001110011101000
000001111101101101
000010000111001010
111101000110011000
000010111101011011
000001001100100000
111111000110111111
000000111111000100
000001100011110111
111100010000001010
111100011111001101
111111101001111100
111111010110100010
111111010111010111
000000110011100000
000001000110110101
000001001101011000
111100011011000000
111100101000100001
000001101001000100
111111010111101010
111101011000000010
000001000101011111
000001001100001101
111110100100011101
000010011001110000
000001011010001110
000010001110000111
111011100110011111
111100100011000110
000000101110001010
111110010000011110
000011011100010100
000011001011010000
111111101001100100
111101000010011010
111111110101000110
000001010101010011
111101100011100000
111101000111111111
111110001101100100
111100100100011100
111101101100000001
111101110000110111
111110110111011000
111101010011101001
000011001000001101
111110101000011000
111110000101110101
000010101101001100
111100111011001100
111100110001010010
000000101101110011
000001000110100111
000010100001010011
111111111101000001
111111111111011100
111101111001101011
000001110011000100
000010000011010001
000000011011101010
000000000001011000
000010000111110000
111100111000100010
111111101110111111
111111000001010000
000000000001110111
000000100111011011
000011101001010101
000001000001110010
111110000001100011
111110101110111000
111101001000100100
000000001110011001
000000011001101001
111110010001001101
111111100010010100
111101100001110001
000001011101100001
111111010100110000
111101100010010000
000001011100001110
000001110100100010
111110011111011101
111110011101100001
000001101100110111
111011101111000111
000011100011110001
111110011010111111
000000000101111010
000101001000111010
111110110000100111
111111000110110101
111101110011001101
000100100000101110
111110110011110001
000000010110110000
111111011110111101
111110101011001000
111100100101110100
111110100101010111
111101000101001101
111110011010001001
111110010000000011
111100010111010110
111101011000100000
111101100011001110
000001100010001101
111111110011110001
000011111111111001
000000000011100101
000010100010110000
111100010100110100
000001000111101010
111011111101110110
000000000100100010
111011110111110011
000010001111100100
111001100000111101
000010110100011001
111110100100000111
000000000001100110
111111111000110110
000001110100111010
111011110110000100
111111010111000011
111111001101110100
111100000010111111
111100110110011110
000100001011011000
000001110001000111
000001111101100111
111110101101101111
000101001101101110
111011000010010101
000000100001111100
111010000111000001
111110110101101111
111100011011010110
000001010000000110
000001011001010001
000000011100001011
111110001000001111
111100001111110111
111110010010000001
000001001011111010
111110111000001100
000000010001110100
111101010000111101
000010001100111000
111100100010101000
000010111100111011
000010000001000001
111100001011101010
000011000011011011
110111101011010000
111011100110011110
111111001111011010
111110101011001000
000000010010000011
000100000110101110
000010111110010100
111111010111111000
000001000001100110
111101111100101010
111101101101101111
000100110001111111
000011001111101010
111110001101000110
111010111011010111
111001100100001111
111101000101110010
111010110111000001
000100001001101001
000100110110001000
111101110111110100
111011111111011011
111111111000000101
111110001110010110
000001011001110000
111111101000101000
111010111001111011
000001000010001001
111111111101000110
000000001101101101
111111011101111000
000000010001011001
000000011110000101
000000011111110000
000000101101101111
111110001001101110
111111100010101011
111110010110100111
000001101111010001
000011001001010101
111101011011110010
000001011011010001
000010111110000101
111110101000100011
000010111100010101
111110110001101100
111101100111100011
000010010000000000
000000101110000111
111100100000000000
111110011100001101
111100010100011010
111111111000111111
000000000000000111
000000001110011111
111111011011000110
000001000101010111
000001100110111100
111100110101100001
000100011011000010
000001010110100100
000000110110010110
000011100101010110
111110101100100111
000100011011100010
111010110111001110
000001111111000110
000011100100101111
000001110000111010
111101011101100011
000000010101101010
000100010001100010
000000011101100011
000010001110011101
111010101111010111
000000101111010000
111101101011100110
000000010111100101
111110000100000010
111010101000010101
111100010011111001
000000000010010101
111101101011101100
000001110000011000
111111000011100100
111101100001100010
111110010011110010
000101001000010100
000010010001010001
000010010011101011
000011001111100000
111101100010010000
000001100100011100
000001101011101000
111111100111100011
000000110101110010
000011101001101101
111101000110111011
111110011101101001
111100111000100110
000000010010010001
000001001110101111
000011111001101001
111110110110001011
111111001100001011
111111110110110101
111100000110001100
000000011000100011
111101011111111001
111111011001100101
111011101101101010
111111100110011111
000010000011000100
111111001111001010
000001100000000101
111100100101010010
111101111101101101
000001001001001110
111101001010001011
111101011111011011
111111101110110000
000001110100100010
111101011101011101
000100100000111110
000001010110111101
111110111011010111
111011010101111010
111110110100010101
111011101011111101
000000101110000000
111111011110010100
111110000111011100
111000100001110100
111101011101100000
000001101001101001
000001011010011101
111100110111001111
111001010000010011
111001101001011000
111111001110100010
111111010111101100
111111101110010010
111111000011010010
000000001001101111
000011000001111111
111110010100011001
000000110101100111
111110010000010000
111110001100100101
111111100100101111
111110010010100110
111101100110110011
000010011010100010
111111111100000001
000001010001111110
000110100011100111
000101001101001100
000010110111110001
000101001010011011
111110010101001000
111111001111100100
111101110011111001
000011110001100000
111101111001100111
000010011101000100
111110111011101001
111001101010111101
000100000010110010
111110110111011011
000000011001011111
000001000101111111
111111101111101001
111000111111100110
111110100001110010
000001100010111001
111111000011010010
111001001010001000
111101111100100000
111101100001001110
111011011101110101
000011100101011110
111101111110000010
111011000101100111
111111110011111001
111011001110000011
000010110000001110
111011100111100110
000100101010100010
000000110010011111
000100110011001001
111111001101110100
111101011001000000
000000110111010100
111110110110101000
000000001111010001
111100010110000101
000011100101100101
111101010011101010
000000110001101111
000000100100011101
111111100101100011
000010011111100101
000011011100011010
000011010101011001
111010100011000011
000000100010010011
111110111110100000
000010101010110111
111011011001101001
111001101111110001
111011011110010100
111110100001011100
000100111001000011
111110011010110100
111101110100011111
000000010000001110
111000111001010010
000000101000001110
111010011101100000
111101010001101000
000000000111000101
111110101101101110
000001110001110111
111101101110000010
000001100001000100
111110001100110011
000001000111100100
000001111100010001
111101010011000101
111101010111010011
111111110110100100
111111000000100000
000010000101011000
111101101101101110
000000001010000000
000001000111110110
111111100101111010
000011011100010000
000010010100111100
111111101001001010
111101010110011100
111101110010101101
111111110011010111
000000010100101001
000000010110001111
000000101000101000
000000100100010000
111111100101010110
000000011111000011
111110110101100001
000010011100000010
111110001110100000
111101110101111001
000000010111010110
111101000001101101
111100010101101000
111111110000100000
000000000010001000
111011100001111011
000000000111001100
111100110101100010
000011100010101100
000011010010101110
111110010110101111
111110110111010011
000001011001010000
111110101101000001
111110001000000010
000001111001001000
000010110110000101
111011101100010010
111111011000010101
111101100100100001
111100100010011101
000010111111010010
111100101100000100
111101110001001001
000101101111001100
111110001101001101
000000111010010111
000000111010101100
000001000011000110
000100111101111000
000010000010110010
000011011000110001
000110010010001011
000110100101000000
000001100101110001
111111110111110011
111110100101110011
000010000111111010
111010111000111110
111111011011000000
111101100011000101
000100011011011010
111100101001100000
111101111001001010
111111011000001100
000001110110010110
111110011100101110
000011000010110001
111101101001000010
111101110110111101
000000111101110110
111100101111110100
111100100101001111
111100111111101001
000010101000001111
111110111100101001
111011111000010100
111110100110111010
000001001000111000
000010100000001101
111110010110010101
111010010011111001
000001111010001001
111011110111111001
111001010000111101
110110111001011100
111101101101110111
111111100001101000
111110011101100011
111111110000000011
111101110100000111
000001000011111111
111111000101100111
111101110001111111
111100111000100010
111111010100110100
111001010011111011
111101110101111100
000011100010100000
000011001100011100
000001111101100100
000000100011100011
111101111111001001
111111111010011110
111111010010100011
000000100111110111
111101010101001110
111101101101000010
000100001001000100
000010000100010111
111110110011110101
111101000110101010
111111010110100001
111000110110010100
000001011001001011
000011011001110100
111101100100101110
000001000010011001
111110100100010010
111110011010111101
111101101010101111
111011101100000010
111101111101010101
111101011011000111
000001010010000101
111110001110111101
000001011111111000
111110111001011011
111111110000011001
111110100011111010
000001110010010001
000000011100001100
111101000011111110
111111010001101010
111100011000111000
111110101110001001
111101101101110101
000001100101111011
000010010001010011
000010111011101011
000000111101000000
111101001110000000
111100000010011110
111111110110000100
000000000110111101
000010110000100011
111101010000001010
111110001111100101
111100010110101001
000010110100111010
111111101101010001
111111000011110111
111101010101000110
000000001001000001
000001100100001011
000001110110110111
000011010111010010
111111011111010111
000001000000101111
000000100001011010
111101100011010100
111011111111110011
111100110001001101
111110111110111000
111110011001101101
111111011101001001
000001111001101011
000001001101111001
000011111011000110
000011001101001000
111111101110010010
111101101010101001
000000000100010101
000001101001000010
111100110010010110
111111100100110110
111101011110111111
000000001000110001
111110110010110010
111111110011001001
111101001011110110
111100111000001010
111111111000100111
111110100111100001
111111100101111100
111100011111101000
000010011011000010
111110101100011011
000010010111000110
111100100011101011
111101001000110010
111101011110110101
111101111100100000
111100111100111110
000110001000101011
000010111011111010
000011010101001011
000001010011100111
111111100000001011
111110011001001011
000001100010100111
000010000100001010
111011010111100111
111110100001100000
111110100100001000
111101101011000110
110111110111001100
111110010010100100
111110000100111100
111110111110100101
111010100000001110
111110001000111101
111010010101011100
111110110111000100
111111111110110011
000110000011010100
000010110111111010
111100001100001101
111111110110111010
111011111011001000
000011101111000110
000100001001001011
000001100011110010
111101110011000011
111010011111101101
111010100010100000
111001111110001111
000011000000111010
111111010011101101
000011000010000101
000100111001000110
000001111010100010
000100101110110010
111110100100101111
111101101101100011
000000000010100110
111111001110010001
000001111111110000
111100110000011000
000101011101100110
111101101111111100
000011110000110110
111010010110111110
000011000111111110
000011001101100001
000100111011101000
000001010111100010
111111111001110001
111011111111000010
111101000011010011
000110101011011101
111111011000000111
111110110000010111
000000010010011000
111110111101001110
000000010111100000
000001110110010110
111110111111010111
111101100011100101
000011000101001011
111011000110101000
000000010010010111
111011111000001010
000000001011001000
111111110101111100
000010000000011001
000010100010000110
111101000011111010
111110001100001000
000100000100001010
111011100100010100
000100100000010011
111111011100111000
000000001011010111
000000001001010001
111110000111000100
000100101001000000
111101000110000100
000001000111010000
111100110110101011
111111111101111000
000001110001000001
111011010001000100
111110100011110001
000000100010000011
111110101011011101
111111111011010111
111100100011011111
000001000011110010
000011011001010001
111111110110101011
111001000011111011
111110001111000101
111111111000110110
111110001000001011
111101100111010011
111100011000110100
111100111110011011
000000011010111101
000001110001100010
111010011011011111
000010100111011110
000010110100000000
111011011011100010
111101000110011010
111010011110001011
111111100100001010
000000011001111000
111100011100001101
000011000111101001
000000110111001110
000001100100001110
111101110010111000
000001011010110111
000001001100011101
111111100000101000
111111000101010111
111110011000101101
000000111010000001
111111100101111001
000011000110100110
000001011010011010
111111010101110001
000011001000010110
111101100000000101
000010001001010111
111111001101110100
000000011010011101
000001001011111000
000011000110010100
000000010101010110
000001011101000111
111101011011010101
111111000110111001
000100011111101011
111110100100000001
000000010110000110
000010101100111110
111110111101001110
000011110000101111
000001100011001110
111100000001000011
000010001011100101
111111101000101100
111100011000110001
111100010010110100
111110110001011101
000000100100011101
000000001101100111
111111001101000000
111011100101001101
111011111101010001
111101100110100111
111100100010001000
111100011000010011
000000110110111010
111111011100101101
111101011000000111
111110001010100000
000011000100010001
000001001100101111
111100110000101010
000000010110011111
111001110011010111
111111011001011011
000010000110001011
111100110001101010
000100100001011001
111110101000111101
111101001010010001
111100100100110010
111110010011100100
000000010001001100
000100000010001000
111110001101011100
111100100101110101
111101000111011010
111110010001010000
000010100011100111
111100111001011111
000010110001101010
000010100111001111
000000101011100011
000000000011000111
111101111001000111
111101101110111000
111110100001101110
111101010001001100
111111000100101010
000010111111000011
111110101110110101
111101111001110100
000010101010010010
111111000000010101
000010100000101110
000011010010111111
111111011111101111
111111010110011100
111111101010101000
000011100011101011
111111011100110101
000001011011110001
000011001111100010
000010001010000110
111100011010101100
000000001010101000
000011001010111111
000000101011000000
111111100001010111
111110001011111111
111101000110110010
000001011000011000
000000101100111010
111111011111100010
000000101100000100
000000010101011011
111101001010010111
111101101000001001
000000101100011011
111110000000101101
111111001110011010
111101100000111000
111100101011100100
000000000000010101
000000010011111110
111111001111010110
111011001111000100
111101011100101011
111111010000111000
111101011110111010
111000100001111001
000011110001101000
000001000111111110
000100100000001000
000000101100011011
111101100001010000
111111011110111000
111110110011101010
000011110100111110
111111000011110010
111011110111110000
000001111011111010
000001010100110001
000010101010111010
000001111100100000
111100100010001100
000001011000010001
000000110101110001
111101011000010111
000001000110100110
000001000100011100
111101011101111110
111111000000001011
111011100010101010
000001100110110011
000011000010111100
000001000011000100
000011111001001011
111110011101010001
111110001011001001
111101110000010101
111110110101011010
000000001101010000
111111011010000011
111110000001110111
000001010111110100
000001110011000100
000010000011001011
000010001110110001
111100000111000011
111110111001001010
111111011010110010
000010111110111010
111111010100100110
000011110011100000
000001111011110001
000001000010101011
111111100001000011
000101101111000001
000010100100111101
111110100001010000
111110000011101101
111101011000000011
000100011110000001
000000000101100000
111110010100111010
000000000110100101
000010011010000011
000000001000000100
111101100101111110
111101011110000000
111101110110000100
111101010001010001
111101101101011111
000000101001100111
000101011010111010
111110110001110000
111111001111001100
111101110000000011
111101110001100011
111110011110100110
000001101100110010
111111001000011111
000000010011101000
000001010101101100
111011100011001000
000000000010100000
000100011101001110
111100010100010001
111011110011011001
111010100011101011
000001100110011101
111110100010111001
111111010111011100
111111100010001110
000100011100111101
111101000000100101
111110001011011001
000110111000001010
000010000100111000
111101100111000110
111011111110111111
111011101111010111
111111011010110110
111100111000000000
111111000100101000
111001101110111101
000000011100100110
111110001000110111
000010000010110101
111111111000110000
111111110000110101
111101101000010011
111110000010010110
000001100110100011
111111011000101010
000000100000111000
000010000111110101
000001100111000000
000001001101011110
111111100010110101
111110010111011111
111101100111001011
111100111100100011
000100110011010110
000010101110011100
111111001110010010
111100001001000011
000000001100000111
000010010011111101
111100101100000111
111111011000011101
000000110000111110
000010101001100010
000010101010000100
111110110011110110
111100101000101100
000000101001010010
000001010011000100
111100110101000111
111100100001001000
111101001100110001
111111001000111110
000000011111101110
000000110111000110
000000101111011101
111110100010000111
111110000101110111
000010111000000101
000001110101110001
000000010101111110
000001011000100110
111100101111011101
000001011101001100
111110001101110001
000010010101101110
000000000001011111
111110110011000011
000001010100101000
000100111111100001
111110101100000111
000010011001100000
111011011100000111
000011110010111000
000011000000110010
000001000010001001
000001000010110111
111111110010111100
000001010010001110
000000001010011001
111101111011010111
111001110010000010
000010001100011000
111101010101100110
111101001001101001
000010001000111010
000001100001000100
000000111110100101
111110110110010101
111101010000001101
000001011010011011
000001100111100001
000010110000110001
111111000001000011
111101010000111111
111110010111101110
000000001010111000
111110110001111010
111111011011000101
000000010010111000
000001011011100110
111110001101111100
000010100001111101
000000011111110001
111111010001001001
111111010100001000
111110010011010000
111110110010110001
111111000110000110
111111101100011000
111101010100111001
111110000001111110
111100110100010111
111110010101110110
111110110110010110
000001000011010001
111111011011010111
111101101101111011
000010110110001111
000001000001110100
111101110000111101
000001101111101110
111110101111011001
111110001100011011
111111110110100001
111111100011101111
111111011001100011
111110010000000010
111101111100011010
111101110000000011
111111010001101110
000000111100100111
000001110000000100
111011111010100111
111111010100101100
000010000110111010
111011011000000001
111010101010111111
111101110101000000
000000111000001001
000001011000100000
000010011111011110
111100100001110000
000010000101101011
111110011110000111
111100011100001110
111101111110100110
111110110001001101
111101100001101100
111111100011010101
000010101010101011
111101011110000000
111101111001100111
000001101100001001
111110100000011001
111111111000001001
000000100010011100
000001001110100101
111110011010001000
000001111111001011
111101100101011111
111101000100000111
111110100100101011
111110000011110110
111110001111001011
111111011010010011
111111000010110111
000010111100000000
000011101110000010
111100100000110010
000001001101011110
000010010100110001
000001000011101011
000010100110101011
111101011000001000
111111010000100111
111110000100010100
111101101011100000
111111010001100010
111011001010000111
000000001110010100
000000011001011110
000000101100000100
111101000100000011
000000011101100110
000000111100110010
111101011001111011
000010001101011101
111111101001101001
111100010010111000
000011101100100100
111101111001010000
000011000011100111
111110010001101101
000001100001101010
000010000010111000
111100101110101101
111110110011101011
111110011011111010
000010100110100111
111111101110011011
000000000100110011
111101100001011000
111011110000011011
000011011011011100
111100000010000100
000010100010101110
111110010100110011
000000000111101100
111101111010110110
000000110111001000
111111100011001111
111111100001001111
111101011110000001
111110001111101101
000000000000001000
111111111001000001
111111100100010000
000000100010111010
111101100011000010
000010110011000100
111111000011011010
111101011001001000
111110111100100111
000010010111110101
000010110110110110
000000100111010100
000010010110101110
111110111110000111
111111010001000000
000001111011010011
111011110100011111
000000100101010011
111101001110100000
000000110001110100
111110100110011101
000000111001010011
111110010111101101
111110011111101000
111101001111111100
111101001110011101
000000011001110100
111100000100111001
111100101100110000
111011010100010111
000000111111000001
111110011110100101
111110110011111101
111110010000101000
000100111010001010
111001100110101011
111100111010010111
000001000001111011
000000101011100001
000001001101010010
000011101101000100
000001000011011100
111110001101000010
000011001111100111
000000000101101111
000001110001101110
000100100100101001
111101111111001110
111100100011110100
111101010110000000
000010110100110100
111011011001101100
111100000010000110
111011101110010110
111111110101010000
111010111101000000
111001111011001111
111110101100111111
111011001100000100
111101100011000010
000010100000100011
111010100111110100
111110011010010000
111111111101000100
111011001000001101
111101110111010110
000001110000000000
111110010100000001
111100010101000010
000001101110100001
111111100110100110
111101101100101010
000010011110000100
000000000011011010
111111010010101011
111110001110110111
111111100110101100
111101011100100001
111011011001111011
111101101011010010
111110010010000011
111100001010111001
111010110110000010
111110011011000010
111100101010010000
000000011001000011
111101000110110000
111111101110010100
111110011110110010
111111011011011101
111101011001111010
111111111011000000
000001010111100010
000000111000011110
111111011110111000
000001101011101011
111111111100000101
000000011011111101
111110011000110110
111101101010011111
000010101110100001
111111110000001001
111110101111100010
111101100001011010
000010010000101000
111101000000110010
111101101010101110
000001101010100100
111111100100100101
000010100001111000
111111100000111100
111111010111110000
000000100111000000
111111111111101010
111101010101010100
000001010100000000
000001100011111101
000010110011010110
111101011101001000
000001110111110101
111101111010111111
000000111110100011
000010001101001010
111110011100101100
111110111100111000
111111100001010010
111110100001000010
111110100010100001
000010000110110101
111101011000101010
111011010110010010
111111011100001011
111111111000110101
000001100001011011
111110000100101111
000011010001010100
111101101111110110
111111010000010110
111100110100000110
000101000111111100
000001001101111101
000100000111000101
000011110001111111
000000011001100110
000000011010100011
111000010100101101
111000101001101011
000000111001010100
000011011000110101
111101010001001010
000011100101000101
111110000100001010
111010000011010101
000001001011011101
110101100011001010
111101111110010101
111110010010010111
111101111111000001
111110110001000111
000001100101111010
111100101100001000
000001100111011101
000010001011100110
000000111100101001
111110101111111111
111110111100101110
111111000001011111
111101011010000100
111011010010111001
111110111110001101
111110000010010110
000001111010011000
111111101110110011
000000001011111010
000001001111010100
000100000000000110
111111111010000110
000010101111110111
111011011111011101
000001111010000001
000001010111101111
000000110000110010
000000000110000001
111100001110100001
000001111110011110
000001010001011101
111111111010001100
111101011001010101
111010100110100000
000010000010110001
000011011000001110
111111111000011101
111100110001111111
000001000001001110
111100110101111111
111011111000111111
111101001110101101
000010101100111011
111111001001000111
000001001010011110
000001010111010001
111100010110111101
000010000110001101
111101111110010010
111100101001010111
111110010111110100
111110010100100001
111110011010110111
000001101110001100
000010101110110011
111111111011110100
000001000101011010
111101010100100110
111110100100101101
000000100110000000
111111000011000101
111111001101001011
111010101010110000
000011010011110101
111111000001111111
111011010110101001
000001100101111111
000010111101000010
000000000001011001
111111111001111000
111110101001011010
111111111100110011
000001010100001001
000001000100010001
000001111111110001
111111101110001101
111111111010110001
000000110000100110
000001010001010100
111111100001000011
000011111001101001
111101111010010011
000010111010101100
000001001100101110
111111100100001010
000000110100000010
000001000101110010
111111101000100100
111111001110100111
000000000011001111
111100010110100011
111100100111000010
000000000111100010
000000111001101110
000001011001011011
111110100010011001
111110101101000010
111111110010010110
000011010111010110
111110001010101000
000000111000100111
000010001111101101
111111110011010011
000010011001100110
111111011000000100
000000100100101000
000000111011100100
000011000101100100
111110001001010001
111111000101110010
111110011001010101
111110101010111100
000100000110001101
111110000010100010
000000011111001100
111111001010010101
111110100101100011
000001100110100101
000010101110100111
111101101111110111
000001011111001110
000000010010100100
111111100001111101
000101000100011111
111101101010001000
111111111100000000
000001111001001001
111101100001100010
000000100001010001
000001000111111010
000000101010000011
000010011000011110
111101111011111100
000000001110100011
000001100100111001
111111110011100101
000000101001000001
000001101100010111
111110011000001101
111111111010101101
000001010000001110
111111000100010001
111111000111101011
000001110100000111
111111011010000100
111101101010010001
111101011010000000
111110110011000110
111101011011111100
111111011011110110
000001010001011011
111110100100101101
111111111001011001
000001000101101010
111111111000010110
000010101010100101
000000101100010011
111111111111000000
000001011111101001
111110101100000101
111110001011100010
000011010011101011
000000011010001100
111110000101010110
111011111000010100
111100010010000100
111110111010000001
000011010000011110
000000001100001010
000011110100111110
000000110010000100
000011010100000101
000000110010100100
111101100011110101
000001001111001000
000001110101100111
111110111010011111
111111011100111010
111110101000111011
111101101110111011
000000011110001101
000000001011100100
111101111010111111
000001001000001111
111101110111001110
000010010101110101
000010101101111010
000001111110100000
000011000110110100
111110110100000011
000000011011010001
111011011111001011
111101001001111110
111101100111001100
111110110101101011
000011010010110001
000001011110001010
000100110011101100
111100001100000001
111011010111101101
000000011100100010
111011000010000110
111010000010101111
000010111000000011
111101101100110101
000001100111001110
110110111010111011
000010001010000111
000000010101000001
111111010101100101
111000001011011011
000011000010100000
111110010100000010
111011111000010101
000000010011110011
000100000100000001
111111001100110000
111000010011000000
111110110001101010
000100100111011100
111010101000000000
000101111000101001
110100101000101110
111011000111001111
111101011101010001
000000001000111111
111110010011110000
111110111110100010
111101110001110010
000100001001110011
000001101010100001
000010100100000100
111101100101111100
111010111111011000
111110100000100011
111111100001100111
111011100011011001
111101001011101101
111100101010000100
111100010011110110
111100011111110111
111111011110101001
111100111010101011
111111111100001100
000000100010011011
111110100011011110
111111101010001101
111111001001010110
000011100110011100
111100011010100100
111100011011100000
111110100110011111
111010101111011001
111100001011101000
000001000100010110
000001110110100001
111111111010010001
111100010101101001
111110100011111010
000001010110010011
111110011011101000
000010010110111001
111110011110000000
000001001101011100
000010111111000100
111111000001011111
000001110001101000
000011011001100001
111110010111111000
111110110110001100
111111000100010001
000001111111001001
000011001011001101
111110110101101000
000000101000111100
000000111000100111
111111100101110001
111011010111000000
111111010001011000
111111110010001011
111110101100100010
000000001101010110
000100010000110111
111101111010001101
111111001010111000
000011000100000011
000001010000110110
000001110000010011
111111011010111111
111101100000001011
111111000000000111
111110011100111111
000010100101001000
000001000001000000
000001010010110010
111111101101101111
111100100101100110
111110101011010110
111101101111110100
111111001100110110
000000110010001101
111011011010111011
000001101111001001
111101100001010111
000100001001100010
000000011001110000
000010111101000111
000000010011101000
000001110101010101
000001010010111010
111111000010101000
111110011000010110
000010101111010100
000000100000000101
000001010101001110
000011000000000010
111011001001100001
111111101000100000
000011000101110001
000000010111010101
111100110011011011
111011100010100110
111100100101010101
000010010000111100
000001011001011101
111100101011100001
000000110011001101
111111011111110010
000000000011101101
111010001101001001
111101010010101000
111101100000100000
000000111011001000
000000100000000010
111111100010001110
111100000101100110
000000001011011011
000001100010011010
000011000011100111
000000000011100111
000001100000011011
111100111000001011
111110011011000110
111111100011011000
000001000010101101
111101101000100100
111111010110101000
000011000111110100
000001011110111001
000000111111011100
111100001011000101
000011011001101000
111011100011101110
000101000010011010
111101101011010110
111110101011011000
111110100101100111
111111110111011101
111101010011100010
000011000100000001
000010010100110001
000001101100001110
111110001101101011
000001111101111011
000000011110000111
111111011100011000
000011001011101100
000000101100001011
000101101010101011
111111111110000100
111111110101000101
111101100001011001
000101010001100101
111110011000101101
000001100110100111
111000100110011110
111011001001010001
000001011110111000
000101010011010100
000111001111101001
111011001000111011
111110000101010110
111110001001010100
111100100110101011
111110111111011111
111111001010011101
000011010010001100
111110011011011111
111110011110000101
111111110010000100
111101101111010001
000010111011100101
111111011011001111
000001101110111011
000001000110100100
111100101100010001
111101101011100001
000010001010001011
111110100010011101
111100010110100111
000010110000011110
000100111010001111
000000111001000110
111110011111010110
000010101010100100
111101100011001111
111101101111010001
111011000111000110
111100101110101111
111101100110110110
111101010111010010
111110111000011101
111110100001010001
000000001101010010
000000111110010111
111101100000010101
111100010110111001
000010110101001001
000010001110010000
000000010011111101
111111110101010001
111111010010101100
111110000001100010
111111011111000000
111111111010111000
000000011011001101
000001110111000001
111110010110100010
000000101100111100
000001100110110011
111111101000100011
111101100010000100
000011010001001100
000001010000010000
000001001010111111
000100111110111000
111110011010111111
111011100100000001
111011100111100000
111110011110010011
000010110101101010
111111110011010100
111011110000101010
111111010010111110
111111100001001101
000000101011011001
000001010010010001
111010011100101100
000001110011011011
111101010110111101
111111100110010110
000011010101111011
000000010000010000
111110110110110110
000010000100010001
111110000010011001
000001001101110000
000001110001100011
111110010100101000
111110111000101100
111111111110010011
111111110000010001
111111101010010111
111101011001100100
111111111110010101
000001100011101010
111101001011100000
000011101110111001
111100111101011100
111101101100001100
000001101001001011
111110110000110101
000000111110010011
000011010100001100
111100101011111101
000000110010000111
111101100101010111
000001011001110011
000010101100001001
111011111110000100
111111001000011101
111111111111110101
000001000110010100
000010111101110001
000001101110111000
000011100011010001
000001111011001101
111101011110001010
111010100111110001
000001101011010110
111101110011000001
111011010101011011
111111101011110010
111110111001011001
000010001110111001
111011111110110110
111101010101000110
000010011011010010
000000001001100010
000001011100010110
111110011011010110
111110000000011000
111111101111101111
111111001100100100
111110110000110111
000000010000100100
111101001001010111
111100111010010111
111101101100000101
000011101100010010
111101101101100001
111110100111101000
111100100001011110
111100110100101000
000010100011000001
000011000110101001
000100010111011010
000100010000011001
000010001010011011
000010101110010100
111101110101111011
111111101001101111
000001110010001110
000000011110101100
000011011111110100
000001111111000001
111111001101101111
000010111111011001
000001001111110111
000010001110011001
111110011000110101
111100111000011010
111110111110111010
000010100101110000
111010111110011001
111101110011000010
000001101000111101
000001111111100000
111111001001010100
000000000111000011
111111011111100101
111111011010001100
000000001101011001
000001011111100101
000000001011100101
000000001001110010
000010101001110111
000011111010100001
000001001010010100
000001011100100110
111111111010010100
111110011001000010
111101101110011001
000001011110111101
000010010110000110
111110011001110111
000010010111000101
000000001000011110
111101000000010100
111111110000010001
000010101111111100
111110010110111101
000010001001101010
000010000001000000
111101101111011001
000010000001001011
111011011000011101
000001001011110001
000011001110000010
000001100100100111
111110111001111101
000001101101100001
000001000100111011
111111001000101111
111011001100001100
111101100001011101
111110010010111111
000001001001011010
000010000101110001
000000011111001001
111101001000111011
000000010010101110
000001000001010011
111111110100111010
111100000000110000
000000001000000101
111111110010011001
000011011101000110
000001111100001000
000000001011101101
000001000000110100
000000101000110110
111011110111101011
000001001000111110
000001111001011010
000010101101000001
000000100100010011
000000011100010001
000010000100110011
000000101010101000
111110011101000101
000011011001101100
000001000101011010
000000011100011010
111101010101001000
000011010011111001
000000010010101110
000001100000110101
111100011101100100
111111111001011110
000011110101101011
000010000101111001
000000100011011101
000000110101100010
111101101011100011
000001110010101011
111111011101000011
111111110011001010
000001000101101010
111111001000000101
000010111101011101
000001101011110100
000011000110011001
000011001001100100
111110001000111000
111111011010001101
111110100010000000
111111100010111000
111110111011001010
111111111010010111
000000100111100010
111110111001000000
111111011001010001
111110111001010011
111101000111010100
000000010101010011
111111111010001110
000010011110111110
000001011011011101
111101111111010111
111111011010101100
111111000000000101
111111011111011111
111100101001010110
111111000101011100
000000111111000010
111111110110111000
000010100110111001
111111011011001111
111110001001001000
000000100011011000
000011001010110100
000000101110010111
000010100001101001
111100110001110101
000010101111001000
000101010111010110
000011111011000111
111110101101110101
000001101100001110
111100001111000101
111111100010011001
000101001000011000
111110100010101101
111111100001001001
000000001111110110
111110101100100011
000010011111011001
111101000111010010
000001001000100101
111111101011100011
111101000001111100
111101100101100001
111111010111001111
000001110001110100
000010010111101111
000000000111101101
000001100110110001
000000101101000100
111111011101000011
111011011010010010
000010000101101100
000000101111000110
111110111101011110
000000101110001000
111100110010011111
000001000000111100
111110000001110010
000001010001001010
000000001000100111
111111111011011101
000000110010110111
000010101001100110
000010100001100100
111110101010100001
000000101001101000
111111010011011110
111101101011110101
111110110111110101
000010101001111010
111010010111110010
111101000011011100
000010001111010000
111100111100101111
111101011100101011
000000000001001010
111010001100011110
111100010011011111
111110000010000111
111111011110010101
111101001111100011
111011111000100100
000000000011011010
000010111001101000
111101001100110110
111110110111111110
111101000010111001
000100111111111000
000001100010100100
111111100000101100
000000110010110000
111011100100111101
000001100000001101
000001100001010100
000100101000101010
111110111001000110
111100110011011000
111111010111101111
111101111111101001
000010011111010110
000010001011011111
111001000000000000
000010001011011111
000000001101001000
000001111011100001
111110111001011010
111101011001011110
000000110010111010
111110000000111100
000011010110010101
000000001010100010
111110001110011000
111110010001100100
000001000000001001
111101011010011010
111100110001000110
111101111010010111
000001101101010111
000000001100000100
000000001000100110
000010010011101100
000010110000100010
000010010110100010
000000010000111111
000001100001100100
000010100001011010
000010010101011101
111110100010000011
111101101010110001
000001001110101111
000001101000010001
111110101011011001
000000010001101001
111110011100010100
111101101010100100
000001001101011101
111110000100001010
111101100110010001
111110110010000000
111101010111111110
000010001111001110
111110000111101010
111101001101000001
000010000011110110
000000011100111010
000001000100110001
000000010011110001
111100111001001010
111100101101001011
000011000110011110
111111111010101100
000011001101000001
111101011000001010
111110110001110111
000010100011100101
000010110101000011
000001111101011010
111101000100110100
000001110101011010
111101000110011011
000000001000100001
111110010111001111
000010011100001010
000001100110001010
000000010010111110
000001100110111100
111010111111101100
111100110100011101
000000101000111001
000000010111100010
111101010001100111
000000011111000001
111101011100010000
111101110011111110
111101000010111111
000000110101011111
111110100110000001
000000000011100100
111101110100010001
000000110011101001
111111100110101111
000001001011011011
000000000010011100
000000101101101100
111110100001111010
000000111111110010
111110100011101000
111100100001100100
111101111111101010
111110000011010100
111101001011100010
000010001001110110
000010000110110000
000010010001000011
111111000011111011
000010100100010110
000000011100001101
111110110010101111
111010111101011100
000010001001110101
000001000111001011
111010010101110011
111110011001110011
000000100110101100
000010010101100001
000010011110011010
000000111100001110
111100000110000110
000010011111100101
111101101110111100
111111101011100001
000011010110110100
000001101101011101
000001011000110101
111011101101111111
000010011101100011
000000111111100001
111111111101101101
000011000010000010
111111000110011010
000000111011010001
000000100010100101
111111100101011010
111110111000100011
000001111001001100
111111111001010011
111110001010111001
111110111110101010
111111001110101111
000011011011010100
111111010000100000
111110111011111100
000001000000110110
111101111101111100
000010100010111110
111100100101000110
111010111101011101
111111110010000000
000000101011011100
000001100000001000
000011001101000100
111010011111011000
111110001000110111
111100000100110110
111110001011100111
000000001011100111
000001001001011000
000001000000011011
111110001000101010
000000111100010100
000001101101010110
111111101010010001
000000110110000101
000000100001101110
000000010111000111
111011111111100111
000000111111010000
000000001101010000
111111001001101000
000011001011110111
111101011011110111
000001010101111101
000010100011001001
000001110000111101
111011010011101011
111101000010101010
111100111000010101
111111010110011101
111101001001100110
000010010001011001
000011001111101101
000001101101110100
111010110011111000
111111110111110111
111010100010101010
000001001111011111
000000111000110110
111111010101111100
111111011100011001
000100101110001100
111110111111011011
111111000010001101
111110000001011110
000001100101101000
111100000010010110
111110101011101010
111110100110011000
111111011000110101
000000100000001111
111110111000001000
111011010011010011
111101111110000011
111101111110010111
000001000110111110
111111100111001000
000000000011101111
111110010011000100
111101111111100001
000000001101011101
111100010001101110
111011011011010100
000001001110001001
000001010101011001
111100111111110011
000000010101110011
111011011011001010
111110011010010001
111110111000011000
111111101001100011
000001111100110100
000010011011011110
000100000101011001
111101011011000111
111110011011100000
000010000101001011
000000101101010011
111100101000101111
111111000110010100
111111010101110010
111101111100010010
111011100010000110
111111001100000001
111111011010001100
111110110101101011
000001100001100011
111101000001010000
000000111001000100
000001001001111011
111010110001010010
000000011110001000
000000000110110001
111100101001110111
111111110010100011
111100010010111100
111100001001001100
111110110000000100
111110101100110000
000000110111111101
000000011101000110
000001011011111101
000001110110000110
000010001100011010
111011101001110110
000011011011111010
000000010101011110
111101111000000100
000001010001100010
111100111111110001
111101100101100011
111111000000010101
000100000000101111
000010100111100011
111111010000100010
000001011101010010
111110010110110101
000011110000000011
111101000001110100
000000000001110111
111101000001011010
111111111001110011
000010110110110001
111101100001011000
000000100101110101
111101110001001011
000001100101001101
111110101101001100
111011101011011001
000000000001100000
111110000111010000
111111010000011000
111100001110001011
000100100011111000
111101101011010110
111101100101010010
111011101110111111
000011010100001010
111110010011011111
000000111010000111
111110110100000111
111100100101011010
111111010001011100
000011100011000010
111111110000111011
000010011101000011
111100101011010000
111011011001000010
000000101100110110
111101100110011110
111110010111001011
000000000011001101
000001000101110010
000010010110101100
000000011000110011
111001000110011101
000010000100011100
111110011101100000
111100101000110010
111111110010101101
000000111010001011
111100100010110001
000001110110100110
111111000010000110
000001010110010100
000000101110011001
111100010100001010
000000011100011110
000010000111010111
111101010000101101
111110010101111101
000001010011101100
111111001011101000
111111111100010100
000010010110111100
000000000001010100
111111100010000010
111101001110001011
000010110001101001
000010001000100101
000001000111101100
111111010110110100
111110100110110011
111110001011000000
111110110010110110
000011101000011011
000000100101110011
111101101110100101
000010000100100001
000001101010100001
111110010111110111
111100101101010111
111110011101110111
000000111101000001
111101101010011111
111101100000001100
000001011100100010
000001001001101111
000100010100001100
000001011001100000
111110111111001110
000010110110010010
111010001101110000
000000111111101011
111011001010101011
111101000100001101
111110110011111000
000010000010000001
111101101000100100
111101000001010011
111111011101001010
111100111001101110
000010011000101100
111101111001011111
111110101001010101
000000000010010101
111101110111101110
000001011110010010
000001010000101010
000100000100100111
111110000100101100
111100100100010110
111111101011111010
111111111000001000
000000001001101100
000011100100110101
111111101000010111
000011011110101101
111010111010101010
111111011111110011
111110111111110101
111100000000000101
111100110010110101
111101011000001110
111111011111010110
000000001001001100
000010101000110101
111011110101001110
000011010111100010
111100101011011101
111100001111000101
000001011010100010
111101010010010101
111100110000011000
000001010101000111
000001011001111111
111111100101001101
111101101111111000
111110010011011100
000001001010110001
111111001101101101
111110000000001100
111111000011000101
111110111100000001
000010110000001111
111111111100101111
000000010000100101
111101011110101100
000000111001110101
111111100000110001
000000001101101011
111101001111100000
000001100110011001
000010101111111101
111111111000101111
111011110011001010
000000001100100001
000001101001010111
000011010011001010
111101100001101000
111111000111001010
111110001001000101
111100101010001000
111110100001011011
000010011000001010
111010011000101101
111100110100100001
000000001010110101
111110011101111000
000000110110111101
111100011101111011
111110101010010011
111101110001111001
111100110100011011
111110100001000111
111010110110111111
000000101000110101
111110011100101000
000000100101011110
111111011101101011
111110000000011010
111111110011101101
111101001101110000
111101010110100000
000010001000101100
111110111101101101
111111000011101101
111101100101101110
000001100111011011
111110000111001100
111110101111011000
111101010011101101
111101011011011111
111110000010100001
111110011001000000
000001001010110110
000000111100110000
000010011010001101
000011000100001001
000001100000010111
111110010111111101
111111000110001011
000011110101100101
000001100111010111
000011001010010111
000010110010011010
111110101001011100
111110011100101111
111110110001111000
111111010101001001
111101100100010111
111111111101001100
111111001100000111
000000100000000101
111111000100000110
111101100110110111
111111111101010011
111111101101100101
111100010101000111
111110010011100011
111111001110011101
000000111100000000
111101101001011011
111111001000000110
000010010001001111
111100011101100000
000010100010010010
111011011010100011
111101011011110110
000000100100101110
000000110111111101
000011100011001010
000010010100100111
000000011001011110
000001011001111111
000001100011101111
111100110101100000
111101100011000001
000000101111010010
000011001110001111
111011111110110000
000100000000110011
111111111001110000
000000110010100000
111111110101010001
111110101110000001
111111111001110001
000001010001000110
111101110101111100
000010101000000101
111011010100111100
000010111100110010
111100000110011010
000001010110101110
111101100001001000
111101011011101110
111111010010101001
111110111110010001
000001000001000110
111101101111001010
111101010111001110
111101001100101011
000001001101101000
111010011110100111
111100011111001100
111111000110111100
111011100011101101
000000100010100111
000000101010111111
111111000101110110
111011100011110101
000000101111100000
111111000010010011
111110100011111000
111110101011111010
111110010001101010
111111011011111101
000010010001010110
111101100101010111
111110111001000000
111100010011010110
000100001111101011
000000011110110100
111111011101011010
111011100100000011
111110101111010001
111110011111011011
111011100110101001
111101101101101001
000100011001101101
111111011010011010
111111110110110000
111111001011010011
111100101101111011
111100101000011110
111011101000000001
111010101001101000
111100000010101100
000000000000111110
111101101110101001
111100010101111100
000001110011100001
000000101011110010
111110100101011000
111111111010101110
000000100101001010
111100111001111100
000010010110100011
000001010001101001
000000001001011000
111100101111001001
000010001010111111
111011110101100001
000011011000010101
000000001100111001
000000111000011001
000000111011101100
000001100001001011
000000110101111101
111101100111011010
111110011001101100
111011110010100100
111011110111010110
000000000111110111
000001001011110010
111111001101010100
111101101010000111
111111010001101100
000001001011010111
111110011001110100
111101000010000001
111101000010101111
111110110001000010
111110111010101111
111100011000111011
000010000001010101
111101101101110101
000001010001110011
111110110000011100
111110101111011001
000000001010111000
000000000010011000
111110111111110110
111100110011110100
111110010010011101
111101101111000100
111101111001101111
111110110011011111
000010111100111011
111100100000000101
000011001101010011
000001111011111111
111101011011010011
111101101010000100
000001101010100100
000001001111011100
111110000100000011
111111101110110111
111101011011100100
000010010100111000
000010001000111101
111111001001001010
111011000100101101
000000000101100111
000010110110101100
000010110010100101
111101000001110001
111100110100110111
000001111010011111
111100100000010100
000000000101010000
000001010010100110
111110101111101111
111100111000100101
111101110001010111
111101000010010101
111101110111111110
000001001100111100
111110110100000010
111100010111111000
000000111000000010
000001100111011100
111110110001111101
000000001110101010
111111100001000010
000001011010100100
000011101010101000
000000000011101000
111100001101000111
000000011010110010
000000010011000001
111101100100010010
000000110110010110
000010011001011011
111111010111111100
111100110001110011
111111011010110100
000010000100101001
000000000010100111
111111000011110110
111111100010101100
111101101111000110
000001101100000111
000010001010001010
111111010110111111
000100001100111001
111110100010100001
111111001110100100
111111011011000100
000000111000011001
000101000010101101
111111100100000100
000001101100011011
111111001101001110
111110111000111111
000010100100000110
111110000100010000
000000110011001111
000000101110100100
111111101111000110
000010000111001111
111111001110011001
111110001011011101
000100001110110001
000011101000010011
000011110010111010
000010000010000100
111110101010011010
111110110110000001
000011110001001001
111100011010000011
111110011111100100
111101010011000111
000010001100100010
000001010100100000
000000101110010011
000010001001111110
111101100011001011
111110111011111100
000010011110011001
000001010110001111
000000101111010111
111110010100100011
000001101100110010
111111011100110010
111100100101101010
111111001111100000
000010111111100010
111111011011111001
000011010010101000
000000100100010000
111110001110000110
111110101100001100
111111010101000000
111011010101001000
000001101101100010
111101001110100000
000001111111111101
000001100110101110
111101000111110111
111110101100111001
111111001011011100
000000011100011000
111110110000011011
111100101000011101
111110101100000101
111110110110110111
111110110110001110
111111100100000110
111101011110100100
111100011001100100
000000111100110111
111111000000110011
000010101100101111
000001110110010111
000001001011000010
000000110110010100
000000011011010110
111111101010110111
111111111001001001
111100100011000101
111111000100010000
111111100100111001
000000101101001100
000001100111111011
000010101110110111
111111000100011000
000001000100000111
111101010110111010
000011100001010110
000000110001000001
000000001001111011
111100100000111101
111111001010111111
000010011001111001
111011111000100000
111001100001101001
000000011100010101
111100111010110001
000010101010100000
000001001000001101
000100001111011000
111100000001010111
111110000010000010
111110110111010111
000010100011101011
111101101001010000
111101111101001011
000011001101001111
111100101111100010
111101011101110101
000010011010001100
111100110000000111
000100011001001010
111100100100111011
111101101010100011
000000101000000001
000010000011110111
000011101101011111
000001110010010111
000000001100110100
111100101001010001
111111011110010111
111111101111010001
111111100010011100
000000011111000001
000000111011100001
000001011011111001
000101101111010111
000001101111000100
000001011100110010
000001001011100011
000010110000101011
111111100110000101
111010110111011001
000000011111110011
111010010101000011
111111011010000000
000010011010010000
000000010010011100
000011011001000110
000000101001101111
111101101101010111
111111000011011110
000010010101011111
111111110000100011
000000011110100110
111111011010100000
111111010010010110
111110011000001111
000001000110101100
111111100011001011
111100101100101011
000001111101110110
111011111001001011
111110111001111100
000000101011100110
111111011101010111
111100001111100000
000011111011101000
111100011000111110
000001010000100111
000011010110101100
000000101110011011
111100001100110001
111111010101000111
000010011000100100
111111111010000001
111110110111100110
111111000001110001
111100101101110101
111110010101001101
000010010010000100
111101000011011101
000001101001010001
111111101110011111
000000000000011001
111110001111100010
111110110110101100
000010110001010000
111101011100101001
111110001000010110
111110011110011001
111111100100001001
111111101000011011
000010100010010100
111101101001000000
111110011011000110
000000100111010000
000011000001111011
111110110100000100
111111100000000100
111111100001111000
111110100111000100
111101000111100011
111100100101011100
111101100001010011
111010111000101110
111110111111110001
111111010110110011
111111111000111000
111100011101100101
111111000010001011
111101010010110100
111101110110110000
000000001010110111
000001110000101111
111101001100010011
000011110100111001
111111100110001000
000001001101000011
111101100101001100
111101110010111111
000011001001110101
000001001110001001
111111000000010111
111101001110111101
000011110001111000
111101010001010000
000100010100010100
111100111101100011
000000100110110001
000001111100001111
000010001101011011
000001000000111101
111110010100000011
111110110011001010
000010110001100110
000000101100100100
000001100011000111
111100001010111001
000010001101010000
111110010100000111
000000100101110000
111110110110110111
111100110001101010
000010000011010001
111111100100100110
000011100000011110
000011100000110100
000001010000100001
000100000011100100
111110000000101000
111101010101101110
000001001010001000
000000001100111001
111110110010000100
000001110101111100
111010101011010011
111100101001011011
111111111010101000
000001110000110111
111100000011110110
111101001011010001
111111111011101001
111111101100111010
000100110111100000
000000111000111000
000100101101101101
000100111101101001
000010111000110101
000101010011010101
000001010010001111
000011101000100010
111110011101111011
000010010000100111
111110010110101100
111101111010110110
111111111010000011
111101100010010011
000000101111111111
000100101111001100
000001100011100100
111011100010111100
000001000001111111
111110100110011111
000001011001100101
111011111100011101
111011100010111111
000010010110111110
000010011111011110
111100111001101110
111111001100100010
111111101011111011
000001111001100011
111111100111001001
111101010010000110
000001001011001101
000100101100000000
111110000101011010
000010101010011101
000011101001101000
000010110110110000
000011110100110111
000000111010010101
111111110111101001
111111001111100001
111111101111010111
111100001110100111
111111010011011101
000000111011100010
111100100100010101
000001010111010110
111111101111100000
000001111000001010
111110000011001100
111111011000010111
000001010111100011
000010100011111010
111100010011011101
000010010100111010
111110110001110110
111111000000010000
000001001111010010
111111100101101101
111101101100110110
000010010110000010
111101000000110011
111011011001000101
111011111011111110
000001110001111000
111101010110001111
000010010101001000
000000101011111100
000000110001110111
111111101011101011
111011111101001011
111101100110111001
111101110010001000
111101110100001000
000001010001011100
111101110110110010
000010011100101100
000010111001001101
000001111100101001
000011001000001010
111100100110101010
000000100010001110
111111011110011011
111101110101110010
000011100110100101
111100111010101001
000100011101010111
111101011011000100
111110011000110000
000000100000011110
111000011101010110
000011101100110101
111101010010110110
111110001111010111
111111111110000111
000000111111010100
111011010101011001
111111110100001010
000010001111111001
111010000000100000
111100111101101100
111110100011110011
000011100000001010
000000010001101110
111100010011110000
000000101101001101
111110111100010000
000011000111101111
111101100110011110
111110111010111011
111011110000011100
111101001011101010
000000100110100111
111101100010101101
000011101101111000
111110010101110101
000000101111111011
111101010110100100
110111110000010011
000011011111110110
000000000010001001
111011111111101101
111111011011000010
111101111011010000
000001011101110000
000100000100111000
111111111001010000
111101110000010010
111110011100101010
111111111110110111
000001100000010111
000010000000111101
111110111010010000
111111110111110001
000001000101001000
000001110010000101
111101011000111001
000000000000001111
111101101001110000
111101001001110001
000010001111100010
000000011111110001
111111000101110010
111101111001100110
111110110100011011
000011001001000011
111101010001110110
111111100110001011
111101100010101000
111110100010100010
000001011100010001
000011000101011111
111100111000110011
111110101111110011
111110110000000001
111111111001001000
111111000101111010
111111011000111000
000010011100000011
111101100100010000
111100000100010001
000011100101101000
000001010001010011
111100100110100000
000001001001000101
111100010110011111
111100111110101001
000001010001000111
000000101001110001
111101000001110000
000001011000011101
000010000001011010
000010001111000100
000000001100101001
111111000011101010
111101001100111110
111111001101101000
111111001101000010
000000100010111001
111100000110100110
111110101011010110
000000011000111000
111111111100110110
000000101001110010
000010110000011000
111111001100101010
000001011001001011
000010111010111011
000001011011001111
000001101111001010
111101000000011010
000001110011100000
111111110110001010
000010101011110011
000001011100100000
000011100111111111
000000110101111001
111110010001000001
111110101011010000
111110100101000100
111100010011000011
111101111010001100
111110000101111100
111111110100101100
000000000001010100
111110111000001010
111111000010110111
111011111111111101
111111011110010101
111100010001010000
111100010101111000
000000001110111011
000001010101101110
111111111010100110
000000001001001110
000100001010001011
000001110011100010
111110110000101111
111011111011101001
111101110001100111
111011110100101001
000000110000110111
111100001011100111
000001100001100010
111101100001101000
000001000010100110
111111100110101011
000000111000011000
000001100010010010
111100111100010110
111111111111010110
000001001000100111
111101011000010010
111111101100010001
000000101001000100
111110011110111110
111111011100101000
111111100111100111
000100000100011101
000001110110001101
000001110111011110
000000101100000110
111110001100100101
000001000001100101
111101011001011100
000001000001011011
000000010010100010
111111000100111111
000001100110001010
111111011000101110
111110000001001010
000010001101011100
111101110010100101
000000000011011010
111110011001111001
111110011111101001
111100000000000110
111111110110010000
000010011101111111
000011011001010001
000001101010101111
111010111000100001
111101011101101000
111100111111010110
000010001000100111
111110110100011100
000011011011100011
000001001010000111
000011001010101010
111110001100101110
111100011100100000
000000010110101011
111100100010111000
111111110000100011
000000011010011011
000000101011000100
000000000010000111
000100011000111000
000100001100111001
000000010111001111
000010010101010111
111101001000001000
111111000101010100
111111111011110000
111000110000000011
111100001100110110
111011101000100101
000010100010011100
000000001100100111
000000101110001100
111110001110001101
000001101011001101
111000100101101001
111010110000010011
111100011001101101
111111011000110110
111111101110101110
111111010010011101
000001110001001100
000100100010111111
111111010001100010
111101001011000010
000010000011110100
000001100101011011
000001011111100101
000010100101001010
000000010010010100
111011101110010110
111101011001010011
000011100110001100
000001101001110011
111111011101000001
000010100000000001
111011101000110011
000000101011010101
111110001001000011
111111101011000100
000000101111111001
111011000011101000
000000111101010011
111110110011011110
000000101100110101
000010000001101001
000001010000110011
000010100001100111
111101010010011001
111011110011011000
111110101100110011
111011100100000011
111101101010110100
000000101011011100
000010010100110001
000010110101101001
111011111110000000
111111011101010111
111111010111000000
111110110000010101
111110011101101001
000010011110000000
111111011101101111
111011001101001100
000010010000101011
000000000011101011
000001100001101001
111110000111101110
111110101100001101
111100011111000111
000011010010011101
111010101111011100
000001100110110011
000000101111010101
111110011010010100
111111101111011100
000000001000111111
000010001010101101
000000100010101011
111111110110001010
000000111011000011
000000111001110011
000000111111001001
111110110010011100
000011100010010101
000000101110101000
000010001101100100
111111110010111011
111101011101100010
000000011111011011
111110010100110010
000000000000001100
111100001111111010
000001000111000111
000010000011100010
000001111100011101
000011000101000011
000000101100110000
111110010000000111
000001000110110111
111101011000010101
000000011001110111
000011101000100101
111101001001101001
000000010001000110
111110000111001000
000001110110100111
000001011101000100
000010110111000111
111101010100100100
111110111000001001
111010111001000010
000000101101011110
111100011010111111
000000001110000111
000001101100110100
111101001000000111
000001010110111100
111110000100111011
111111111010000101
111100111010101000
000000101100000001
111101010110100011
111100011001111010
111111011011010111
111110011000010001
111110101100001001
111110101010000101
111101000101000111
000000111111111001
000000110011010001
000010011110100010
111111100001000011
000001101011110011
000000000111101100
111111110010001000
000011011010101111
000001100010001011
000000001000100110
000000101110111001
000000011100011110
111110010101001111
111110001010111010
111110000001000101
000011110100101011
111110001111100011
000000111011110010
000000111100101011
111111110000011100
000100100100001101
000001101110001010
111101100100011011
111101011000011111
111111000010101001
111110110001000110
111110110001011010
000001111110010010
111111100101001000
000000001100011011
000000101001000101
000010011001001001
000001111001001100
111111000101101111
111111110011000010
000011010010100000
111111011001111101
000001000101100000
000000000100101001
000010110110000000
111100011011011100
111111100101010110
000011011001101000
111110001010110010
000100111100110110
111011010100101111
111111010011110110
111001110011110001
000001000000110010
000001001010111010
111110000101010011
111110110101101011
111111100010000011
111110111100011000
000001010100001111
000001000011000101
111111011101100000
111100010010101001
111101000101100000
111101000100000110
000010110011001001
000001101010001010
111101101001001000
111100100011010001
111101100110101111
000000110110111010
111110111101101011
000010000000111011
111010111011010001
111111011101000100
111101000011011100
000010011011110101
111011110010100100
111110111101100011
000100000001000111
000110101010101010
000010100010100001
000000111111001100
111111000111010111
000011010100011011
111100101010100001
000000110100001010
111100010000100000
000001110100101011
111101110011011001
111100001111100110
000010100001110110
111101000100001010
111111100100011010
000001101111101010
111110010101110001
111111101010110011
111100011101100100
111111000010101000
000001000101111110
111100010110111001
111110011000001111
000010000110010111
000010010001111010
000001100100110001
111001111100100000
111111110000100000
111111111010001101
111100111100110100
111101110100101110
111111001000111100
111101100101111110
000010010000110101
111110000011101001
000000011000101010
111110000100001101
000010011111001111
111101111000101001
000000101101110101
111100010101101101
000000110111100111
111011000110101101
111100110000110001
000000101010000100
000000011010101001
111101100010011111
111111110111000111
000010010000100010
111010011010111001
111100001001100011
111110101000001011
111110101110001010
111100100011100011
111100000010011011
000000001010010110
000001011110010011
111110101110010110
111000001011011111
111111001001100111
111110011011011010
111101011110010001
111101000110111011
111001001101000000
000001001100101001
111111001001101000
000000000001000111
000000111110111011
000001100000100101
111111110101011101
000000101001010100
111101111111011000
000000110111011111
111101010011010111
111110111000110000
111101101110100001
000001010110110101
111101110000111100
111101101001011011
000000100100111100
111100100101111100
000010110010001011
000000101010110011
111110001010111111
000010000100100001
111110100000000011
111111111000110011
000010110001100101
000010001010000000
000001110110111100
111101101100100000
111111100100110100
000000011111101011
111110101101000101
000001110000001001
111110110010110000
000000100000101101
111100111111010110
000000110001010111
111111001100111110
111111001101100000
000010100010010010
000100101000111011
111011111000111100
111101010111101011
111101010101111101
000001101010010100
000011001100111100
111111110101111100
111110011101100000
000000100000000110
000011100000011001
000010100011010101
111100011101000001
000000100001110110
111101100101101010
111110111010110111
000000110010010011
111100111110111010
111101110000111000
111110000101001111
000010000111011101
000011111001100010
111101111110100101
111110000101110101
111111010000111101
111101111010100110
111101010110111010
000011100000101000
000000011101011111
000011000100001010
000100100110111000
111110111001001001
111101001011100001
000000001010011011
000001011111011000
111100011010000011
000010011110011111
111100000101101001
111111100011001100
000001010111101101
111110000011100110
111111101011011110
111100011010111010
111101011111110110
000001011001111011
000000000111101111
000010000001001111
000010100010000011
111101001101111001
000010010011000101
111101110001111001
111100100011011000
111011101000100001
111011100001111000
000001011110110001
000000011000000001
111101110000101110
111110010010101000
111110101001110010
111111010110101110
111111111110110000
111100001100000111
110111101000000011
000000101000010100
111010000010001010
111111000000001010
000001001101110100
000000011000110101
000011011011110100
000000100011101001
111100100111010010
111010011000001000
111111101010110000
111100011101011110
111111111000100100
000011001111001001
000001001111010111
000010010010001111
111111110011100101
111001111110001011
111101000101110111
111100001110100011
000010010111100110
111111010110100011
111110011000101001
000001010111000001
000000100111001010
111101101001010101
111101111001010100
000000111000101011
111011110010000110
111110001111001001
000010011101101100
111111111101100101
111110111101111100
000010110110010010
111100010010011001
111011010011001010
111101101011011011
000000010001010001
111110000101100010
000011111110000111
000001010110111010
111111101010000101
000000110010111111
000000011000001111
000001010000111000
000010101011100000
111011100000110010
111110111101001001
000000100101000010
111111001011001100
000001010101001001
111111000111101001
111110110001101001
000010000011100111
111101011010010100
111100111011110100
111101001001010000
111101000110100100
000010000001111010
111011010001101010
000011010110000011
000001000010101001
000001110100101000
000000000110001000
000000011000111110
111110001000101001
000011010011110100
111000011100010111
000001100000100110
111110101101111010
111101011111110101
111101100101001000
111110001101100110
000011011110111100
000001010010110010
111101001111011011
111101101011000100
111101000011110100
111100011001000001
111100110000111010
000000101010101011
000100100100010001
000011010111011010
000001010001000101
111110010000100000
111101111001111010
111111000100100101
111101100110110111
000010000000010010
000010000010010000
000000101011000101
000001101010110111
000011010111110011
000000001001110001
111110101001001101
111101011111110010
111111101011110111
111011000101001101
111010101110000000
111110011001110010
000000011100001000
000011010110001110
000000111110001100
000000111001001001
111101110001010110
111101100101110001
111011001101000101
000001110011001100
000010110000000111
000010111110000000
000001011010110111
000100000111011001
000000110111101100
111110001010111010
000001100101101010
000000111001001100
000010011011101101
000001001000101011
000010101010000111
111100000110011010
000010010000100010
111101001110111000
000001110010001101
111110000100100101
111100100000000110
111111101001001101
111110000101110110
111101001001010101
000101110000001001
000001010011010110
111111000010111110
111011101000000111
111101011111101111
000010011101101010
111110010101101110
000001001001110000
000011000000000010
111101010111100101
111101011000111001
111100010100110010
111011110011110101
111011100100110110
111100100011100010
111111100110100100
111111101001000010
000001110010001011
111110101011100001
000011100110110001
111110000001001011
111110100111011101
111110110101111101
000010011100010100
111101110000010110
111101110101101011
000011011000100111
000000100000011100
000000110001111001
111101001100010101
111100000110110000
111110001010101101
000011111001011100
111111101110011010
111001111111111110
111101000110100101
000001000010001111
000010101000110001
000001010010011101
000000001001000111
000000101000110001
000000101010000111
000001000000110100
000000111000111010
000010110111111101
111100100100011111
111111101001001100
111110101000001111
111101001010110100
111101111011100000
111110111001110011
111101001001001100
000010000011101001
111111110110010011
000000111001110101
111100111000011110
000100010100001110
111011110110011100
000000100000101110
000011010100101010
111111100100000110
111101011000000010
111101011111111000
000010111100011001
111111010010101110
000000011101011100
000000001011101111
111111111001101111
000011001011110101
111101111100001101
000000000101111010
111111001101001001
111111001010001100
000000110101111110
000010101110011000
000001010011110100
000001001110011111
111101111110010001
111100110011110101
000000110011110010
111101110010111110
000000110110101111
000001001100110000
111101010100000110
111101101110011100
111111100111111010
111101111111110101
111011111101001001
111011110001010001
111100010110001111
000001011101111011
111101001100001000
111011000010011000
111100111111111100
111110000100110000
000010000110001101
111111111111011011
111111010000100001
111110001111101100
111100101010111011
111111111011110111
111111001111001001
111111100111101010
000000001101000001
111101111101000000
111110000001010100
000001111101111010
000000110011001000
111111101111000011
000101010100000111
111101100001111011
111111100110110110
111110100100100101
000001100110011111
000001001010100010
111110011001010111
111111010101000011
000010111010011110
111111100100001111
111111111111011000
111101011000001111
111110000100101100
111101001001000001
111111110111011000
000001110011100010
111101100110010100
000001000010011101
000001010011001010
111101111000101110
111110110010001000
000011110111111100
111111000100110011
000001001000110110
111110111111001011
000001001111101101
111100000101010101
000011100011011010
000001010111011011
000000010000001110
000000000101001011
000001000000101111
111010011010001011
111100011110001010
111010110001010011
111111011001100101
111111011010110111
111101101010111001
111110000111000101
111101011110001111
111110000011000000
111110001111100001
110111010001010010
000011100111100010
111111001001111110
111110111010101111
111111001110000001
111010011101100010
000010110101001011
000011010111110010
000011100000001100
000010001010000010
111111010100000010
000000111010010101
111110011100110010
111110111001000001
111111000100111101
111100010101001110
000001011000110010
111100110110111111
111111011011010110
111100111011010001
000001001110010111
111110110010010111
000010100000111101
000000110001110110
111110001111101011
111110000011111011
111011011111111000
000010001001100000
111101011010011110
000011000010001011
000000010110010001
000001000010111100
000001110010101000
111101010011010000
111110111111110111
111110010101001001
111101111011000001
111111011011110010
000010110110111011
000011000011000101
111101111011010101
111111101110010010
000010110011011110
111111010010000110
111100000011100110
000001011110110000
111111000001100101
111101100101000000
000000011010111110
000001001101100100
000001001111011100
000001101110010111
111110110101101010
000011100100111001
000010110100010011
111110110111011101
111010001111100010
000010001010000000
110111011001001001
111110110010000110
000000010101000001
000000010101000110
111010011110000100
000001000100011110
111100111111111000
000000011100001100
111011111000100111
111101011111011010
000010101100001011
000100001011101100
111111100001110101
111100111101111101
000001101110101001
000010101010001011
000100111110100110
111111100010010010
111100011110001000
000010000000001001
000100001110010010
000101101101001110
000001011110110100
111101011000000100
000010101010100001
000010011010000001
000000101001110011
111101010011101101
111110100001010110
111001111000011100
111110001000111001
000000110011110001
000000000111111100
000000100000001010
000011100011011101
111110111011010111
000000010010110101
000010000010111001
111000010010011100
000110101000000101
000010001000011000
000001000011111000
111110100110000010
111111000001001001
000001100011111111
000001000100111001
000100000110101000
111110010010011001
000000010011100010
111110101101001010
000000110100011000
000011100110100010
000000110010000100
000000011011101111
111101010101000110
111101110111011011
000000011100111100
000001010000001100
000000011111001110
111101111010110011
111111111011111110
000011001101000110
111101011000010110
111111010101011111
000000010110110111
000011101111101110
000010100110101110
111111111111111100
000000001011000011
111011111001110011
111100100100000010
000000101111011001
000100110110010100
000100010100001101
111111100100110100
000000110111100100
111100100110001110
111100000011001110
111101011111001010
000001111011011010
111110101011111011
000011001110001111
111010111110100011
111111000000111011
000000110010101111
000100100111010110
000000110001011010
111010111110011001
111111010010000011
111100011100000100
111111010011001111
000011000101000001
111011101010111110
111011000100100100
111111011111100011
111110100011000100
000001010011000000
000001110001010110
000000100001111000
000000111000010000
000000010100011001
111111101001101100
111000001110100011
000010111011100110
111010101011100110
111100101000000010
111011110100000100
000010100111100011
000010110010100111
111011101001110100
111111011000010110
000010111010001011
111110011000001111
000001000101100000
111101011001001001
111111110100000000
111111001110000001
000011101110010010
111011001111101111
111110000011101110
000001101110010101
111110001111100000
000100000000110110
000011000011010001
111111101111101010
111010101010110010
000010111010100101
000000101010010100
111110001101100101
000010000000010010
000000110111101010
000000000111000100
111101101000101001
000001001011100011
111111010000010100
000000000101010101
000101011100010010
111100110101101100
000000111111001011
111110111011001100
111011111111010101
000001011110010010
000010001100110110
111111010111000001
000010010001111110
111110101011010001
111101111101010010
111100110110100110
000100100100000101
111111100110001101
111111110100110000
000010110100000100
000001110000110001
111111110000010010
000010111001101001
111101111010110110
000011000010101101
000010100100010010
000101000011100001
111101100100100010
000011110000111010
000000010010101010
000000101100111010
111111111010100010
111111000001101010
111101010010000010
000000101000100101
000000000100110111
000001010010001011
111100110111101101
111111100110101000
000011101100000011
111101111000111110
000001100011000011
000000100101100010
111110011010011110
111111110011111111
111101000110011101
000010101100000110
111110000001000010
111111110100111000
000010100000110110
000010110001100001
111110100110110100
000000101101001000
111110110111011011
000001011101000000
000010101001111101
000000001110010000
111111001010101110
000011000001001110
111111000001001000
111111110101111001
111101011001010001
000000100111011100
111111011011011111
111110011000110101
000011001010111110
111110101101111011
111111101101111100
111111100000010101
111101000010000111
111110101111111101
111101101100101111
111111101000001011
000000000011000000
000001001111101011
111111100010111101
000011011110010100
111110100111010100
111101001101110101
111110011010111110
000000101111111000
000010110101010011
111101100011011111
111101111001000000
111111000110000001
111111011100100101
000010001101001101
000011000001101010
111100010000110010
111100011010011011
111101111101010010
000010011100001110
111110101110101111
111110001001011111
000001110001100000
000010110101110000
111110010100100110
000010011100011111
111110000110101001
000001111111110110
000001010110111010
111001110001111100
000001010010110000
000001001001101101
000011010000100100
111010011011011100
000011110100110101
000001011001000110
111100001010011000
000010100100101011
111010101100110010
000010111100101110
000010110101010000
111111110101001100
111110000000010100
111011110010000000
111110111110100011
111101010111001010
000100100011110101
111111101110001000
111101100001001001
111011001001100011
000000111010010101
000001000111100000
000000000100111111
111111011001111000
111110000010001111
000001011110000111
111100101000000111
111110001011001101
111101111110111001
000010110011011010
000000001000011011
111110011111011111
111111111110001000
111101111100101000
000011111000100011
000000101101111001
000010111100111000
000000000000100110
000010101101000000
000001101000001100
111101001000110110
000000110011100011
000000000010111001
111101101001101101
111101111011101010
000001101111111000
111111110010111001
111111100101010010
111111010010010101
111110100000010000
000000100110000111
000010101110100001
111111101011011100
000011000011010111
000001110010011001
111110101100001100
000011001011011110
111111000011011011
000000000000110101
111111010001110011
111111111001011000
000011010011101111
111100001100111100
000000111111011001
000001111001110001
111101100111010011
000010000011000000
111100100010101111
111110001001010101
111111101001011010
000010111010001001
111011011110000101
111111010100100110
000010001001010110
111101010111101000
000000001011110100
111100011101111101
111100000000110010
000100001111100110
111101010111111100
000011011001010101
000010010100101001
111110110001111111
111011100001010110
111011111010100001
111010110101111010
000011011111100110
000001000110001101
000000011100000110
000001010101000000
111110100110011101
111100000110011010
000001010001111111
000001000000010111
000010001011111000
111011001010111001
111100001111000100
000000100110111010
110111101001100110
000000111010110011
000000001111000011
000000001110010111
111100111111100010
111110000110010001
111011100110011110
111110100011110101
000000101100101000
111100011110011011
000100011011101001
000010010111110010
111100110000101001
000001111000000100
000110011010010011
111011000001101000
111101111110101110
111110110010100111
000000111000000110
000001001011100100
000100111010100100
000001010111010111
000010010010001101
111011010010100001
000001010101110010
000001100100100001
111100011001011100
000000111001100010
000000010101001001
000010101000011101
111110001110111000
000001100010100001
111101111101000100
111111111001001100
000001111010010011
111100010010100001
111110100001111111
111100010010010111
111110110110000011
111100000111010110
000010001011001000
111101110010001111
111101110001000010
000000010000101100
000011010011110011
111111011101011100
111110101110110000
111011100010010011
111011000011110101
000010101110111111
111111100100000001
000011001110111010
111101101000100010
111111100000100001
111111001100000110
111101101110101100
111111101000110110
111111110000011000
111011100101100010
111101001110110110
111010111100110111
111101001101110010
111101101001111000
111111010110111000
111100011010001100
000000101010010000
000001001001011111
111111110100100000
111111110101001101
111111000111010101
111110001001110111
000011001110000111
000000010100011010
111101000010111001
111111111100101100
000000010000110001
111101001100111110
000010000011000001
000000111010011110
111101111000111110
111111000111010101
000001000000011011
111110000111111011
000011000100100101
000010001111011110
000001100001111111
000011000100100110
111111011110000001
111110111110111100
111101011110101100
000010001110001111
000000011101101011
111110001001011001
111110011011101110
111110111010010101
000001101010001010
000011101010110110
111110100111011011
000001011011101001
000010101000100101
111011011001100011
000001111010000110
000000110111011000
000101000010100010
111101101001101001
111110010010100010
111101011001011010
000001011001010110
000000100011110000
000010010111101110
000001101010011101
111100110010111010
000011111111100010
000101001111110101
000101100100100110
000010111010110001
111110101010011000
111001101101001111
111110000011101000
000001010100110100
111100101010110110
111110111011100101
111011110100001110
111110001011001110
000010000010000001
110110000000100110
111111001100111100
000001110010101110
111111000111010100
111111010010010100
000001010001001101
000010010010100001
000101010101100000
000011010110010000
000010011011010110
000001001110001101
111111100001111000
000101010101101011
000010100010000011
111011001100110101
000001000111101101
111101101101110000
111101100010001010
000000110011110010
000000010001001110
111101010110000001
111111111001000010
111110100110100100
111101111110101110
111101000101101100
111101101001111100
000001111001001001
000000110001011110
000001110011100111
111001010100011001
000010010100110110
000001101010010000
111101101110111100
000001010111000110
111100111110010100
111111111110100100
111111011110010110
000001000101001110
111010011011110010
111010111001110010
111110100101001011
111101100001011111
111011100010001101
111111100000100111
111110111001011101
111100000001001010
000011111011010110
000001111010000111
111101001010001110
111011001000000011
000100010010101000
111101110010000100
111101100100110110
111110000000010100
000001001110000011
111001100101010001
000001101011011010
000010001001110011
111010011111101010
000001101111011101
000000001000011100
111110011110011010
000011000001011010
111110110111010111
111101111101101101
111111100000000001
111011011011101011
111111000111100110
000001110101100100
111110001100111111
111111001101111100
000000101111100101
000011110011010100
000000101110111011
000001000110011111
000000000101101110
111100101100100001
111100011000011010
000001001000010110
111101100110101000
111110110011101101
000000000101100100
111111100100111000
111111011101110010
111100100110011101
111011010100100000
000001100000011101
111110001001100010
111011000101110101
111010001000010110
000001000111011100
111111101101000011
111101011011011111
111111011111110010
000100001110100100
000101011000001010
111100101011111001
000000001101110111
000000000110111101
111100010101011111
111111011111110011
000000100011100110
111100111100101111
000010101100111001
000000000001000100
111110111001100101
111100100111110110
000011010011111100
000010101000111100
000000010110110010
111010101111101011
111100011000100100
111111110101000101
111111101101101111
111100011011110010
000001111000111100
111101010010100000
111100100110111110
111101101100011100
000100101111000000
000000011101111010
111111010000110110
000001110000011110
111110110011100100
000011011101000110
111110100000101001
000110001111011110
000010001010010111
111001111010110110
000010010110011100
111111001010001001
111101010000000111
111110001111011110
111110100010110001
111110001000101111
000010000001110110
000001011111101011
111101000101000100
111101110000011111
111101111010010111
111101101001010110
000001011110111010
111110111101111010
111110100010110000
000000100110110010
000010100001110000
111101111111100011
000000001010001011
000000000000011001
000010100010111101
000001010010010100
111111111011000110
000010100001110101
000001010100101110
000001100111111110
111110000000111100
111111010011011000
111110101110011001
000010011101000011
111101101001111010
000010010110010010
000010110101100110
111111100111111011
000010000001101101
111011110101110000
000010100111110100
000001000001000100
000001101111101011
111110101011111100
111111001001000010
000011010001001101
000000100010100011
000100100110100100
111111001111110110
111011010111110111
111111110111111010
111110010000110011
000001000000010011
000000111111111000
000100100000001011
111101101011001110
000010000011101110
000000111001011111
000010011010011000
111111110000010011
111111011110010100
000010010011101100
000001110110100111
111111001010001010
111101110010001110
000010110001001010
000000000001010111
111100101101001100
111101011011111101
000001010001001000
111101011010111011
111111110011011010
111111110011010001
000000101011001011
000010111100000110
111010110100000001
000000110110001001
111101010011101000
111111101110100010
111011100001011100
111101101100101011
111010100101101110
111000101011100110
000001110010100100
111110110011011110
111101010001011010
111000101001010100
111101111010100111
000001001010010000
111101101011110011
000000001011100110
000001010101100100
000001111011001100
111101101001010001
111110101011001111
111111101101100100
111100000010111001
000011110101111000
110111110111110011
000001001010000011
000001000010101101
000101111011000000
111011000001001000
000001000010101011
111110101010111110
000011001111011000
111110001011000010
000101111110000010
000011111001001111
111111110010010110
000000100100000111
111010011000111010
110111110101101100
111101111011110010
111110110011111111
111011100100011101
111100110110000001
111100110010010010
111000010010101100
000111011110111101
000100000111101000
111100000111010111
000001011010010110
000010110010101100
000011001001110110
110110000110000101
111100111100010000
000010110010100001
111100010010011001
111101101010010101
111110111101010010
000110100011010001
111110101010100101
111100111100001011
000000100111101011
000000101001011011
000001100100011110
000010001110011100
000001100011011001
000010101010001100
111110010111011010
111110000010100010
111100101001111111
000100111100111001
111111001011110001
111011010011110010
000010000000011011
111101100100010000
000011000110111000
000010010110011000
000000101011010011
111010111110011001
111011101100110010
111101110000001011
000000110011001011
111110110011111011
111110100011011101
111110101011010101
000001000000101111
111110001000010100
111100010100111101
000100000110000110
000100100001111110
111111000010001101
000000101110011110
000000011110001000
000010011000010000
111011001100011000
000011001110000010
000001011111011110
000011100101110000
111111110001010000
111011000110000011
000010111110110000
000000000100000100
000100001111101000
000001110100101000
111111101010100011
000001001110010001
111101110000010011
111111000101101111
000010001011000101
111110101011101010
111010001111001011
000000000001100010
111110000110100000
000001101010101010
000000000011100000
111111000111111000
000011111110010001
000011001011010000
000010001010010011
111001111111101111
000100101101100011
000010100000110001
111010110010010111
111110010011100010
111110011101111111
111101110010001111
000010110000101101
111101110000110010
111110111011111011
000000000000100111
111101001001110000
111101100000010111
111111111000011010
000100111101101101
111010011011001000
000001101001111011
000001010011010101
111110111110111010
111011000101110111
111101000101110111
000011001101101000
111101100111110011
000001111110011010
000001110100110110
000001100110100010
000000000010101000
000001100010110001
000010011010001110
111101010010000111
111101111001101101
000110111100001011
000011101111101001
000000100100100101
111100101011011110
111111001111010011
111111001001100101
000100001011110000
111110010011001011
000010111001011110
000100100100110110
111101011110010110
111000011011010000
000001111011111111
000101000000100010
111110100010101111
000010000000011010
111111100110001000
000000110010111000
111001001000100001
000001010110110010
000001001011001000
000010101011100101
000101101011101111
000001000010111000
000010001100011110
000010001011001110
000010010000101110
000001111000000001
111010000110101000
111100111000011101
000100110001001011
000100100000110010
000011101011111010
111100000010100000
111101001111111111
000000011111001100
000000110111001101
000000001111101101
000000001010001001
000001111000100110
000000011101001010
111101011111001011
111101111110111000
111011000010100100
000001100001101100
111101111000001000
000000101011011110
111101000001001110
111010110110011111
111101111110011110
111111010111101101
000000110111111010
111110001000110101
111111110110000111
000011101001000111
000000011011100010
000001111010001000
111101111010001010
111100010010000000
000010011111110011
111111100010011010
111100001101000101
111111010001001110
111111011000101010
000001101101010111
000010101010101010
111001000010001011
111101001111011101
111000110110000101
000001110000110110
111111110100000000
111110101010111010
000000111000101011
000000000010011001
111110001110111000
000010011100110000
111111010011101010
111111000010100000
111110011100100101
000000101110110000
000011001100001010
111110101110101101
111110111010010100
111100011000110001
000001100111101010
000010010010100001
111111010100110011
000010100001110101
111101011011001011
000010000111100010
111101111111101010
000011010111001100
111110111111110100
000000001000000001
000000011001111101
111100001101010000
111111111001111110
111110110101110010
000001111000100101
000000001001000010
111011010100000111
000001110011110110
111110011101111001
111111011010100111
000000000001111111
000010001000011111
000010110000000011
000001111111010010
000001000100001001
111000111010010110
000010111001011010
111101111110100010
000011101001101100
111110001101001000
000010001111111110
000001001110111111
111111100111100001
000000011101011110
000001101010010011
000010000100011000
000011000110010000
111101110110111101
000001000111101011
000000101111001011
111111100111100100
111110111001111010
000010100111100000
111100100101111000
111110110010011011
111110110000010001
000000000100111111
000000010000001110
111101010111100100
000001000111000001
000010011111011101
111111100101100001
111100101110011111
000001100101100011
000001100011000100
111101011000110101
000001001101001100
000000111111101100
000010000000111101
111110110001010011
000001000101101100
000000101111111001
000010110111001000
000010010111000100
111101010010100100
111010010110110001
000001100000001101
111110010100101101
111011011111110010
111111111010110011
000001111101000011
111110000000111011
111110111111101101
111111010011011011
000001000110000001
111011011100100011
111101100010011111
111000001101000100
000010111111011000
000000110111001010
000010100111011011
000000110001111100
000001010111100100
111110000101001111
000010000001000111
000001101010010010
000001000110000000
111101111101001010
000010010100111100
000000000110011010
000000000000110110
111111000111101010
111101010110001011
111111111010101001
000010101010110101
111101001100010000
111111110110011010
000000111111110100
000010101010101100
000001010111100101
000001110011110000
111111110110111100
111111000010011101
000001001010010101
000000100000001001
000000111011100110
111111010011001110
000000001001001101
000010010011001000
111111100001001001
000000000001110110
111111011000011101
111101010001111011
111111110011111100
111101011001110100
000100010000010010
111101011010000011
111110110111010010
111100100101000110
111110001100110101
000001100110000100
111011111100110111
000001001000000111
111110001000011111
111110101000000000
000000000010101001
111101000011001100
111101111110101101
000001101101110101
111111011001101101
111111100101011100
000001000101101101
111101010000011010
111100110101010000
111110010011100101
111011001111000110
111110011000000010
000001100001011000
000000000111001000
111110100000011011
111111111000011100
000001001000001111
111101010111001101
111101101100100010
000000000010100011
111101001010111001
111101100101010000
000010100001010000
111011101100011011
111110011010011011
111111101111111111
000000110101100011
111111000111011100
111100000001110010
000010001001001011
000000001001110000
000100001111100101
111100100100010101
111110011100100111
000001000010001110
111101101010111101
000001100010101111
000010010010010111
000011010101000000
111011001100100110
111100110101100010
111011110000011100
111110010110110110
000010111001010010
000011000110111100
111111111100101111
111011100010110110
000000000111110110
111011000110110011
000001001111110101
111100110101101000
000000010001111111
111110101111100101
000010110000011101
000011100111100111
111111000101010011
001000000000111000
000011011001100011
111111111001000010
111111011100101110
000010010001000010
000011001001011000
000010000010100010
111100110011011111
111110010001111110
111111000111000110
000101011101011010
111110011001111001
000001111101010111
000011111101010111
000100000000111111
000100110011010110
111111011010101100
000000010000100001
000010001001000000
000011000010000010
000000101000010001
000001001111000110
000011001110101010
111101001110110100
000001010010110011
111111100000100000
000000011010000000
000001111101010001
111110001011011001
000001010001010110
111101110101110000
000000101101111000
111111100011010000
000011111111111011
000011011101001010
000100100000111110
111101000100111101
111111100000010111
000010011100010001
000000001100101110
111101011000011001
111100011110010011
000001101000100011
000010011011000111
000010001110111011
111110110100100000
111110001011001001
111101001101100101
111111001110000001
111110010101011101
000010100110001000
000010000000001110
111101100101101001
111101110011000010
111111110100011111
111110101101101000
111001010011010000
000000101000101011
000100011010110101
111010101011101100
000001010111001001
000001001111011110
000011111100100100
111100011011011111
111111001010001101
000010000000001010
000000001001010110
000000100001010110
111110110000101000
000011101100011110
000010000001010010
000011101101101101
000000101010001110
000001011100001100
000010001101101100
000000010011011000
000000101111111001
111110011111011011
000010101001110101
111010100000010111
111111011000111011
000001110000101100
000011100111101101
000010110111000001
000010010111001100
000011100101010000
000000101101000000
000000000110001100
000001000101001110
000010001001110000
000001110110100110
111101010111011101
111111110011011110
000001100111011010
111100110110100000
111111011001010111
111101101001000100
000011100101011001
111110110011000001
000000010010111000
111011010011010010
000001010010010011
111111001010011010
111111101110111011
111110101111000101
000001011110110111
000010010010011111
000000100010100001
000000000100100011
111010011011100101
111110111101000100
000010101011011001
000001001101000001
000010001111011111
000000000000000000
000001000001011110
111100101101101100
000011011111001000
000001111000100000
111011010000110011
000001001100111001
111110011101011110
111100101101011000
000101000001101101
111100110111001101
000101101110111001
111110111001101011
000001000110111100
000010100010101000
111111001000110101
111110100110100000
111111100110100011
000011001010111001
111101110101111111
111101011001110000
000000010010010000
111110100011000100
000000000001011110
111111100011110001
000000111100000111
111101011101101011
000010010101010001
111101000100111010
111100110000101111
111110010100011010
000000101111110100
000001010100111001
000001000011100000
000010111001100011
111101100001010011
000001111101001010
000010010111001000
000010100100101011
000010100000101110
000001111111100010
111110111011000001
111101111111010001
111101010111010101
111110101011000101
000001101110011000
000000011011111001
000001010101000101
000011100010110111
111100111101101110
111101001100000010
000010000101111000
000001101101100101
111111111011000011
111101100011011111
000001110100000010
000000000101000000
111111001001111101
000001110100011000
111101100000001100
000000000001001100
000000101111000001
000001011110010111
111100101000010110
000011101100011001
111111101110011010
000001000011101110
000000000111010001
000010110001001101
000001011001100010
111101000011000001
000001010101001010
000000000011111011
111101111010011101
111111011111000110
000001010110011110
000011000000101010
111100000001101111
000100000010111000
000010111100111101
111101110010111110
111101101011101111
111101110100111001
111111101110100111
000001100100101001
111110001000001001
111101110111101010
111110101011110000
000100001010001011
000010010100001001
111101000001000101
111111010001101000
000010011110101100
111010011011010100
000010111100110001
111100111001111101
000001000101110100
111101011100011011
000010011100010010
000100101001000011
111101000111001111
000001111001100101
111010000101010010
000001111100011000
111111001001001100
000010001010111100
111100011100011111
111101100010011111
000001110111110110
000001000000000011
111101101100100000
000010001101111000
000001101010000011
000000101001100101
111110010001001000
111101111100011000
000000000101111111
111111000101001001
000001100000010100
000000100000000100
000001000010001110
000001000110011011
111111101000000110
111110101001001101
111111111100101111
111101110000011100
000000011101001011
000001010100010100
111101010010111010
111111010101010010
000010100100011100
000000001010001011
111111011011100101
000011110010001100
000010000101010110
111101110100111101
000010110001111110
111111101111100001
000011000100011001
111111101111001001
111110111100010001
111111101010100011
000011011110010100
000011011100101100
000010000111100111
111100011001111000
111011100000110111
111100101111011100
000010100101000011
000010111010000101
111100011011110101
000000011010100011
000001010011111110
000000001010010110
111110101101111111
111100111000000100
000010000001011011
111111101111110101
111100100101110010
111100010100001000
111111001000101111
000000101100011101
000011000100101011
000011111111111010
000000101100100000
000000101000100001
111111100110000111
000011000011101111
111101010001010011
111011001001001111
111011100101110010
000000110011010111
111111001000010100
000100000010001001
000011100001001001
000011110001110111
111011000010000010
111010110101001000
111010101001011011
000000010000110000
000001010110010010
000001011110110100
111100100011000101
000000010010111000
111110011110110001
111111000001110001
000011101111011011
111001101110100110
111011100010110100
000100010000000111
000010110100010010
111101001110100000
000000010101000011
000001010111110000
111110011101011010
111011011011001101
111111110101000000
111011110110000101
111101100000011111
111100000100101011
111101101100101110
000011111000000110
111100111011000000
111101011100000010
111110001001000101
000001010010000111
111110100100001000
000001110100001001
000000100110010111
111011100001111000
000000110100001111
000001111111011000
111110110100111110
111111100010100101
111110100110010011
000010110001111101
000010010101101000
111101011000100011
111101100010001001
111111000110011011
111010100001101110
000010100110011100
111110110010011001
111011111011101011
000001010111101111
000000100010111110
000000011111011100
111111111001100111
000001100001110110
111100000001111010
000010010100110101
000001001111010110
111011011101101100
000001000011010011
111110110111100000
111100010010001110
000011100010110001
111110110001011011
111110111011100010
111110100000000101
000010100101111010
111110110010010011
000001000100111011
111110000010111101
000011110110000001
000010110010111000
111111010001100110
111110101111100111
111101010001001100
111110111001010100
111110010000101111
111111110000101001
000010111111101010
111100111101000111
111111100001101111
000000001001010100
111110100100111100
000000101100111001
000010110101001000
111111010100001110
111101101100001110
000000100011101010
111101100010010001
000001000110100101
111101011000101000
111110010010001100
111111000001000110
000010001000001000
000000111110100111
000011100011001100
000000001100001111
111100100011110010
111111110100001010
000001010100100100
000001111001110000
000010110011010110
111101001010100010
111111100100011001
111101010010101111
000001111000011010
000011010001010110
111111000000010100
111100001010001111
111101110011100010
000010111000111010
000100111000100001
000001001010100010
000001001000010100
000000001000101110
111101100111010001
000001011100011011
000000100001010111
000001110011000001
000000011100111010
111111000101100010
111111001100100000
000001100001011110
111100001011110101
000001110101110110
000000001001100110
000010001110011101
111100111001001111
000001110101011010
111111010110100011
000100001000101011
000001010000010110
000100100101111101
111110010011000101
111101100111011010
000100010011001001
000011110010001001
111010011101010110
000001101111110110
111101001000000011
111110011010010110
111110011110001000
000001001011110011
111110110001010100
111110011110000010
111101101001110001
000000011110000110
111101011110110100
111101101101000101
000100010100001110
111101001100000011
000000111001110101
111011100011101101
000101101111001100
000010001111000001
000000111101000000
000000001100100110
000010100011000001
111110100100101000
000001011011101111
000010010100101100
111001101110001100
111110000011110011
111001011001010101
111110110100000110
111101111001100000
000000111011100000
111110000111110000
000001110000110010
000000011101011000
000000110111011010
000001010010100100
111101010010110001
111111000010000111
111010101011101011
111011100010010110
111101010101010100
111110111011000101
111001101100001000
111100010011101101
000000101100011010
111111000001111001
000011001011111110
111111111000111010
111011100101001110
000010001100110101
000000000111011101
111101011011101100
111110001011101010
111110101101010000
111111011001100111
000011000010011000
111100001110010101
000010010111010110
000010011011111111
000010100100101010
000000101100010111
000010100111000101
000000000111010101
111010110001101111
000001100000110000
111101000010000001
000010100000011001
111100100001001010
000001000011001010
000001010111100111
111110010111001110
111101010000101101
111001101010011010
111101011001001010
000001000010101110
111101100001010110
111011110100010100
111111110001101001
111100100101111001
111111110100100111
111110111110011000
000000011111111010
000100110000111000
111111100100000111
111111001111011101
111111110001010110
111111100000001100
000001111111010111
000001001011000111
000000000111100010
000001010101000010
000010110100010011
111110010101111101
111110011000000100
111111011111001111
111101101000110000
000001111001011010
111111111101010100
000001000110100011
111101100001101011
000010111101110100
111101111011111001
111101000001101111
111110011110001001
000001101010010100
111110000110100001
000001111011101110
000001111001111010
000000101110001000
111101000100001111
000000110101010101
111111111001101111
111100011010000111
000010101010110001
000000100000010010
111010001001001001
111101000111101100
111101010010111110
000001010011100111
000000011111010100
000001100100001100
000001111001000100
111101011101111110
000010100000001110
000010011011111000
111110110100100100
000001011010011000
111101001001111101
000000111101110011
111111011001100000
111101100001001101
000000111010100101
000010100110101001
111111010000011110
111111001111110111
000000100101111111
000001111010011011
111110100100010000
000010011011110011
000000000100110000
111101110001101000
000000001001111000
111111011010010100
000010111010010101
111110110100011110
000011010110010101
111101011001110101
000010010001111101
111101101010000101
000001100101100110
000100010100000100
000000010110000010
000000000010101011
000010000101110010
000001110001110111
000100100110011001
000001000000011111
000000101110110100
111111101110001110
000010000110100001
000010100000111010
111101100110101001
111111111101100000
000010001100010110
000011011000101000
000011010010111100
000010110001001101
111010101101100000
000001110000111011
111100101110110011
000000001111101110
000000010000101110
111111110111101110
000011100001010001
000001100110100101
111110100100110001
111111011000011000
000000110001001010
111110001110000100
111100000100000001
111110100001110010
111011111101010101
111101110000101001
111111100101111111
000010010110011101
000110010010000010
000001110110101110
000001011100110001
000000010111101000
111101111111110001
000001110000100111
111101000001010111
111001100010100011
111011001110010100
111110100110000100
000010001010110010
111111110100000100
111110001100110000
111010011101111010
111111001001001110
000001110001000110
000000001001111010
111110110100101111
111111011011010001
000100000110100100
111110010010001001
111110001111111010
111010010100100001
111010101111101010
000100100101000100
111111101101011011
111110101111001110
111101000101000001
000001011110001101
111011010100000101
000100010010100110
111010100110010011
000100001111111100
111111000101001010
000001010101101110
000000010111101111
000001100100111010
111110111001000011
111111101111011100
110101111110010100
000000000100000111
111011010011000001
000000100111001111
111111101001110111
111101001010100011
111011100110111110
000101000101101101
000001101001010011
111111001011011100
000010010011010110
111101110010011010
111111001001110010
110111110010101100
111000011100111101
000011011000110110
111100101111000011
111011100110001110
111110110110010000
000011001110000100
111101010110110101
111001000011111011
000000111110111000
111100101001101010
000000001011111001
000010100010001011
000010100111010001
111101010000011101
000010010011000001
000010101001010101
000001000000011110
111111101111000101
000001110001000001
111110011100110110
111100101011110111
111111000011100110
000100000110011110
000010101010100011
111110000100001111
111101111111101000
111101111000111100
111100110000110010
000011111010100010
111110111101001010
111101000011001011
000001101000110111
111101011001011000
111110110010110110
111110111101110101
000001011001001110
111101110101101101
111011110001100101
111110001101010100
111110110001000001
111111101000010111
111100011000110101
000001111110010001
000010011011001001
000011001111010100
000001101010101001
111101101001011010
000010110001011010
000000000011111011
000001101000011000
111110011011011111
111100001001110010
000100010111111001
000000100001011001
111110111000100011
000001010110000010
111101100110100011
111001111110010010
111111001110110011
111100101011001011
000000010111001001
111111100110010011
000011111001000100
000000111111111011
000010000011100000
111110101010001100
111101101111010010
000100001110011101
000011101100000001
111111000100000110
000000110000100100
000010101111010111
111101011110101011
000010000011110111
111101001010010010
111100100001010101
111010111100010111
111011010000100010
111010111000101010
111110101100000001
000010010001001100
111101101111101010
000000011001111001
000001011010011110
111110111101111100
111111001101101101
000010110111100011
000010010110100000
000001111101010111
000010000011001010
111101111010111101
111010111111010000
000000000111111110
111100111100101100
000000111111110111
111101011100110000
000000001010010111
000110111100011011
111110100100110001
000001101100000000
000001010101000100
111111001111010000
111011001010111000
000001010110101100
000010110000110001
000000100110101110
111111000100000101
000000100010111111
111111101001000101
000011000000000001
111101110111011100
000011011110001111
111100111111011000
111111010110110011
000010111111101100
000000100110011000
111110111000110010
000001100111011010
000010000111100101
000011111101111000
000100011010111000
111100110110001011
111111111001101000
111111011101100011
000011001111100011
111110100110111010
111110110011011010
000010110101101001
000100101001110111
111101111100110101
000101000111010000
000000001100011111
111101111001010100
000101011011011010
111100100000110001
111111001010001000
111101010110010001
000001110110110111
111101101110001001
000000110110000000
000001111101011101
111011000000000110
111100111010000010
111011111100011111
000000000011101100
111101011110100111
111110111011111001
000000001001011111
111110011111000100
111111111011101101
111111101111111110
111101001011100101
111111101001110010
111111101101100010
111111110110000001
111110110101011001
111111110001111011
000000100010111110
111111010000100101
000001000110111100
111101001001100010
111111101000101100
000010111010000010
111111110110001110
111011000010010001
111011001011000011
111100000111011111
000000111110000011
111111011010101111
000011010111010101
111110101011101111
000000110101010011
000100110111000010
111111010111111001
111011011001111100
000010010011010011
000010000011010100
000001001100101101
111110110010101111
111101111111001111
111111010101000001
111110111001100110
000011011001110010
111110011010100101
111111111000010100
111111000100000010
111110001011011100
111101111001001000
000100000011101001
111100111111011010
111110011110111001
111011111101010111
111101011001111011
111111011101000110
111110000011010001
111110011010011101
000001000011010110
111001110110101111
111101001000001111
000000010101000011
111011010101011010
000001010000110011
000001111100110010
000001100100000111
000000011111001100
000011110010010011
111001001001011111
000010011000100100
111111011010011111
000010101011010010
111100100010100100
111101010011001010
111101101110011101
111101110010011011
111100010101111000
111101011011100100
111111101010000101
000010101011111100
000001011101110011
111100110000111000
000010100000011011
000001100010101101
000110101110000000
111111101111110000
111101101101101110
111100011001000110
000001001110111000
000010100000101001
111001001001100000
111111101110101011
000001010011101011
000010010101011001
000010011001111001
111110000101111000
000100010001111111
000101101000100101
111001010000011111
000000110101100101
111011111111001010
000000000100110101
111101100011000100
111100111110000111
000011000110100001
000010000010010000
000100011100000001
111110001000000011
111100100011010110
000101001010100101
000010010000111110
111110101111011110
111111000011101100
111110101111010001
111100011100000011
111111011110111111
111111001001110001
111111010011000110
111101001001101111
111101110000110000
111111101011001000
000111011011110100
000000001110110111
000011101010011011
111011110111001001
000000110100100100
000001100100000010
111110101001010111
000011000111000001
000100001111010100
111100001001010000
111101010001110100
111101000110110101
111110111111001001
000100101101101000
000001001000011011
000011010110010011
111101110000011100
000001101010001110
111110110000110100
000001010110000101
000011100110100011
000011001110010110
000001110110001110
000000010001110100
111111111100010110
111100111101100100
000001100101100001
000010110101101011
111110101110100110
000100111011110100
000011001101001000
000110010110011000
111101011100010011
000000011010001011
000001111101111001
000000000000110111
111110001001100001
111110001100101001
000010101111100000
000100011011101100
111101111000000001
111110101110000011
111111010010000011
111100111000001001
111110001100111111
000001100111010010
000010111010100111
111110110110110001
111110001000101110
000000100000011111
111101110111011011
111101111101001101
111110110110111101
000000000110100101
111101000010001110
000001100110110101
000000001111001111
111001111011101011
000001010011100101
000001010000000011
111110101111011110
000010100011010101
000011111101101010
000000000011101101
111111101011100011
111000111010001101
111101000111001011
111110110100001000
111101001011010110
111110001001010011
111101000110001101
000011001000110000
111111100110110000
111101111111001001
000001110110111111
000001010111110111
111101100001100000
111110111001001111
000011101111110001
111110110000001011
111100101110100000
111011011000010110
000000111011011001
000101000000100100
000001000111000011
111111111010110100
000000001100111100
000001110110010110
111011100000000000
111110101111111110
000000001110010101
000101001000010011
111111111000011111
111011101111111101
000001001000000011
111100001110010110
000100010111111000
000000010000110101
000000110000111000
111100100010010010
000000110101111101
111110111011101011
111100111000111101
000001000101011101
000000101100010010
111111100101010111
000011110011111111
000011001111100010
000111101110010000
000001100010110001
000010000000001111
000010010100100010
000000010100101011
000010010110101111
000000110010101000
000000001100111100
111111101111010110
111101111110101010
000000001001100001
000010010100100011
111110101110111111
000101011110001001
000001011000111010
000001111011110000
000011010101010011
000001110001001000
111110101001101000
000000010101110010
111101100110010001
111111011111110110
000000001000110111
111111000011001000
000011110100011010
000011000101101110
111111100101100011
000000010010010111
000000011010011111
111111101011101011
000000011100111110
111011001000010100
000101011001111101
000011001111000001
000010110001111111
111101100110111101
111011011111110010
000111000110010000
111110011111011100
000000100111001000
111110010001101100
111111101011000111
111111101110111110
111101100011101101
111111010001111001
000010100100100101
000001010010001101
000110000101100111
000010001111111000
111111001010001001
111110101011001100
111100110111111100
111110011110010011
000001100001111011
111100010101000100
000000011100011111
111101001011100001
111110011010111011
111011101101010010
000001111010000011
000000011011000110
000000001100110011
111111001011000110
111110000101010000
111111000011101000
111111111110111110
000010101110101001
111100110010110110
111101101010101011
000011110100110000
111110001001011011
000011110101001010
000010011010001000
111110000110111111
111101010110000011
111110100100001100
000000001101100111
111111010101110011
000000111110000000
111111100011110101
000011100111000111
111110100001110010
111101100010011000
000010010010100010
000000111000110001
000001110100000010
111101110011010110
111111010000010110
000001100101100110
111110010100111111
000100011001001011
111111100010001010
000000100100011001
000001010101001111
111110101001000000
111100100100111010
111110011011111000
111110011001010000
000000111011110011
000011110110010100
000010110101100000
111101111100011001
000011001011000000
111110101100100011
111110100111011110
000100101100001110
000000011001001110
000001001010001111
111111010011111110
111100111010110000
000000111000101001
111101000010011010
000010010110101111
000000011011001101
000000011101100110
000000100100000110
111110001111001110
111011010001011111
000001111001100100
111101010011001000
000010100010011011
111101010010011000
000000110100111110
000010011011100101
000010110100000010
111110100011100111
111100110100001010
111110010101111100
111101010011001000
000011010010111110
000010110001110100
000000111101100011
111111010100110011
000000101111101000
000000001101011101
000001001100100000
111110110101011010
000000011000011100
111111100111100000
111110011110000000
000011000110010111
111110100110110000
111111111110000010
000000011111111110
000001111011001101
111110110110010101
000011000000100100
000010001101001010
111100111101011100
111111001010000111
000001100010011111
111101010101110011
111111000110100111
111100110000110100
111111010101011111
111110010110100111
000000010101101001
000100001111010100
111101011111011110
111100010101011010
000000001011011011
111100101011111010
000000001000011101
111111000110010001
000001001111001001
111110111000110001
111111001111010100
111110001001100101
000000011000001101
111101101100000111
111111001111001001
111111110000101001
111011000110011001
000010101011100111
000011010001110100
000011011101011000
111101011111000011
000001010101101111
111101010101101010
111110111100101100
000001010000111110
111111100000101110
000000000101111001
000000000010110101
111111011110100011
000001001001010111
111010110011111101
000000101011010011
000011000101110000
111101110101111011
000000101010010001
111100101100110011
000010111011010001
000001000100010010
111110000010010110
000000010111011000
000001001010100100
000010111001110100
111111110100001010
111110001100011111
111111001000011010
111110011000110010
000001000001110000
111100001101111001
111110111011110101
000011011100000011
000001110010101110
000011001000111000
000001000001000100
111111010011100001
111011100000001100
111101011110001010
000100010000100111
111011101100101101
000001011111110111
111111101010100101
000000011101111101
111111000011101011
000001010011000111
000000010110011110
111111101100111101
000000011111100110
000010010010100010
111100110000110001
000000111100011001
000000100001100011
000011001000011101
111110110110100011
000010001100111110
111110011101101111
000011000100101110
000001110000111010
111110111011000100
111111100111111001
111101101101100110
000010000011101001
000000111011110011
111110100100010011
111110011000000011
000011011110010000
111110000001110110
111111011100011101
000010111010011000
111110011001100111
111110101101011110
111111111010111010
111110100110110000
111101111011101000
000001100111111110
111110001001000101
111100110001000101
111111111010011110
000011101111100110
000001010111111110
111100011001001010
110111101101000001
111111010101101001
000010010001110101
000001101101001010
111110001111011100
111101110101000010
111110111101111110
000010010000111110
111100110101001000
000010001011111101
111111110000111011
111111110000101111
111111001001110100
111110101110111011
000011011010110001
000100001111110000
000001010010011110
000000111100101001
111101110101110000
000000100111110000
111111110001010110
111111101100110101
110111100101100000
111111011000100010
111100000111000100
000010111100110111
000001100000001001
000101101010110010
111100000010111011
000000100111100111
111010100000011101
000100001010001000
111101001000000011
111110111110110111
000010010110000101
000001011001110100
111110011000100011
111111011111111011
111110010011011100
111100111111101111
000011110010000100
111011000011111100
111100100000010101
000010101010110000
111101111000010011
111100110001000000
000011010001111000
000001100111101000
000011110100011000
000001100111001100
000010101000110100
111110001001101010
000010111000000111
111110011001101010
000000010100010001
000111011100111101
111111000011010000
000000101100000000
111010111110001010
000011110100001001
000011111011110011
000010100101100001
000010010100011010
111100100100010101
111110010001100101
000010100111011000
111110100000001011
000011000001111110
000010111100000010
000010001010101000
000011110000110101
111101011001001110
111001000110111111
111011101111001010
111110010101110000
000011110001110111
111110000111111101
111101111001000010
000000000001000101
000100111101011110
111111011100111011
000010101111111111
000010110101101010
111100100111000111
000101000000110011
000010010101111101
111101010101111111
000000010110101101
111111001100100100
000000101111100011
000010011100111001
111100101111010001
111111100011110000
111101001100011111
000010011101100101
000000110101100101
000000001000101111
111111001001000110
000010100001011010
111110001101010001
111101101101000000
000010000111101110
000010010011111011
000001101100110011
000010101010000101
000010011001100100
111011110001110111
111111100001000011
000000101011101101
000011001001100010
000000001011110000
111110000100000101
111111110011101001
000001011001001110
000010110101100010
111110111001010011
000010100111100000
111111000101110010
000010011110100010
111110010010010101
000000011001111111
000001101000110000
111110010001010000
111101100011011011
111100110011010010
000010011110111000
111110110010100011
000110000100111000
000000101000010001
000000011011000111
111010010100100010
111101101101111100
111110000101110101
111101101000010101
000011111000011010
111110111111101000
111111100010000010
111100001001000001
111101010001101100
111111001100000010
000000000101111111
111101011110111110
000001001101111100
000010101001001010
000011000010101001
000000111110011001
111111001010110011
111110111011001110
000000101101100101
000100100001010011
000010110111001111
000010111110111011
111101110111101111
000000101101110111
000010011011011011
111110000001010011
111101010101100110
000011001010001101
111111010101000001
000100101110011000
000011000101111010
000001000011101100
111110011011110101
000000011101011111
000100000111100011
111100100101011101
000011101001111101
111101110111001011
111110110001101111
000001101111010110
000000101000110011
111110101100010110
000001001010111001
000001000101001111
111101011010111111
000001111001101101
111111000101001001
000010010100000010
111110100110111011
000001011010111100
111110000101000011
000001011111111111
111101101100001001
000000010011000101
000000001110100010
000001101101001111
111111111111010011
111101110101010000
000000100100011100
111011100100000001
111111101100011111
111100011100110010
000000011110001100
000001100110111010
111110011101001010
111110000101100010
000001110100110111
000011001110111110
111100101011010010
111110010010010100
111011101000101011
000011011011010110
111100001101111011
111100000100000010
000100001000100111
111101111011110010
110111000001011110
111101000110000011
111011100110100101
111111110101000111
000011000101101001
111110011100001100
111111100001000111
111111001100010011
111111110101010010
000000010101011101
000000000100111110
111101001101101001
000011011011101100
000110100111100011
000010110111011010
111111000111100001
111110110010101101
000101101100011000
111110001100100000
000000010101010011
111100111011010111
111011110100110010
000101001011111010
111111110000010110
111111100110111110
111100100111011110
111110110001101001
000001111100010111
111110101000110010
111111000001100010
111011101100110101
111110110111111001
111111111110011111
000010000010100011
111100101011011001
111111000111110100
000011110101101101
000100100011110100
111100110101111001
000000010000100111
000100010110000001
000001010011100110
000001101110010111
000001001000111011
111100011101001010
000100010101110011
111101100010110110
111100011100001011
000011101011011000
000001111011111001
111111010111110010
111111000100010111
000000101011000011
111101111011011000
000000101110000011
111100100010010101
111110101111000010
000000001110110101
111101010001000101
111111000001010111
000000010010011010
111110111011111011
111100110110011011
111110110111010000
000001100100110000
000001001011111111
111011100101101010
111011111011011111
111111011110010100
000001011001001011
110100100100011001
111110000100001011
111101011001110001
111100000011100010
000001001001000011
000001111010011000
111101111011001001
111110000101100001
111110000111011101
111110110100010100
000000101000011000
000000110010000000
111110010001011110
111101110001000101
111101010000111110
111101000010101100
111111101011010101
000010001100101001
111111010010110110
000001000000100110
000010101101101100
111111101000111110
000000100001100010
111111010011101000
111111010111111011
000000010111101111
000010111001000101
000000010110010101
111110111000100001
000001100011101010
111101110110001101
000010110110001111
000000011101000110
111101101000010101
000010001110101110
000000100110000000
111101001001011111
000001000001101001
000000101100000001
111011101110101100
000010001100001000
000011000011110111
111111101110110010
111111001100001010
000100101101110010
000001111111111011
111110100100011110
000101100010111111
111111010110010001
000010000101001010
111010111010001001
111100100100111010
111111010001010010
000010110100110011
000011001111000000
111110101000100111
000010111010111001
111100111111001000
000000010100101001
111010111010011000
111100100110000100
111110001001011110
111100011111111010
000000010100000100
111111011010100000
000010101001010000
111100001001101111
111100101010011110
000010110101011111
000001000001011110
000101000110000111
000000110101000011
000001010011011101
000110100101110000
000011100100000101
000011010111000110
111111101110100000
000101101111010110
000001010010111101
000001001001101110
111000000000011000
111001101101111100
000100011001110000
111100111100100001
000000011001111000
111101110010000111
111000001111101010
000001111101000111
111110101110100011
000010010111101111
111011111110101000
000000011001011101
111111001001000111
000011100110000010
000001000100001111
111110100110111110
111011101101100110
111110110111100001
000110011101000010
111111001001011110
111101010011011001
111111010010110001
111000100110001101
000000100111001001
111100000010000011
111110011110111000
111101110101010000
110111100100001001
000100010100110011
111010011001101000
111100001000010100
111111000100011001
111100000111000101
000100010001010011
111010101011010110
111111100111111101
111011010111010110
000000001100011100
000011001101101100
000101001110011110
000100010110101110
111100111000011001
111110010010110101
110101011100100001
111100011101110110
111101100010001000
111011011010101111
000001000101111000
111100011111011110
111101111101000100
111010100110100001
111101001011101101
000010010011010000
111000010110011100
111111110010001101
111110011100110100
111111101001000011
000010011000100100
000010111100001100
111110110011000110
111110001100010110
111111001010011011
111100101110100000
000010101010100000
000011010001011000
000001000011001100
111101101000100000
111110100101111100
000011110010011001
111111111100100010
111110101101111101
111010111011010010
111101001001111111
111100100001101010
000011101111011010
000001110101000001
000010011010010010
000010111001101010
000011001000101100
111111010111000101
111011011101010010
000010110111101111
000001110101010010
111101011101110111
000000001010000110
111101010000001010
000010111101111100
000000000101011111
000000001111000110
111111110000111110
111111000100010101
111101110101101101
111010011110010110
111101010000110011
000010000110000110
000011000100101110
000010101001110111
111011100000000000
000100001111010111
111110101100000100
111111101111001000
000001111111010110
111101010111101010
111111110101111000
111100111001110001
000001110001000111
111111101001111100
000011010000111110
000100010111110001
000010000110110111
000011001001010001
111011001110001101
111001101000011011
000000101010101000
000010111101111101
000000101000010110
000001111110110101
000100001111111010
111111001001011000
111101100001111111
000011100101100011
111010100011101100
111110110101000101
111010000000011101
000001000010101111
111011100110100110
000000110001110100
000000100000001111
000001111110000010
000100100110110101
111011101101100100
111111111111011101
000011011001110110
000011000100111111
000000010000000010
000011111000100100
000010000100111110
111110111011110000
111001111111100111
111100010011000101
111100101011000010
111100100100100101
000001000100001111
000001000011000000
111111110100001110
111111000011000000
111101011101110010
111100111001100011
111111100010110011
111111101110010001
000011000010110000
111111101011101000
111111011011000111
000101011110010111
111101111011010100
111101110111011111
111110111101110101
111101101000101111
000001100111100010
000000100110111101
111110100000000001
000100011000110100
000001000001011110
111101001000001100
111001111110111100
111110110010100111
111101101110111010
111010001001111110
000000010011101100
111110111000011111
000100010001001010
111100000001100111
111111110001100101
000010110001100101
111101101010011001
111100101100101111
000001000011111010
000011000111000101
000010010101101101
000010000011110100
111101000111000100
000110000111110100
111010110111000111
111110011000100001
111101001101100001
000000000011111001
111101101110001011
110110110001001100
111101011010000000
111101110010001001
000000001000110110
111110001100100110
111111011011100010
000000000101100010
111101100100010100
111110000011100010
111101111000111011
111101111110000100
111110100010011011
000011100011110111
000011011000000010
111100001110100101
111111100111111010
000010000001101010
111110011011000101
000000110010100010
000000010111110101
000001001111001000
000001111100001110
111101000101100100
111000100110010110
111100111100111000
000010010000000000
000010110100001111
000001111001000101
000011111011010001
000000110111000111
111111010101010100
000011110000100111
000011001010101101
111101011001001001
000011101100001111
000001101011011001
000001101001110110
000001001001110110
000011110011010001
111101011111110011
111100001100011100
000000001101100001
111110000111011000
111111101101001010
111100100100100100
111010111001011111
111111011011011111
000011110111101010
000010010100010011
000001101010110101
000000000100010010
111111111000100010
000011000010010100
111101101110001000
111101011000100110
111011101011011110
111110100011110111
111100100011110101
111101001100011111
